municipio,numero_matriculas,taxa_reprovacao_pct,taxa_abandono_pct,ideb_anos_iniciais_proxy,evolucao_ideb_proxy,ise_vulnerabilidade,pati,iqem_real,pre_real,pre_maxima_hipotetica,diferenca_pontos_percentuais_pre,pre_real_oficial_sefaz_formula_antiga,diferenca_pp_simulado_vs_oficial,latitude,longitude
São Paulo,266918.0,0.1,0.4,5.8,0.2000000000000001,0.5152782424445188,0.2627773323642467,4.877805557480877,0.13827965586854912,0.1507340955581736,1.245443968962448,0.2243169,-8.60372441314509,-23.6500377549363,-46.64813247602721
Ribeirão Preto,13754.0,0.6,0.3,5.7,-0.2000000000000001,0.3588714174194268,0.0015995346808201,4.436047095210025,0.006480091109070006,0.007752264064943217,0.12721729558732106,0.0127253,-0.6245208890929994,-21.210833967505163,-47.82130713853017
Guarujá,11934.0,1.7000000000000002,0.2,5.7,-0.2000000000000001,0.5111520017843201,0.0692978045919222,4.4580449806376246,0.005650494069508275,0.006739034607808319,0.1088540538300044,0.0056585,-0.0008005930491725502,-23.95127681984519,-46.23519578256427
Osasco,38978.0,0.7,0.1,6.3,0.0,0.4012490241998437,0.063292113499923,5.086454113769977,0.021056715340735097,0.02198088844146211,0.09241731007270139,0.0170467,0.4010015340735095,-23.5286739170721,-46.78922119734681
Guarulhos,61261.0,1.6,0.3,6.1,0.2999999999999998,0.4709490353518455,0.0559736210639721,5.172692265641582,0.03365554810113146,0.03457653577861887,0.09209876774874115,0.0265649,0.7090648101131459,-23.402690779615035,-46.45484853149263
Praia Grande,22742.0,3.2,0.0,6.1,0.0,0.40738262518122,0.0807756573740216,4.928815828255524,0.011904939412534843,0.012825876948611084,0.09209375360762409,0.0082846,0.3620339412534843,-24.01581134208146,-46.522672651731895
Barueri,25268.0,1.5,0.0,6.3,-0.1000000000000005,0.3072934091669454,0.0493509577331011,4.995664436690005,0.013406643799689989,0.014232952324467682,0.0826308524777693,0.0094157,0.3990943799689988,-23.505255534927745,-46.87723974187462
São Vicente,16985.0,0.9000000000000001,0.3,5.9,0.2000000000000001,0.5415412066465928,0.1757433029143361,4.951728450956094,0.008932608813903611,0.009594869870025948,0.06622610561223367,0.0078682,0.10644088139036105,-23.959163334478443,-46.48802690354349
Suzano,12852.0,0.3,0.1,6.1,-0.1000000000000005,0.3681833389093339,0.0540771864301276,4.842226052533946,0.006609547388986676,0.007244692536311882,0.0635145147325206,0.0069942,-0.03846526110133242,-23.608369355571345,-46.3104616302079
Bauru,7017.0,2.2,0.1,5.8,-0.1000000000000005,0.3171071707371471,0.0571469288869887,4.597425409962413,0.0034262741700206243,0.003953010964520181,0.05267367944995563,0.0069293,-0.3503025829979376,-22.25390214035139,-49.12613417957778
Campinas,10843.0,1.7000000000000002,0.1,5.8,0.2000000000000001,0.3135942901750865,0.2274278336253804,4.854102212380048,0.00559003231666718,0.006108115467880565,0.05180831512133846,0.0198548,-1.426476768333282,-22.88375462967212,-47.04385050266008
Sumaré,11737.0,1.8000000000000003,0.3,6.0,0.0999999999999996,0.2969220475075274,0.0875862656556189,4.918450831316314,0.00613114211184644,0.006610370930135958,0.04792288182895177,0.0061578,-0.002665788815355962,-22.84184514345863,-47.262993264869074
Jandira,5420.0,0.3,0.3,5.8,0.0,0.4663209546113525,0.1562730627306273,4.702259401734198,0.002706835189814397,0.003058947423402384,0.0352112233587987,0.0025972,0.010963518981439713,-23.54412577224017,-46.89973388013218
Taboão da Serra,14170.0,0.1,0.2,6.2,0.1000000000000005,0.4129028660644585,0.142060691601976,5.095496355766644,0.007668532975214873,0.00799204117257476,0.032350819735988724,0.0066043,0.10642329752148733,-23.620596249758776,-46.78624235415533
Mongaguá,4107.0,2.3,0.1,5.7,0.1000000000000005,0.4382179101148655,0.0482103725346968,4.688642828264957,0.002045162387234321,0.0023171149883407286,0.02719526011064075,0.0016807,0.036446238723432105,-24.070288579340552,-46.66805271333186
Catanduva,4265.0,0.3,0.0,6.3,-0.5,0.3946135831381733,0.3512309495896835,4.714584453272785,0.0021355925595036604,0.0024049681172385244,0.026937555773486402,0.0025948,-0.04592074404963396,-21.13375793059679,-48.963683027470815
Cotia,17021.0,2.1,0.1,6.2,0.2000000000000001,0.3973458235753318,0.067563597908466,5.16649094214838,0.009339780890377887,0.009598203146850098,0.0258422256472211,0.0067026,0.26371808903778865,-23.67513095448984,-46.96044211640434
São Sebastião,5900.0,0.3,0.0,6.1,0.0,0.4517118322738933,0.0432203389830508,4.929493217125694,0.0030889453789776505,0.003329253383680352,0.02403080047027016,0.0023278,0.07611453789776504,-23.754324520559493,-45.60676653857544
Santos,13401.0,1.3,0.5,6.1,0.1999999999999993,0.4800379168060666,0.5845832400567121,5.146462115686277,0.007324903898798569,0.007564549196520756,0.023964529772218645,0.0086116,-0.12866961012014314,-23.86900682315749,-46.29160044447735
Carapicuíba,5344.0,0.3,0.3,5.9,0.2000000000000001,0.4601873536299762,0.0001871257485029,4.926037447937849,0.0027958901389714347,0.0030158273549011506,0.021993721592971586,0.007094,-0.4298109861028565,-23.5500248525707,-46.84196540229775
Ubatuba,6378.0,0.5,0.2,6.1,0.0999999999999996,0.4831604773056765,0.1180620884289746,5.020122256573465,0.0034005937518678197,0.0036003689078493587,0.019977515598153903,0.0023508,0.10497937518678195,-23.381261419318346,-45.02422286707358
Franco da Rocha,8976.0,0.0,0.0,6.1,0.1999999999999993,0.4118991859038695,0.2055481283422459,5.101744731424611,0.00486359622171826,0.00506250368224476,0.019890746052650052,0.0037512,0.11123962217182595,-23.31419125034257,-46.73574070582422
Caçapava,4802.0,3.4000000000000004,0.0,6.1,0.0,0.3680160588825695,0.1359850062473969,4.930400106512996,0.002514549930475173,0.0027068893587533505,0.01923394282781774,0.0020576,0.04569499304751729,-23.1037334663077,-45.713337563465885
Peruíbe,4404.0,1.7000000000000002,0.0,6.0,0.0999999999999996,0.4993308798929408,0.1003633060853769,4.939969418597832,0.0023106146071762194,0.0024865430090572687,0.01759284018810494,0.0018805,0.043011460717621935,-24.27932907223464,-47.012938388040574
Cubatão,5815.0,4.5,0.1,5.9,0.3000000000000007,0.5277127244340357,0.3466895958727429,5.047440232030679,0.003117287427459543,0.003284351266547187,0.016706383908764427,0.0026113,0.05059874274595429,-23.865861757136603,-46.408203324505095
Itapecerica da Serra,10384.0,1.3,0.3,6.3,0.0999999999999996,0.405375264860042,0.0271571648690292,5.163253242972908,0.0056943485903045744,0.00585615258806058,0.01618039977560057,0.0043639,0.1330448590304574,-23.737248021455105,-46.85890089698446
Lorena,3941.0,4.6,0.0,5.9,0.2000000000000001,0.4131259061001449,0.0720629281908145,4.9285188834290965,0.0020629029816596396,0.002222774915298432,0.015987193363879236,0.0019442,0.011870298165963947,-22.79394269849691,-45.060045704876224
Cajamar,6195.0,0.3,0.1,6.2,0.1000000000000005,0.3874763019962081,0.0,5.078747630199622,0.0033415955756337413,0.0034929592148642266,0.015136363923048523,0.0026371,0.07044955756337415,-23.35147369670849,-46.87200892449311
Santo André,21691.0,0.2,0.2,6.5,0.0,0.340805174528828,0.0878244433175049,5.242862961784633,0.012078250275074968,0.012223136550263152,0.014488627518818332,0.0154143,-0.3336049724925032,-23.72791620075682,-46.44161324554192
Potim,1149.0,4.7,0.2,5.8,-0.7000000000000002,0.5443292070926729,0.2436901653611836,4.158801937245386,0.0005075095396973624,0.0006490952264566902,0.014158568675932785,0.0004749,0.003260953969736239,-22.825169285764137,-45.303424245881295
Cruzeiro,2826.0,0.8,0.1,5.9,0.1000000000000005,0.434370469499275,0.0633404104741684,4.849771087997345,0.0014556244490083925,0.0015943164347665163,0.013869198575812381,0.0017541,-0.029847555099160747,-22.551360094916244,-45.00630540448842
Rio Claro,9430.0,1.6,0.0,6.3,0.0999999999999996,0.3636667781866843,0.1428419936373277,5.170650877182402,0.00517860578015016,0.005315410712173752,0.01368049320235919,0.0046823,0.049630578015015955,-22.37387578487626,-47.57994577077924
Pontal,2296.0,0.1,0.1,6.2,-0.2999999999999998,0.5035686405709826,0.0161149825783972,4.771968362314939,0.0011636580634099677,0.001296412263354013,0.013275419994404517,0.0009795,0.018415806340996783,-20.98454147939517,-48.06445207398152
Guapiaçu,1241.0,3.6000000000000005,0.0,5.7,-0.2999999999999998,0.3394669343147092,0.0201450443190975,4.3559611978633805,0.0005741319660321553,0.000699306758377161,0.012517479234500571,0.0004633,0.01108319660321553,-20.74283952311613,-49.189926890117135
Itaquaquecetuba,24840.0,0.0,0.0,6.2,0.2999999999999998,0.475521356083417,0.2013687600644122,5.267689011614784,0.01389721136942907,0.014020818317598934,0.012360694816986387,0.01059,0.330721136942907,-23.46148865888117,-46.3339397903198
Pirassununga,2697.0,0.8,0.0,6.1,-0.1000000000000005,0.3415300546448086,0.4416017797552836,4.878313183440009,0.001397354405517551,0.0015198051291066854,0.012245072358913443,0.0016042,-0.020684559448244915,-21.99596232959517,-47.389993496778
Mairinque,2969.0,3.8,0.1,5.9,0.2000000000000001,0.3446526151444185,0.066015493432132,4.921066810857656,0.0015517630368164453,0.0016731459576406137,0.01213829208241684,0.0012267,0.03250630368164453,-23.50800602773484,-47.22929406196817
Barrinha,2137.0,0.3,0.0,6.0,-0.0999999999999996,0.4023084643693542,0.1530182498830135,4.775532671425238,0.0010838827052316855,0.0012051354599195683,0.01212527546878828,0.0009138,0.017008270523168556,-21.232534569525058,-48.095068360592606
Caraguatatuba,8634.0,0.4,0.0,6.4,0.0,0.3815099810415968,0.1886726893676164,5.177018267040923,0.004747311021100101,0.00486779645439959,0.012048543329948834,0.0036408,0.11065110211001014,-23.63961454053832,-45.48784294559454
Poá,6873.0,0.7,0.1,6.3,0.0999999999999996,0.3241886918701904,0.0398661428779281,5.156405483474812,0.003763997699508809,0.003872226077004867,0.0108228377496058,0.0028454,0.09185976995088091,-23.5303799094422,-46.34672053443207
Jaguariúna,3246.0,0.3,0.0,6.9,-0.6999999999999993,0.2535965205754431,0.0304990757855822,4.988409559636103,0.0017197549262103872,0.0018271985030682647,0.010744357685787747,0.0014247,0.029505492621038715,-22.691984061065416,-47.01273062888345
Embu-Guaçu,1805.0,0.0,0.1,5.9,0.0,0.4831047172967545,0.0232686980609418,4.77063734153577,0.0009145544206538343,0.0010189183806122168,0.010436395995838253,0.001459,-0.05444455793461657,-23.854342861870297,-46.830693803981774
Araraquara,5067.0,0.5,0.4,6.2,0.1000000000000005,0.390431582469053,0.3680678902703769,5.1158499472739445,0.0027531168588409566,0.002857056821313643,0.010393996247268656,0.0046255,-0.18723831411590436,-21.79164877678001,-48.18127562530799
Piedade,3215.0,0.2,0.0,6.4,-0.1999999999999993,0.4452436712389872,0.0603421461897356,5.010558581742873,0.0017108938501273398,0.0018140168896720215,0.010312303954468166,0.0014488,0.026209385012733975,-23.78694045545901,-47.4381115856554
Vargem Grande Paulista,3058.0,0.1,0.0,6.4,-0.1999999999999993,0.3520129363220695,0.0307390451275343,4.998275198144961,0.001623355321556396,0.0017234568183804582,0.010010149682406214,0.0013557,0.0267655321556396,-23.62089840539759,-47.0147404895695
Iperó,2383.0,1.2,0.1,5.8,0.2999999999999998,0.4143526262964202,0.0318925723877465,4.924624519868417,0.0012463875702920023,0.001344063038721402,0.009767546842939963,0.0009481,0.029828757029200226,-23.404459238715923,-47.62917972553743
Tatuí,6639.0,0.2,0.1,6.3,0.0999999999999996,0.4071595851455336,0.1468594667871667,5.1754019051932705,0.0036492422455979417,0.003744207359292691,0.009496511369474917,0.003093,0.05562422455979419,-23.36207285376766,-47.86960436725602
Mococa,1629.0,5.5,0.1,5.7,0.2000000000000001,0.3666220586595292,0.0362185389809699,4.76028405976405,0.0008235877858686738,0.000918252232670233,0.009466444680155913,0.0014339,-0.06103122141313263,-21.449557071375807,-47.03287442068186
Taquaritinga,2431.0,0.0,0.1,6.3,-0.2000000000000001,0.3446526151444185,0.2529823118058412,4.939763492695026,0.00127540189766887,0.0013699622172530593,0.009456031958418924,0.0012954,-0.001999810233112992,-21.425548256207776,-48.5379022368533
Cajuru,1317.0,0.3,0.1,5.7,0.0,0.3737035797925724,0.3682611996962794,4.634196477948885,0.0006482106491987644,0.0007424453295668492,0.009423468036808479,0.0005619,0.008631064919876433,-21.275961092710485,-47.31028749713635
Igaratá,804.0,2.6,0.0,5.9,-0.6999999999999993,0.3447641351622614,0.4166666666666667,4.236143080182894,0.00036172840468016456,0.0004530856160886418,0.009135721140847724,0.0003139,0.004782840468016457,-23.13484504503989,-46.15035891250303
Pirapora do Bom Jesus,1383.0,0.0,0.0,5.5,0.2999999999999998,0.4914129586260731,0.059291395516992,4.695070435414306,0.0006896364949182883,0.0007807799460574934,0.009114345113920511,0.0005588,0.013083649491828827,-23.37822903346624,-46.9849090761184
Garça,1925.0,0.5,0.0,6.2,-0.2000000000000001,0.351957176313148,0.4805194805194805,4.883247665683264,0.0009983789801753756,0.0010849091240704564,0.008653014389508077,0.0010625,-0.006412101982462446,-22.23097714453318,-49.68964395240264
Serrana,2822.0,1.2,0.1,6.0,0.2000000000000001,0.4162484665997547,0.2289156626506024,5.024516412925037,0.001505938451816406,0.0015917055052482895,0.008576705343188353,0.001157,0.03489384518164059,-21.21688664008934,-47.61245273373007
Santo Antônio de Posse,1522.0,7.3,0.1,5.9,0.0,0.3786662205865952,0.3830486202365308,4.796171484082314,0.0007752919933270843,0.0008580643171369132,0.008277232380982883,0.0006419,0.013339199332708428,-22.603272238354425,-46.9498878471616
Salesópolis,1047.0,0.1,0.0,6.2,-0.5,0.4428459908553585,0.055396370582617,4.609824236143798,0.0005126099035051977,0.0005907370980984953,0.007812719459329763,0.0004091,0.010350990350519763,-23.58021132031585,-45.84260226889237
Jardinópolis,2429.0,2.9,0.6,5.8,0.3999999999999994,0.3461581353853016,0.1757925072046109,5.012195064258991,0.0012930384018113646,0.0013688604744411313,0.00758220726297667,0.0010001,0.029293840181136455,-20.99198935726371,-47.82605542356114
Francisco Morato,12658.0,0.0,0.1,6.2,0.2999999999999998,0.4981041596966655,0.1275872965713382,5.2625691456268004,0.007074876290753866,0.0071467274421047906,0.007185115135092436,0.0048317,0.22431762907538658,-23.273752357285726,-46.72364053645302
Osvaldo Cruz,1082.0,0.0,0.0,6.1,-0.4000000000000003,0.313650050184008,1.0,4.6913650050184,0.0005391162575017838,0.00060951632097126,0.007040006346947628,0.0006779,-0.013878374249821631,-21.73263517878023,-50.87386965884159
Mogi das Cruzes,25470.0,0.2,0.0,6.4,0.1000000000000005,0.3861380617820898,0.4433843737730663,5.282952243555517,0.014290965592627599,0.014360647030738985,0.006968143811138597,0.0117325,0.2558465592627599,-23.56959267856692,-46.18606608156975
Pariquera-Açu,1175.0,0.3,0.0,6.1,-0.2000000000000001,0.465317274450764,0.2093617021276596,4.787467897657843,0.0005974474134656344,0.0006631400259242237,0.006569261245858928,0.0004775,0.011994741346563443,-24.67830761995131,-47.8500602129833
Guaiçara,732.0,0.6,0.0,5.8,-0.2999999999999998,0.4103379056540648,0.2650273224043716,4.467536522805844,0.00034732427393541427,0.00041284331864629146,0.006551904471087719,0.0003249,0.0022424273935414286,-21.56953311269837,-49.76269415978017
Itapevi,18386.0,0.0,0.1,6.3,0.2000000000000001,0.4663767146202744,0.3448275862068966,5.2811204300827175,0.010312626071476327,0.010376724321337166,0.00640982498608389,0.0069549,0.3357726071476327,-23.550960934981106,-46.96767488143577
Pedregulho,1076.0,3.8,0.1,6.2,-0.2999999999999998,0.2382625181220027,0.0353159851301115,4.747357850325212,0.0005425255360438097,0.0006055744170267634,0.00630488809829537,0.0004475,0.00950255360438097,-20.205556562073475,-47.43906318710221
Cachoeira Paulista,1274.0,1.7000000000000002,0.0,5.9,0.1000000000000005,0.4306903089104495,0.0298273155416012,4.846051762445206,0.0006557124361649298,0.0007187074827617049,0.00629950465967751,0.0007343,-0.00785875638350702,-22.70230098245353,-44.991711453989886
Barra do Turvo,483.0,1.5,0.0,5.5,-0.4000000000000003,0.7181889149102265,0.0,4.151818891491023,0.00021298130083859286,0.00027343901806484264,0.006045771722624978,0.0001431,0.006988130083859285,-24.88867750528883,-48.4269594109524
Igarapava,1213.0,1.8000000000000003,0.2,5.8,0.2000000000000001,0.4658191145310582,0.0313272877164056,4.849714640224747,0.0006247883600555306,0.0006845904737165428,0.005980211366101221,0.0005857,0.003908836005553059,-20.06367845069773,-47.68243181443347
Bofete,696.0,0.0,0.0,6.0,-0.4000000000000003,0.4173079067692651,0.007183908045977,4.522449181481524,0.000334301926140641,0.00039257315641564537,0.005827123027500434,0.0003051,0.0029201926140641032,-23.12901087723552,-48.2858699339667
Guará,1049.0,0.3,0.0,6.0,-0.0999999999999996,0.4043158246905316,0.315538608198284,4.791985443288882,0.0005338840202765899,0.0005915855273698847,0.005770150709329482,0.0005093,0.002458402027658989,-20.48254906062732,-47.775266797854734
Itatinga,1178.0,1.6,0.0,6.5,-0.5,0.4351511096241776,0.1162988115449915,4.855144992116918,0.0006074400719703604,0.0006645869652878878,0.005714689331752737,0.0005077,0.00997400719703604,-23.153626808204564,-48.62939317137699
Brotas,1194.0,0.0,0.1,6.3,-0.2999999999999998,0.3572543771607002,0.228643216080402,4.8585897593241105,0.0006161273690891709,0.0006729692687787318,0.005684189968956099,0.0005962,0.001992736908917089,-22.273351389769992,-48.08123374657156
Morro Agudo,1706.0,2.7,0.0,6.1,0.0999999999999996,0.3676814988290396,0.0375146541617819,5.000519615299082,0.0009060457047637862,0.000961668941782858,0.0055623237019071774,0.0007151,0.019094570476378626,-20.68874900268736,-48.15331125455092
Holambra,860.0,0.4,0.0,6.4,-0.5999999999999996,0.3500055760008921,0.45,4.720000557600089,0.00043111828705120586,0.00048467504617484466,0.00535567591236388,0.0003684,0.006271828705120585,-22.63036785918212,-47.0650552715847
Iacanga,593.0,0.0,0.0,6.4,-0.8999999999999995,0.4531615925058545,0.2023608768971332,4.4655522469403,0.000281245648834163,0.0003346241349455543,0.00533784861113913,0.0002253,0.0055945648834163,-21.890938577684423,-49.03963251358208
Itanhaém,7730.0,1.8000000000000003,0.0,6.3,0.2000000000000001,0.4509869521579122,0.035058214747736,5.248604516690564,0.004309027716764512,0.004361847394216952,0.005281967745243959,0.0030976,0.12114277167645125,-24.09224317330128,-46.83454176100629
Orlândia,1791.0,0.7,0.0,6.1,0.0999999999999996,0.3459350953496152,0.3495254048017867,5.02954605001514,0.0009567100112419492,0.0010093134572632704,0.005260344602132125,0.0008926,0.006411001124194914,-20.69791128137417,-47.90583423415648
Santa Gertrudes,1641.0,1.0,0.0,6.5,-0.2999999999999998,0.3713616594178652,0.0968921389396709,5.006825379835755,0.0008726236314767562,0.0009250704038328233,0.005244677235606706,0.0006144,0.025822363147675623,-22.47509731904302,-47.52126951846696
Itaí,1581.0,0.1,0.0,6.1,0.0999999999999996,0.4299654287944684,0.0499683744465528,5.007993380324102,0.000840913955466076,0.0008918888660394812,0.005097491057340516,0.0006507,0.0190213955466076,-23.47144831173461,-49.054176374492286
Lucélia,892.0,0.9000000000000001,0.0,6.5,-0.5999999999999996,0.2769599643135941,0.2589686098654709,4.773592857417907,0.0004522370851208945,0.0005022580747586702,0.0050020989637775655,0.0004984,-0.004616291487910545,-21.64416541374654,-50.99165598658091
Ibaté,2246.0,1.4,0.0,6.4,-0.0999999999999996,0.352960856473737,0.2208370436331255,5.097379790010687,0.0012159415205595916,0.0012658368600170626,0.004989533945747092,0.001014,0.02019415205595917,-21.950946542132822,-48.02722539298867
Chavantes,724.0,2.7,0.0,5.9,-0.0999999999999996,0.4618043938887029,0.0234806629834254,4.688528505687214,0.00036052141823677365,0.00040858951124595226,0.0048068093009178605,0.0003632,-0.00026785817632263417,-23.04636935301988,-49.7265691000292
Urupês,717.0,0.1,0.0,6.6,-0.8000000000000007,0.3253038920486228,0.0864714086471408,4.681177530069577,0.0003564759304315504,0.000403961031550843,0.004748510111929257,0.0003067,0.004977593043155044,-21.205197860254174,-49.26520928976923
Cajobi,502.0,0.0,0.0,6.0,-0.5,0.3250250920040144,0.0099601593625498,4.433498525136657,0.00023637755127328537,0.00028282809293948423,0.004645054166619886,0.0002475,-0.0011122448726714634,-20.873702848616663,-48.83872888384993
Tremembé,1933.0,3.2,0.2,6.1,0.1999999999999993,0.3457120553139289,0.1179513709260217,5.086366342623994,0.0010442282414360874,0.0010893342063049618,0.00451059648688744,0.0011532,-0.010897175856391265,-22.94085643085796,-45.60417996859178
Torre de Pedra,169.0,0.0,0.0,5.0,-1.5,0.359540537526486,0.0532544378698224,2.8412794975396314,5.099840645856836e-05,9.525544582700717e-05,0.004425703936843881,6.45e-05,-0.0013501593541431632,-23.25008224112115,-48.21269515601123
Eldorado,1040.0,2.4,0.0,6.1,0.0,0.5588825694212111,0.0461538461538461,4.940503641557505,0.000545708234163498,0.0005876235983540534,0.0041915364190555325,0.0003831,0.016260823416349806,-24.495052468849497,-48.23361240603296
Guarantã,374.0,0.3,0.0,5.5,-0.2000000000000001,0.5175086428013826,0.0,4.2917508642801385,0.00017047552999775666,0.00021121128678071633,0.004073575678295967,0.000176,-0.0005524470002243339,-21.91611954438652,-49.58841721605784
Potirendaba,1042.0,0.6,0.0,6.3,-0.2000000000000001,0.3322738931638225,0.246641074856046,4.937891496801987,0.0005464685911736092,0.0005871178110751546,0.004064921990154535,0.0004303,0.011616859117360923,-21.07549311251995,-49.39171018527326
Cristais Paulista,616.0,2.8,0.0,6.0,-0.2000000000000001,0.3319393331102932,0.1298701298701298,4.686180946298042,0.0003065883935863942,0.0003470854932017413,0.004049709961534707,0.0002427,0.006388839358639422,-20.371320302301385,-47.40088578271529
Itapetininga,7815.0,0.6,0.1,6.4,0.1000000000000005,0.4087766254042597,0.2056301983365323,5.26144068237408,0.004367064483549205,0.0044075254920388045,0.00404610084895991,0.0037522,0.06148644835492056,-23.64545924910101,-48.12324890604748
Júlio Mesquita,300.0,0.7,0.0,5.7,-0.7000000000000002,0.420374707259953,0.06,4.048037470725996,0.0001289798069173915,0.00016921894126411058,0.0040239134346719075,0.0001301,-0.00011201930826084847,-21.972966167124792,-49.793303825764966
Tuiuti,410.0,0.0,0.0,5.7,-0.2999999999999998,0.3493364558938329,0.3,4.384933645589384,0.00019094259758208778,0.00023106410982141613,0.004012151223932835,0.0001739,0.001704259758208778,-22.83030296116795,-46.68763803986612
Aguaí,1767.0,1.6,0.0,6.1,0.1999999999999993,0.3699118991859039,0.1760045274476513,5.094591642663355,0.0009560968166049681,0.0009960818285096504,0.0039985011904682295,0.0008075,0.014859681660496818,-22.049938972078515,-47.040327325202455
Cássia dos Coqueiros,169.0,3.3000000000000003,0.0,4.9,-1.0999999999999996,0.4160254265640683,0.0236686390532544,3.0839694065617334,5.535447161668451e-05,9.532157812387382e-05,0.003996710650718931,7.74e-05,-0.0022045528383315485,-21.26325859214753,-47.143974085501966
Altinópolis,888.0,0.1,0.0,6.5,-0.5,0.3923274227723875,0.5236486486486487,4.891597607142105,0.000461338430182537,0.0005007155227195832,0.003937709253704623,0.0004575,0.0003838430182536985,-21.018060374635944,-47.38615688124046
Miracatu,1395.0,1.5,0.0,6.1,0.0999999999999996,0.5974127355860375,0.4007168458781362,5.059812958146417,0.0007496604760731149,0.0007885790192974301,0.003891854322431512,0.000617,0.013266047607311489,-24.19505254094398,-47.39464898391231
Ipuã,708.0,0.0,0.0,6.3,-0.4000000000000003,0.5102598416415746,0.2980225988700565,4.8008282440511625,0.0003609984775280586,0.00039979757666665726,0.003879909913859865,0.0003523,0.0008698477528058617,-20.41754385718532,-48.06649191324341
Santa Cruz das Palmeiras,1581.0,0.2,0.0,6.3,0.0,0.4049849447975912,0.0480708412397217,5.085305578603731,0.000853895783021306,0.0008916152589535913,0.0037719475932285304,0.0006599,0.0193995783021306,-21.855554184324987,-47.25012836528146
Araçariguama,1671.0,2.6,0.5,5.9,0.4000000000000003,0.4614698338351731,0.1777378815080789,5.103920771534326,0.0009058083460439572,0.0009430252337777555,0.0037216887733798327,0.000624,0.02818083460439572,-23.43444099007436,-47.072379991714506
Natividade da Serra,417.0,0.0,0.0,6.1,-0.6000000000000005,0.4947585591613693,0.4436450839328537,4.493840364309422,0.0001990259197722148,0.0002354292149604794,0.0036403295188264604,0.0001721,0.002692591977221479,-23.415148001995675,-45.381539969112936
Cunha,1115.0,2.1,0.0,6.4,-0.1999999999999993,0.5465596074495371,0.0,5.014655960744955,0.00059384342734827,0.0006299051116333273,0.003606168428505732,0.0005592,0.0034643427348269944,-23.0528830323065,-44.942119318977255
Gabriel Monteiro,157.0,0.0,0.0,5.6,-1.8000000000000007,0.3179435708709712,1.0,3.1717943570870966,5.288842308946247e-05,8.844650205844394e-05,0.0035558078968981476,7.41e-05,-0.0021211576910537527,-21.499655173720264,-50.56481162190065
Nazaré Paulista,886.0,1.3,0.0,6.4,-0.2999999999999998,0.4547228727556597,0.1027088036117381,4.9357431676367405,0.000464453477311252,0.0004999707696151775,0.0035517292303925523,0.0004492,0.0015253477311252003,-23.191415785907648,-46.36649353457479
Dumont,550.0,0.2,0.0,6.4,-0.5999999999999996,0.4472510315601651,0.3854545454545454,4.723270557701472,0.00027590619810717213,0.0003103371320709548,0.0034430933963782674,0.0002636,0.001230619810717212,-21.247090743196424,-47.97977898186748
Tejupá,282.0,0.7,0.0,6.1,-0.9000000000000004,0.5615590498494476,0.0319148936170212,4.219347394346647,0.0001263718478905459,0.00015934162765395625,0.0032969779763410353,0.0001145,0.0011871847890545897,-23.34253051644646,-49.3065922315779
Adolfo,263.0,5.7,0.0,6.0,-0.9000000000000004,0.4064904650384744,0.1064638783269961,4.131295434336547,0.00011539791055955506,0.00014832330796916626,0.0032925397409611203,0.0001282,-0.0012802089440444935,-21.288722197380384,-49.65329407459611
Nova Independência,285.0,2.1,0.0,5.7,-0.5999999999999996,0.4877327980372475,1.0,4.228773279803725,0.0001280015431717965,0.00016089098734427355,0.003288944417247704,0.0001662,-0.0038198456828203494,-21.13533969163807,-51.5051713298794
Monte Aprazível,1021.0,0.3,0.0,6.6,-0.4000000000000003,0.395171183227389,0.1606268364348677,5.015579801966226,0.0005438796766877753,0.0005757301920525805,0.0031850515364805236,0.0004944,0.004947967668777532,-20.7376016690713,-49.7658428787562
Ibirá,593.0,0.2,0.0,6.6,-0.7000000000000002,0.4079402252704361,0.4553119730185497,4.806325219828898,0.0003027079250690606,0.00033443835749264323,0.0031730432423582615,0.0002847,0.0018007925069060638,-21.07474754135601,-49.22040205137919
Ribeirão Bonito,639.0,2.0,0.4,5.9,0.1000000000000005,0.4732909557265528,0.0,4.847329095572656,0.00032897228236149694,0.0003606705975504597,0.0031698315188962746,0.0002702,0.0058772282361496935,-22.060100210725373,-48.18534315358101
Anhembi,419.0,0.5,1.0,5.7,0.0,0.4267313482770156,0.0,4.602673134827702,0.00020482364985076042,0.00023636090632991354,0.003153725647915312,0.000163,0.004182364985076041,-22.800010521183463,-48.17466075191818
Boa Esperança do Sul,798.0,0.5,0.0,5.8,0.2999999999999998,0.4061559049849446,0.2456140350877192,4.945176994007266,0.00041912220989438607,0.00045004377688805976,0.003092156699367369,0.0003678,0.005132220989438607,-21.934990915360537,-48.46362199899812
Pratânia,424.0,0.0,0.2,5.7,-0.0999999999999996,0.4955949592951933,1.0,4.629559495929519,0.0002084785943373539,0.0002393837209594554,0.003090512662210152,0.0001642,0.004427859433735388,-22.818537416450567,-48.69684487369585
Campo Limpo Paulista,4783.0,0.6,0.0,6.2,0.2999999999999998,0.3064570090331213,0.1266987246498014,5.243315573368292,0.002663559002377048,0.002694139254180758,0.003058025180370993,0.0019962,0.0667359002377048,-23.217935025673707,-46.76009480922693
Rio das Pedras,1901.0,5.0,0.1,6.5,-0.0999999999999996,0.2895617263298758,0.0263019463440294,5.151586367267392,0.0010401094589575044,0.001070561253362806,0.0030451794405301656,0.000764,0.027610945895750433,-22.85035928918331,-47.59847155705776
Rincão,509.0,0.2,0.6,6.0,-0.0999999999999996,0.398851343816215,0.1552062868369351,4.775405763065315,0.0002581570593345706,0.0002870322403725128,0.002887518103794222,0.0002512,0.0006957059334570604,-21.593881690081457,-48.03211438580335
Guaraci,579.0,0.2,0.0,6.2,-0.2000000000000001,0.4532173525147764,0.0379965457685664,4.849121389828335,0.0002981930819679599,0.00032672429471535815,0.0028531212747398248,0.000283,0.0015193081967959914,-20.37477670451618,-49.00278413648353
Riversul,344.0,0.0,0.0,5.9,-0.3999999999999994,0.4685513549682168,1.0,4.5468551354968225,0.0001661213699925544,0.00019415253193991492,0.002803116194736053,0.0001553,0.0010821369992554386,-23.84685906313637,-49.44782064617311
Presidente Epitácio,980.0,0.5,0.0,6.5,-0.2999999999999998,0.4891267982602878,0.4448979591836735,5.053402475744397,0.0005259759761815939,0.000553248648744212,0.002727267256261807,0.000867,-0.03410240238184061,-21.910590736922952,-52.17482353510468
Monte Alegre do Sul,404.0,7.3,0.0,6.1,-0.3000000000000007,0.2167949146871862,0.0594059405940594,4.6676200855281245,0.00020027779853531736,0.00022731172303768726,0.0027033924502369907,0.0002064,-0.0006122201464682644,-22.70430412320707,-46.66765379360022
Avaí,293.0,0.4,0.0,5.5,0.0,0.3357867737258836,0.0375426621160409,4.437332943584193,0.0001380847062114641,0.00016509879915791668,0.002701409294645257,0.000109,0.0029084706211464097,-22.187181807747745,-49.31623015731264
Analândia,324.0,2.1,0.0,6.0,-0.4000000000000003,0.2580015612802497,0.1419753086419753,4.519997686992221,0.00015553895135689478,0.00018239199323640687,0.0026853041879512088,0.0001384,0.0017138951356894777,-22.12106140145144,-47.67795294379889
Sarapuí,646.0,0.0,0.0,6.0,0.0999999999999996,0.4505408720865394,0.0650154798761609,4.93155563519627,0.00033835484433833527,0.0003645197910429742,0.0026164946704638906,0.0002625,0.007585484433833529,-23.66434543000492,-47.78575481330864
Ocauçu,262.0,0.4,0.0,6.5,-1.0999999999999996,0.4217687074829933,0.4007633587786259,4.402253206626162,0.00012249891825931537,0.00014778707226007526,0.002528815400075989,0.0001242,-0.00017010817406846448,-22.43810124076048,-49.93793163729364
Santa Rita do Passa Quatro,849.0,0.0,0.0,6.4,-0.1999999999999993,0.350172856027657,0.3321554770318021,5.028232833305946,0.00045339738779677605,0.000478476698078559,0.002507931028178297,0.0005513,-0.009790261220322395,-21.6824860810959,-47.50801049826729
Lavínia,249.0,1.6,0.4,6.0,-0.5999999999999996,0.3758782201405153,0.0401606425702811,4.36160388627108,0.00011534572737302549,0.00014037496394825438,0.0025029236575228896,0.0001863,-0.007095427262697452,-21.15078964930597,-51.03262608320902
Engenheiro Coelho,1089.0,6.5,0.3,6.0,0.2999999999999998,0.4759116761458679,0.1147842056932966,5.099069588183917,0.00058975925173252,0.0006146837477698871,0.0024924496037367167,0.0004423,0.014745925173251993,-22.48713481524277,-47.1748696723224
Bananal,521.0,4.6,0.2,5.8,0.2000000000000001,0.4340916694546672,0.2130518234165067,4.8647143492871185,0.0002691850963755166,0.00029392640436112517,0.0024741307985608587,0.0002409,0.002828509637551658,-22.73381365556298,-44.33445670357548
Indiana,271.0,0.0,0.0,6.0,-0.4000000000000003,0.3774395003903199,0.0,4.517743950039032,0.00013003098359510708,0.00015278050240018348,0.0022749518805076398,0.000125,0.000503098359510708,-22.13326903260301,-51.262554674718494
Alto Alegre,192.0,0.0,0.0,6.5,-1.2999999999999998,0.2867737258837958,0.0260416666666666,4.191281539255047,8.546809164947237e-05,0.00010812241501467124,0.0022654323365198866,0.0001093,-0.002383190835052763,-21.612588185020456,-50.192112899922776
Sete Barras,967.0,0.0,0.0,6.2,0.1000000000000005,0.6080071372811419,0.045501551189245,5.10535086884704,0.0005243339909170174,0.0005467060358362324,0.0022372044919215044,0.0003369,0.018743399091701737,-24.27396153410536,-47.93414692937734
Bocaina,535.0,0.4,0.2,6.0,0.0999999999999996,0.3269766923162709,0.0,4.912697669231627,0.00027914494266316275,0.0003014276112802365,0.002228266861707375,0.0002675,0.001164494266316275,-22.105468243209906,-48.52903846388289
Manduri,538.0,0.0,0.0,6.3,-0.2000000000000001,0.4245009479201513,0.0185873605947955,4.924308830851494,0.00028137370010141116,0.0003034813471191146,0.0022107647017703463,0.0002538,0.0027573700101411174,-23.047090914046752,-49.30362682348992
Monte Mor,4702.0,6.9,0.0,6.4,0.1000000000000005,0.3480539756886361,0.2741386643981284,5.262219264008677,0.0026278919755423663,0.0026498690638496972,0.0021977088307330913,0.0016772,0.09506919755423664,-22.95323375980169,-47.30739652386397
Severínia,903.0,0.0,0.0,6.3,0.0,0.464313594290175,0.0,5.086431359429017,0.000487816945258015,0.0005096238857885324,0.002180694053051743,0.0003887,0.009911694525801498,-20.793191932186208,-48.79357010061635
Restinga,549.0,3.5000000000000004,0.0,6.2,-0.0999999999999996,0.378275900524144,0.1930783242258652,4.937135422475001,0.0002878745871206057,0.00030951054576834576,0.0021635958647740067,0.0001946,0.00932745871206057,-20.64820073067968,-47.50596778004075
Vera Cruz,504.0,0.0,0.0,6.3,-0.2000000000000001,0.3098026095684175,0.0257936507936507,4.913559626036206,0.0002630163283804028,0.00028390174718851617,0.0020885418808113355,0.0002469,0.0016116328380402832,-22.23408909871702,-49.82620670457442
Redenção da Serra,237.0,0.0,0.0,6.2,-0.7000000000000002,0.4564514330322292,0.4177215189873418,4.487417295201958,0.0001129537743111346,0.00013374219746529944,0.002078842315416484,0.000131,-0.001804622568886542,-23.25371849681476,-45.526201847403456
Itapuí,825.0,1.0,0.2,6.4,-0.1999999999999993,0.3835173413627747,0.7345454545454545,5.071806279590824,0.0004443984642769311,0.00046514143294619075,0.002074296866925963,0.0003748,0.006959846427693111,-22.25085648090182,-48.70136837667732
Vargem,632.0,0.2,0.0,6.2,0.0,0.4287387085981931,0.0,5.00287387085982,0.00033580918908247885,0.0003565245235582593,0.002071533447578044,0.0002266,0.010920918908247885,-22.89013910780268,-46.41461329343249
Nova Campina,644.0,0.6,0.0,6.3,-0.1000000000000005,0.5769488123118099,0.0248447204968944,5.02017935328087,0.0003433689689744077,0.0003639552152938864,0.002058624631947871,0.0002792,0.0064168968974407685,-24.190574355008884,-48.97291800754103
Sales Oliveira,514.0,0.2,0.0,6.1,0.0,0.3234638117542098,0.2859922178988326,4.940945602965304,0.00026972992735101837,0.00028958336430963367,0.0019853436958615304,0.0002491,0.0020629927351018384,-20.83144534254513,-47.85459497397982
Brodowski,1458.0,1.5,0.0,6.3,0.0999999999999996,0.2468495594959291,0.2709190672153635,5.17177686267113,0.0008008538112397851,0.0008206513263646724,0.00197975151248873,0.0006501,0.015075381123978509,-21.04951895819022,-47.62771644634353
Santa Branca,712.0,3.9,0.0,5.8,0.3999999999999994,0.4218244674919147,0.4873595505617977,5.050918401805371,0.0003819498026482,0.00040162010499968526,0.001967030235148527,0.0003289,0.005304980264819997,-23.426453526683375,-45.86333460559833
Alambari,385.0,3.6000000000000005,0.0,6.1,-0.1000000000000005,0.3679602988736475,0.0,4.836796029887364,0.00019777639055952264,0.00021702450831989037,0.001924811776036773,0.0001508,0.004697639055952264,-23.548953877996198,-47.86911140905296
Guapiara,1192.0,0.0,0.0,6.3,0.0999999999999996,0.5543660086985615,0.0,5.1754366008698565,0.0006552080009455573,0.0006734697499294287,0.0018261748983871336,0.0004743,0.018090800094555735,-24.21251784977663,-48.55581649837299
Álvares Florence,155.0,0.6,0.0,6.5,-1.4000000000000004,0.5147764023642241,1.0,4.231477640236422,6.965939405516093e-05,8.753115554169428e-05,0.0017871761486533354,9.54e-05,-0.002574060594483907,-20.28948209537083,-49.920230757062434
Terra Roxa,443.0,0.0,0.0,6.4,-0.2999999999999998,0.3554700568752091,0.2686230248306998,4.942409308170592,0.0002325403805982917,0.0002496807768917302,0.001714039629343851,0.0001866,0.004594038059829169,-20.7787129144903,-48.345745661967314
São Joaquim da Barra,1116.0,0.8,0.0,6.3,0.0999999999999996,0.4148544663767144,0.0663082437275985,5.168116271010431,0.0006125653317503171,0.0006294517822459212,0.0016886450495604065,0.0008596,-0.024703466824968285,-20.550555512292835,-47.93858542419403
Paraguaçu Paulista,2353.0,0.0,0.0,6.5,0.0,0.398014943682391,0.0407989800254993,5.243881392370789,0.0013104810073430466,0.0013268760742102606,0.0016395066867214017,0.0011035,0.02069810073430465,-22.45902406120585,-50.626569318805714
Ribeirão Corrente,351.0,1.7000000000000002,0.0,6.2,-0.2000000000000001,0.3861380617820898,0.3219373219373219,4.870807538371942,0.00018157833514086295,0.0001979029096108906,0.0016324574470027633,0.0001428,0.003877833514086295,-20.448953810637164,-47.57326757352862
Monte Castelo,231.0,0.0,0.0,6.3,-0.5,0.3640013382402141,0.0216450216450216,4.678564635988524,0.00011478378922587544,0.00013020836939142187,0.001542458016554643,0.0001173,-0.0002516210774124568,-21.25490065749103,-51.57136182877439
Iepê,449.0,0.2,0.0,6.2,0.0,0.334337013493922,0.0,4.993433701349393,0.00023812312474153096,0.0002529967218831752,0.0014873597141644257,0.0001995,0.003862312474153096,-22.648571952257385,-51.0571628832196
Borebi,262.0,4.3,0.0,6.1,-0.3000000000000007,0.4587933534069365,1.0,4.7858793353406925,0.00013317385756376175,0.00014785427497636877,0.0014680417412607017,8.04e-05,0.005277385756376174,-22.680598188138628,-48.992328356514456
Jarinu,2763.0,0.3,0.0,6.1,0.3999999999999994,0.3810081409613025,0.2146217879116902,5.2595629928872984,0.0015434284086710908,0.001557752914713076,0.0014324506041985246,0.0010771,0.04663284086710907,-23.111962796335145,-46.72136358514448
Espírito Santo do Turvo,293.0,0.0,0.0,6.3,-0.4000000000000003,0.4978253596520576,0.9658703071672357,4.8663695666819295,0.0001514358332978523,0.00016542771189134953,0.0013991878593497225,0.000107,0.0044435833297852305,-22.67083677357592,-49.43297905641913
Coronel Macedo,240.0,0.0,0.0,6.2,-0.3999999999999994,0.4815991970558713,1.0,4.7881599197055875,0.00012204945164649579,0.00013547694908756493,0.0013427497441069135,9.81e-05,0.0023949451646495794,-23.63016586923319,-49.30680794348496
Glicério,284.0,0.0,0.0,6.5,-0.5,0.4590721534515443,0.2464788732394366,4.870555102669099,0.00014691046892019964,0.00016027006797687422,0.001335959905667458,0.0001297,0.0017210468920199633,-21.340310788114923,-50.19893667372876
São Manuel,2113.0,0.7,0.0,6.3,0.2000000000000001,0.331437493029999,0.1258873639375295,5.245732485696753,0.0011772307027500151,0.0011905635095946507,0.0013332806844635605,0.000918,0.025923070275001514,-22.682249502474814,-48.54047037750605
Coroados,326.0,0.0,0.0,6.5,-0.4000000000000003,0.3610460577673692,0.0981595092024539,4.925920556696982,0.00017055362219792926,0.000183750591514432,0.001319696931650273,0.000151,0.0019553622197929256,-21.375628027199355,-50.30346576527102
Guaraçaí,319.0,0.0,0.0,6.5,-0.4000000000000003,0.4616928738708594,0.0,4.9261692873870855,0.00016689985491461897,0.00018002745256054219,0.0013127597645923215,0.000175,-0.0008100145085381026,-21.086420880398613,-51.27944078602276
Luís Antônio,823.0,1.9,0.0,6.3,0.0999999999999996,0.4169175867068139,0.0255164034021871,5.1642433990109,0.00045140096390442613,0.0004642042511865315,0.0012803287282105364,0.0003353,0.01161009639044261,-21.55270649792477,-47.78186066894058
Altair,181.0,0.0,0.0,6.1,-0.4000000000000003,0.40738262518122,0.43646408839779,4.6443846713579005,8.928175154123647e-05,0.00010207913673813236,0.0012797385196895886,8e-05,0.0009281751541236464,-20.53336625661872,-49.093863184622535
Arco-Íris,112.0,0.0,0.0,6.0,-0.7999999999999998,0.3271439723430353,0.3660714285714285,4.229321540091447,5.0308882524490295e-05,6.310273252993461e-05,0.0012793850005444318,6.41e-05,-0.0013791117475509705,-21.766341036883528,-50.43089230009208
Nova Odessa,3022.0,1.2,0.0,6.6,-0.1000000000000005,0.2818110850897735,0.3401720714758438,5.26219831565656,0.001688953197753777,0.001701697864584068,0.0012744666830290935,0.0015015,0.01874531977537771,-22.78413124467213,-47.28515205154769
Ubirajara,391.0,0.0,0.0,6.2,0.0,0.4029775844764133,0.0332480818414322,5.003622566631785,0.00020778645980486896,0.00022050156205814821,0.0012715102253279252,0.0001595,0.004828645980486896,-22.54428583714577,-49.66593344232063
Ilha Comprida,987.0,0.1,0.0,6.4,0.0,0.3991301438608228,0.32016210739615,5.191929225125698,0.0005442542889720547,0.0005565850522283547,0.0012330763256300026,0.0004331,0.01111542889720547,-24.85893319681495,-47.71517936220872
José Bonifácio,951.0,0.8,0.0,6.3,0.0999999999999996,0.4270101483216235,0.2923238696109358,5.191933401793256,0.0005244034905636749,0.0005364677602619822,0.0012064269698307305,0.0007225,-0.019809650943632517,-21.08946542439615,-49.7794255587372
São João das Duas Pontes,138.0,1.5,0.0,6.3,-0.7000000000000002,0.3031671685067466,0.0,4.510316716850674,6.610618118088256e-05,7.772865849370253e-05,0.0011622477312819971,4.56e-05,0.0020506181180882563,-20.40832340237036,-50.38339539411416
Rio Grande da Serra,115.0,1.1,0.0,5.5,-0.0999999999999996,0.4141295862607339,0.017391304347826,4.363152089060856,5.3291032652913144e-05,6.486228535698601e-05,0.0011571252704072866,0.0007529,-0.06996089673470869,-23.73784315393807,-46.37949062606861
Andradina,2657.0,0.1,0.0,6.5,0.0,0.3738708598193374,0.3101242002258186,5.268399506004515,0.001486709780884771,0.0014978597539060368,0.0011149973021265785,0.0015363,-0.004959021911522896,-20.83561898813797,-51.32977028325236
Anhumas,231.0,0.5,0.0,6.9,-0.8999999999999995,0.4045388647262185,0.2597402597402597,4.866427912446649,0.00011939282221056042,0.0001302732423713158,0.0010880420160755393,8.94e-05,0.0029992822210560413,-22.36201032164856,-51.42776729969512
São José da Bela Vista,424.0,2.6,0.0,5.7,0.6000000000000005,0.5089216014274562,0.0542452830188679,5.096316688444634,0.00022949763156496878,0.00023942286640263072,0.0009925234837661941,0.0002341,-0.00046023684350312167,-20.58749568498648,-47.62718278037951
Clementina,492.0,0.0,0.0,6.5,-0.2000000000000001,0.3827924612467936,0.4430894308943089,5.12258818921411,0.00026767665125579664,0.0002773909656416375,0.0009714314385840842,0.0001829,0.008477665125579664,-21.570301291882004,-50.46008040988635
Serra Azul,595.0,1.9,0.7,5.7,0.7000000000000002,0.4165272666443625,0.0436974789915966,5.166022474563597,0.00032645941705546815,0.00033560170755879377,0.000914229050332562,0.0003199,0.0006559417055468125,-21.315994087004658,-47.54971893778243
Conchal,1878.0,3.0,0.1,6.4,0.1000000000000005,0.4005799040927846,0.2406815761448349,5.264126148023763,0.0010499722467946769,0.0010590530342665322,0.0009080787471855371,0.0007901,0.02598722467946769,-22.369286435079093,-47.14115986418161
Paulicéia,587.0,0.0,0.0,6.9,-0.5,0.512267201962752,0.0153321976149914,5.172759939957775,0.00032249008668679634,0.00033147875284926287,0.0008988666162466528,0.0002574,0.006509008668679632,-21.198380780675382,-51.79074708926967
Elias Fausto,1212.0,2.9,0.0,6.5,0.0,0.3144306903089101,0.033003300330033,5.234743399063894,0.0006738356151429437,0.0006827549659202373,0.0008919350777293633,0.000515,0.01588356151429436,-23.070627050340796,-47.37068693642994
Guarani d'Oeste,96.0,1.0,0.0,6.3,-0.9000000000000004,0.438273670123787,1.0,4.463827367012378,4.551290612883129e-05,5.41619652265499e-05,0.0008649059097718606,4.95e-05,-0.0003987093871168706,-20.066901860997493,-50.34469732010156
São José do Rio Pardo,1267.0,0.6,0.1,6.3,0.2000000000000001,0.3643916583026654,0.0734017363851618,5.243779339468783,0.0007056298865757973,0.0007141766036086265,0.0008546717032829171,0.0012443,-0.05386701134242027,-21.603686947717023,-46.87946525836802
Canas,352.0,1.9,0.0,5.9,0.4000000000000003,0.4865618378498941,0.0142045454545454,5.090076638330444,0.00019029305070873654,0.00019871162713276067,0.0008418576424024126,0.0001336,0.0056693050708736545,-22.730173387898333,-45.04111900618015
São Simão,361.0,0.0,0.0,6.4,-0.1999999999999993,0.3799487007917921,0.92797783933518,5.090792654012698,0.00019518595076692936,0.00020352568997512535,0.0008339739208195986,0.0002908,-0.009561404923307065,-21.46144313872042,-47.568379275656895
Iporanga,264.0,0.0,0.0,6.0,0.2000000000000001,0.8197278911564623,0.1098484848484848,5.052957637600495,0.00014167901472055192,0.0001496430597952237,0.0007964045074671785,0.0001389,0.00027790147205519343,-24.512690295986182,-48.546306231895535
Paulo de Faria,331.0,0.0,0.0,6.3,0.0,0.4630868740938997,0.0483383685800604,5.091142524267395,0.00017897781124420162,0.0001868028417124782,0.000782503046827657,0.0001868,-0.0007822188755798366,-20.066605833019835,-49.46337187319049
Gavião Peixoto,344.0,0.0,0.0,6.5,-0.2999999999999998,0.3671796587487454,1.0,5.096717965874875,0.00018621085249602648,0.00019391094704413963,0.0007700094548113151,0.00014,0.00462108524960265,-21.791652443187274,-48.44798050265957
Itapura,247.0,0.0,0.0,6.3,-0.1000000000000005,0.4674919147987063,0.1862348178137652,5.025372673261247,0.00013183210023607185,0.0001394042202323905,0.0007572119996318642,0.0001048,0.002703210023607185,-20.594995930006185,-51.44046730909256
Bastos,1240.0,0.4,0.1,6.3,0.2000000000000001,0.3850228616036579,0.1419354838709677,5.252695834547463,0.0006917670659749969,0.0006991346020211139,0.0007367536046116985,0.0005115,0.018026706597499685,-21.950267210871875,-50.74391797059087
Álvaro de Carvalho,189.0,0.0,0.0,6.3,-0.2000000000000001,0.5450540872086539,0.2222222222222222,4.956727630943087,9.949764540590643e-05,0.00010677118219576258,0.0007273536789856159,0.0001146,-0.0015102354594093569,-22.086627051657537,-49.73395277444135
Santa Cruz da Esperança,145.0,0.0,0.0,6.2,-0.2000000000000001,0.3737593398014944,0.0137931034482758,4.838755244324977,7.451738415531936e-05,8.174232844019808e-05,0.0007224944284878721,5.72e-05,0.0017317384155319361,-21.27484944903094,-47.43964425513406
Riolândia,549.0,0.0,0.0,6.3,0.0999999999999996,0.6168729786996766,0.2040072859744991,5.202088026467418,0.00030332344864739976,0.0003104180153733189,0.0007094566725919147,0.0002889,0.0014423448647399783,-20.023514428486703,-49.70914121534075
Lavrinhas,441.0,1.2,0.0,6.2,0.2000000000000001,0.4553362328537974,0.0,5.165533623285381,0.00024194114190810977,0.0002488586565288519,0.0006917514620742154,0.0001821,0.005984114190810976,-22.520272749552998,-44.8888318996586
Santa Cruz do Rio Pardo,1807.0,0.1,0.0,6.6,-0.1000000000000005,0.3403590944574552,0.371333702268954,5.27116927967264,0.0010116285091345174,0.0010182604129893248,0.0006631903854807403,0.0010807,-0.006907149086548257,-22.80932979803305,-49.569016448793775
Flórida Paulista,491.0,1.6,0.0,6.2,0.2000000000000001,0.4379391100702576,0.2545824847250509,5.189252159479532,0.0002706089839747681,0.00027701474662749357,0.0006405762652725495,0.0002869,-0.0016291016025231906,-21.540032903925567,-51.17069544693414
Miguelópolis,986.0,2.6,0.5,5.9,0.6000000000000005,0.4302442288390762,0.165314401622718,5.25955586304618,0.0005507847803027323,0.0005562336703442969,0.0005448890041564666,0.0004316,0.01191847803027323,-20.18468768184478,-48.105405599194185
Alvinlândia,221.0,0.0,0.0,6.2,0.1000000000000005,0.2903981264636999,0.0407239819004524,5.073112210836416,0.00011907557463127656,0.0001244589538893569,0.0005383379258080329,9.52e-05,0.0023875574631276562,-22.452574854820224,-49.75860249729994
Ipaussu,756.0,0.8,0.0,6.4,0.1000000000000005,0.4611352737816437,0.0158730158730158,5.247700828965467,0.00042135369554477126,0.0004266452117078155,0.000529151616304426,0.0003703,0.005105369554477126,-23.065069609211942,-49.60810898116807
Balbinos,77.0,0.0,0.0,6.2,-0.3999999999999994,0.2465149994423998,0.0259740259740259,4.667248902541643,3.816872310032372e-05,4.334011791789419e-05,0.0005171394817570464,0.0001093,-0.007113127689967628,-21.89237640639215,-49.3330738575031
Caiuá,216.0,1.8000000000000003,0.0,6.4,-0.0999999999999996,0.4887364781978365,0.0231481481481481,5.0911884626346,0.00011679624186791012,0.00012193993442287682,0.0005143692554966692,0.0001555,-0.0038703758132089885,-21.801962272086,-51.98684232459774
Jumirim,221.0,4.4,0.0,6.6,-0.3000000000000007,0.351120776179324,0.1266968325791855,5.08778176087585,0.0001194198968200893,0.00012455192277172403,0.0005132025951634726,7.99e-05,0.00395198968200893,-23.099541182660875,-47.78806406612945
Salmourão,302.0,0.0,0.0,6.3,0.0999999999999996,0.397011263521802,0.0,5.15970112635218,0.00016549597384904097,0.0001702981867259841,0.00048022128769431365,0.0001298,0.0035695973849040963,-21.587985194911745,-50.876243538747055
Pindorama,682.0,0.3,0.3,6.6,-0.1000000000000005,0.3789450206312031,0.0454545454545454,5.242439956608575,0.00037972901570172555,0.0003844953148216982,0.00047662991199726753,0.0003504,0.002932901570172554,-21.209731881675253,-48.911589430325066
Pongaí,187.0,1.5,0.0,6.7,-0.3999999999999994,0.4305230288836846,0.0,5.083052302888369,0.00010095367400672238,0.00010549295383597376,0.0004539279829251383,9.44e-05,0.0006553674006722372,-21.730202336641742,-49.35895549030907
Lindóia,390.0,1.8000000000000003,0.0,6.2,0.2000000000000001,0.346381175420988,0.4435897435897435,5.198997091901075,0.00021534764431031396,0.00021978470514245053,0.00044370608321365676,0.0001471,0.006824764431031396,-22.513439753733596,-46.654866381877
Nantes,180.0,0.6,0.0,5.9,0.4000000000000003,0.5535853685736589,0.0,5.095358536857367,9.7409922464114e-05,0.00010169747871080549,0.00042875562466914975,5.92e-05,0.003820992246411399,-22.59687474528282,-51.20088490116224
Santa Ernestina,306.0,0.0,0.0,6.7,-0.2999999999999998,0.2823129251700677,0.2483660130718954,5.173067893824197,0.00016812238745316405,0.00017231064246353006,0.00041882550103660083,0.0001779,-0.0009777612546835938,-21.452603813225164,-48.36672380608479
Paranapuã,248.0,0.0,0.0,6.2,0.2000000000000001,0.4081075052972006,0.0362903225806451,5.1644397827877855,0.00013602879239442759,0.0001398665819355808,0.00038377895411532113,0.0001408,-0.0004771207605572421,-20.06373156316382,-50.59393006435217
Águas de Santa Bárbara,472.0,0.2,0.0,6.4,0.1000000000000005,0.2485781197724992,0.0466101694915254,5.229518828926404,0.00026215592247525653,0.00026567604048050475,0.0003520118005248226,0.0002032,0.005895592247525653,-22.857893418830848,-49.261087708198936
Buritizal,226.0,2.0,0.0,6.4,0.0,0.4169175867068139,0.0309734513274336,5.164789103803425,0.00012397010683166105,0.00012747285634040842,0.0003502749508747365,9.8e-05,0.0025970106831661056,-20.2093052312543,-47.692953982796965
Sagres,157.0,0.7,0.0,6.5,-0.2999999999999998,0.468216794914687,1.0,5.106821679491469,8.515424243185495e-05,8.860994865382087e-05,0.0003455706221965917,8.09e-05,0.00042542424318549495,-21.86784431364536,-50.99035914600813
Luiziânia,357.0,0.6,0.0,6.7,-0.2999999999999998,0.5433255269320844,0.6470588235294118,5.23903843504615,0.00019864413387951898,0.00020167462459239006,0.0003030490712871084,0.0001537,0.004494413387951898,-21.672625855098158,-50.35086283619199
Tapiraí,539.0,0.2,0.4,6.3,0.0999999999999996,0.4974907995985278,1.0,5.269749079959853,0.00030167175213678264,0.00030431798864282816,0.00026462365060455164,0.000245,0.005667175213678265,-24.00868819684129,-47.619449866783135
Mirassolândia,292.0,0.7,0.0,6.7,-0.2000000000000001,0.263131482101037,0.0,5.226313148210104,0.00016208178964189957,0.00016438834660298325,0.0002306556961083686,0.000131,0.0031081789641899554,-20.59496479653752,-49.48696529463995
Borá,62.0,0.0,0.0,6.6,-0.4000000000000003,0.3470502955280471,0.0,4.994705029552804,3.28895157128585e-05,3.494042001479072e-05,0.0002050904301932221,2.82e-05,0.0004689515712858501,-22.244174548763464,-50.50212475250972
Murutinga do Sul,186.0,0.0,0.0,6.4,0.0,0.4652057544329205,1.0,5.266520575443293,0.00010403816253007632,0.00010497351146637869,9.353489363023686e-05,0.0001273,-0.0023261837469923685,-20.99681513541783,-51.30139143212797
Parisi,186.0,0.0,0.0,7.1,-0.7000000000000002,0.5687520910003343,1.0,5.276875209100033,0.00010424271448119609,0.0001051069380311102,8.642235499141187e-05,0.0001,0.0004242714481196081,-20.271622127976308,-50.03737619962657
Trabiju,92.0,4.9,0.0,6.5,0.0,0.3972900635664098,0.0,5.239729006356641,5.119795301570993e-05,5.187909550559766e-05,6.811424898877299e-05,4.36e-05,0.000759795301570993,-22.03232261124197,-48.34525773033692
Pracinha,84.0,0.0,0.0,6.2,0.2999999999999998,0.462473513995762,0.0,5.246247351399576,4.6804110161769505e-05,4.740580229088726e-05,6.0169212911775476e-05,6.88e-05,-0.00219958898382305,-21.83764496589617,-51.0752967381736
Ribeirão dos Índios,72.0,2.6,0.0,6.5,0.0999999999999996,0.4464146314263411,0.2083333333333333,5.345474796475967,4.0876596352707294e-05,4.0625534637709245e-05,-2.5106171499804944e-05,6.06e-05,-0.001972340364729271,-21.7842320428512,-51.58334484275999
Catiguá,349.0,0.0,0.0,6.5,0.0999999999999996,0.3225158916025428,0.0401146131805157,5.316263050478306,0.00019705516954760552,0.00019662143213605338,-4.337374115521368e-05,0.0001928,0.0004255169547605521,-21.062806755334464,-49.05275421881336
Monteiro Lobato,301.0,3.7000000000000006,0.0,6.2,0.4000000000000003,0.4204304672688745,0.0465116279069767,5.326694209517586,0.0001702864945310837,0.00016978312067601612,-5.033738550675685e-05,0.0001203,0.004998649453108369,-22.93651487140644,-45.80425881474128
São Bento do Sapucaí,526.0,0.0,0.0,6.9,-0.2999999999999998,0.2625738820118208,0.0437262357414448,5.310630011775328,0.00029667963323090434,0.0002961221814971918,-5.5745173371254475e-05,0.0002782,0.0018479633230904355,-22.681508067983145,-45.68680689829295
Herculândia,471.0,0.0,0.0,6.1,0.5,0.3874205419872866,0.0127388535031847,5.320015939549047,0.00026612751853681533,0.00026556620872580266,-5.613098110126701e-05,0.0002482,0.0017927518536815313,-21.96236101127608,-50.37320661559711
Canitar,456.0,0.0,0.2,6.2,0.4000000000000003,0.4974907995985278,0.0,5.3297490799598535,0.000258123502704307,0.00025745640597612173,-6.670967281852884e-05,0.0002272,0.003092350270430703,-23.0188216932736,-49.79191522655529
Morungaba,737.0,0.5,0.0,6.3,0.2999999999999998,0.3926062228169953,0.010854816824966,5.320346103964196,0.0004164504320943183,0.00041557275259570983,-8.776794986084611e-05,0.0003124,0.010405043209431829,-22.893870217404174,-46.78264524108956
Palmares Paulista,612.0,0.0,0.0,6.9,-0.2999999999999998,0.4742946358871417,0.0310457516339869,5.3305340387521145,0.0003464799331419015,0.0003454352502468059,-0.00010446828950955731,0.000257,0.008947993314190147,-21.10456848042313,-48.82665570396742
Cerqueira César,1238.0,0.0,0.0,6.4,0.2000000000000001,0.4471952715512432,0.0500807754442649,5.329727604699552,0.0007007798437526185,0.0006985401935937523,-0.00022396501588661062,0.0005503,0.015047984375261846,-23.059331289967897,-49.143785247965326
Pereiras,552.0,3.1,0.0,6.5,0.0999999999999996,0.4879000780640125,0.2735507246376811,5.35614508027017,0.0003140128016151067,0.0003116210783478696,-0.00023917232672371423,0.0002312,0.008281280161510671,-23.120453065494555,-47.978868292518186
Santa Rita d'Oeste,125.0,0.9000000000000001,0.0,7.1,-0.3000000000000007,0.2577227612356418,0.224,5.488172276123564,7.286075923856324e-05,7.036703990773766e-05,-0.0002493719330825582,5.99e-05,0.0012960759238563246,-20.09713026605314,-50.81271452969104
Tapiratiba,572.0,0.2,0.0,6.8,-0.2000000000000001,0.336177093788335,0.3374125874125874,5.347358968120092,0.00032485631372921594,0.00032231046521196213,-0.00025458485172538117,0.0003123,0.0012556313729215939,-21.450764372833586,-46.74181254530507
Mirante do Paranapanema,567.0,0.4,0.0,6.6,0.0,0.4009702241552358,0.3315696649029982,5.353253988905824,0.000322371657359695,0.00031974757709107176,-0.00026240802686232443,0.000357,-0.0034628342640305,-22.349241367343325,-51.99796953207556
Valinhos,4947.0,3.4000000000000004,0.3,6.5,0.0999999999999996,0.2409947585591613,0.0022235698403072,5.304321832839947,0.0027869406530148864,0.0027842726731311805,-0.0002667979883705894,0.0027703,0.001664065301488658,-22.97507077172957,-46.98133580534274
Mesópolis,132.0,3.3000000000000003,0.0,6.6,0.1999999999999993,0.492416638786662,0.2121212121212121,5.510453785090787,7.72533354648841e-05,7.452221420338723e-05,-0.0002731121261496868,4.98e-05,0.0027453335464884105,-19.957507792034185,-50.61545148089864
São Miguel Arcanjo,2010.0,0.0,0.0,6.5,0.0999999999999996,0.4920263187242107,0.0,5.3292026318724215,0.0011376645746827064,0.001134764644764967,-0.00028999299177393835,0.0009286,0.020906457468270637,-23.913960583487267,-47.993395329216426
Dois Córregos,1448.0,0.0,0.1,6.4,0.2000000000000001,0.3490576558492246,0.1167127071823204,5.326577036303156,0.0008191675085886986,0.0008160480106039925,-0.00031194979847060924,0.0006126,0.020656750858869855,-22.39602780700113,-48.340487944793225
Ribeirão Branco,1461.0,0.0,0.0,6.7,-0.0999999999999996,0.6126909780305563,0.0342231348391512,5.344691411286972,0.0008293327102251776,0.0008260427729050664,-0.00032899373201112454,0.0005853,0.024403271022517763,-24.25612597995224,-48.7780927930264
Marabá Paulista,187.0,0.0,0.0,6.5,0.2999999999999998,0.5629530500724879,0.0,5.49629530500725,0.00010916102597470484,0.00010566451645883464,-0.00034965095158702046,0.00011,-8.389740252951605e-05,-22.127697406125552,-52.05656326409708
Monções,121.0,0.0,0.0,6.8,0.0,0.4491468718634991,1.0,5.58491468718635,7.177246423625567e-05,6.827575826727443e-05,-0.000349670596898124,5.11e-05,0.0020672464236255665,-20.863115693079543,-50.07946639895266
Ubarana,364.0,1.6,0.0,6.5,0.2000000000000001,0.4338686294189808,0.0219780219780219,5.405584665139701,0.00020897772710813157,0.0002053530098933467,-0.0003624717214784881,0.0001691,0.003987772710813158,-21.21979984209955,-49.74821410573606
Itaoca,172.0,0.0,0.0,6.7,0.0,0.6531727445076392,1.0,5.525317274450764,0.00010093495921054828,9.72962570562919e-05,-0.0003638702154256377,9.75e-05,0.00034349592105482787,-24.617831169727936,-48.83894372584808
Paulistânia,141.0,0.7,0.0,6.9,0.0,0.4807070369131258,0.0567375886524822,5.573744462556561,8.34684041833961e-05,7.959183611069578e-05,-0.0003876568072700318,6.41e-05,0.0019368404183396097,-22.568364190447973,-49.30553433047965
Itirapina,923.0,0.4,0.0,6.5,0.0999999999999996,0.3919928627188577,0.2957746478873239,5.348776751060619,0.0005243389456174644,0.0005204487925421035,-0.0003890153075360864,0.0004702,0.005413894561746439,-22.29456185885081,-47.83404695621306
Guariba,2156.0,0.1,0.2,6.7,-0.0999999999999996,0.4084420653507304,0.0779220779220779,5.328636414327282,0.00122017125234526,0.0012159418948881689,-0.00042293574570911787,0.0010132,0.020697125234526017,-21.39590792515991,-48.22646088643699
Guararapes,1295.0,1.0,0.0,6.6,0.0,0.4379391100702576,0.2023166023166023,5.344025571238686,0.0007350116789228359,0.0007306193419197642,-0.0004392337003071697,0.0008271,-0.009208832107716414,-21.285288849410545,-50.69516599871638
São Pedro do Turvo,502.0,0.8,0.0,7.0,-0.2999999999999998,0.3166610906657744,0.0298804780876494,5.394654156875343,0.000287622772927197,0.00028279900503517483,-0.00048237678920221494,0.0002013,0.0086322772927197,-22.67898333751379,-49.77226441425841
Cabrália Paulista,270.0,0.0,0.0,6.5,0.2999999999999998,0.4602988736478197,0.0259259259259259,5.4886224799573755,0.00015739215003421277,0.00015237172540677119,-0.0005020424627441583,0.0001145,0.004289215003421276,-22.48952638210715,-49.37303618648272
São João do Pau d'Alho,107.0,0.0,0.0,7.3,-0.2000000000000001,0.1798260287721644,0.5233644859813084,5.750319051475347,6.534790414530176e-05,6.017644338747405e-05,-0.0005171460757827707,6.75e-05,-0.00021520958546982454,-21.22346062119782,-51.67307340753269
Casa Branca,1246.0,0.6,0.1,6.1,0.5,0.410059105609457,0.3033707865168539,5.351342989212632,0.0007081687750743568,0.0007027336248574124,-0.0005435150216944384,0.0006618,0.004636877507435678,-21.800531793435205,-47.0881383104147
Nova Castilho,76.0,0.0,0.0,6.6,0.6999999999999993,0.5896063343370131,1.0,5.9989606334337005,4.8422314948793646e-05,4.29579009238006e-05,-0.0005464414024993049,2.8e-05,0.0020422314948793647,-20.777878539957285,-50.3457950207295
Irapuã,456.0,0.2,0.0,6.6,0.0999999999999996,0.3958960633433701,0.2741228070175439,5.4270018870360905,0.00026283352466476554,0.0002571354609334497,-0.000569806373131585,0.0002023,0.006053352466476553,-21.26771938544781,-49.39742694224577
Corumbataí,274.0,3.2,0.0,6.8,0.0,0.3456562953050069,0.3503649635036496,5.509602125880866,0.00016033441228935943,0.00015441146814809684,-0.0005922944141262596,0.0001266,0.0033734412289359444,-22.23638865474702,-47.6110795244415
Caiabu,165.0,1.1,0.0,6.4,0.6000000000000005,0.434481989517118,0.2181818181818181,5.665266380769895,9.927964675878682e-05,9.308654351950247e-05,-0.0006193103239284349,9.23e-05,0.0006979646758786828,-21.94983128984697,-51.223894578221774
Estiva Gerbi,625.0,3.6000000000000005,0.0,6.3,0.2999999999999998,0.3472175755548121,0.848,5.3995217575554815,0.00035841919220738424,0.00035222270025595773,-0.0006196491951426515,0.0002296,0.012881919220738424,-22.23601250709765,-46.94315232465094
Nova Canaã Paulista,96.0,0.0,0.0,7.6,-0.3000000000000007,0.3275342924054866,1.0,5.972753429240548,6.089782238546109e-05,5.4088316043495215e-05,-0.0006809506341965875,4.68e-05,0.0014097822385461091,-20.372034436309008,-50.91050061609491
Lucianópolis,131.0,1.5,0.0,6.8,0.3999999999999994,0.4035351845656295,0.0,5.800353518456562,8.070151785715778e-05,7.387698847323944e-05,-0.0006824529383918335,6.68e-05,0.0013901517857157779,-22.47339308495631,-49.55030253145508
Aparecida,1724.0,6.800000000000001,0.1,6.6,0.0,0.3797256607561057,0.2766821345707657,5.345640779532687,0.000978797782283237,0.000971959356942716,-0.0006838425340521055,0.0008515,0.012729778228323706,-22.91412296407478,-45.23720880518991
Pedranópolis,140.0,0.0,0.0,6.7,0.4000000000000003,0.2415523586483775,0.5857142857142857,5.762726664436267,8.568642039675806e-05,7.879540117853918e-05,-0.000689101921821888,7.91e-05,0.0006586420396758062,-20.21015960685789,-50.10695754162016
São João de Iracema,113.0,0.0,0.0,6.5,0.7000000000000002,0.518846883015501,1.0,5.911884688301551,7.095129749300784e-05,6.381622251105112e-05,-0.0007135074981956725,4.9e-05,0.0021951297493007843,-20.520754746569946,-50.35627240653543
Orindiúva,359.0,0.0,0.0,6.8,-0.1000000000000005,0.3278130924500944,1.0,5.492781309245008,0.00020943183632454227,0.00020226845860124278,-0.0007163377723299496,0.0001353,0.007413183632454226,-20.20157720637581,-49.35552456231347
Embaúba,116.0,0.0,0.0,7.6,-0.4000000000000003,0.373480539756886,1.0,5.897348053975688,7.26558675934082e-05,6.539363870189952e-05,-0.0007262228891508678,5.56e-05,0.0017055867593408192,-20.95292098209009,-48.84759627372775
Ibirarema,390.0,0.3,0.0,6.6,0.1999999999999993,0.3279803724768593,0.1128205128205128,5.484080088529736,0.00022715606633319662,0.00021973498916257509,-0.0007421077170621532,0.0001677,0.005945606633319661,-22.81330579145824,-50.07687464522807
Lutécia,174.0,0.6,0.0,7.0,0.0999999999999996,0.4589048734247794,0.0,5.725890487342478,0.00010581524202787685,9.819343155186592e-05,-0.000762181047601093,7.61e-05,0.0029715242027876848,-22.32533376366112,-50.385488984740206
Sabino,248.0,1.5,0.0,6.7,0.2000000000000001,0.3870859819337568,0.3991935483870967,5.598627953032086,0.0001474650942886083,0.0001398304650338369,-0.0007634629254771406,0.000131,0.0016465094288608292,-21.47096399152934,-49.57557653317064
Platina,200.0,0.0,0.5,7.1,-0.1000000000000005,0.368908219025315,0.365,5.673390821902531,0.00012051154138561756,0.00011274131772009071,-0.0007770223665526843,0.0001018,0.0018711541385617561,-22.6252903591659,-50.2127349937288
Itupeva,4194.0,0.2,0.0,6.4,0.2000000000000001,0.3451544552247126,0.0901287553648068,5.323528321058953,0.0023712860085633933,0.0023634952635370886,-0.0007790745026304679,0.0016905,0.06807860085633934,-23.14652030330525,-47.068448710003416
Santo Expedito,186.0,0.0,0.0,6.6,0.5,0.2919036467045831,0.053763440860215,5.714566708756479,0.00011288914787625735,0.00010475019980068911,-0.0008138948075568243,8.73e-05,0.0025589147876257357,-21.82479649406158,-51.37017774437436
Aramina,305.0,1.0,0.0,6.3,0.5999999999999996,0.4158581465373034,0.0491803278688524,5.566503847440615,0.00018031767407883235,0.00017202971356969484,-0.0008287960509137501,0.0001524,0.0027917674078832356,-20.144871395423444,-47.82062911079585
Areias,243.0,1.7000000000000002,0.0,6.3,0.7000000000000002,0.5337905654064905,0.0,5.65337905654065,0.0001459050497870659,0.00013725827264650308,-0.0008646777140562824,7.75e-05,0.0068405049787065905,-22.673185559295465,-44.71236346081492
Guatapará,455.0,1.6,0.7,6.4,0.4000000000000003,0.4198728671796587,0.0923076923076923,5.491218055948736,0.0002653603494058036,0.00025664714571181407,-0.0008713203693989501,0.0001882,0.007716034940580358,-21.45332325517409,-47.97989150812992
Pirajuí,904.0,0.0,0.0,6.1,0.5999999999999996,0.3422549347607892,0.0442477876106194,5.39865027223714,0.0005183338467804258,0.0005094238340163645,-0.0008910012764061287,0.0005118,0.0006533846780425808,-21.957559924219197,-49.4135560749763
Pontes Gestal,142.0,0.0,0.0,7.2,0.0,0.4480316716850672,1.0,5.904803167168507,8.905323765814921e-05,8.012417295898739e-05,-0.0008929064699161822,6.58e-05,0.0023253237658149213,-20.174873718369284,-49.757299616262905
Vitória Brasil,86.0,0.0,0.0,6.8,1.0,0.6182112189137948,0.0,6.30182112189138,5.7559957763104756e-05,4.862729880734684e-05,-0.0008932658955757916,6.3e-05,-0.0005440042236895244,-20.19827010674962,-50.48541826586541
Lourdes,126.0,3.2,0.0,6.7,0.6000000000000005,0.4188134270101483,1.0,5.981881342701016,8.005054315549593e-05,7.10705924872823e-05,-0.0008979950668213635,5.83e-05,0.002175054315549593,-20.949172481187105,-50.234093522667216
Rubinéia,250.0,0.0,0.0,6.9,0.0,0.242444518791123,0.936,5.637844451879113,0.00014969560231187798,0.0001407076187073054,-0.0008987983604572588,0.0001044,0.004529560231187797,-20.249824020389745,-51.01837353979991
Taciba,433.0,0.9000000000000001,0.0,7.1,-0.3000000000000007,0.2709378833500613,0.3279445727482679,5.499888245609832,0.0002529284631604007,0.0002437910680707902,-0.0009137395089610487,0.0001773,0.007562846316040069,-22.504872527925027,-51.34230145579011
Tabatinga,805.0,0.1,0.0,6.5,0.2000000000000001,0.3738150998104159,0.177639751552795,5.415145485136321,0.0004629797043163647,0.0004538111688584419,-0.0009168535457922784,0.0003612,0.01017797043163647,-21.712485251658237,-48.62909650258877
Novais,337.0,1.1,0.0,6.9,0.0,0.4712278353964533,0.1572700296735905,5.582849786507005,0.00019982130340654748,0.00019020800235815933,-0.0009613301048388154,0.0001355,0.0064321303406547495,-20.988581975800354,-48.91803833698487
Colina,998.0,0.2,0.0,6.5,0.2000000000000001,0.3795026207204193,0.0150300601202404,5.399453268084066,0.0005723165065567421,0.0005626524244061896,-0.0009664082150552468,0.0004601,0.011221650655674207,-20.746197918380947,-48.588983979865375
Macedônia,214.0,0.0,0.0,7.0,0.0,0.2835954053752645,1.0,5.728359540537527,0.00013019670276167664,0.0001205067297263803,-0.0009689973035296334,0.000102,0.0028196702761676636,-20.098124834527912,-50.18153249478936
Duartina,656.0,0.3,0.0,7.2,-0.5,0.2620720419315265,0.551829268292683,5.4413901310224215,0.0003791138475703181,0.00036930599130416983,-0.0009807856266148287,0.0002875,0.009161384757031812,-22.39329618225749,-49.413337965748944
Nova Aliança,437.0,3.4000000000000004,0.0,6.9,-0.0999999999999996,0.2690420430467268,0.4553775743707093,5.512441961741745,0.00025584763735477667,0.00024603744000455834,-0.0009810197350218323,0.000193,0.006284763735477666,-21.062588237158483,-49.5158873260116
Populina,217.0,2.6,0.0,6.7,0.2999999999999998,0.2815880450540871,1.0,5.728158804505409,0.00013201726380664575,0.00012219305867957548,-0.000982420512707027,0.0001004,0.003161726380664575,-19.90734060470203,-50.51736002696129
Flora Rica,72.0,0.0,0.0,7.2,1.0,0.4183673469387756,0.0,6.601836734693877,5.048393747333049e-05,4.061154463050513e-05,-0.0009872392842825357,3.88e-05,0.0011683937473330487,-21.69849324519513,-51.37421263404535
Santo Antônio do Pinhal,527.0,0.4,0.2,6.7,0.1000000000000005,0.4038139846102374,0.0664136622390891,5.4870227646849346,0.0003071166211276023,0.0002972008112071467,-0.000991580992045556,0.000228,0.007911662112760226,-22.831788990701234,-45.69799605340535
Barão de Antonina,192.0,0.0,0.0,6.7,0.5,0.5061336009813763,0.0,5.810613360098138,0.00011848930465520227,0.00010841419334914972,-0.0010075111306052551,9.93e-05,0.0019189304655202266,-23.5828926713832,-49.57192018645458
São José do Barreiro,229.0,0.0,0.0,6.6,0.5,0.5250362440057992,0.0174672489082969,5.734250349291409,0.0001394659135292892,0.0001293365002137164,-0.001012941331557282,0.000112,0.002746591352928921,-22.748825166595324,-44.58721873293074
Paraibuna,1028.0,2.3,0.0,6.5,0.2000000000000001,0.5152782424445188,0.0,5.411527824244452,0.0005908387277186223,0.0005805327862257416,-0.0010305941492880786,0.0004684,0.012243872771862233,-23.47839207712421,-45.64187428437045
Regente Feijó,957.0,0.7,0.0,6.8,-0.1000000000000005,0.3283149325303892,0.1358411703239289,5.406415610285431,0.0005495121635030406,0.0005391980761195748,-0.001031408738346579,0.0004728,0.007671216350304058,-22.252571325286084,-51.29405857260339
Brejo Alegre,167.0,0.0,0.0,7.3,-0.1000000000000005,0.3684621389539422,1.0,5.896846213895394,0.0001045904946084186,9.413848420809305e-05,-0.001045201040032554,7.64e-05,0.002819049460841859,-21.176604161413085,-50.20980292515635
Bento de Abreu,152.0,1.9,0.0,6.8,0.5999999999999996,0.3333890933422549,0.0,5.953338909334225,9.610813248483888e-05,8.564599898059091e-05,-0.0010462133504247962,7.49e-05,0.002120813248483887,-21.33168926220131,-50.86191323918103
Roseira,774.0,4.6,0.3,6.5,0.2000000000000001,0.362328537972566,0.3824289405684754,5.434475747854105,0.00044673971160814863,0.0004362736186142492,-0.001046609299389941,0.0003194,0.012733971160814862,-22.932987015913564,-45.30245105823674
Nova Granada,1030.0,0.3,0.0,6.5,0.2000000000000001,0.4911899185903867,0.0320388349514563,5.412322875354184,0.0005920751931609826,0.0005814903422661045,-0.001058485089487811,0.0005035,0.008857519316098256,-20.476008913404385,-49.33112878009114
Silveiras,393.0,2.6,0.0,6.2,0.7000000000000002,0.5753875320620052,0.0,5.577538753206201,0.00023280434986864358,0.00022209885421102096,-0.0010705495657622626,0.0001704,0.006240434986864359,-22.734669219020397,-44.84094184155601
Mira Estrela,171.0,0.0,0.0,7.2,0.1000000000000005,0.2060889929742389,0.3508771929824561,5.895696618595671,0.00010707477776458356,9.620094255532853e-05,-0.0010873835209255032,8.99e-05,0.0017174777764583553,-19.95184578489216,-50.12430131404896
Bernardino de Campos,593.0,0.0,0.0,6.5,0.2999999999999998,0.4243336678933869,0.0219224283305227,5.484625609622391,0.0003454280686666744,0.00033450570468272447,-0.001092236398394993,0.0002857,0.005972806866667439,-23.030860283215656,-49.49186090226443
Turiúba,84.0,0.0,0.0,7.3,0.7000000000000002,0.2346938775510201,1.0,6.523469387755102,5.8198777032494894e-05,4.727324952216567e-05,-0.0010925527510329222,4.58e-05,0.0012398777032494891,-20.94051890166237,-50.11120174034081
Igaraçu do Tietê,1081.0,0.1,0.0,6.6,0.0999999999999996,0.4527712724434037,0.0397779833487511,5.409254925579215,0.0006210393048051629,0.0006099948676016051,-0.0011044437203557738,0.0006292,-0.0008160695194837139,-22.541683430710098,-48.57458071293132
Queiroz,244.0,0.4,0.0,6.8,0.2999999999999998,0.4697780751644921,0.1967213114754098,5.74664993866399,0.00014892256670751683,0.0001377149160462738,-0.001120765066124304,8.1e-05,0.0067922566707516825,-21.80057235467524,-50.245249966523104
Pedrinhas Paulista,159.0,0.0,0.0,7.2,0.1000000000000005,0.2297869967659193,1.0,5.962978699676592,0.00010069695225311269,8.947610300474874e-05,-0.0011220849248363952,7.16e-05,0.0029096952253112687,-22.81684880027653,-50.80243098840552
Santa Albertina,330.0,0.0,0.3,6.7,0.2000000000000001,0.2762350841976135,0.7787878787878788,5.62550229629855,0.00019716562056570615,0.0001858113076777573,-0.0011354312887948853,0.00016,0.0037165620565706137,-20.01415984147336,-50.72766537684354
Sarutaiá,239.0,0.4,0.0,7.2,-0.0999999999999996,1.0,0.1924686192468619,5.799246861924686,0.00014720597596278484,0.00013577079950064522,-0.001143517646213962,0.0001075,0.003970597596278484,-23.25762939961828,-49.481696980387525
Vista Alegre do Alto,534.0,0.0,0.0,6.8,0.0,0.4825471172075388,0.2921348314606741,5.517468194866821,0.0003129226786846102,0.0003014397184926782,-0.0011482960191931983,0.0002049,0.01080226786846102,-21.17669181584664,-48.64949878582024
Arapeí,146.0,0.0,0.0,6.3,1.2000000000000002,0.6123006579681051,0.0410958904109589,6.065339654837906,9.405111004291742e-05,8.254734295209853e-05,-0.0011503767090818885,6.48e-05,0.002925111004291741,-22.67296980745101,-44.43856052046086
Gália,330.0,0.3,0.0,6.5,0.5,0.3327199732351958,0.0181818181818181,5.635090179141702,0.00019750166182408858,0.00018594044174856202,-0.0011561220075526563,0.0001446,0.005290166182408859,-22.320431935573325,-49.57775669597064
Ipiguá,446.0,0.0,0.2,6.6,0.2999999999999998,0.3701349392215903,0.0,5.557013493922159,0.0002632281029752706,0.00025141692882811416,-0.0011811174147156466,0.0001678,0.00954281029752706,-20.64803963921572,-49.40350288663639
Castilho,1214.0,0.4,0.0,6.5,0.2000000000000001,0.4347607895617263,0.0189456342668863,5.405370642382861,0.0006969475715177277,0.0006848936407574602,-0.0012053930760267512,0.000504,0.019294757151772774,-20.897680082187367,-51.57024092383261
São Sebastião da Grama,519.0,0.4,0.0,6.7,0.1000000000000005,0.4285714285714286,0.5221579961464354,5.535072942471787,0.00030510312097718274,0.00029277823988071576,-0.0012324881096466972,0.000234,0.007110312097718274,-21.753976115035503,-46.753102410156586
Alumínio,950.0,2.2,0.2,6.3,0.3999999999999994,0.3679602988736475,0.3494736842105263,5.4317433983084165,0.0005480482487417452,0.0005355150205295996,-0.0012533228212145589,0.0004115,0.01365482487417452,-23.533031436940323,-47.281221361216105
Icém,363.0,0.0,0.0,6.4,0.6000000000000005,0.3380729340916694,0.0495867768595041,5.638765971095118,0.0002173935422463524,0.00020454794748104606,-0.001284559476530633,0.0001907,0.002669354224635239,-20.36720837271901,-49.18535892822208
Taquarivaí,481.0,1.3,0.3,6.6,0.2999999999999998,0.4741273558603768,0.0103950103950103,5.5684522366255385,0.0002844693753131337,0.00027149348729852785,-0.0012975888014605836,0.0001978,0.008666937531313368,-23.943342201278934,-48.68798237286992
Euclides da Cunha Paulista,445.0,0.0,0.0,6.5,0.4000000000000003,0.3827924612467936,0.2741573033707865,5.585694976461758,0.00026399346170763227,0.00025089223518400135,-0.0013101226523630917,0.0002187,0.0045293461707632265,-22.51894167962048,-52.58868021673846
Sandovalina,242.0,1.6,0.0,6.3,0.8999999999999995,0.3720865395338463,0.2190082644628099,5.819109480399665,0.00014956426390078022,0.00013642232297453747,-0.0013141940926242753,0.0001247,0.0024864263900780227,-22.477854835057784,-51.84217318174108
Turmalina,80.0,0.0,0.0,7.7,0.7000000000000002,0.4280138284822124,1.0,6.862801382848222,5.8310579957052376e-05,4.5129284781070004e-05,-0.0013181295175982372,4.15e-05,0.0016810579957052376,-20.08352503037844,-50.45678399865616
Itirapuã,375.0,0.0,0.0,6.4,0.6000000000000005,0.415579346492695,0.0106666666666666,5.642624601315937,0.00022473378669544782,0.0002115112186131531,-0.001322256808229471,0.0001416,0.008313378669544782,-20.657593501276462,-47.16929156442715
Diadema,11266.0,0.1,0.1,6.4,0.1000000000000005,0.4602431136388982,0.7859932540387005,5.32462363676776,0.006371102709492363,0.006357846975545328,-0.0013255733947035303,0.0083237,-0.19525972905076366,-23.69711989450385,-46.6113422320658
Ribeirão do Sul,252.0,0.0,0.0,6.8,0.3999999999999994,0.484889037582246,0.0277777777777777,5.811266681536003,0.00015553469807488444,0.0001422565399544435,-0.0013278158120440951,0.0001201,0.0035434698074884438,-22.751617225711232,-49.922563259751456
Mombuca,350.0,4.2,0.0,6.4,0.6000000000000005,0.3355079736812758,0.3142857142857143,5.6649793687967005,0.0002105825210873333,0.00019721631956741675,-0.0013366201519916538,0.0001187,0.009188252108733329,-22.942703803827683,-47.60207256775129
Planalto,260.0,0.7,0.0,6.6,0.5999999999999996,0.4636444741831159,0.0,5.806364447418312,0.0001603369372536005,0.00014673435434886222,-0.0013602582904738295,0.0001215,0.0038836937253600512,-21.001222020379963,-49.9359447313822
Aparecida d'Oeste,208.0,0.0,0.0,7.2,0.1000000000000005,0.443738150998104,0.4423076923076923,5.92860458433058,0.00013096998093695275,0.00011735879886524647,-0.001361118207170628,0.0001152,0.001576998093695275,-20.47886391092612,-50.922072299783146
Nova Luzitânia,172.0,0.0,0.0,7.2,0.2000000000000001,0.3592059774729562,1.0,6.0559205977472965,0.00011062787314357499,9.694597224591583e-05,-0.001368190089765916,7.77e-05,0.0032927873143574985,-20.86868756245169,-50.24926344169026
Piratininga,662.0,0.6,0.0,6.5,0.2999999999999998,0.2544886807181886,0.2990936555891239,5.495358233630731,0.00038637582191811083,0.00037264901122423564,-0.0013726810693875187,0.000337,0.004937582191811082,-22.42493605486561,-49.19177045069848
João Ramalho,312.0,0.0,0.0,6.7,0.4000000000000003,0.4900747184119548,0.125,5.741507471841197,0.00019025517221806429,0.00017613835339914613,-0.0014116818818918158,0.0001082,0.008205517221806428,-22.277959016147307,-50.79913017877983
Águas de São Pedro,267.0,0.4,0.0,7.1,0.0,0.0560388089662095,1.0,5.785603880896621,0.00016406498418084192,0.00014993093849631565,-0.0014134045684526268,8.84e-05,0.007566498418084193,-22.598538211323504,-47.876015381448326
Itapeva,5777.0,0.8,0.0,6.6,0.0,0.4219917475186797,0.1237666608966591,5.334575840841534,0.003273091943985475,0.0032586574625265226,-0.0014434481458952368,0.0023891,0.0883991943985475,-23.914073947063937,-48.87172192791902
Dolcinópolis,153.0,1.4,0.0,6.8,0.8999999999999995,0.4703356752537078,0.0,6.207033567525371,0.0001008629041598424,8.635461625486865e-05,-0.001450828790497375,7.18e-05,0.0029062904159842403,-20.117286181340447,-50.528326275435845
Getulina,411.0,0.2,0.0,6.1,0.8999999999999995,0.5045165607226496,0.0,5.650451656072264,0.0002466498917925786,0.00023206952840520206,-0.0014580363387376519,0.000236,0.0010649891792578585,-21.783229747033243,-50.0279430362307
Votorantim,6267.0,0.2,0.2,6.5,0.0999999999999996,0.3555258168841306,0.1313228019786181,5.328684861886275,0.00354679163390305,0.0035321681743564707,-0.0014623459546579242,0.0031739,0.037289163390305004,-23.57981823258596,-47.40668509876333
Macaubal,337.0,0.0,0.0,6.6,0.5,0.3714731794357086,0.0207715133531157,5.719224469278882,0.00020470242468066666,0.0001899751086809638,-0.0014727315999702854,0.0002106,-0.000589757531933334,-20.8378858921879,-49.97498192699153
Iaras,419.0,0.7,0.0,6.4,0.6000000000000005,0.4134047061447527,0.0238663484486873,5.643727105459345,0.00025115161356013246,0.0002363222225075304,-0.001482939105260206,0.00019,0.006115161356013246,-22.81920947553461,-49.10680541851512
Santa Rosa de Viterbo,1182.0,3.1,0.0,6.2,0.5,0.4346492695438829,0.2681895093062605,5.430283877885015,0.000681704175491598,0.0006668395179184549,-0.0014864657573143139,0.0005722,0.0109504175491598,-21.50379992029866,-47.3662758396088
Inúbia Paulista,193.0,0.0,0.0,7.0,0.5,0.3472733355637336,0.0518134715025906,6.039908680706632,0.0001238065510233738,0.00010876644439369489,-0.0015040106629678914,0.0001065,0.0017306551023373808,-21.739039131344093,-50.95746304693608
Lupércio,251.0,0.0,0.0,6.6,0.6999999999999993,0.4265083082413292,0.0,5.882650830824133,0.00015682046475284494,0.0001415905130892193,-0.001522995166362563,0.0001045,0.005232046475284493,-22.42715368236089,-49.81697113999226
Itápolis,1476.0,0.2,0.0,7.1,-0.4000000000000003,0.0,0.2073170731707317,5.380731707317072,0.0008434971882493749,0.0008282586848198358,-0.0015238503429539042,0.0009291,-0.00856028117506251,-21.548117477608496,-48.81543860025079
Fernão,112.0,0.0,0.0,7.5,0.5999999999999996,0.2277796364447418,0.7857142857142857,6.581349392215903,7.828686712206242e-05,6.302563451806618e-05,-0.0015261232603996232,4.04e-05,0.0037886867122062418,-22.36582381713011,-49.54248170749305
Santa Mercedes,197.0,0.0,0.0,7.3,0.2000000000000001,0.4212111073937771,0.0,6.0421211107393775,0.00012641878038799722,0.00011112157959420599,-0.0015297200793791235,0.0001066,0.0019818780387997215,-21.316731525539097,-51.73712609404846
Socorro,1562.0,0.1,0.0,6.9,-0.1999999999999993,0.2467937994870077,0.0729833546734955,5.3919777154160515,0.0008945097156989721,0.0008791882661441928,-0.001532144955477936,0.0008885,0.0006009715698972163,-22.61125613923772,-46.52441967516901
Elisiário,165.0,0.0,0.0,7.9,-0.1999999999999993,0.422214787554366,0.0121212121212121,6.203433599967559,0.00010871063337584363,9.307252106364017e-05,-0.0015638112312203458,8.59e-05,0.0022810633375843626,-21.161332598706032,-49.092055310590986
Piquerobi,184.0,0.5,0.0,6.9,0.7000000000000002,0.4038697446191588,0.0,6.120386974461917,0.0001196059125868221,0.00010376657821675132,-0.0015839334370070784,9.69e-05,0.0022705912586822104,-21.852616645269613,-51.731554526066624
Rifaina,250.0,3.2,0.0,6.7,0.6000000000000005,0.3100814096130254,0.304,5.901408140961303,0.00015669372464772012,0.00014082476222632045,-0.0015868962421399673,8.55e-05,0.007119372464772012,-20.06085295992551,-47.44086435771022
Jeriquara,299.0,3.1,0.0,6.7,0.5,0.3833500613360098,0.1204013377926421,5.810375139912866,0.00018451484178514882,0.00016857818495033544,-0.0015936656834813377,0.0001023,0.008221484178514881,-20.340160846087183,-47.574111708403656
Américo de Campos,304.0,0.0,0.0,7.2,-0.0999999999999996,0.2918478866956616,1.0,5.809184788669566,0.00018756194122360233,0.00017120451019799458,-0.0016357431025607748,0.00015,0.003756194122360234,-20.28948147748017,-49.76806215840123
Quadra,314.0,2.4,0.0,6.5,0.7000000000000002,0.4028103044496484,0.0095541401273885,5.801236444457705,0.0001934666708961945,0.00017707761689474588,-0.0016389054001448612,9.96e-05,0.00938666708961945,-23.300992407330124,-48.03858443696471
Ribeira,211.0,0.0,0.0,7.0,0.5,0.6015947362551578,0.0,6.060159473625516,0.0001358070926457691,0.00011928222282428616,-0.0016524869821482927,8.22e-05,0.005360709264576908,-24.607352904186737,-49.0365958154322
Palestina,616.0,0.2,0.0,6.6,0.2999999999999998,0.3898739823798373,0.0698051948051948,5.565967917718503,0.0003641475184595213,0.00034733273034473906,-0.0016814788114782235,0.000308,0.005614751845952129,-20.32116975483449,-49.49761721922303
Motuca,272.0,4.0,0.0,7.1,0.1999999999999993,0.3429798148767704,0.2095588235294117,5.895253863840618,0.00017030498464121,0.00015327933369112877,-0.0017025650950081238,0.0001132,0.005710498464121001,-21.51373399789893,-48.170361244619
Santa Clara d'Oeste,163.0,0.0,0.0,7.4,0.3000000000000007,0.5743838519014163,1.0,6.317438385190142,0.00010936656277795264,9.211620309410471e-05,-0.0017250359683847931,8e-05,0.0029366562777952635,-20.066885091765155,-50.90840058334896
Marinópolis,93.0,0.0,0.0,7.2,1.5,0.440950150552024,1.0,7.104095015055202,7.016938234815563e-05,5.2471128227627084e-05,-0.0017698254120528548,5.87e-05,0.0011469382348155634,-20.479870539445525,-50.83232158319273
Penápolis,2278.0,0.6,0.0,7.0,-0.4000000000000003,0.3958403033344486,0.6334503950834065,5.3829290698417855,0.0013023518185224915,0.0012845486375811846,-0.0017803180941306906,0.0014643,-0.016194818147750846,-21.4053997432724,-50.095717781680406
Cosmorama,496.0,0.0,0.0,6.8,0.2000000000000001,0.434481989517118,0.1088709677419354,5.654335295725906,0.0002978647963460586,0.00027982379142832257,-0.001804100491773603,0.0001655,0.01323647963460586,-20.44252705013088,-49.774578066513584
Ituverava,1574.0,2.7,0.0,6.1,0.5999999999999996,0.4295751087320171,0.1664548919949174,5.419603000072693,0.0009059998929723885,0.0008879357027968846,-0.0018064190175503961,0.0008991,0.0006899892972388514,-20.329489511378576,-47.80959912009782
Bom Sucesso de Itararé,264.0,1.1,0.0,6.7,0.7000000000000002,0.5892160142745624,0.0,5.978921601427457,0.00016764195988469127,0.00014922146828587972,-0.0018420491598811549,0.0001161,0.005154195988469126,-24.316036214718824,-49.16471541615129
Pardinho,531.0,1.2,0.0,6.1,0.8999999999999995,0.2954722872755657,0.0,5.6295472287275565,0.00031748552678298415,0.0002990580530374518,-0.0018427473745532337,0.0001951,0.012238552678298415,-23.102138006302788,-48.40181768910194
Reginópolis,349.0,0.6,0.0,6.6,0.5999999999999996,0.4515445522471283,0.0544412607449856,5.810598581299211,0.00021537844868454642,0.00019693339739886392,-0.0018445051285682504,0.0001973,0.0018078448684546425,-21.88328101998581,-49.18048713320202
Lins,992.0,0.1,0.0,6.8,0.0,0.311809969889595,0.0987903225806451,5.481060029247025,0.0005774736530415079,0.0005588045358132867,-0.0018669117228221183,0.0017033,-0.11258263469584923,-21.64976052961467,-49.68287517604832
Quatá,681.0,0.0,0.0,6.7,0.2000000000000001,0.4057655849224933,0.092511013215859,5.569827659813836,0.0004028513406802542,0.0003840580734017661,-0.00187932672784881,0.0003577,0.004515134068025419,-22.205884435790423,-50.645291199707366
Conchas,831.0,0.5,0.0,6.2,0.6000000000000005,0.3499498159919706,0.4524669073405535,5.5202416723332535,0.0004872087269965192,0.0004683310317473809,-0.0018877695249138306,0.000406,0.008120872699651917,-22.96562589666452,-48.04706532576398
Zacarias,154.0,0.0,0.0,7.1,0.8999999999999995,0.4567302330768371,0.2402597402597402,6.469698997333657,0.000105818290272539,8.69045101450044e-05,-0.0018913780127534606,7.84e-05,0.0027418290272539013,-21.125431264936125,-50.04937559671113
Nova Guataporanga,117.0,0.0,0.0,7.5,1.0,0.3675142188022747,0.0427350427350427,6.841024926153732,8.500862242125163e-05,6.595254095761953e-05,-0.0019056081463632107,7.33e-05,0.0011708622421251627,-21.32243573711997,-51.64553252002957
Mariápolis,159.0,0.0,0.0,7.0,1.0,0.4547786327645811,0.1194968553459119,6.45742754881105,0.00010904672082692958,8.9723935426107e-05,-0.0019322785400822588,8.17e-05,0.002734672082692959,-21.779161526687005,-51.17179897342801
Pacaembu,423.0,0.0,0.0,6.7,0.4000000000000003,0.2996542879446859,0.2364066193853428,5.733606090733003,0.00025758713221856513,0.00023824494148084148,-0.001934219073772365,0.000317,-0.005941286778143488,-21.495499189204864,-51.27416437781326
Nova Europa,529.0,0.0,0.0,6.8,0.2000000000000001,0.4140738262518119,0.1550094517958412,5.656908327804765,0.00031782697673317953,0.00029836630829284773,-0.0019460668440331793,0.0002412,0.007662697673317952,-21.7742944710396,-48.54963491085547
Onda Verde,327.0,0.0,0.0,6.9,0.4000000000000003,0.3154901304784205,0.0152905198776758,5.87307806503561,0.00020397149076450946,0.0001842110418371372,-0.001976044892737226,0.0001239,0.008007149076450946,-20.617376485208045,-49.24367775336711
Itaporanga,758.0,0.1,0.0,6.4,0.5,0.4480316716850672,0.0131926121372031,5.5661224283822275,0.00044810305419398756,0.00042770509227403126,-0.0020397961919956303,0.0003827,0.006540305419398758,-23.672909641229523,-49.458491028813626
Floreal,132.0,3.0,0.0,8.8,-0.5,0.0511319281811082,1.0,6.745113192818111,9.456253741629156e-05,7.411867341904419e-05,-0.0020443863997247373,6.64e-05,0.0028162537416291556,-20.66970761627185,-50.15492910379018
Taiaçu,315.0,0.3,1.3,6.7,0.6000000000000005,0.5247574439611907,0.4158730158730159,5.934063045983422,0.00019852657664697182,0.00017790767790783644,-0.0020618898739135387,0.0001227,0.007582657664697182,-21.13221569328318,-48.530229702275
Ouro Verde,463.0,0.0,0.0,7.0,0.0999999999999996,0.4715066354410617,0.079913606911447,5.735142024235251,0.00028202078170570745,0.0002613252417230629,-0.002069553998264453,0.0002478,0.0034220781705707444,-21.51039338681461,-51.73792998571975
Agudos,1963.0,3.3000000000000003,0.0,6.5,0.2000000000000001,0.3643358982937434,0.1181864493122771,5.408252234760602,0.001127543178416092,0.001106493853295133,-0.0021049325120959,0.0009134,0.021414317841609198,-22.5719280070101,-49.108723139326926
Águas da Prata,347.0,2.7,0.0,6.8,0.5,0.4265083082413292,0.0,5.882650830824133,0.00021679960665034738,0.0001957446535536219,-0.002105495309672549,0.0001677,0.004909960665034737,-21.913680157860263,-46.69171390863879
Jacupiranga,1090.0,4.4,0.0,6.3,0.5,0.5040147206423553,0.0990825688073394,5.50030972894497,0.0006367509294989753,0.0006154604098803973,-0.0021290519618578072,0.0004282,0.020855092949897534,-24.777292561970803,-48.05384384168971
Sales,397.0,2.2,0.0,6.9,0.2000000000000001,0.3485000557600089,1.0,5.814850005576001,0.00024517995847734084,0.00022373538644898872,-0.0021444572028352115,0.0001737,0.007147995847734084,-21.347285175181803,-49.50276794661311
Jaborandi,345.0,0.8,0.0,6.7,0.5,0.4304115088658412,1.0,5.903041150886584,0.00021629717619430842,0.00019462577128317754,-0.0021671404911130874,0.0001638,0.005249717619430842,-20.650023712422172,-48.41601146592689
Campina do Monte Alegre,419.0,0.0,0.0,6.7,0.5,0.4227723876435817,0.0,5.802277238764359,0.00025820725623484805,0.00023634941448309678,-0.0021857841751751275,0.0001649,0.009330725623484805,-23.606782920147747,-48.44190724764327
Juquitiba,1146.0,0.0,0.0,6.6,0.1999999999999993,0.5128805620608896,0.0532286212914485,5.496610918335233,0.0006690145416592384,0.0006471507823341313,-0.0021863759325107136,0.0006941,-0.0025085458340761606,-23.95516625447512,-47.02463938450828
Apiaí,872.0,0.7,0.0,6.9,-0.0999999999999996,0.3027210884353739,0.7385321100917431,5.544125319852713,0.000513458641370316,0.0004911523067126349,-0.0022306334657681056,0.0006842,-0.01707413586296841,-24.42144196044859,-48.81734518288835
Charqueada,1084.0,0.4,0.0,6.6,0.1999999999999993,0.3197278911564623,0.264760147601476,5.498448803875793,0.0006330316318251123,0.00061068861141533,-0.0022343020409782343,0.0004594,0.017363163182511236,-22.530140337504232,-47.74630259214253
Guzolândia,259.0,0.0,0.0,7.3,0.2999999999999998,0.4410059105609455,0.0193050193050193,6.126031092986597,0.0001685135798384998,0.00014612937113557152,-0.002238420870292828,0.0001212,0.004731357983849979,-20.62853072717233,-50.71359545045616
São Pedro,1944.0,3.2,0.3,6.5,0.2000000000000001,0.2779636444741831,0.257201646090535,5.413516529056472,0.0011177165242882694,0.0010946208011870992,-0.002309572310117019,0.0009475,0.017021652428826944,-22.55809611879531,-47.92466399057304
Valentim Gentil,853.0,0.0,0.0,7.0,-0.0999999999999996,0.4209880673580907,0.0492379835873388,5.567022605094543,0.0005043452788622982,0.00048114948092000006,-0.0023195797942298117,0.0004115,0.00928452788622982,-20.42057617131165,-50.10175735198016
Santo Antônio da Alegria,421.0,0.5,0.0,7.3,-0.1000000000000005,0.3675699788111967,0.3301662707838479,5.829773624959504,0.0002606692069954949,0.00023731657069076253,-0.0023352636304732376,0.0001895,0.00711692069954949,-21.09241396472632,-47.19580707151021
Santa Lúcia,449.0,1.3,0.0,6.9,0.3000000000000007,0.3727556596409054,0.0066815144766146,5.797943717411754,0.0002764879955635585,0.00025311622604207395,-0.002337176952148457,0.0001865,0.008998799556355852,-21.670711850834337,-48.05744335667004
Queluz,536.0,2.8,0.7,6.2,0.9000000000000004,0.4836065573770493,0.0205223880597014,5.730412894543676,0.00032621704465066257,0.0003025726402159011,-0.002364440443476147,0.0002529,0.007331704465066255,-22.504325210240804,-44.78531332912653
Jaci,532.0,0.6,0.0,6.6,0.5,0.3852459016393443,0.0902255639097744,5.727547146554912,0.0003236206672005793,0.0002999521190288296,-0.0023668548171749708,0.0002091,0.01145206672005793,-20.94525934933112,-49.581155482003126
Nhandeara,379.0,0.0,0.0,7.0,0.2999999999999998,0.3543548566967768,0.1952506596306068,5.894960551632738,0.00023728815360493785,0.0002136065853079068,-0.002368156829703105,0.0002191,0.0018188153604937834,-20.672988644115613,-50.04687953825892
Guaimbê,349.0,0.0,0.0,6.9,0.4000000000000003,0.32764581242333,0.7134670487106017,5.944111286113394,0.00022032729497640762,0.00019663383524935442,-0.0023693459727053196,0.0001606,0.0059727294976407615,-21.8785559731063,-49.86069561356068
Cananéia,860.0,2.2,0.0,6.6,0.2999999999999998,0.6247908999665439,0.0267441860465116,5.585153508601305,0.0005101401544686507,0.0004863121891429149,-0.0023827965325735824,0.0003506,0.01595401544686507,-25.018425750146783,-48.00856860077506
Espírito Santo do Pinhal,898.0,0.4,0.0,7.0,-0.0999999999999996,0.284710605553697,0.0389755011135857,5.552368610666728,0.0005295543877678663,0.0005056847102353788,-0.002386967753248751,0.0007582,-0.022864561223213366,-22.19238710011855,-46.79332044201986
Teodoro Sampaio,1166.0,0.0,0.0,6.7,0.1000000000000005,0.375487900078064,0.2358490566037736,5.501133695668185,0.000681250280538266,0.000657335031665076,-0.0023915248873189964,0.0005786,0.010265028053826604,-22.41665516718328,-52.3740439415101
Salto Grande,514.0,0.2,0.4,6.7,0.4000000000000003,0.4761347161815542,0.3190661478599221,5.759520086404148,0.0003144165225276274,0.00029012700758383807,-0.0024289514943789305,0.0002247,0.008971652252762738,-22.87080925307709,-49.96086270453642
Cajati,2067.0,0.0,0.0,6.5,0.2000000000000001,0.5413739266198279,0.1552975326560232,5.429667145927586,0.0011919818083291896,0.0011676511825356242,-0.002433062579356533,0.0008285,0.03634818083291895,-24.771995636834653,-48.19498863354825
Estrela d'Oeste,466.0,1.6,0.0,6.8,0.3999999999999994,0.3696888591502176,0.0278969957081545,5.799758585485837,0.0002870461835204702,0.0002626897904669311,-0.0024356393053539104,0.0002359,0.005114618352047021,-20.265699608942697,-50.411515875757765
Santo Anastácio,550.0,0.0,0.0,6.6,0.5,0.5732128917140624,0.08,5.745321289171406,0.00033560850144711695,0.0003108170824920603,-0.0024791418955056655,0.000378,-0.004239149855288308,-22.0376204567742,-51.72248299175277
Votuporanga,4330.0,0.3,0.0,6.7,-0.0999999999999996,0.3612133377941341,0.4505773672055427,5.361179070499969,0.0024654951564000533,0.0024406187027921408,-0.002487645360791258,0.0023078,0.01576951564000533,-20.457801172377028,-49.989114122560665
Itajobi,819.0,0.0,0.0,7.0,-0.0999999999999996,0.4122337459573993,0.4114774114774114,5.602371115743481,0.0004873171771598995,0.000461921518986083,-0.00253956581738165,0.0004647,0.0022617177159899495,-21.35556738838168,-49.05367426706421
Itaju,251.0,0.0,0.0,7.1,0.6999999999999993,0.4490353518456562,0.0159362549800796,6.286497160682573,0.0001675862523133245,0.00014162968480035598,-0.0025956567512968524,0.000102,0.006558625231332451,-21.95163947583313,-48.79402943890897
Álvares Machado,1401.0,0.9000000000000001,0.0,6.6,0.1999999999999993,0.3761570201851231,0.0549607423269093,5.483111776251203,0.0008158704025128583,0.0007898232862734834,-0.0026047116239374967,0.000774,0.004187040251285839,-22.13132233183653,-51.51474511302971
Viradouro,880.0,0.0,0.0,6.4,0.5,0.4643693542990965,0.2988636363636364,5.596323299066274,0.0005230478384707608,0.0004966437723789756,-0.0026404066091785202,0.0003946,0.012844783847076083,-20.88432248155291,-48.30988425167617
Quintana,379.0,0.0,0.0,6.9,0.4000000000000003,0.38859150217464,1.0,5.978859150217464,0.00024066529979172572,0.00021369647813473583,-0.0026968821656989887,0.0002211,0.0019565299791725714,-22.100177113222237,-50.36928201445504
Marapoama,183.0,0.5,0.0,7.9,0.3000000000000007,0.4555592728894837,1.0,6.705555927288949,0.00013032922796992684,0.00010326816064619806,-0.0027061067323728774,0.0001,0.003032922796992683,-21.255529247979304,-49.13780512759752
Bálsamo,442.0,0.2,0.0,7.6,-0.3000000000000007,0.2819783651165384,0.1538461538461538,5.883582451896269,0.0002761976996501464,0.0002488921257746046,-0.0027305573875541795,0.0002314,0.004479769965014643,-20.709566720241316,-49.55193180853485
Óleo,154.0,0.0,0.0,7.5,1.0999999999999996,0.6326530612244896,0.7077922077922078,7.014044526901669,0.00011472159679114617,8.709219859210692e-05,-0.002762939819903924,7.24e-05,0.004232159679114617,-22.953665276442923,-49.38306551511991
Santa Cruz da Conceição,214.0,0.0,0.0,7.2,0.9000000000000004,0.2768484442957512,0.1074766355140186,6.518432507980978,0.00014815383247295493,0.00012049672704119853,-0.0027657105431756392,0.000108,0.004015383247295493,-22.121373986372745,-47.48558197281668
Dourado,410.0,0.0,0.0,6.6,0.7999999999999998,0.3428682948589269,0.0,5.954286829485893,0.000259280318897057,0.00023104573770018166,-0.002823458119687535,0.0002159,0.0043380318897057015,-22.117247408797528,-48.33339742310778
Nuporanga,437.0,1.8000000000000003,0.0,6.7,0.6000000000000005,0.2693766031002561,0.4416475972540046,5.9111024200354265,0.0002743505689174309,0.0002460384528662462,-0.0028312116051184676,0.0001973,0.007705056891743088,-20.70470791216834,-47.729069297033554
Piacatu,305.0,0.3,0.0,7.4,0.2000000000000001,0.4468607114977139,0.6524590163934426,6.189931972789116,0.00020051259581051407,0.00017209522122989127,-0.0028417374580622795,0.0001429,0.005761259581051406,-21.57140318235969,-50.64350996152197
Campos Novos Paulista,332.0,0.6,0.0,6.8,0.7999999999999998,0.4216014274562283,0.0,6.1221601427456225,0.00021587319196405972,0.00018727178315370435,-0.002860140881035537,0.0001587,0.005717319196405971,-22.610893093953933,-50.010210178298784
Pontalinda,258.0,1.2,0.0,6.8,1.0999999999999996,0.4652057544329205,0.0542635658914728,6.37194693203244,0.00017460143148261226,0.00014560841913078334,-0.0028993012351828922,0.0001106,0.006400143148261225,-20.4506750008317,-50.52507289924275
Sebastianópolis do Sul,215.0,0.4,0.0,7.9,0.3000000000000007,0.1297535407605662,0.1953488372093023,6.592510237796988,0.0001505376793075891,0.00012084070174643656,-0.002969697756115253,9.43e-05,0.005623767930758908,-20.6292408665116,-49.91582628136468
Águas de Lindóia,934.0,7.8,0.0,6.8,0.0999999999999996,0.2253819560611126,0.582441113490364,5.600782306955148,0.0005555862803981917,0.0005255732592487498,-0.0030013021149441856,0.0004015,0.01540862803981917,-22.47474888738762,-46.60369379845565
Pedro de Toledo,640.0,0.0,0.0,6.6,0.5,0.619995539199286,0.2375,5.765749553919928,0.00039191482500594186,0.0003618854838116929,-0.0030029341194248954,0.0002967,0.009521482500594185,-24.163707956628382,-47.16349760758703
Martinópolis,1134.0,0.1,0.0,6.7,0.2000000000000001,0.3781086204973791,0.0070546737213403,5.558516329421872,0.0006694650114828246,0.0006393155508590411,-0.0030149460623783513,0.0006575,0.0011965011482824631,-22.172385225939188,-51.12341771286254
Uru,103.0,0.0,0.0,7.9,2.0,0.5695327311252368,1.0,8.076953273112524,8.835695466555812e-05,5.8204936697687975e-05,-0.0030152017967870143,4.97e-05,0.003865695466555812,-21.76587277614132,-49.29631921864384
Suzanápolis,221.0,2.4,0.0,7.8,0.3999999999999994,0.3208988513438161,0.004524886877828,6.592542373822164,0.00015473948511666918,0.00012450565175772677,-0.0030233833358942405,9.49e-05,0.005983948511666917,-20.472839880897947,-51.075603543400334
Sud Mennucci,438.0,0.2,0.0,6.8,0.5,0.3472175755548121,0.8287671232876712,5.957598469884248,0.00027714132159227316,0.0002468376683393752,-0.003030365325289798,0.0001669,0.011024132159227318,-20.667584547297867,-50.90086855745173
Tupã,1953.0,0.0,0.0,6.7,0.0,0.3084643693542988,0.5893497183819765,5.449781408773627,0.0011304133300708457,0.0011001011640042282,-0.0030312166066617493,0.0013782,-0.02477866699291543,-21.947294180670948,-50.53468948658967
Presidente Prudente,9849.0,2.9,0.1,6.6,0.0,0.3307126129140179,0.2142349477104274,5.334494756062444,0.005580092186846715,0.005549340036582212,-0.0030752150264503307,0.0052903,0.028979218684671484,-21.99322053156196,-51.34313791821254
Meridiano,271.0,0.8,0.0,7.4,0.4000000000000003,0.3662317385970779,1.0,6.376623173859708,0.00018353377094449267,0.00015275946060422547,-0.0030774310340267196,0.0001185,0.006503377094449268,-20.398203979472104,-50.18663372130989
Irapuru,298.0,1.4,0.0,7.2,0.6000000000000005,0.470893275342924,0.0,6.287089327534294,0.00019898568699341893,0.0001681951096119739,-0.003079057738144503,0.0001875,0.001148568699341893,-21.48427955487512,-51.34648440873374
Timburi,156.0,0.0,0.0,7.6,1.2999999999999998,0.4464146314263411,0.2371794871794871,7.188359411860582,0.00011909960620762779,8.80219917150367e-05,-0.0031077614492591088,7.25e-05,0.004659960620762779,-23.195839576199905,-49.6103314974851
Saltinho,556.0,2.1,0.0,7.1,0.0999999999999996,0.1185457789673247,0.4856115107913669,5.82041572897587,0.0003437041223853396,0.000312456504592075,-0.0031247617793264603,0.0002243,0.011940412238533961,-22.87116795537535,-47.73174818871902
Buri,1631.0,0.9000000000000001,0.0,6.7,0.1000000000000005,0.483048957287833,0.0809319435928878,5.496398090088073,0.0009521121009865049,0.000920695147671855,-0.0031416953314649916,0.0006843,0.026781210098650494,-23.752042307276422,-48.57528930210665
Porto Feliz,3035.0,0.0,0.0,6.4,0.3000000000000007,0.3385747741719637,0.11499176276771,5.405356653693969,0.0017423644196757975,0.001710211710299707,-0.0032152709376090556,0.001417,0.032536441967579745,-23.230341802961807,-47.51688833342112
Oscar Bressane,140.0,0.8,0.0,8.2,1.0999999999999996,0.2877774060443848,0.0714285714285714,7.475920597747295,0.00011116003109163987,7.884023440794357e-05,-0.0032319796683696294,7.24e-05,0.003876003109163987,-22.2953336806151,-50.25729061028271
Itapira,2846.0,1.2,0.1,6.6,0.0999999999999996,0.3502286160365784,0.2136331693605059,5.416386178539708,0.0016371951927929786,0.001603940655023456,-0.003325453776952263,0.0015864,0.005079519279297859,-22.43191901700298,-46.77209486102376
Oriente,295.0,0.0,0.0,7.0,0.7999999999999998,0.3243559718969553,1.0,6.372435597189695,0.00019965648215506898,0.0001662023923159485,-0.003345408983912047,0.0001549,0.0044756482155068975,-22.142093793191165,-50.09382496323366
Registro,2971.0,1.3,0.0,6.6,0.0999999999999996,0.5163376826140292,0.1161225176708179,5.4232460200284835,0.0017112674978132143,0.0016778067357257262,-0.003346076208748808,0.0015739,0.013736749781321427,-24.5040130467038,-47.82073883047143
Jambeiro,432.0,5.5,0.0,6.6,0.8999999999999995,0.3771049403367901,0.0,6.037710494033679,0.00027702054259631857,0.00024354577746099043,-0.003347476513532814,0.0001847,0.009232054259631858,-23.2793213376618,-45.71065540902482
Cândido Rodrigues,157.0,0.0,0.0,7.5,1.5,0.3419761347161814,1.0,7.334197613471618,0.00012229485985946643,8.847264138408678e-05,-0.003382221847537965,9.39e-05,0.0028394859859466426,-21.342822583618343,-48.6286616507063
Porangaba,504.0,0.2,0.0,6.6,0.6999999999999993,0.4431805509088878,0.6011904761904762,5.944437102709936,0.00031819783212934724,0.0002843674503309133,-0.003383038179843395,0.0002463,0.007189783212934722,-23.173861061865694,-48.117361962931774
Lagoinha,299.0,0.0,0.0,7.4,0.5,0.5398684063789447,0.1137123745819397,6.385358078096089,0.00020277405626155327,0.0001689023984227334,-0.0033871657838819864,0.0001332,0.006957405626155326,-23.085789419333167,-45.20681279078655
Paraíso,318.0,0.0,0.0,7.2,0.6000000000000005,0.27054756328761,0.3930817610062893,6.3063629324293915,0.00021299137866519089,0.00017904200303552617,-0.003394937562966471,0.0001386,0.0074391378665190876,-21.019656437995565,-48.76457955647526
Rosana,606.0,0.0,0.0,7.0,0.2000000000000001,0.3719750195160028,0.4455445544554455,5.841751957397145,0.00037598600577338,0.00034161906785589396,-0.0034366937917486057,0.0003938,-0.0017813994226619965,-22.489158995139917,-52.83695747775714
Juquiá,1189.0,0.2,0.0,6.8,0.0999999999999996,0.5489572878331659,0.1749369217830109,5.592389420961617,0.000706212180662968,0.0006717302233325926,-0.0034481957330375398,0.0004889,0.021731218066296798,-24.21360326501693,-47.65225755282512
Taiúva,315.0,0.3,0.0,6.8,1.0,0.3140403702464593,0.7111111111111111,6.342515148135757,0.00021219151362795798,0.00017744783986040785,-0.003474367376755014,0.0001556,0.0056591513627958,-21.132660519128965,-48.42825262006178
Santópolis do Aguapeí,267.0,0.4,0.0,7.5,0.5,0.3929407828705252,1.0,6.539294078287052,0.00018543771775501698,0.00015055411265916594,-0.003488360509585104,0.0001203,0.006513771775501698,-21.660187548641744,-50.51800149547472
Cedral,811.0,1.0,0.0,6.9,0.2000000000000001,0.1997881119660978,0.0258939580764488,5.702568207004255,0.0004911874778340846,0.00045621585277372137,-0.003497162506036324,0.0003008,0.01903874778340846,-20.91395457221751,-49.26399518219339
Estrela do Norte,171.0,0.0,0.0,8.0,1.0,0.4713951154232182,0.0,7.247139511542322,0.00013161902703402048,9.651523794083219e-05,-0.0035103789093188283,8.44e-05,0.004721902703402048,-22.485632374634545,-51.669064975771214
Guareí,812.0,1.9,0.2,6.7,0.4000000000000003,0.4844987175197948,0.0,5.72844987175198,0.0004940251857474016,0.00045837998860511343,-0.003564519714228812,0.0003805,0.011352518574740157,-23.370492497345072,-48.21912328875277
Dracena,1885.0,0.4,0.0,6.9,-0.0999999999999996,0.2572766811642691,0.1506631299734748,5.480793981113775,0.001097263103686763,0.001061129136501951,-0.0036133967184811882,0.0010423,0.0054963103686763055,-21.556660257709844,-51.584089957078206
Caconde,832.0,0.7,0.0,6.8,0.2999999999999998,0.347329095572655,0.0288461538461538,5.717617524941881,0.0005052360956745972,0.000468879501373198,-0.003635659430139919,0.000471,0.003423609567459719,-21.539496576226732,-46.61710184866696
Mirandópolis,962.0,0.2,0.0,6.6,0.3999999999999994,0.4191479870636777,0.2598752598752599,5.667902324693894,0.0005790997444627827,0.0005426205628035572,-0.003647918165922549,0.0005775,0.0001599744462782676,-21.08109964500572,-51.13056383643889
Palmital,947.0,0.1,0.0,6.9,0.1000000000000005,0.3753763800602205,0.3790918690601901,5.675446824912042,0.0005708289385254932,0.0005338725745236759,-0.0036956364001817284,0.000513,0.005782893852549322,-22.828754331955647,-50.2208526818062
Narandiba,461.0,0.2,0.0,6.9,0.6000000000000005,0.4306903089104495,0.3123644251626898,6.074305473407315,0.00029740858299278034,0.00026006605145458873,-0.0037342531538191604,0.0001769,0.012050858299278034,-22.5637108876495,-51.52168524483665
Indiaporã,188.0,3.7000000000000006,0.0,8.0,0.7999999999999998,0.4451879112300658,1.0,7.184518791123007,0.0001434536088140165,0.00010607618717722944,-0.003737742163678705,9.95e-05,0.004395360881401649,-19.947945706718148,-50.263658359057885
Pinhalzinho,828.0,0.6,0.0,6.7,0.4000000000000003,0.30327868852459,0.2342995169082125,5.733757820543281,0.0005042264529886034,0.0004663725906643339,-0.0037853862324269518,0.0004058,0.009842645298860343,-22.77880330657267,-46.57340935164277
Macatuba,1016.0,1.5,0.0,7.0,0.0,0.3161592505854801,0.2460629921259842,5.656222224271147,0.0006103460182326427,0.0005723546133806593,-0.003799140485198345,0.0004389,0.01714460182326427,-22.487170475985177,-48.719366822828526
General Salgado,497.0,0.6,0.0,7.0,0.5,0.3888703022192483,0.0140845070422535,6.04029548092615,0.00031883832333771977,0.0002802309062005896,-0.0038607417137130192,0.0002466,0.007223832333771979,-20.63823581030406,-50.41580867260545
Santo Antônio do Aracanguá,549.0,1.1,0.0,6.9,0.5,0.321066131370581,0.1657559198542805,5.968682205122487,0.00034802203675271824,0.0003092929566553048,-0.0038729080097413444,0.0002472,0.010082203675271826,-20.872960356704947,-50.55432084703797
Ribeirão Pires,2211.0,1.4,0.0,6.8,0.0,0.2138953942232627,0.0515603799185888,5.466545577414186,0.0012836826157312392,0.001243980883187499,-0.003970173254374014,0.0023724,-0.1088717384268761,-23.70105405372848,-46.40279763636069
Arandu,461.0,0.0,0.0,6.6,1.0,0.4168618266978924,0.0303687635574837,6.124723059025538,0.0002998771158583528,0.00026002188728561275,-0.003985522857274004,0.0001865,0.011337711585835278,-23.17766708720484,-49.064003826155215
Campos do Jordão,2873.0,0.0,0.0,6.6,0.0999999999999996,0.3850228616036579,0.4197702749738949,5.440479313657755,0.001660078913506882,0.001619849767424726,-0.004022914608215605,0.0011453,0.05147789135068821,-22.701619789588808,-45.53302384727578
Mineiros do Tietê,609.0,1.0,0.0,6.8,0.5,0.4290175086428014,0.5057471264367817,5.933476463507958,0.00038378010774787325,0.00034355091494578973,-0.004022919280208351,0.0002577,0.012608010774787327,-22.463235341064177,-48.43321224178899
Descalvado,1475.0,0.3,0.0,6.7,0.2000000000000001,0.2809746849559494,0.1152542372881356,5.559622892224409,0.0008709501507240361,0.000830568670416525,-0.0040381480307511135,0.0008392,0.0031750150724036102,-21.88120188299508,-47.65462679510125
Areiópolis,669.0,2.8,0.4,6.8,0.5,0.3995204639232741,0.0104633781763826,5.880998384209966,0.0004178622339056819,0.0003772615860550138,-0.004060064785066809,0.0002931,0.012476223390568187,-22.63172813391636,-48.65284650715815
Emilianópolis,154.0,0.0,0.0,8.2,1.3999999999999997,0.4865060778409722,0.974025974025974,7.826053205186694,0.00012800279736291894,8.693627738137611e-05,-0.0041066519981542825,8.3e-05,0.004500279736291894,-21.800943546322976,-51.47217475457808
Lençóis Paulista,3653.0,0.9000000000000001,0.0,6.6,0.0999999999999996,0.2511988401918144,0.2105119080208048,5.406171074821262,0.00209746827461324,0.002056241272014193,-0.004122700259904686,0.0016618,0.04356682746132401,-22.676139498435653,-48.82500641587971
Boituva,3771.0,0.3,0.1,6.6,0.0999999999999996,0.3471618155458906,0.1442588172898435,5.409142063283572,0.002166411058872725,0.0021251694275513703,-0.004124163132135459,0.001628,0.05384110588727248,-23.28767473903063,-47.67493761171805
Monte Alto,1905.0,0.1,0.0,6.6,0.1999999999999993,0.3394669343147092,0.3690288713910761,5.510849580570578,0.001114986170942159,0.0010734725017796066,-0.0041513669162552376,0.0010205,0.009448617094215905,-21.259308776718044,-48.53301774843205
Uchoa,524.0,0.4,0.0,6.9,0.6000000000000005,0.3526820564291287,0.1851145038167939,6.053779656024593,0.00033690995244301387,0.00029532334884097076,-0.004158660360204311,0.0002884,0.004850995244301385,-20.93698986871769,-49.15777320705255
Neves Paulista,440.0,0.9000000000000001,0.0,7.7,0.0,0.3442065350730457,0.0295454545454545,6.19737519896185,0.00028961190488674355,0.000247955602645448,-0.004165630224129557,0.0002117,0.007791190488674356,-20.87046907372436,-49.646475107935686
Bilac,430.0,2.2,0.0,7.4,0.3000000000000007,0.2315155570424888,0.386046511627907,6.221756206867041,0.00028414327981759433,0.0002419845473561775,-0.004215873246141684,0.0001929,0.009124327981759432,-21.42770737589863,-50.47927861211868
Capela do Alto,1514.0,0.3,0.2,6.6,0.2999999999999998,0.3954499832719973,0.1406869220607662,5.573613690533276,0.0008962283616636829,0.0008537301629959506,-0.00424981986677323,0.0006645,0.02317283616636829,-23.46743635793403,-47.73099995981248
Pompéia,1084.0,0.0,0.0,7.2,-0.2000000000000001,0.2582246013159361,0.4630996309963099,5.672132423231226,0.0006530276759647543,0.0006102267387597739,-0.004280093720498035,0.0004645,0.018852767596475424,-22.02910738812784,-50.18772825100219
Palmeira d'Oeste,355.0,0.8,0.0,7.5,0.5,0.366956618713059,0.1323943661971831,6.449935098491025,0.00024318660035919194,0.0002001110392558032,-0.004307556110338874,0.0002151,0.002808660035919194,-20.438840174331546,-50.748753109728845
Santo Antônio do Jardim,334.0,1.8000000000000003,0.0,7.1,1.0,0.4700011152001785,0.0359281437125748,6.530592925891276,0.0002316621188443714,0.00018851191756136078,-0.004315020128301063,0.0001663,0.00653621188443714,-22.130395876423727,-46.6833037965232
Cafelândia,786.0,0.1,0.0,6.7,0.5,0.3738150998104159,0.2786259541984733,5.825244105400889,0.0004862869544400513,0.00044310009779221783,-0.004318685664783347,0.0003963,0.008998695444005132,-21.731193962132224,-49.54878312810462
Divinolândia,554.0,0.0,0.0,6.7,0.7999999999999998,0.324802051968328,0.1064981949458483,6.0431300246914175,0.0003555720759063421,0.00031212417084296407,-0.004344790506337804,0.0002909,0.006467207590634207,-21.66169438306521,-46.69742186706278
Cândido Mota,990.0,0.0,0.0,6.9,0.2000000000000001,0.350172856027657,0.0575757575757575,5.720774861360342,0.0006015143535177091,0.0005579410260280016,-0.004357332748970743,0.0006209,-0.0019385646482290896,-22.808621154412023,-50.42170457835964
Santa Adélia,693.0,0.0,0.0,6.8,0.5,0.3186684509869518,0.2496392496392496,5.8968307700626195,0.00043401810140975775,0.0003904074669115955,-0.004361063449816226,0.0003153,0.011871810140975773,-21.31778630183588,-48.81903174277851
Auriflama,619.0,0.0,0.0,7.1,0.2999999999999998,0.4625292740046835,0.1130856219709208,5.97756148959756,0.0003929801781059304,0.00034933585361641235,-0.004364432448951806,0.000319,0.007398017810593041,-20.644100094681864,-50.57997712437033
São Luiz do Paraitinga,628.0,2.9,0.0,6.9,0.5,0.3677930188468831,0.1130573248407643,5.968085034368765,0.0003980618801799791,0.0003540028857940978,-0.004405899438588129,0.000269,0.012906188017997911,-23.240133907946568,-45.25379765865803
Barbosa,421.0,0.0,0.0,7.0,0.7000000000000002,0.5585480093676812,1.0,6.315854800936768,0.00028240356630834237,0.0002378735770177395,-0.0044529989290602884,0.0001539,0.012850356630834238,-21.29073203036787,-49.92198651370869
Rubiácea,215.0,0.0,0.0,7.8,1.2000000000000002,0.4725660756105721,0.2186046511627907,7.269117072677337,0.00016598776115085635,0.00012135131228659968,-0.004463644886425667,8.15e-05,0.008448776115085635,-21.36084802049593,-50.78581870833322
Mendonça,428.0,1.3,0.0,7.5,0.2000000000000001,0.3237983718077395,1.0,6.292379837180774,0.000286032013712644,0.00024113266500674517,-0.004489934870589884,0.0001668,0.011923201371264402,-21.194058662105803,-49.57030812113649
Bady Bassitt,1691.0,1.2,0.0,6.8,0.0999999999999996,0.2532619605219137,0.0703725606150207,5.552363452113693,0.000997188906183621,0.000951873058080441,-0.004531584810318,0.0007042,0.0292988906183621,-20.93153587622316,-49.43765124613241
Parapuã,500.0,0.7,0.0,7.4,0.2000000000000001,0.5167280026764801,0.404,6.172072800267649,0.00032776078277252764,0.00028236532640065365,-0.004539545637187399,0.0002872,0.004056078277252765,-21.853001507067106,-50.82175549405066
Paranapanema,1272.0,0.8,0.0,6.7,0.2999999999999998,0.4481989517118321,0.0581761006289308,5.6506375052340765,0.000763379517146441,0.0007177335022921863,-0.004564601485425476,0.0004948,0.026857951714644102,-23.43852183315635,-48.7951879132714
Piquete,567.0,0.5,0.0,7.0,0.5,0.4714508754321397,0.4285714285714285,6.090002230400357,0.0003667384578439698,0.0003200244290427811,-0.00467140288011887,0.0003014,0.006533845784396979,-22.590330140366,-45.17389870165638
Avaré,4758.0,0.3,0.1,6.5,0.2000000000000001,0.39310806289729,0.0264817150063051,5.401958977790359,0.002729805241967028,0.0026829136339253357,-0.004689160804169238,0.0021861,0.054370524196702824,-23.075232102989805,-48.89402602335443
Ariranha,353.0,1.0,0.0,7.7,0.4000000000000003,0.33043381286941,0.4362606232294617,6.556669443609888,0.0002458181457357924,0.00019889433625600465,-0.004692380947978774,0.0001814,0.006441814573579239,-21.185650997700098,-48.77920331274151
Echaporã,423.0,0.0,0.0,7.8,0.0999999999999996,0.4234415077506409,0.0236406619385342,6.364708216968918,0.00028593993222986923,0.0002386076943018349,-0.004733223792803431,0.0002087,0.0077239932229869225,-22.44832838775053,-50.200688466980864
Pirapozinho,1333.0,0.1,0.0,6.8,0.2000000000000001,0.3510650161704025,0.0817704426106526,5.643283545878106,0.000798946990414001,0.0007512561052277482,-0.004769088518625272,0.0006154,0.018354699041400094,-22.47931113000145,-51.61989512162365
Tarabai,428.0,0.2,0.0,7.3,0.5999999999999996,0.4372142299542765,0.0373831775700934,6.367459740752437,0.0002894449125781988,0.0002414689536292203,-0.00479759589489785,0.0001779,0.01115449125781988,-22.358033902808263,-51.625862286353325
Presidente Bernardes,401.0,0.0,0.0,6.9,1.0,0.3493922159027544,0.8354114713216958,6.438480368722446,0.00027421025479026445,0.00022599212572904976,-0.0048218129061214695,0.0003237,-0.004948974520973555,-22.107279517516503,-51.620279135930105
Itararé,2620.0,1.4,0.0,6.4,0.4000000000000003,0.454109512657522,0.0416030534351145,5.489571256609264,0.0015275507997356567,0.0014784577342792202,-0.004909306545643655,0.001181,0.03465507997356568,-24.08052904199993,-49.30353280250751
Buritama,934.0,0.0,0.0,6.9,0.3000000000000007,0.3115869298539086,0.1113490364025695,5.802293596625649,0.0005755757928895532,0.0005261310532282752,-0.004944473966127802,0.0004333,0.01422757928895532,-21.04907830656344,-50.200270670703866
Araras,3930.0,1.7000000000000002,0.2,6.6,0.0999999999999996,0.3019404483104718,0.3608142493638677,5.426275469767433,0.0022649067784983137,0.002213543614684681,-0.005136316381363281,0.0028886,-0.06236932215016862,-22.34610184732917,-47.32390276694637
Boracéia,302.0,0.0,0.0,7.4,1.2000000000000002,0.4499832719973232,0.0,6.924998327199734,0.00022211738897232289,0.00017040901434545785,-0.005170837462686504,0.0001389,0.00832173889723229,-22.17004327753414,-48.78838418651026
Valparaíso,1393.0,0.2,0.2,6.8,0.2000000000000001,0.4253373480539754,0.3050969131371141,5.67304342611911,0.00083931148948069,0.0007857878421184592,-0.005352364736223076,0.0006651,0.017421148948069,-21.203075353088582,-50.92385218838679
Joanópolis,780.0,0.3,0.0,6.8,0.5999999999999996,0.3496152559384408,0.1089743589743589,5.96585896149128,0.0004942236554223365,0.0004395868862050998,-0.005463676921723672,0.0002991,0.019512365542233654,-22.938840231941697,-46.20924053871183
Pradópolis,981.0,2.4,0.0,6.5,0.7000000000000002,0.3607114977138393,0.3985728848114169,5.835928438252527,0.0006080438623651154,0.0005529404571830908,-0.005510340518202457,0.0004576,0.015044386236511534,-21.344368428290625,-48.086054414810896
Angatuba,1524.0,1.0,0.1,6.8,0.2000000000000001,0.3307126129140179,0.1476377952755905,5.647835040818961,0.0009141614735379782,0.0008586855737385817,-0.005547589979939649,0.0006282,0.02859614735379782,-23.436867802115117,-48.45929546553572
Ribeirão Grande,496.0,0.2,0.0,7.3,0.5999999999999996,0.3961191033790565,0.0463709677419354,6.364249007112099,0.0003352623491981443,0.0002796919695269974,-0.005557037967114691,0.0001985,0.013676234919814432,-24.188656736194066,-48.35875869890065
Ipeúna,443.0,0.2,0.0,7.0,1.0,0.516783762685402,0.5214446952595937,6.5038228457945,0.0003060048946987609,0.0002501758503190218,-0.005582904437973911,0.0002043,0.010170489469876089,-22.423900870405813,-47.71608101457925
Avanhandava,615.0,0.0,0.0,7.4,0.2000000000000001,0.4910783985725437,0.4390243902439024,6.173010278881645,0.00040320699678187273,0.00034720006902752993,-0.00560069277543428,0.0003267,0.007650699678187271,-21.460519685023225,-49.94732608001807
Artur Nogueira,2936.0,0.8,0.0,6.6,0.1999999999999993,0.3796699007471837,0.1038828337874659,5.488355273453465,0.0017114105762775808,0.0016552614365984103,-0.005614913967917049,0.001293,0.04184105762775807,-22.561248056915492,-47.132135909003736
Tabapuã,570.0,0.2,0.0,7.8,-0.1000000000000005,0.3405821344931416,0.4035087719298245,6.234409090642297,0.0003774210304334545,0.000321200900341942,-0.005622013009151249,0.0003633,0.00141210304334545,-20.931786800799408,-49.0289968998657
Laranjal Paulista,1572.0,2.0,0.0,6.5,0.5,0.4401137504182,0.0623409669211195,5.650245471733933,0.0009433564027782812,0.0008869222199489505,-0.0056434182829330735,0.0007135,0.022985640277828116,-23.012212684069915,-47.865669297931895
Taquarituba,1271.0,0.1,0.0,7.0,0.0999999999999996,0.4502620720419316,0.1534225019669551,5.740368457400889,0.0007748921543783031,0.0007171874126209301,-0.005770474175737297,0.000568,0.020689215437830307,-23.530184327221367,-49.23460745649006
Itapirapuã Paulista,334.0,0.0,0.0,7.5,1.0999999999999996,0.5884911341585812,0.1407185628742515,6.952920969703284,0.0002466435164888334,0.00018878608940842072,-0.00578574270804127,0.0001214,0.012524351648883342,-24.56903685908897,-49.22297072316897
São Roque,4432.0,1.8000000000000003,0.0,6.2,0.5,0.3795583807293408,0.3571750902527076,5.433673347098205,0.0025576977545484184,0.002498674602802745,-0.005902315174567338,0.0020093,0.05483977545484185,-23.549001348797734,-47.1095720300879
Pirangi,539.0,0.0,0.0,7.2,0.7000000000000002,0.3447641351622614,0.0259740259740259,6.357073816113629,0.00036391668132033174,0.00030374769536290787,-0.006016898595742387,0.0002539,0.011001668132033175,-21.0938971649184,-48.66934216347642
Cardoso,538.0,0.7,0.0,7.6,0.2999999999999998,0.399799263967882,0.1988847583643122,6.37986840223322,0.00036454398782824357,0.0003033892802321865,-0.006115470759605706,0.0002901,0.007444398782824357,-20.067187734134524,-49.94750736564077
Promissão,1158.0,0.0,0.0,7.0,0.2000000000000001,0.3757109401137504,0.0820379965457685,5.805774893665953,0.0007140435429750062,0.0006528268036068846,-0.006121673936812164,0.0008013,-0.008725645702499377,-21.52460941372162,-49.87046044332303
Iracemápolis,1385.0,0.0,0.1,6.8,0.2999999999999998,0.3011040481766477,0.1393501805054151,5.724045422868206,0.0008419935965614828,0.0007800830450665848,-0.006191055149489802,0.0005652,0.027679359656148282,-22.593668060573982,-47.52421765110255
Itariri,852.0,0.0,0.0,7.0,0.4000000000000003,0.6796029887364781,0.3720657276995305,6.025166871643601,0.0005452110109280191,0.0004821118818540661,-0.006309912907395302,0.0004326,0.011261101092801911,-24.29261927628642,-47.128052688435176
Pedreira,2122.0,0.1,0.0,7.1,-0.2000000000000001,0.3100256496041039,0.3623939679547596,5.587241961755885,0.0012592118521834463,0.0011953197620620947,-0.006389209012135164,0.0012865,-0.0027288147816553797,-22.754739050910555,-46.88846839790254
Várzea Paulista,6535.0,0.0,0.0,6.5,0.2000000000000001,0.3745957399353185,0.0324407039020658,5.400703644383739,0.00374845138262962,0.0036840800481955384,-0.006437133443408169,0.0028051,0.09433513826296201,-23.219242049094497,-46.825005749948026
Tambaú,1053.0,0.2,0.3,6.7,0.6000000000000005,0.421378387420542,0.0693257359924026,5.889070412341295,0.0006586141574530381,0.0005939658056449734,-0.006464835180806472,0.0005954,0.006321415745303804,-21.60176318163716,-47.23906042503743
Rafard,675.0,3.7000000000000006,0.0,7.0,0.7000000000000002,0.3502843760454999,0.2133333333333333,6.216361770937884,0.0004456521413575153,0.0003804148574244754,-0.0065237283933039895,0.0002768,0.01688521413575153,-23.04518360257352,-47.58373678897416
Colômbia,558.0,2.2,0.0,7.7,0.2000000000000001,0.3490576558492246,0.6272401433691757,6.417629779921841,0.0003803336950099165,0.00031447153999794743,-0.0065862155011969055,0.0002047,0.01756336950099165,-20.266878475630147,-48.72174570136277
Salto de Pirapora,2422.0,0.9000000000000001,0.0,6.5,0.4000000000000003,0.3918813427010147,0.0805119735755574,5.567239331627658,0.0014320888861175433,0.0013656828260172021,-0.006640606010034113,0.0011346,0.029748888611754332,-23.652793438631956,-47.5807015637189
Cosmópolis,3258.0,3.6000000000000005,0.0,6.7,0.1000000000000005,0.2984833277573321,0.289134438305709,5.4987617766063055,0.0019027070568721288,0.0018349665241011908,-0.006774053277093799,0.0015188,0.03839070568721287,-22.65171262034109,-47.186389453798
Fartura,924.0,0.0,0.0,7.4,0.0,0.4015278242444516,0.4004329004329004,6.000196072467736,0.0005888346489846392,0.000521073694982296,-0.006776095400234321,0.0004764,0.011243464898463926,-23.390146455675964,-49.51965684147714
Pereira Barreto,1232.0,0.1,0.0,7.2,0.0,0.3619382179101147,0.3035714285714285,5.826550964648154,0.0007623917731183232,0.0006944270279490702,-0.0067964745169253014,0.0006483,0.011409177311832323,-20.677746455955877,-51.10647432807747
Cravinhos,1919.0,4.6,0.6,6.2,0.7999999999999998,0.2530389204862274,0.1318394997394476,5.638487842022568,0.0011491945743305144,0.0010802125276885145,-0.0068982046641999925,0.0008819,0.02672945743305144,-21.33955682576355,-47.74456099587225
Panorama,888.0,1.1,0.0,6.8,0.7000000000000002,0.4599085535853684,0.0371621621621621,6.049707071574753,0.000570562541650906,0.0005011312734704523,-0.006943126818045376,0.0004714,0.0099162541650906,-21.463291941458703,-51.85806406099166
Ouroeste,618.0,0.0,0.0,7.3,0.5,0.2859373257499718,1.0,6.368593732574997,0.00041801124410539636,0.00034801544238726524,-0.0069995801718131115,0.0002737,0.014431124410539637,-19.922396521705966,-50.40197620260174
Tietê,1783.0,0.7,0.0,6.6,0.3999999999999994,0.3462138953942231,0.4206393718452047,5.676685326723943,0.0010749842662396028,0.001004808521585005,-0.007017574465459776,0.0009666,0.010838426623960284,-23.049520622076027,-47.70762759573344
Américo Brasiliense,1965.0,0.3,0.0,6.8,0.2000000000000001,0.4108397457343591,0.0651399491094147,5.647597969484377,0.001178642974779412,0.001108254264852746,-0.007038870992666607,0.000901,0.027764297477941208,-21.72219452689476,-48.03218890937963
Monte Azul Paulista,868.0,0.6,0.0,7.0,0.5,0.2836511653841865,0.4262672811059907,6.070991844649018,0.0005596742403807896,0.0004887846409219514,-0.007088959945883823,0.0003732,0.01864742403807896,-20.908887129004796,-48.681281301364834
Iguape,1604.0,0.0,0.0,6.7,0.4000000000000003,0.5544217687074829,0.0168329177057356,5.737125468641323,0.0009773602132342979,0.0009062468267346558,-0.007111338649964211,0.000828,0.01493602132342979,-24.549489178402936,-47.47432594734455
Fernando Prestes,322.0,0.0,0.0,8.7,0.3999999999999986,0.3255826920932306,1.0,7.412558269209321,0.00025350115117876373,0.0001814168732009159,-0.0072084277977847834,0.0001557,0.009780115117876374,-21.31023633910717,-48.69565485701504
Braúna,355.0,0.6,0.0,7.9,1.1000000000000003,0.4789784766365562,0.180281690140845,7.26592601667774,0.0002739525002151808,0.00020038654188414264,-0.007356595833103816,0.0001265,0.014745250021518079,-21.55326320918588,-50.33943305844895
Presidente Venceslau,1371.0,0.1,0.0,7.2,0.0,0.3352291736366675,0.174325309992706,5.810955448362938,0.0008461375027777493,0.000772521849463225,-0.00736156533145243,0.0008715,-0.0025362497222250696,-21.793015928185078,-51.83836930127924
São Lourenço da Serra,947.0,0.6,0.0,6.8,0.7000000000000002,0.410059105609457,0.041182682154171,6.045124178776363,0.000608010598051755,0.0005341001145585632,-0.007391048349319183,0.0004372,0.017081059805175502,-23.85242641464688,-46.936344475258416
Araçoiaba da Serra,2108.0,0.4,0.3,6.6,0.3999999999999994,0.3275342924054866,0.1451612903225806,5.647269558272806,0.0012643434661843247,0.0011876892731217492,-0.007665419306257548,0.0008738,0.03905434661843247,-23.543883243421863,-47.651512974575006
Bariri,1480.0,0.1,0.0,7.1,0.0999999999999996,0.3374038139846103,0.0243243243243243,5.796172813830894,0.0009110851851670448,0.0008339627324622232,-0.007712245270482166,0.0007986,0.011248518516704484,-22.066790373885844,-48.71883049806078
Cesário Lange,1299.0,4.1,0.2,6.8,0.5,0.4111185457789669,0.0076982294072363,5.88188167751862,0.000811486648500699,0.0007326347176502541,-0.007885193085044491,0.0004732,0.033828664850069905,-23.21653379084008,-47.90389131308228
Tupi Paulista,650.0,0.3,0.0,7.9,0.1000000000000005,0.2441730790676926,0.2138461538461538,6.445801923291385,0.0004449859063632469,0.000365847592454025,-0.007913831390922188,0.0004537,-0.0008714093636753135,-21.39042879569448,-51.58722782505314
Piraju,1537.0,0.0,0.0,7.0,0.2000000000000001,0.3419761347161814,0.0728692257644762,5.801484536048067,0.0009470413687320037,0.000866130253549945,-0.008091111518205869,0.0008153,0.01317413687320037,-23.18688465773237,-49.36613887933833
Mogi Mirim,4044.0,0.5,0.0,6.7,0.1000000000000005,0.2923497267759564,0.2789317507418398,5.4971281477517815,0.00236103786449287,0.002277484583358103,-0.008355328113476704,0.0020967,0.026433786449286997,-22.45132489088657,-46.988377578606254
Santa Isabel,3072.0,2.2,0.0,6.6,0.2999999999999998,0.4347050295528044,0.0501302083333333,5.568483523788613,0.0018168291705618338,0.0017331069388473329,-0.008372223171450094,0.0013863,0.04305291705618338,-23.28892820168985,-46.24229273867857
Matão,1391.0,1.6,0.1,7.1,0.1999999999999993,0.0755548120887696,0.1675053918044572,5.864306020389323,0.0008663626062297084,0.0007812889488439017,-0.008507365738580679,0.0015392,-0.06728373937702914,-21.61010709078387,-48.43015719899893
Maracaí,702.0,0.0,0.0,7.2,0.7999999999999998,0.3868629418980704,0.2834757834757834,6.467033872537385,0.0004821677861931719,0.0003958093445367179,-0.0086358441656454,0.0003823,0.009986778619317188,-22.65224597333346,-50.74534515992604
Novo Horizonte,1934.0,0.1,0.1,6.9,0.2000000000000001,0.3322738931638225,0.2626680455015512,5.739494193866538,0.001178924612166653,0.0010897177030895864,-0.008920690907706655,0.001025,0.015392461216665283,-21.46922925170896,-49.28383256136978
Pindamonhangaba,8936.0,0.2,0.1,6.6,0.0999999999999996,0.3756551801048289,0.0531557743957027,5.402881095450053,0.005127722495621118,0.005037699757952272,-0.009002273766884651,0.0043304,0.07973224956211183,-22.879999513636943,-45.459244108741565
Nipoã,385.0,0.0,0.0,8.3,1.1000000000000003,0.4961525593844095,0.0363636363636363,7.573251619574806,0.0003096699469779883,0.00021736642253533306,-0.009230352444265524,0.0001132,0.019646994697798834,-20.8916634006589,-49.7783309347243
Guaíra,1745.0,0.1,0.0,6.6,0.5999999999999996,0.384855581576893,0.1054441260744985,5.809029970765139,0.0010766015290508033,0.000983860784629753,-0.009274074442105042,0.0008836,0.01930015290508033,-20.31406189786117,-48.3641231813426
Caieiras,5203.0,0.6,0.0,6.4,0.4000000000000003,0.3815099810415968,0.0069190851431866,5.47884290661848,0.0030276008461440156,0.0029334196145750593,-0.009418123156895632,0.0024743,0.05533008461440156,-23.37591457045654,-46.74522085214316
Cordeirópolis,1631.0,0.1,0.0,6.9,0.3000000000000007,0.3696888591502176,0.5475168608215818,5.851720571997181,0.0010136627436497987,0.0009194142666342587,-0.009424847701553992,0.0006799,0.03337627436497987,-22.47946330371184,-47.41482264409287
Cerquilho,2173.0,1.0,0.0,7.1,0.0,0.2966432474629196,0.0184077312471237,5.711505097871004,0.001318154264230486,0.0012238465340431359,-0.00943077301873501,0.0010535,0.026465426423048603,-23.187130117166213,-47.757096522839184
Barra Bonita,1233.0,0.0,0.0,7.4,0.1000000000000005,0.2927400468384071,0.0381184103811841,6.03308584572196,0.0007900571821140245,0.000694399598016677,-0.00956575840973475,0.0008504,-0.006034281788597543,-22.47941078833868,-48.54174208710416
Biritiba Mirim,1830.0,2.6,0.0,6.4,0.8000000000000007,0.475521356083417,0.0169398907103825,5.809246124679381,0.0011290854490312988,0.001032934682818279,-0.009615076621301982,0.0008055,0.032358544903129886,-23.6241595157998,-46.02133143706776
Adamantina,1199.0,0.0,0.0,7.0,0.5,0.2928515668562506,0.286905754795663,6.0579757321651915,0.0007714408924724603,0.0006752524413538271,-0.009618845111863322,0.0007679,0.0003540892472460311,-21.576640300532137,-51.05678160515347
Mairiporã,5112.0,0.0,0.0,6.7,0.1000000000000005,0.4697223151555701,0.0449921752738654,5.491471449042945,0.002981504841938086,0.0028852383975155353,-0.009626644442255064,0.0025067,0.04748048419380858,-23.31725814658327,-46.56125568731834
Ibiúna,5344.0,1.5,0.2,6.2,0.6000000000000005,0.4755771160923385,0.0,5.487557711609235,0.003114594368207184,0.0030163971162548526,-0.009819725195233135,0.0022085,0.0906094368207184,-23.802397271232834,-47.21526983411925
Pilar do Sul,1821.0,0.0,0.0,6.9,0.3000000000000007,0.333333333333333,0.3228995057660626,5.825623283909941,0.0011266999810696562,0.0010260609027677092,-0.010063907830194698,0.0007405,0.03861999810696562,-23.856415764270352,-47.72810220419072
Americana,4610.0,0.7,0.1,6.8,0.0,0.246236199397792,0.4783080260303687,5.512454422542817,0.002698993762822916,0.0025947695842647423,-0.010422417855817387,0.0045766,-0.1877606237177084,-22.72334680882768,-47.28912453136877
Rancharia,1722.0,2.3,0.0,7.0,0.2999999999999998,0.3465484554477529,0.0307781649245063,5.877732662037226,0.0010749763756967387,0.0009704360013752992,-0.010454037432143959,0.0008222,0.025277637569673873,-22.282745270102343,-50.92828749938912
Jaú,5711.0,0.1,0.0,6.6,0.1999999999999993,0.3406378945020631,0.1059359131500612,5.484657380765212,0.0033267304009633497,0.0032182098234081317,-0.010852057755521803,0.0030471,0.027963040096334966,-22.29603162055341,-48.555961585768834
Ilha Solteira,1056.0,1.1,0.0,7.1,0.5999999999999996,0.2588379614140738,1.0,6.285883796141407,0.0007049952813838409,0.0005944689116603422,-0.011052636972349868,0.0005957,0.010929528138384085,-20.431421826491476,-51.25903581267859
São Carlos,5788.0,1.5,0.1,6.5,0.2999999999999998,0.3452102152336341,0.1553213545266067,5.490053156976025,0.0033749008298239384,0.0032617834913159626,-0.01131173385079758,0.0049825,-0.16075991701760614,-21.918964742270404,-47.86718864890366
Porto Ferreira,2501.0,3.5000000000000004,0.0,6.8,0.2999999999999998,0.3100814096130254,0.2127149140343862,5.73227963236474,0.0015226391900927739,0.0014088109213121096,-0.011382826878066424,0.0012162,0.03064391900927739,-21.84260351298844,-47.44725747143652
Bom Jesus dos Perdões,1592.0,0.1,0.0,6.8,0.5999999999999996,0.3941675030668005,0.2587939698492462,5.985296147291605,0.0010120096437100934,0.0008976994746890835,-0.011431016902100993,0.0006297,0.03823096437100934,-23.17253106245514,-46.47902735454813
Arujá,5808.0,0.3,0.0,6.6,0.1999999999999993,0.3439834950373593,0.1830234159779614,5.492700691101532,0.003388195689222818,0.003273004980548162,-0.011519070867465567,0.0025054,0.08827956892228177,-23.385988274137983,-46.318991850738655
Arealva,434.0,0.0,0.0,8.2,1.4999999999999991,0.3462696554031446,0.1612903225806451,7.810755997798379,0.00036003004465576195,0.0002445805929839257,-0.011544945167183627,0.0002116,0.014843004465576196,-22.07621625611948,-48.98187658264389
Leme,5472.0,0.0,0.0,6.7,0.1000000000000005,0.3923274227723875,0.3072002923976608,5.509952771517006,0.0032022107332602317,0.003085490248109864,-0.011672048515036764,0.0025715,0.06307107332602316,-22.172137546511845,-47.33757873418728
Pitangueiras,1906.0,4.2,0.1,7.0,0.2999999999999998,0.4432920709267313,0.1568730325288562,5.900016510345559,0.0011943512463567188,0.0010754069493976804,-0.011894429695903846,0.0009296,0.02647512463567188,-21.006144606657827,-48.24945680140301
Tanabi,1366.0,0.0,0.0,7.4,0.2000000000000001,0.3752648600423776,0.1522693997071742,6.132753425974956,0.0008897380155825503,0.0007700833552049882,-0.011965466037756205,0.0007028,0.018693801558255032,-20.531187184546845,-49.64650059761476
Jaboticabal,2592.0,1.4,0.1,6.6,0.5,0.3991301438608228,0.2465277777777778,5.7445657921638595,0.0015814233567157908,0.0014616701675540988,-0.011975318916169195,0.0016471,-0.006567664328420929,-21.21834461643281,-48.28792826962065
Itu,9002.0,0.6,0.0,6.5,0.2000000000000001,0.3612690978030556,0.3648078204843368,5.43260769182874,0.00519401616161515,0.005074010304789792,-0.012000585682535835,0.0040452,0.11488161616151504,-23.30710557038869,-47.284552012245975
Patrocínio Paulista,1001.0,0.0,0.0,7.0,1.0,0.3259730121556819,0.0969030969030969,6.442287610905878,0.000684904675568573,0.0005639725517095777,-0.012093212385899535,0.0004256,0.025930467556857306,-20.704170514386444,-47.28942266470634
Salto,4492.0,0.3,0.0,6.8,0.0999999999999996,0.2862718858035016,0.0886019590382903,5.557487384484179,0.0026513934370843784,0.002529598384205109,-0.01217950528792696,0.0029338,-0.028240656291562145,-23.180456908930783,-47.30265340298959
Bragança Paulista,8657.0,3.2,0.0,6.4,0.3000000000000007,0.3294301327088211,0.4478456740210234,5.437727580672985,0.0049996638744944175,0.004877640284084837,-0.012202359040958035,0.0041326,0.08670638744944173,-22.93840457785568,-46.55604377762011
Ilhabela,2416.0,0.7,0.0,6.6,0.5,0.4610237537638003,0.7632450331125827,5.802426878687638,0.0014888897840564064,0.001363456905236554,-0.012543287881985237,0.0008682,0.06206897840564064,-23.848513586928146,-45.32327897947999
Taguaí,837.0,0.0,0.0,7.9,0.4000000000000003,0.4632541541206646,0.4169653524492234,6.728021950656989,0.0005980931129605523,0.000472369485129159,-0.012572362783139331,0.0003806,0.021749311296055233,-23.47447475540653,-49.39741316530552
Piracaia,1756.0,2.2,0.1,7.0,0.4000000000000003,0.3432028549124567,0.3006833712984054,5.984388622621087,0.0011160926394569097,0.0009895560587730348,-0.012653658068387492,0.0006814,0.04346926394569097,-23.04690725252946,-46.30234993313229
Pederneiras,2306.0,4.0,0.2,6.5,0.7000000000000002,0.3517341362774617,0.2909800520381613,5.824271418831563,0.0014264509818456956,0.001299633029091398,-0.012681795275429755,0.0011091,0.03173509818456956,-22.301311159230448,-48.86109195004165
Bebedouro,3340.0,0.3,0.0,6.7,0.2999999999999998,0.3421434147429463,0.2937125748502994,5.663585598959325,0.0020090644984311623,0.0018821607001062736,-0.012690379832488866,0.0017436,0.026546449843116222,-20.94044419728573,-48.510735135984
Franca,12965.0,0.8,0.0,6.8,-0.1000000000000005,0.3307683729229393,0.0788276128037022,5.400959598572663,0.007437027605269369,0.007305030246826523,-0.013199735844284573,0.0080332,-0.059617239473063174,-20.55528590930141,-47.38106244956787
São João da Boa Vista,3636.0,0.0,0.0,6.8,0.2000000000000001,0.2990966878554698,0.3641364136413641,5.666323310149684,0.0021881705532937673,0.002047878642840141,-0.01402919104536264,0.0020249,0.01632705532937672,-21.9779702227332,-46.80211481218899
Embu das Artes,11623.0,0.0,0.2,6.5,0.2000000000000001,0.4507081521133043,0.2178439301385184,5.426855208225183,0.006699191864468501,0.00655854834783154,-0.01406435166369617,0.0059557,0.0743491864468501,-23.651376390921545,-46.85149343198906
Barretos,6354.0,2.4,0.0,7.0,-0.2000000000000001,0.4076056652169063,0.4545168397859616,5.526212250500287,0.0037293291480963776,0.0035834950933633456,-0.014583405473303198,0.0029077,0.08216291480963775,-20.51415773112376,-48.65198837997252
Santa Fé do Sul,1817.0,0.2,0.2,7.0,0.5999999999999996,0.2830378052860489,0.1645569620253164,6.124759476731136,0.001181952189502606,0.0010231739526014923,-0.015877823690111377,0.0008828,0.02991521895026061,-20.241930141506263,-50.950140149561406
Junqueirópolis,1045.0,0.0,0.0,8.0,0.2999999999999998,0.2843202854912456,1.0,6.768432028549125,0.0007512081762260724,0.0005884610074430507,-0.016274716878302172,0.0005986,0.01526081762260724,-21.448950074312062,-51.43502306668989
Vinhedo,3741.0,3.1,0.0,6.7,0.2999999999999998,0.2304561168729784,0.9045709703287892,5.713502708720178,0.0022701057548449905,0.002105238104639509,-0.016486765020548143,0.0019398,0.033030575484499045,-23.04649904912136,-46.97923525799996
Ourinhos,4694.0,3.3000000000000003,0.0,6.6,0.3999999999999994,0.3291513326642132,0.0355773327652322,5.6364728665429435,0.002810000840397715,0.002644745871139179,-0.016525496925853596,0.00246,0.0350000840397715,-22.952713642009265,-49.85245115171123
Amparo,2342.0,0.0,0.0,6.8,0.5999999999999996,0.3139288502286159,0.2032450896669513,5.9717173939895565,0.001485395423529063,0.0013193087968012508,-0.01660866267278122,0.0014728,0.001259542352906296,-22.69912337814879,-46.798706706159365
Tarumã,1012.0,0.8,0.0,8.1,0.3999999999999994,0.3390208542433364,0.4713438735177865,6.8810364727761115,0.0007395887836292783,0.0005702615296807856,-0.01693272539484927,0.0004722,0.026738878362927834,-22.763508590381477,-50.60145162038571
Ibitinga,2860.0,0.6,0.1,6.7,0.6000000000000005,0.4470837515334002,0.1933566433566433,5.904044039489006,0.0017933768746383825,0.0016137497723703064,-0.017962710226807607,0.0013696,0.042377687463838264,-21.79290410982857,-48.84787514509825
Bertioga,5390.0,0.2,0.1,6.6,0.2999999999999998,0.517731682837069,0.6194805194805195,5.633721220231759,0.0032250768030314555,0.0030439356967992604,-0.018114110623219503,0.0022082,0.10168768030314554,-23.75981859352457,-46.03006151895095
Santa Maria da Serra,387.0,0.0,0.0,9.1,2.8999999999999995,0.4247239879558382,1.0,9.742472398795584,0.00040043874623112326,0.0002183040948878007,-0.018213465134332255,0.000186,0.021443874623112327,-22.564419864702227,-48.15421709283448
Vargem Grande do Sul,2089.0,0.2,0.0,7.3,0.2999999999999998,0.4663209546113525,0.1560555289612254,6.142237648357258,0.0013627650892785968,0.0011789928353298118,-0.0183772253948785,0.0009923,0.037046508927859684,-21.86068933032985,-46.89894552276655
Jales,2133.0,1.0,0.0,7.6,0.0,0.2843202854912456,0.070323488045007,6.115464377353625,0.0013854033709843937,0.0012011361998813654,-0.018426717110302835,0.0012213,0.01641033709843937,-20.28576047883891,-50.55412587606801
Mirassol,2942.0,0.8,0.0,7.1,0.1999999999999993,0.3153228504516561,0.2467709041468389,5.89620937545985,0.0018423473297368934,0.001657332630587984,-0.01850146991489094,0.0015152,0.03271473297368935,-20.82759699633949,-49.50424270105215
Batatais,2158.0,0.0,0.0,7.1,0.5,0.4031448645031782,0.0695088044485634,6.127265366895174,0.0014043458456642764,0.0012169906617889533,-0.01873551838753231,0.0013033,0.010104584566427637,-20.867781855037546,-47.57475156907729
Assis,4726.0,0.5,0.0,6.7,0.2999999999999998,0.302330768372923,0.5664409648751587,5.686877173324809,0.0028544570287379356,0.0026618975434853052,-0.01925594852526303,0.0024229,0.043155702873793556,-22.601740045880167,-50.42071206019576
Cabreúva,3725.0,0.3,0.1,6.9,0.3000000000000007,0.3748187799710048,0.0002684563758389,5.797508723634686,0.0022936314328526114,0.0020999595705448776,-0.019367186230773374,0.0013786,0.09150314328526113,-23.30126267027871,-47.08027375070479
Guaratinguetá,5088.0,1.5,0.1,6.7,0.2999999999999998,0.3680160588825695,0.3571147798742138,5.672513083875678,0.0030653392966473814,0.0028681076754137956,-0.019723162123358583,0.0027541,0.03112392966473812,-22.79351575635198,-45.23283400593533
Capão Bonito,2881.0,0.2,0.0,7.0,0.4000000000000003,0.4345377495260399,0.0315862547726483,5.966612400429869,0.0018256899652247186,0.0016253485788492123,-0.020034138637550637,0.0013866,0.04390899652247186,-24.039208471589426,-48.28985769617089
Taubaté,15039.0,1.1,0.1,6.4,0.3000000000000007,0.3101929296308688,0.4296828246558947,5.433987575428678,0.008679476752493755,0.008471466015423926,-0.020801073706982857,0.0070216,0.1657876752493755,-23.08714066598452,-45.502443493624696
Jacareí,12033.0,1.7000000000000002,0.1,6.5,0.2999999999999998,0.3418646146983384,0.199950137122912,5.494181475182126,0.007021547866173425,0.006780826969540422,-0.02407208966330029,0.0057199,0.13016478661734251,-23.29889332095671,-45.99056553731546
Paulínia,6110.0,0.9000000000000001,0.0,6.7,0.4000000000000003,0.2456785993085758,0.0479541734860883,5.709363277279467,0.0037049711572830313,0.0034390310959147665,-0.026594006136826474,0.0029078,0.07971711572830315,-22.74843471198564,-47.14508921044816
Capivari,2968.0,2.7,0.0,7.0,0.5999999999999996,0.3502286160365784,0.3935309973045822,6.154375961334115,0.0019400095309271936,0.0016726970710153257,-0.026731245991186793,0.0014041,0.05359095309271937,-22.980708114913075,-47.47803609245237
Ferraz de Vasconcelos,10615.0,0.2,0.1,6.5,0.4000000000000003,0.448533511765362,0.0666980687706076,5.571523158053598,0.006281305007009206,0.005989600960608173,-0.02917040464010326,0.0053055,0.09758050070092054,-23.560900940393186,-46.37395686008517
Fernandópolis,3048.0,1.4,0.0,7.0,0.7000000000000002,0.3087431693989071,0.218503937007874,6.212724710640678,0.002011189609865641,0.0017169072429175343,-0.029428236694810678,0.0016571,0.03540896098656412,-20.27181183233714,-50.282981465864005
Hortolândia,13933.0,0.6,0.0,6.6,0.1999999999999993,0.3588714174194268,0.3516112825665686,5.511048269998599,0.008155203373155017,0.00785315509792452,-0.030204827523049732,0.0061741,0.1981103373155017,-22.878488186855943,-47.20778417164769
Olímpia,3185.0,0.6,0.0,7.3,0.3999999999999994,0.3328314932530388,0.2718995290423862,6.220473102229543,0.002104208627923974,0.0017946094515055798,-0.030959917641839405,0.0016101,0.04941086279239739,-20.705278193765107,-48.959576583558864
Guararema,2215.0,0.0,0.0,7.9,0.4000000000000003,0.3227389316382291,0.3291196388261851,6.705185857046442,0.0015773951265046096,0.0012479016236535696,-0.032949350285104005,0.000982,0.05953951265046096,-23.42757527202117,-46.05856184682488
Botucatu,6900.0,0.4,0.2,6.7,0.4000000000000003,0.2923497267759564,0.5552173913043478,5.764756711808031,0.00422460411960364,0.0038859158321391963,-0.033868828746444396,0.0033476,0.08770041196036402,-22.863415119136057,-48.46830005204426
Mogi Guaçu,7723.0,1.1,0.1,6.9,0.2000000000000001,0.2773502843760454,0.1069532565065389,5.718430354088259,0.0046904964844694105,0.004348607331129962,-0.03418891533394485,0.003811,0.08794964844694103,-22.23209467801369,-47.02894137671279
Itatiba,5815.0,3.6000000000000005,0.0,7.2,0.1000000000000005,0.2844875655180106,0.0882201203783319,5.877270768589635,0.0036297888498877814,0.0032745529190645094,-0.03552359308232719,0.0029675,0.06622888498877813,-23.00665567022357,-46.814344006867735
Louveira,3622.0,0.2,0.0,7.2,0.5,0.3679602988736475,0.4947542794036444,6.246271457827729,0.0024028421643082928,0.0020417214782717996,-0.036112068603649315,0.0013936,0.10092421643082927,-23.08403314503618,-46.93761030442023
São José do Rio Preto,20373.0,1.2,0.0,6.6,0.1999999999999993,0.3479424556707927,0.0506552790457959,5.4798597734716585,0.011857151646754547,0.011481435225163808,-0.037571642159073965,0.0103108,0.1546351646754547,-20.79730923574787,-49.35808567849619
Santana de Parnaíba,10129.0,1.2,0.0,6.7,0.2999999999999998,0.3426452548232405,0.2806792378319676,5.662332449265521,0.0060914106634095706,0.005707941122504044,-0.03834695409055269,0.0039616,0.21298106634095706,-23.449416849782462,-46.91680954228449
Santa Bárbara d'Oeste,7837.0,0.8,0.0,6.9,0.3000000000000007,0.2842645254823242,0.4311598826081408,5.831542440809048,0.004853882190613148,0.004413172968149687,-0.044070922246346095,0.0042466,0.06072821906131483,-22.800614638384666,-47.42804793400772
Sertãozinho,7324.0,7.1,0.0,6.8,0.5,0.3244117319058767,0.1082741671217913,5.883268589902767,0.004576389233816434,0.004126329342169915,-0.045005989164651886,0.0034464,0.11299892338164341,-21.12293176402706,-48.008935436744665
Marília,8717.0,1.1,0.0,7.1,0.0999999999999996,0.351957176313148,0.292072960881037,5.824403013719419,0.005392304489918199,0.004912806667284243,-0.047949782263395635,0.005202,0.01903044899181994,-22.177757180775,-49.98307543696525
São Caetano do Sul,6655.0,0.7,0.0,7.2,0.2000000000000001,0.091725214676034,0.4707738542449286,5.976249906892098,0.004224086019279691,0.0037386879819859002,-0.048539803729379064,0.003688,0.053608601927969096,-23.626190040205,-46.56612686991512
Birigui,5828.0,0.1,0.0,7.4,0.3000000000000007,0.3677372588379611,0.1213109128345916,6.208904817167256,0.003843177906512327,0.003285234720668455,-0.055794318584387194,0.0032345,0.06086779065123272,-21.261674456792285,-50.35100231087831
Sorocaba,31535.0,1.1,0.1,6.5,0.2999999999999998,0.3130366900858703,0.060662755668305,5.477369944575417,0.0183451325307053,0.017764281140884193,-0.05808513898211062,0.0166906,0.16545325307052994,-23.464517689055956,-47.44675266784865
Limeira,13105.0,0.2,0.1,7.1,0.0999999999999996,0.3118657298985164,0.306829454406715,5.821869518430523,0.008103179077799736,0.007382196031966813,-0.0720983045832923,0.0073064,0.07967790777997355,-22.59844490578161,-47.363607939272406
Araçatuba,9080.0,0.7,0.1,7.2,0.2999999999999998,0.3768261402921822,0.3761013215859031,6.075292746187809,0.005858804442574284,0.005118953895943651,-0.07398505466306333,0.0047855,0.10733044425742842,-21.113759474898124,-50.574556600823705
Atibaia,9074.0,0.0,0.0,7.4,0.1000000000000005,0.3220698115311695,0.4079788406435971,6.073004865217478,0.005852728089715397,0.005112129193716012,-0.07405988959993852,0.0041233,0.17294280897153974,-23.12334512726012,-46.586826051660914
Jundiaí,19817.0,0.0,0.0,7.1,0.0,0.2443403590944575,0.120553060503608,5.716489341959806,0.012031596296174295,0.011153871795786164,-0.08777245003881318,0.010355,0.16765962961742958,-23.194642070838302,-46.913022094318045
São José dos Campos,30003.0,0.0,0.0,6.9,0.1000000000000005,0.2663098026095682,0.1495183814951838,5.641582818410477,0.01797718111346449,0.016891563241483103,-0.10856178719813869,0.0180097,-0.003251888653551041,-23.090621889446712,-45.92854620964784
São Bernardo do Campo,41357.0,1.7000000000000002,0.1,6.8,0.0999999999999996,0.323965651834504,0.236235703750272,5.576020135558477,0.02449228504082293,0.023300336775219466,-0.11919482656034645,0.0192717,0.5220585040822932,-23.812949449903854,-46.55086085363251
Piracicaba,17787.0,1.1,0.2,6.9,0.5,0.3418088546894164,0.1016472704784393,5.964345612516786,0.0112673413119325,0.010023309783797216,-0.12440315281352851,0.009623,0.16443413119325012,-22.72643828322508,-47.78399285423951
Indaiatuba,14317.0,1.1,0.0,7.5,0.2000000000000001,0.2295081967213114,0.2997834741915205,6.212929167091283,0.009447227441470566,0.008056760817106969,-0.1390466624363597,0.0063655,0.3081727441470566,-23.10604595368228,-47.202564346250135
