Anexo VI;;;;
Portaria Interministerial MEC/MF nº 14, de 29 de dezembro de 2025;;;;
Redes de Ensino Beneficiadas e Valores Distribuídos - Complementação da União-VAAR Ano de 2026 (art. 16, inciso VIII, da Lei nº 14.113/2020);;;;
;;;;
UF;Ente Federado;Código IBGE;" Coeficientes de distribuição da complementação
da União-VAAR "; Complementação da União-VAAR (R$) 
AC;ASSIS BRASIL;1200054;0,000132295209;995.669,36
AC;EPITACIOLANDIA;1200252;0,000132220166;995.104,57
AC;JORDAO;1200328;0,000237686051;1.788.853,27
AC;RODRIGUES ALVES;1200427;0,000325278280;2.448.082,72
AC;SANTA ROSA DO PURUS;1200435;0,000167201457;1.258.377,90
AC;TARAUACA;1200609;0,000347886989;2.618.238,54
AC;XAPURI;1200708;0,000181142784;1.363.301,97
AL;AGUA BRANCA;2700102;0,000455952564;3.431.552,81
AL;ALAGOAS;27;0,007896205086;59.427.771,4
AL;ATALAIA;2700409;0,000766821289;5.771.187,52
AL;BARRA DE SANTO ANTONIO;2700508;0,00013371210;1.006.333,01
AL;BARRA DE SAO MIGUEL;2700607;0,000185574298;1.396.654,07
AL;BELEM;2700805;0,000075663160;569.449,9
AL;BELO MONTE;2700904;0,00019262392;1.449.710,32
AL;BOCA DA MATA;2701001;0,000467510309;3.518.537,76
AL;BRANQUINHA;2701100;0,000337672339;2.541.361,87
AL;CACIMBINHAS;2701209;0,000231257751;1.740.473,13
AL;CAJUEIRO;2701308;0,000355094656;2.672.484,29
AL;CAMPESTRE;2701357;0,000077188411;580.929,1
AL;CAMPO GRANDE;2701506;0,00014518860;1.092.706,54
AL;CANAPI;2701605;0,000548931553;4.131.323,65
AL;CAPELA;2701704;0,000164375399;1.237.108,65
AL;CHA PRETA;2701902;0,000060806489;457.636,81
AL;COLONIA LEOPOLDINA;2702108;0,00035599026;2.679.224,72
AL;COQUEIRO SECO;2702207;0,000103584529;779.589,39
AL;CORURIPE;2702306;0,001531247691;11.524.350,83
AL;CRAIBAS;2702355;0,000299503011;2.254.095,01
AL;DOIS RIACHOS;2702504;0,000297641490;2.240.085,0
AL;ESTRELA DE ALAGOAS;2702553;0,000310443864;2.336.437,16
AL;FEIRA GRANDE;2702603;0,000204045725;1.535.672,21
AL;FELIZ DESERTO;2702702;0,000048232346;363.002,33
AL;FLEXEIRAS;2702801;0,000228283729;1.718.090,29
AL;GIRAU DO PONCIANO;2702900;0,000448299939;3.373.958,3
AL;IBATEGUARA;2703007;0,000393456056;2.961.196,7
AL;IGACI;2703106;0,000391321881;2.945.134,7
AL;INHAPI;2703304;0,000427641609;3.218.481,22
AL;JACARE DOS HOMENS;2703403;0,000168390802;1.267.329,05
AL;JACUIPE;2703502;0,000128300346;965.603,55
AL;JAPARATINGA;2703601;0,000087304618;657.064,86
AL;JARAMATAIA;2703700;0,000111378228;838.245,69
AL;JOAQUIM GOMES;2703809;0,000144041374;1.084.072,38
AL;JUNDIA;2703908;0,000137158006;1.032.267,34
AL;LAGOA DA CANOA;2704104;0,000444541649;3.345.672,91
AL;LIMOEIRO DE ANADIA;2704203;0,000363457273;2.735.422,33
AL;MAJOR ISIDORO;2704401;0,000362668806;2.729.488,23
AL;MAR VERMELHO;2704906;0,000062216638;468.249,76
AL;MARAGOGI;2704500;0,000584307981;4.397.570,82
AL;MARAVILHA;2704609;0,000289523192;2.178.985,71
AL;MARIBONDO;2704807;0,000089060127;670.277,03
AL;MATA GRANDE;2705002;0,000436456652;3.284.824,27
AL;MONTEIROPOLIS;2705408;0,000202325626;1.522.726,54
AL;MURICI;2705507;0,00062601377;4.711.453,48
AL;NOVO LINO;2705606;0,000334230259;2.515.456,37
AL;OLHO DAGUA DAS FLORES;2705705;0,000392959947;2.957.462,94
AL;OLHO DAGUA DO CASADO;2705804;0,000084691057;637.394,89
AL;OLHO DAGUA GRANDE;2705903;0,000144428294;1.086.984,39
AL;OLIVENCA;2706000;0,0002857802;2.150.815,62
AL;OURO BRANCO;2706109;0,000281195307;2.116.309,07
AL;PALESTINA;2706208;0,000104387146;785.629,98
AL;PAO DE ACUCAR;2706406;0,000420994067;3.168.451,03
AL;PARICONHA;2706422;0,000167748241;1.262.493,06
AL;PASSO DE CAMARAGIBE;2706505;0,000282441627;2.125.689,02
AL;PAULO JACINTO;2706604;0,000108608743;817.402,22
AL;PENEDO;2706703;0,000971215675;7.309.483,79
AL;PIACABUCU;2706802;0,000302434342;2.276.156,55
AL;PILAR;2706901;0,00085540737;6.437.896,8
AL;PINDOBA;2707008;0,000022137488;166.609,4
AL;PIRANHAS;2707107;0,000421044635;3.168.831,61
AL;POCO DAS TRINCHEIRAS;2707206;0,000261640848;1.969.139,90
AL;PORTO CALVO;2707305;0,000581622913;4.377.362,68
AL;PORTO DE PEDRAS;2707404;0,000180266358;1.356.705,88
AL;PORTO REAL DO COLEGIO;2707503;0,00030263948;2.277.700,42
AL;RIO LARGO;2707701;0,001566427145;11.789.115,56
AL;ROTEIRO;2707800;0,00015325414;1.153.408,72
AL;SANTA LUZIA DO NORTE;2707909;0,000131240106;987.728,53
AL;SANTANA DO IPANEMA;2708006;0,0003017265;2.270.829,48
AL;SANTANA DO MUNDAU;2708105;0,000431137340;3.244.790,50
AL;SAO BRAS;2708204;0,000063188468;475.563,87
AL;SAO JOSE DA LAJE;2708303;0,000473465195;3.563.354,93
AL;SAO LUIS DO QUITUNDE;2708501;0,000470908486;3.544.112,84
AL;SAO MIGUEL DOS CAMPOS;2708600;0,00087375084;6.575.951,92
AL;SAO MIGUEL DOS MILAGRES;2708709;0,000185752147;1.397.992,58
AL;SAO SEBASTIAO;2708808;0,00061032643;4.593.388,74
AL;SATUBA;2708907;0,000398528506;2.999.372,6
AL;SENADOR RUI PALMEIRA;2708956;0,00026624749;2.003.810,00
AL;TANQUE DARCA;2709004;0,000118612304;892.690,20
AL;TAQUARANA;2709103;0,00048409746;3.643.374,65
AL;TEOTONIO VILELA;2709152;0,001183721234;8.908.825,71
AL;TRAIPU;2709202;0,000304376799;2.290.775,71
AL;UNIAO DOS PALMARES;2709301;0,001550808958;11.671.571,24
AL;VICOSA;2709400;0,000382243346;2.876.808,53
AM;ALVARAES;1300029;0,000172500108;1.298.256,17
AM;AMAZONAS;13;0,032445857483;244.191.352,55
AM;ANAMA;1300086;0,000086079162;647.841,93
AM;AUTAZES;1300300;0,000632995755;4.764.000,76
AM;BARREIRINHA;1300508;0,000699281805;5.262.877,39
AM;BENJAMIN CONSTANT;1300607;0,001041997939;7.842.199,46
AM;BOA VISTA DO RAMOS;1300680;0,000294323154;2.215.110,79
AM;BOCA DO ACRE;1300706;0,000503584846;3.790.038,98
AM;BORBA;1300805;0,000269259853;2.026.481,43
AM;CAAPIRANGA;1300839;0,000180972823;1.362.022,82
AM;CANUTAMA;1300904;0,000202782243;1.526.163,09
AM;CARAUARI;1301001;0,000245164214;1.845.134,81
AM;CAREIRO DA VARZEA;1301159;0,000303647259;2.285.285,11
AM;COARI;1301209;0,000914994735;6.886.358,36
AM;FONTE BOA;1301605;0,000527856209;3.972.708,12
AM;GUAJARA;1301654;0,000213382297;1.605.940,35
AM;HUMAITA;1301704;0,000835862338;6.290.798,6
AM;IPIXUNA;1301803;0,000143829841;1.082.480,36
AM;ITACOATIARA;1301902;0,001384248742;10.418.019,4
AM;ITAPIRANGA;1302009;0,000171435003;1.290.240,06
AM;JAPURA;1302108;0,00012419538;934.709,10
AM;JURUA;1302207;0,000214807891;1.616.669,54
AM;JUTAI;1302306;0,000642271680;4.833.812,46
AM;LABREA;1302405;0,000342356644;2.576.616,51
AM;MANAQUIRI;1302553;0,000314538240;2.367.251,91
AM;MARAA;1302801;0,000353171825;2.658.012,83
AM;NHAMUNDA;1303007;0,000299434695;2.253.580,9
AM;NOVA OLINDA DO NORTE;1303106;0,000524479445;3.947.294,20
AM;NOVO AIRAO;1303205;0,000142496448;1.072.445,08
AM;PAUINI;1303502;0,000144974275;1.091.093,50
AM;RIO PRETO DA EVA;1303569;0,000497081803;3.741.096,31
AM;SANTA ISABEL DO RIO NEGRO;1303601;0,000159759255;1.202.367,01
AM;SANTO ANTONIO DO ICA;1303700;0,000683384349;5.143.231,26
AM;SAO GABRIEL DA CACHOEIRA;1303809;0,000856023566;6.442.534,38
AM;SAO SEBASTIAO DO UATUMA;1303957;0,000081423606;612.803,67
AM;SILVES;1304005;0,000096880985;729.137,73
AM;TABATINGA;1304062;0,001412589999;10.631.319,04
AM;TAPAUA;1304104;0,000434868825;3.272.874,10
AM;TONANTINS;1304237;0,000417629058;3.143.125,58
AM;URUCARA;1304302;0,000123953678;932.890,01
AM;URUCURITUBA;1304401;0,000308362327;2.320.771,26
AP;AMAPA;1600105;0,000058783642;442.412,63
AP;CALCOENE;1600204;0,00016371235;1.232.118,5
AP;LARANJAL DO JARI;1600279;0,0005967201;4.490.985,86
AP;MACAPA;1600303;0,003403680737;25.616.502,92
AP;MAZAGAO;1600402;0,000247917647;1.865.857,47
AP;PEDRA BRANCA DO AMAPARI;1600154;0,000145945178;1.098.400,63
AP;SANTANA;1600600;0,001069704346;8.050.721,15
AP;SERRA DO NAVIO;1600055;0,000048114593;362.116,11
AP;TARTARUGALZINHO;1600709;0,000233735858;1.759.123,65
BA;ABAIRA;2900108;0,000044676012;336.236,94
BA;ABARE;2900207;0,000184022764;1.384.977,04
BA;ACAJUTIBA;2900306;0,000359280632;2.703.988,44
BA;ADUSTINA;2900355;0,000277497782;2.088.481,06
BA;AIQUARA;2900603;0,000037502243;282.246,3
BA;AMERICA DOURADA;2901155;0,000145816542;1.097.432,50
BA;ANDORINHA;2901353;0,000323199188;2.432.435,23
BA;ANGUERA;2901502;0,00028531205;2.147.292,13
BA;ANTAS;2901601;0,000373239650;2.809.045,65
BA;ANTONIO GONCALVES;2901809;0,000180160613;1.355.910,04
BA;APORA;2901908;0,000141539172;1.065.240,51
BA;APUAREMA;2901957;0,00012044754;906.502,40
BA;ARACAS;2902054;0,000195482407;1.471.223,67
BA;ARACATU;2902005;0,000361342961;2.719.509,77
BA;ARATUIPE;2902302;0,000068806569;517.846,36
BA;AURELINO LEAL;2902401;0,000221936295;1.670.318,75
BA;BANZAE;2902658;0,000275720501;2.075.105,03
BA;BARRA DO CHOCA;2902906;0,000650820259;4.898.150,08
BA;BARRO ALTO;2903235;0,000224864700;1.692.358,27
BA;BARROCAS;2903276;0,000338248140;2.545.695,42
BA;BELMONTE;2903409;0,000348718304;2.624.495,11
BA;BELO CAMPO;2903508;0,000314825138;2.369.411,14
BA;BIRITINGA;2903607;0,000357650581;2.691.720,48
BA;BOA NOVA;2903706;0,000277997320;2.092.240,64
BA;BOA VISTA DO TUPIM;2903805;0,000145235448;1.093.059,12
BA;BOM JESUS DA LAPA;2903904;0,001255397126;9.448.266,93
BA;BOM JESUS DA SERRA;2903953;0,000066120504;497.630,72
BA;BOQUIRA;2904100;0,000320867848;2.414.889,29
BA;BURITIRAMA;2904753;0,000337546821;2.540.417,21
BA;CABACEIRAS DO PARAGUACU;2904852;0,00017180067;1.292.992,15
BA;CACHOEIRA;2904902;0,000371407376;2.795.255,74
BA;CAETANOS;2905156;0,000192346174;1.447.620,0
BA;CAFARNAUM;2905305;0,000288377960;2.170.366,6
BA;CAIRU;2905404;0,000414884823;3.122.472,14
BA;CAMPO FORMOSO;2906006;0,001135464556;8.545.640,25
BA;CANARANA;2906204;0,000434106561;3.267.137,21
BA;CANDEAL;2906402;0,00010739433;808.262,42
BA;CANDIDO SALES;2906709;0,000409513135;3.082.044,18
BA;CANSANCAO;2906808;0,000916402963;6.896.956,85
BA;CANUDOS;2906824;0,000286153686;2.153.626,41
BA;CAPIM GROSSO;2906873;0,000553663;4.166.930,20
BA;CARAIBAS;2906899;0,000138711075;1.043.955,92
BA;CARAVELAS;2906907;0,000337425018;2.539.500,51
BA;CARDEAL DA SILVA;2907004;0,000102501520;771.438,54
BA;CARINHANHA;2907103;0,000254220406;1.913.292,78
BA;CASA NOVA;2907202;0,000456005958;3.431.954,66
BA;CASTRO ALVES;2907301;0,000496378245;3.735.801,25
BA;CATOLANDIA;2907400;0,000055553416;418.101,57
BA;CENTRAL;2907608;0,00021508054;1.618.721,50
BA;CICERO DANTAS;2907806;0,00024341942;1.832.003,31
BA;CIPO;2907905;0,00052743949;3.969.571,86
BA;COARACI;2908002;0,000196548780;1.479.249,31
BA;COCOS;2908101;0,000307973483;2.317.844,78
BA;CONCEICAO DA FEIRA;2908200;0,000357784162;2.692.725,83
BA;CONCEICAO DO COITE;2908408;0,00046481977;3.498.288,43
BA;CORACAO DE MARIA;2908903;0,00050688236;3.814.856,48
BA;CORDEIROS;2909000;0,000067768159;510.031,16
BA;CORIBE;2909109;0,000247576497;1.863.289,93
BA;CORONEL JOAO SA;2909208;0,000590110166;4.441.238,75
BA;COTEGIPE;2909406;0,000205397986;1.545.849,48
BA;CRISOPOLIS;2909604;0,000564232361;4.246.479,34
BA;CRISTOPOLIS;2909703;0,000200765619;1.510.985,74
BA;DOM BASILIO;2910107;0,000179082924;1.347.799,22
BA;ELISIO MEDRADO;2910305;0,00014747301;1.109.899,26
BA;ENTRE RIOS;2910503;0,000492519124;3.706.757,05
BA;ERICO CARDOSO;2900504;0,000181455225;1.365.653,4
BA;ESPLANADA;2910602;0,000450426758;3.389.964,94
BA;FATIMA;2910750;0,000252030939;1.896.814,59
BA;FILADELFIA;2910859;0,000359763444;2.707.622,1
BA;FLORESTA AZUL;2911006;0,000064918058;488.580,97
BA;GAVIAO;2911253;0,000126844759;954.648,63
BA;GENTIO DO OURO;2911303;0,000089289219;672.001,20
BA;GLORIA;2911402;0,000245085804;1.844.544,68
BA;GONGOGI;2911501;0,000106126151;798.717,94
BA;GOVERNADOR MANGABEIRA;2911600;0,000326483018;2.457.149,72
BA;GUAJERU;2911659;0,000059992934;451.513,90
BA;HELIOPOLIS;2911857;0,00021604288;1.625.964,2
BA;IACU;2911907;0,000290618591;2.187.229,81
BA;IBICOARA;2912202;0,000389625171;2.932.365,02
BA;IBIPEBA;2912400;0,000210358727;1.583.184,6
BA;IBIPITANGA;2912509;0,000287119933;2.160.898,50
BA;IBIQUERA;2912608;0,00005916234;445.262,75
BA;IBIRAPITANGA;2912707;0,000453228495;3.411.051,14
BA;IBIRATAIA;2912905;0,000308352803;2.320.699,59
BA;IBITIARA;2913002;0,000199800341;1.503.720,95
BA;IBITITA;2913101;0,000248021622;1.866.640,00
BA;IBOTIRAMA;2913200;0,000484847773;3.649.021,56
BA;ICHU;2913309;0,000114034583;858.237,73
BA;IGAPORA;2913408;0,000098674428;742.635,39
BA;IGRAPIUNA;2913457;0,000216883765;1.632.292,81
BA;IPECAETA;2913804;0,000319866242;2.407.351,09
BA;IPUPIARA;2914109;0,000156803097;1.180.118,61
BA;IRAJUBA;2914208;0,000115721501;870.933,67
BA;IRARA;2914505;0,000259034988;1.949.527,89
BA;IRECE;2914604;0,000932590827;7.018.788,62
BA;ITAETE;2915007;0,000264147018;1.988.001,63
BA;ITAGI;2915106;0,000273696673;2.059.873,46
BA;ITAGUACU DA BAHIA;2915353;0,000241182793;1.815.170,16
BA;ITAJUIPE;2915502;0,000292581524;2.202.003,08
BA;ITAMARI;2915700;0,000128841583;969.676,96
BA;ITAMBE;2915809;0,000339446439;2.554.713,96
BA;ITANAGRA;2915908;0,000124797169;939.238,22
BA;ITAPARICA;2916104;0,000174609182;1.314.129,31
BA;ITAPE;2916203;0,000164934262;1.241.314,72
BA;ITAPEBI;2916302;0,000120549382;907.268,88
BA;ITAPETINGA;2916401;0,000931239301;7.008.616,88
BA;ITAQUARA;2916708;0,0001688313;1.270.644,65
BA;ITARANTIM;2916807;0,000125594230;945.237,00
BA;ITATIM;2916856;0,000240059110;1.806.713,19
BA;ITIRUCU;2916906;0,000173214137;1.303.630,04
BA;ITIUBA;2917003;0,000656601417;4.941.659,75
BA;ITORORO;2917102;0,000220197506;1.657.232,42
BA;IUIU;2917334;0,000160147279;1.205.287,3
BA;JAGUAQUARA;2917607;0,000746045484;5.614.826,36
BA;JAGUARARI;2917706;0,000445737268;3.354.671,28
BA;JAGUARIPE;2917805;0,000304869422;2.294.483,25
BA;JEREMOABO;2918100;0,000623219169;4.690.421,02
BA;JITAUNA;2918308;0,000223371337;1.681.119,04
BA;JOAO DOURADO;2918357;0,000426516670;3.210.014,79
BA;JUCURUCU;2918456;0,000145952968;1.098.459,26
BA;JUSSARA;2918506;0,000145256314;1.093.216,16
BA;JUSSARI;2918555;0,000150060564;1.129.373,5
BA;LAFAIETE COUTINHO;2918704;0,00008841475;665.419,9
BA;LAGOA REAL;2918753;0,000111353762;838.061,55
BA;LAJE;2918803;0,000347237665;2.613.351,7
BA;LAJEDAO;2918902;0,000054946181;413.531,44
BA;LAJEDO DO TABOCAL;2919058;0,000079504596;598.360,97
BA;LAMARAO;2919108;0,000135991235;1.023.486,08
BA;LENCOIS;2919306;0,000078925332;594.001,36
BA;LICINIO DE ALMEIDA;2919405;0,000368776231;2.775.453,44
BA;LIVRAMENTO DE NOSSA SENHORA;2919504;0,000737861944;5.553.236,07
BA;MACAJUBA;2919603;0,000192207742;1.446.578,15
BA;MACURURE;2919900;0,000137557708;1.035.275,54
BA;MAETINGA;2919959;0,000103999001;782.708,76
BA;MAIRI;2920106;0,000238842223;1.797.554,76
BA;MALHADA;2920205;0,000285545831;2.149.051,62
BA;MALHADA DE PEDRAS;2920304;0,000240724641;1.811.722,06
BA;MANOEL VITORINO;2920403;0,000288365837;2.170.275,32
BA;MANSIDAO;2920452;0,000202533263;1.524.289,24
BA;MARACAS;2920502;0,000415684493;3.128.490,55
BA;MARAGOGIPE;2920601;0,000538966223;4.056.323,40
BA;MARAU;2920700;0,000414419449;3.118.969,68
BA;MASCOTE;2920908;0,000212639905;1.600.353,02
BA;MATA DE SAO JOAO;2921005;0,00097696903;7.352.784,22
BA;MATINA;2921054;0,00010086959;759.156,43
BA;MIGUEL CALMON;2921203;0,000351867150;2.648.193,70
BA;MORPARA;2921609;0,000130873569;984.969,93
BA;MORTUGABA;2921807;0,000232193319;1.747.514,32
BA;MUNDO NOVO;2922102;0,00014501399;1.091.392,4
BA;MUNIZ FERREIRA;2922201;0,000104731392;788.220,82
BA;MUQUEM DE SAO FRANCISCO;2922250;0,000118947576;895.213,5
BA;MURITIBA;2922300;0,000206286592;1.552.537,24
BA;MUTUIPE;2922409;0,000295346347;2.222.811,46
BA;NILO PECANHA;2922607;0,000304331896;2.290.437,77
BA;NOVA FATIMA;2922730;0,000076557062;576.177,48
BA;NOVA IBIA;2922755;0,000129244360;972.708,31
BA;NOVA REDENCAO;2922854;0,000114019831;858.126,70
BA;NOVA SOURE;2922904;0,000199549935;1.501.836,36
BA;NOVO HORIZONTE;2923035;0,000287755771;2.165.683,89
BA;NOVO TRIUNFO;2923050;0,000279205981;2.101.337,16
BA;OLINDINA;2923100;0,000445042793;3.349.444,58
BA;OLIVEIRA DOS BREJINHOS;2923209;0,000197279490;1.484.748,72
BA;OUROLANDIA;2923357;0,000349940582;2.633.694,12
BA;PALMEIRAS;2923506;0,000071753406;540.024,60
BA;PARAMIRIM;2923605;0,000165447159;1.245.174,84
BA;PARATINGA;2923704;0,000491158497;3.696.516,81
BA;PARIPIRANGA;2923803;0,00020811427;1.566.292,53
BA;PAU BRASIL;2923902;0,000168945754;1.271.505,68
BA;PE DE SERRA;2924058;0,000161373325;1.214.514,69
BA;PEDRO ALEXANDRE;2924207;0,000289902752;2.181.842,32
BA;PILAO ARCADO;2924405;0,00052957302;3.985.629,08
BA;PINDAI;2924504;0,000349288783;2.628.788,60
BA;PINDOBACU;2924603;0,000537348921;4.044.151,40
BA;PIRITIBA;2924801;0,000249591981;1.878.458,7
BA;PLANALTINO;2924900;0,000141556732;1.065.372,67
BA;PORTO SEGURO;2925303;0,002621147232;19.727.063,41
BA;POTIRAGUA;2925402;0,000168264801;1.266.380,75
BA;PRESIDENTE DUTRA;2925600;0,000103926302;782.161,61
BA;PRESIDENTE JANIO QUADROS;2925709;0,000192335406;1.447.539,0
BA;QUEIMADAS;2925808;0,000529142759;3.982.390,85
BA;QUIJINGUE;2925907;0,00028104919;2.115.209,35
BA;QUIXABEIRA;2925931;0,000453801343;3.415.362,46
BA;RETIROLANDIA;2926103;0,000107686619;810.462,20
BA;RIACHAO DAS NEVES;2926202;0,000348818249;2.625.247,31
BA;RIACHAO DO JACUIPE;2926301;0,000181644971;1.367.081,49
BA;RIBEIRA DO AMPARO;2926509;0,000374318717;2.817.166,84
BA;RIBEIRAO DO LARGO;2926657;0,000168212334;1.265.985,88
BA;RIO DE CONTAS;2926707;0,000177457289;1.335.564,50
BA;RIO DO ANTONIO;2926806;0,000314978347;2.370.564,21
BA;RIO DO PIRES;2926905;0,000214731610;1.616.095,44
BA;RIO REAL;2927002;0,000666252259;5.014.293,13
BA;RODELAS;2927101;0,000171227176;1.288.675,93
BA;RUY BARBOSA;2927200;0,000374561814;2.818.996,42
BA;SALINAS DA MARGARIDA;2927309;0,000301379089;2.268.214,59
BA;SANTA BARBARA;2927507;0,000349426849;2.629.827,70
BA;SANTA INES;2927903;0,000216250256;1.627.524,95
BA;SANTANA;2928208;0,000320483598;2.411.997,38
BA;SANTANOPOLIS;2928307;0,000132256620;995.378,9
BA;SANTO ESTEVAO;2928802;0,000778927902;5.862.303,32
BA;SAO FELIPE;2929107;0,000505998394;3.808.203,63
BA;SAO FELIX;2929008;0,000168021751;1.264.551,53
BA;SAO FELIX DO CORIBE;2929057;0,000313612034;2.360.281,18
BA;SAO GABRIEL;2929255;0,000136730231;1.029.047,85
BA;SAO GONCALO DOS CAMPOS;2929305;0,0002002100;1.506.804,13
BA;SAO JOSE DO JACUIPE;2929370;0,000100850063;759.009,5
BA;SAO MIGUEL DAS MATAS;2929404;0,000069058442;519.741,98
BA;SAO SEBASTIAO DO PASSE;2929503;0,000472024781;3.552.514,21
BA;SAPEACU;2929602;0,000422774944;3.181.854,12
BA;SEBASTIAO LARANJEIRAS;2930006;0,000092805201;698.462,90
BA;SENHOR DO BONFIM;2930105;0,001101587463;8.290.677,25
BA;SENTO SE;2930204;0,000672710153;5.062.896,00
BA;SERRA DOURADA;2930303;0,00023199944;1.746.055,2
BA;SERRA PRETA;2930402;0,00013921366;1.047.738,43
BA;SERRINHA;2930501;0,00065621884;4.938.780,44
BA;SITIO DO MATO;2930758;0,000287747026;2.165.618,08
BA;SITIO DO QUINTO;2930766;0,000254381094;1.914.502,13
BA;SOUTO SOARES;2930808;0,000335272484;2.523.300,28
BA;TABOCAS DO BREJO VELHO;2930907;0,000165352832;1.244.464,93
BA;TANHACU;2931004;0,000412177861;3.102.099,2
BA;TANQUE NOVO;2931053;0,000174033566;1.309.797,16
BA;TAPEROA;2931202;0,000302813711;2.279.011,73
BA;TEOLANDIA;2931608;0,000111401819;838.423,24
BA;TERRA NOVA;2931707;0,000169455647;1.275.343,20
BA;TREMEDAL;2931806;0,000269908168;2.031.360,73
BA;UAUA;2932002;0,0002486848;1.871.630,81
BA;UBAIRA;2932101;0,000173731879;1.307.526,62
BA;UBATA;2932309;0,000272695524;2.052.338,70
BA;UMBURANAS;2932457;0,000238570949;1.795.513,12
BA;UNA;2932507;0,00039024934;2.937.062,61
BA;URANDI;2932606;0,000341559656;2.570.618,28
BA;VALENCA;2932903;0,001099773659;8.277.026,35
BA;VALENTE;2933000;0,00024025047;1.808.153,4
BA;VARZEA DA ROCA;2933059;0,000179848069;1.353.557,79
BA;VARZEDO;2933174;0,000137727719;1.036.555,07
BA;WANDERLEY;2933455;0,000246117156;1.852.306,76
BA;WENCESLAU GUIMARAES;2933505;0,000381989255;2.874.896,21
CE;ABAIARA;2300101;0,000171825943;1.293.182,33
CE;ACARAPE;2300150;0,000279337930;2.102.330,23
CE;AIUABA;2300408;0,000114977615;865.335,10
CE;ALCANTARAS;2300507;0,00021583417;1.624.393,40
CE;ALTANEIRA;2300606;0,000164566491;1.238.546,83
CE;ALTO SANTO;2300705;0,000282930408;2.129.367,64
CE;AMONTADA;2300754;0,000838203631;6.308.419,45
CE;APUIARES;2300903;0,000201722083;1.518.184,20
CE;ARACATI;2301109;0,001077181686;8.106.996,49
CE;ARACOIABA;2301208;0,00051300515;3.860.937,3
CE;ARARENDA;2301257;0,000409704775;3.083.486,49
CE;ARNEIROZ;2301505;0,00005783093;435.242,42
CE;ASSARE;2301604;0,000370530699;2.788.657,77
CE;AURORA;2301703;0,000264456977;1.990.334,42
CE;BAIXIO;2301802;0,000089875449;676.413,24
CE;BANABUIU;2301851;0,000290817135;2.188.724,08
CE;BARREIRA;2301950;0,000424035260;3.191.339,41
CE;BARRO;2302008;0,000264207510;1.988.456,90
CE;BELA CRUZ;2302305;0,000420536160;3.165.004,77
CE;BOA VIAGEM;2302404;0,000896068649;6.743.918,40
CE;BREJO SANTO;2302503;0,000868272125;6.534.718,48
CE;CAMOCIM;2302602;0,00095882096;7.216.199,7
CE;CANINDE;2302800;0,000637596644;4.798.627,59
CE;CAPISTRANO;2302909;0,000267596245;2.013.960,92
CE;CARIDADE;2303006;0,000351418307;2.644.815,65
CE;CARIRE;2303105;0,000353742639;2.662.308,85
CE;CARIRIACU;2303204;0,000225954028;1.700.556,68
CE;CARIUS;2303303;0,000274395680;2.065.134,27
CE;CARNAUBAL;2303402;0,000180698561;1.359.958,70
CE;CASCAVEL;2303501;0,00128966096;9.706.140,60
CE;CATUNDA;2303659;0,00029848056;2.246.399,94
CE;CAUCAIA;2303709;0,004799936102;36.124.885,57
CE;CEDRO;2303808;0,000277933448;2.091.759,93
CE;CHORO;2303931;0,000124242301;935.062,2
CE;CHOROZINHO;2303956;0,000383073873;2.883.059,18
CE;COREAU;2304004;0,000584194250;4.396.714,87
CE;CRATEUS;2304103;0,001246441641;9.380.866,89
CE;CRATO;2304202;0,001690487250;12.722.806,55
CE;CROATA;2304236;0,000472155729;3.553.499,74
CE;CRUZ;2304251;0,000680524210;5.121.705,52
CE;DEPUTADO IRAPUAN PINHEIRO;2304269;0,000230475321;1.734.584,47
CE;EUSEBIO;2304285;0,001314636052;9.894.106,08
CE;FARIAS BRITO;2304301;0,000297158944;2.236.453,28
CE;FORTIM;2304459;0,000300241216;2.259.650,82
CE;GRACA;2304657;0,00015470597;1.164.335,4
CE;GRANJA;2304707;0,000988027496;7.436.011,54
CE;GRANJEIRO;2304806;0,000104848643;789.103,26
CE;GROAIRAS;2304905;0,000180340824;1.357.266,32
CE;GUARACIABA DO NORTE;2305001;0,000865952298;6.517.259,2
CE;GUARAMIRANGA;2305100;0,000113398502;853.450,51
CE;HIDROLANDIA;2305209;0,000273144231;2.055.715,72
CE;IBARETAMA;2305266;0,000113633890;855.222,07
CE;IBICUITINGA;2305332;0,000136432494;1.026.807,05
CE;ICO;2305407;0,000848887584;6.388.828,14
CE;INDEPENDENCIA;2305605;0,000397367296;2.990.633,17
CE;IPAPORANGA;2305654;0,000261145027;1.965.408,29
CE;IPAUMIRIM;2305704;0,000192650420;1.449.909,80
CE;IPU;2305803;0,000701309349;5.278.136,9
CE;IPUEIRAS;2305902;0,000791797901;5.959.164,45
CE;IRAUCUBA;2306108;0,000554776020;4.175.309,80
CE;ITAICABA;2306207;0,000057003123;429.012,2
CE;ITAITINGA;2306256;0,001026444843;7.725.145,03
CE;ITAPAJE;2306306;0,000828625386;6.236.332,45
CE;ITAPIPOCA;2306405;0,00277085836;20.853.807,01
CE;ITAPIUNA;2306504;0,000256523333;1.930.624,88
CE;ITAREMA;2306553;0,000641903480;4.831.041,35
CE;JAGUARETAMA;2306702;0,000153446920;1.154.859,63
CE;JAGUARIBARA;2306801;0,000125146796;941.869,6
CE;JAGUARUANA;2307007;0,000252343178;1.899.164,54
CE;JIJOCA DE JERICOACOARA;2307254;0,000641870887;4.830.796,05
CE;JUCAS;2307403;0,000420425073;3.164.168,72
CE;LIMOEIRO DO NORTE;2307601;0,000797880893;6.004.945,76
CE;MADALENA;2307635;0,000437239205;3.290.713,86
CE;MARACANAU;2307650;0,002058677148;15.493.847,17
CE;MARCO;2307809;0,000578292718;4.352.299,24
CE;MASSAPE;2308005;0,000717867432;5.402.755,01
CE;MAURITI;2308104;0,000783964143;5.900.206,66
CE;MERUOCA;2308203;0,000299654905;2.255.238,18
CE;MILAGRES;2308302;0,000375010648;2.822.374,39
CE;MILHA;2308351;0,000253410617;1.907.198,21
CE;MIRAIMA;2308377;0,000222309095;1.673.124,49
CE;MONSENHOR TABOSA;2308609;0,000362665063;2.729.460,06
CE;MORAUJO;2308807;0,00018129686;1.364.461,53
CE;MULUNGU;2309102;0,000110660118;832.841,11
CE;NOVA OLINDA;2309201;0,000304085124;2.288.580,53
CE;NOVO ORIENTE;2309409;0,000620195068;4.667.661,27
CE;OROS;2309508;0,000320505753;2.412.164,12
CE;PACOTI;2309805;0,000200400133;1.508.235,05
CE;PALHANO;2310001;0,000071308695;536.677,65
CE;PALMACIA;2310100;0,00016674286;1.254.926,41
CE;PARACURU;2310209;0,000763648074;5.747.305,53
CE;PARAIPABA;2310258;0,000649806253;4.890.518,55
CE;PARAMBU;2310308;0,000246505517;1.855.229,61
CE;PARAMOTI;2310407;0,00019389279;1.459.259,99
CE;PEDRA BRANCA;2310506;0,000687255299;5.172.364,49
CE;PENAFORTE;2310605;0,000077794911;585.493,68
CE;PENTECOSTE;2310704;0,00060231454;4.533.090,27
CE;PEREIRO;2310803;0,000410989283;3.093.153,85
CE;PINDORETAMA;2310852;0,00041335514;3.110.959,53
CE;PIQUET CARNEIRO;2310902;0,000273864610;2.061.137,38
CE;PIRES FERREIRA;2310951;0,000192762739;1.450.755,12
CE;PORANGA;2311009;0,00030034112;2.260.402,69
CE;PORTEIRAS;2311108;0,000392612063;2.954.844,72
CE;POTENGI;2311207;0,000079400369;597.576,55
CE;POTIRETAMA;2311231;0,000162471625;1.222.780,62
CE;QUITERIANOPOLIS;2311264;0,000471706394;3.550.117,99
CE;QUIXADA;2311306;0,001162828298;8.751.583,00
CE;REDENCAO;2311603;0,000468502383;3.526.004,23
CE;RERIUTABA;2311702;0,000345967850;2.603.794,87
CE;SANTA QUITERIA;2312205;0,000654236001;4.923.857,35
CE;SANTANA DO ACARAU;2312007;0,000433068492;3.259.324,6
CE;SANTANA DO CARIRI;2312106;0,000288469188;2.171.053,15
CE;SAO BENEDITO;2312304;0,001022776794;7.697.538,86
CE;SAO JOAO DO JAGUARIBE;2312502;0,00004353220;327.628,47
CE;SAO LUIS DO CURU;2312601;0,000190278060;1.432.055,14
CE;SENADOR POMPEU;2312700;0,000299579583;2.254.671,30
CE;SENADOR SA;2312809;0,000180383743;1.357.589,34
CE;SOBRAL;2312908;0,003728876978;28.063.968,20
CE;SOLONOPOLE;2313005;0,00027966003;2.104.754,42
CE;TABULEIRO DO NORTE;2313104;0,000178700113;1.344.918,14
CE;TAMBORIL;2313203;0,000522479723;3.932.244,06
CE;TAUA;2313302;0,000990818888;7.457.019,88
CE;TEJUCUOCA;2313351;0,000418155244;3.147.085,72
CE;TIANGUA;2313401;0,001517956126;11.424.316,95
CE;TRAIRI;2313500;0,001090148637;8.204.587,30
CE;UBAJARA;2313609;0,000650474960;4.895.551,32
CE;UMARI;2313708;0,000098532857;741.569,9
CE;UMIRIM;2313757;0,000174012813;1.309.640,97
CE;URUBURETAMA;2313807;0,000411015112;3.093.348,24
CE;VARJOTA;2313955;0,000381117130;2.868.332,50
CE;VARZEA ALEGRE;2314003;0,000659035800;4.959.981,21
ES;AFONSO CLAUDIO;3200102;0,000366957326;2.761.764,14
ES;AGUA DOCE DO NORTE;3200169;0,000155063129;1.167.023,41
ES;AGUIA BRANCA;3200136;0,000141619544;1.065.845,4
ES;ALEGRE;3200201;0,000232367829;1.748.827,70
ES;ALTO RIO NOVO;3200359;0,000090567653;681.622,8
ES;ANCHIETA;3200409;0,000612407895;4.609.054,09
ES;BOM JESUS DO NORTE;3201100;0,000109329821;822.829,14
ES;BREJETUBA;3201159;0,000086432523;650.501,37
ES;CACHOEIRO DE ITAPEMIRIM;3201209;0,002337939225;17.595.606,52
ES;CASTELO;3201407;0,000476926458;3.589.404,81
ES;CONCEICAO DO CASTELO;3201704;0,000153039427;1.151.792,79
ES;DIVINO DE SAO LOURENCO;3201803;0,000045109877;339.502,26
ES;DORES DO RIO PRETO;3202009;0,000089862238;676.313,81
ES;ECOPORANGA;3202108;0,000205785986;1.548.769,62
ES;GOVERNADOR LINDENBERG;3202256;0,00014035209;1.056.306,36
ES;GUARAPARI;3202405;0,002045075540;15.391.479,9
ES;ICONHA;3202603;0,000157356641;1.184.284,65
ES;ITAGUACU;3202702;0,00013653096;1.027.548,14
ES;ITAPEMIRIM;3202801;0,000344051435;2.589.371,70
ES;ITARANA;3202900;0,000121603259;915.200,5
ES;IUNA;3203007;0,000301346242;2.267.967,38
ES;JAGUARE;3203056;0,000549144350;4.132.925,19
ES;JERONIMO MONTEIRO;3203106;0,000136639881;1.028.367,9
ES;LINHARES;3203205;0,002558870525;19.258.361,56
ES;MANTENOPOLIS;3203304;0,000163754077;1.232.432,51
ES;MONTANHA;3203502;0,000137319764;1.033.484,75
ES;MUNIZ FREIRE;3203700;0,000248364733;1.869.222,29
ES;NOVA VENECIA;3203908;0,00073422030;5.525.828,6
ES;PEDRO CANARIO;3204054;0,000273507202;2.058.447,48
ES;PINHEIROS;3204104;0,000354282179;2.666.369,5
ES;PIUMA;3204203;0,000426447512;3.209.494,30
ES;PONTO BELO;3204252;0,000089142692;670.898,4
ES;RIO NOVO DO SUL;3204401;0,000131917792;992.828,87
ES;SANTA LEOPOLDINA;3204500;0,000132064417;993.932,39
ES;SANTA MARIA DE JETIBA;3204559;0,000432977481;3.258.639,62
ES;SANTA TERESA;3204609;0,000290020794;2.182.730,72
ES;SAO DOMINGOS DO NORTE;3204658;0,000133282634;1.003.100,83
ES;SAO GABRIEL DA PALHA;3204708;0,000204185933;1.536.727,43
ES;SAO ROQUE DO CANAA;3204955;0,000154178273;1.160.363,88
ES;VENDA NOVA DO IMIGRANTE;3205069;0,000309073466;2.326.123,38
ES;VILA PAVAO;3205150;0,000065717898;494.600,65
ES;VITORIA;3205309;0,003800725190;28.604.706,32
GO;ABADIA DE GOIAS;5200050;0,000322863078;2.429.905,6
GO;AGUA LIMPA;5200209;0,000010565498;79.517,18
GO;ALEXANIA;5200308;0,000325765356;2.451.748,51
GO;ALOANDIA;5200506;0,000005469168;41.161,60
GO;ALTO PARAISO DE GOIAS;5200605;0,000105370694;793.032,28
GO;AMARALINA;5200829;0,000027366622;205.964,43
GO;ANHANGUERA;5201207;0,000004773851;35.928,57
GO;ANICUNS;5201306;0,000152383167;1.146.853,70
GO;APARECIDA DE GOIANIA;5201405;0,004604047575;34.650.605,40
GO;APARECIDA DO RIO DOCE;5201454;0,000026156639;196.857,95
GO;ARACU;5201603;0,000014705484;110.675,21
GO;ARAGARCAS;5201702;0,000100558770;756.817,17
GO;ARAGOIANIA;5201801;0,000133217779;1.002.612,73
GO;ARUANA;5202502;0,000049201128;370.293,50
GO;AVELINOPOLIS;5202809;0,000020270541;152.558,48
GO;BONFINOPOLIS;5203559;0,000118971926;895.396,76
GO;BRITANIA;5203807;0,000082208030;618.707,34
GO;BURITI DE GOIAS;5203939;0,000038495779;289.723,78
GO;CABECEIRAS;5204003;0,000081896417;616.362,10
GO;CACHOEIRA DOURADA;5204250;0,000081241905;611.436,16
GO;CACU;5204300;0,000152596409;1.148.458,58
GO;CALDAS NOVAS;5204508;0,001033015876;7.774.599,40
GO;CALDAZINHA;5204557;0,000051585740;388.240,37
GO;CAMPESTRE DE GOIAS;5204607;0,000057362173;431.714,48
GO;CAMPINACU;5204656;0,000050894078;383.034,84
GO;CAMPINORTE;5204706;0,000128081347;963.955,33
GO;CAMPO LIMPO DE GOIAS;5204854;0,000113573028;854.764,01
GO;CARMO DO RIO VERDE;5205000;0,000076668752;577.018,08
GO;CASTELANDIA;5205059;0,000037600348;282.984,66
GO;CATALAO;5205109;0,000860758714;6.478.171,67
GO;CAVALCANTE;5205307;0,000107260026;807.251,61
GO;CERES;5205406;0,000086757155;652.944,59
GO;CEZARINA;5205455;0,000086499839;651.008,00
GO;COCALZINHO DE GOIAS;5205513;0,000280189455;2.108.738,91
GO;COLINAS DO SUL;5205521;0,000042156745;317.276,6
GO;CORREGO DO OURO;5205703;0,000024720557;186.049,83
GO;CORUMBA DE GOIAS;5205802;0,000034508234;259.713,04
GO;CORUMBAIBA;5205901;0,000061190754;460.528,84
GO;CRISTIANOPOLIS;5206305;0,000065692494;494.409,46
GO;CUMARI;5206602;0,000012625198;95.018,73
GO;DAMIANOPOLIS;5206701;0,000040581688;305.422,57
GO;DAMOLANDIA;5206800;0,000037070357;278.995,88
GO;DOVERLANDIA;5207253;0,000041032016;308.811,79
GO;EDEALINA;5207352;0,000058210161;438.096,5
GO;ESTRELA DO NORTE;5207501;0,000048621573;365.931,70
GO;FAINA;5207535;0,000058639153;441.325,19
GO;FAZENDA NOVA;5207600;0,000022653260;170.491,11
GO;FLORES DE GOIAS;5207907;0,000116519858;876.942,20
GO;FORMOSA;5208004;0,001189069793;8.949.079,59
GO;GAMELEIRA DE GOIAS;5208152;0,000070696156;532.067,61
GO;GOIANAPOLIS;5208400;0,000153609569;1.156.083,74
GO;GOIANESIA;5208608;0,000835400618;6.287.323,64
GO;GOIANIA;5208707;0,005390919845;40.572.698,97
GO;GOIANIRA;5208806;0,000870207819;6.549.286,74
GO;GOIÁS;52;0,047296245190;355.957.123,02
GO;GOIATUBA;5209101;0,000312026234;2.348.346,26
GO;GOUVELANDIA;5209150;0,000063841724;480.480,35
GO;GUAPO;5209200;0,000215209996;1.619.695,83
GO;GUARAITA;5209291;0,000018178614;136.814,39
GO;GUARANI DE GOIAS;5209408;0,000040484427;304.690,58
GO;GUARINOS;5209457;0,000014306249;107.670,52
GO;HEITORAI;5209606;0,000033583382;252.752,50
GO;HIDROLANDIA;5209705;0,000192764238;1.450.766,40
GO;INHUMAS;5210000;0,000460130532;3.462.996,69
GO;IPAMERI;5210109;0,000294500345;2.216.444,35
GO;IPORA;5210208;0,000357076029;2.687.396,33
GO;ITAGUARU;5210604;0,000037736738;284.011,14
GO;ITAPURANGA;5211206;0,000199009211;1.497.766,81
GO;ITARUMA;5211305;0,000069152856;520.452,56
GO;ITAUCU;5211404;0,000077576288;583.848,30
GO;JARAGUA;5211800;0,000218422962;1.643.876,99
GO;JESUPOLIS;5212055;0,000025718660;193.561,67
GO;JUSSARA;5212204;0,000175637125;1.321.865,73
GO;LAGOA SANTA;5212253;0,000020409039;153.600,84
GO;LEOPOLDO DE BULHOES;5212303;0,000085920954;646.651,2
GO;MAMBAI;5212709;0,000102124396;768.600,26
GO;MARA ROSA;5212808;0,000118856027;894.524,49
GO;MARZAGAO;5212907;0,000015966341;120.164,57
GO;MATRINCHA;5212956;0,000045253798;340.585,42
GO;MAURILANDIA;5213004;0,000132272843;995.501,03
GO;MIMOSO DE GOIAS;5213053;0,000026829882;201.924,86
GO;MINACU;5213087;0,000318460644;2.396.772,39
GO;MOIPORA;5213400;0,000006284201;47.295,64
GO;MONTE ALEGRE DE GOIAS;5213509;0,000064355728;484.348,8
GO;MONTES CLAROS DE GOIAS;5213707;0,000078243391;588.868,99
GO;MONTIVIDIU;5213756;0,000188822540;1.421.100,72
GO;MONTIVIDIU DO NORTE;5213772;0,0000454554;342.102,43
GO;MORRO AGUDO DE GOIAS;5213855;0,000032582109;245.216,80
GO;MOSSAMEDES;5213905;0,000030788845;231.720,48
GO;MOZARLANDIA;5214002;0,000092029457;692.624,55
GO;MUNDO NOVO;5214051;0,000061950613;466.247,62
GO;MUTUNOPOLIS;5214101;0,000018240751;137.282,0
GO;NAZARIO;5214408;0,000047839983;360.049,36
GO;NEROPOLIS;5214507;0,000362716400;2.729.846,43
GO;NIQUELANDIA;5214606;0,000294652182;2.217.587,10
GO;NOVA AMERICA;5214705;0,000028393872;213.695,63
GO;NOVA AURORA;5214804;0,000008774510;66.038,00
GO;NOVA CRIXAS;5214838;0,000129394238;973.836,31
GO;NOVA GLORIA;5214861;0,000031030024;233.535,62
GO;NOVA ROMA;5214903;0,000014948911;112.507,27
GO;NOVA VENEZA;5215009;0,000096571534;726.808,76
GO;NOVO PLANALTO;5215256;0,00004133784;311.113,45
GO;ORIZONA;5215306;0,000175087432;1.317.728,68
GO;OURO VERDE DE GOIAS;5215405;0,000053731525;404.389,80
GO;PADRE BERNARDO;5215603;0,000391051252;2.943.097,87
GO;PALMELO;5215801;0,000007946564;59.806,78
GO;PARANAIGUARA;5216304;0,000095822752;721.173,34
GO;PARAUNA;5216403;0,000065339363;491.751,76
GO;PEROLANDIA;5216452;0,000044220846;332.811,31
GO;PETROLINA DE GOIAS;5216809;0,000049029079;368.998,63
GO;PILAR DE GOIAS;5216908;0,000019611091;147.595,39
GO;PIRACANJUBA;5217104;0,000105131429;791.231,54
GO;PIRES DO RIO;5217401;0,000214190848;1.612.025,6
GO;PLANALTINA;5217609;0,001635794337;12.311.181,23
GO;PONTALINA;5217708;0,000169092612;1.272.610,95
GO;PORANGATU;5218003;0,000437437679;3.292.207,6
GO;PORTEIRAO;5218052;0,000025496910;191.892,75
GO;POSSE;5218300;0,000399404680;3.005.966,76
GO;QUIRINOPOLIS;5218508;0,000556249215;4.186.397,24
GO;RIALMA;5218607;0,000113751010;856.103,53
GO;RIO QUENTE;5218789;0,000076812325;578.098,62
GO;RIO VERDE;5218805;0,001540241834;11.592.041,82
GO;RUBIATABA;5218904;0,000208740089;1.571.002,54
GO;SANCLERLANDIA;5219001;0,000037250541;280.351,97
GO;SANTA BARBARA DE GOIAS;5219100;0,000072461733;545.355,55
GO;SANTA CRUZ DE GOIAS;5219209;0,000019110309;143.826,44
GO;SANTA FE DE GOIAS;5219258;0,000054768858;412.196,89
GO;SANTA HELENA DE GOIAS;5219308;0,000181864684;1.368.735,1
GO;SANTA ISABEL;5219357;0,000032025045;241.024,27
GO;SANTA RITA DO ARAGUAIA;5219407;0,00006904701;519.655,97
GO;SANTA RITA DO NOVO DESTINO;5219456;0,000022040543;165.879,7
GO;SANTA ROSA DE GOIAS;5219506;0,00001428588;107.517,22
GO;SANTA TEREZA DE GOIAS;5219605;0,000035373398;266.224,37
GO;SANTA TEREZINHA DE GOIAS;5219704;0,000119601713;900.136,61
GO;SANTO ANTONIO DE GOIAS;5219738;0,000045997864;346.185,35
GO;SANTO ANTONIO DO DESCOBERTO;5219753;0,000422781742;3.181.905,29
GO;SAO DOMINGOS;5219803;0,000107518881;809.199,79
GO;SAO FRANCISCO DE GOIAS;5219902;0,000065767672;494.975,26
GO;SAO JOAO DALIANCA;5220009;0,000170185724;1.280.837,84
GO;SAO MIGUEL DO ARAGUAIA;5220207;0,000241369909;1.816.578,42
GO;SAO PATRICIO;5220280;0,000018830396;141.719,78
GO;SERRANOPOLIS;5220504;0,000086652875;652.159,76
GO;SILVANIA;5220603;0,000212681831;1.600.668,56
GO;SIMOLANDIA;5220686;0,000057734883;434.519,54
GO;TAQUARAL DE GOIAS;5221007;0,000033416905;251.499,57
GO;TEREZOPOLIS DE GOIAS;5221197;0,000081798964;615.628,66
GO;TRES RANCHOS;5221304;0,000014147791;106.477,94
GO;TROMBAS;5221452;0,000035369228;266.192,98
GO;TURVANIA;5221502;0,000048282618;363.380,68
GO;TURVELANDIA;5221551;0,000073543488;553.496,97
GO;UIRAPURU;5221577;0,000031699582;238.574,80
GO;URUACU;5221601;0,000344513374;2.592.848,31
GO;URUANA;5221700;0,000130255643;980.319,3
GO;VARJAO;5221908;0,000036239090;272.739,67
GO;VICENTINOPOLIS;5222054;0,00006972853;524.785,16
GO;VILA BOA;5222203;0,000064562618;485.905,9
GO;VILA PROPICIO;5222302;0,000072972302;549.198,2
MA;AFONSO CUNHA;2100105;0,00021774222;1.638.753,61
MA;ALDEIAS ALTAS;2100303;0,00060366288;4.543.238,1
MA;ALTO ALEGRE DO MARANHAO;2100436;0,000378380415;2.847.735,7
MA;ALTO ALEGRE DO PINDARE;2100477;0,000633453857;4.767.448,49
MA;AMAPA DO MARANHAO;2100550;0,000212954431;1.602.720,18
MA;AMARANTE DO MARANHAO;2100600;0,00065456071;4.926.301,12
MA;ANAJATUBA;2100709;0,000412671141;3.105.811,71
MA;APICUM-ACU;2100832;0,00035770726;2.692.147,03
MA;ARAIOSES;2100907;0,000697538241;5.249.755,12
MA;ARAME;2100956;0,000409393320;3.081.142,44
MA;ARARI;2101004;0,000523114268;3.937.019,72
MA;AXIXA;2101103;0,000221281193;1.665.388,37
MA;BACABAL;2101202;0,001577876664;11.875.285,99
MA;BACABEIRA;2101251;0,000336141932;2.529.843,85
MA;BACURI;2101301;0,000190083607;1.430.591,66
MA;BACURITUBA;2101350;0,000104442464;786.046,31
MA;BALSAS;2101400;0,001473806806;11.092.043,95
MA;BARAO DE GRAJAU;2101509;0,000126111783;949.132,16
MA;BARRA DO CORDA;2101608;0,000730078392;5.494.656,14
MA;BARREIRINHAS;2101707;0,001256619559;9.457.467,1
MA;BELA VISTA DO MARANHAO;2101772;0,000315146540;2.371.830,05
MA;BELAGUA;2101731;0,000288516418;2.171.408,61
MA;BEQUIMAO;2101905;0,000231368730;1.741.308,37
MA;BERNARDO DO MEARIM;2101939;0,000032572827;245.146,94
MA;BOA VISTA DO GURUPI;2101970;0,000205201698;1.544.372,20
MA;BOM JARDIM;2102002;0,000710643512;5.348.386,94
MA;BOM JESUS DAS SELVAS;2102036;0,000630023039;4.741.627,74
MA;BOM LUGAR;2102077;0,000232106220;1.746.858,80
MA;BREJO;2102101;0,000669031807;5.035.212,34
MA;BREJO DE AREIA;2102150;0,000183288984;1.379.454,52
MA;BURITI BRAVO;2102309;0,000212967676;1.602.819,9
MA;BURITICUPU;2102325;0,001092652249;8.223.429,78
MA;BURITIRANA;2102358;0,000208504176;1.569.227,04
MA;CACHOEIRA GRANDE;2102374;0,000205065938;1.543.350,45
MA;CAJAPIO;2102408;0,000144237719;1.085.550,10
MA;CAJARI;2102507;0,000304561350;2.292.164,7
MA;CANDIDO MENDES;2102606;0,000508491486;3.826.966,93
MA;CANTANHEDE;2102705;0,000460313342;3.464.372,54
MA;CAPINZAL DO NORTE;2102754;0,000192331372;1.447.508,60
MA;CAROLINA;2102804;0,000336548992;2.532.907,43
MA;CARUTAPERA;2102903;0,000256609515;1.931.273,49
MA;CAXIAS;2103000;0,00236531752;17.801.658,81
MA;CENTRAL DO MARANHAO;2103125;0,000167143803;1.257.943,99
MA;CENTRO DO GUILHERME;2103158;0,000203612883;1.532.414,59
MA;CENTRO NOVO DO MARANHAO;2103174;0,000500195324;3.764.529,04
MA;CHAPADINHA;2103208;0,001323309759;9.959.385,42
MA;CIDELANDIA;2103257;0,000109903803;827.148,99
MA;COLINAS;2103505;0,000647001373;4.869.408,69
MA;CONCEICAO DO LAGO-ACU;2103554;0,000385831855;2.903.816,1
MA;COROATA;2103604;0,001057710453;7.960.453,70
MA;CURURUPU;2103703;0,000469146891;3.530.854,87
MA;DOM PEDRO;2103802;0,00016705168;1.257.250,64
MA;DUQUE BACELAR;2103901;0,000313540015;2.359.739,16
MA;ESPERANTINOPOLIS;2104008;0,000308391823;2.320.993,26
MA;FERNANDO FALCAO;2104081;0,000176462656;1.328.078,77
MA;FORTALEZA DOS NOGUEIRAS;2104107;0,000244817618;1.842.526,29
MA;FORTUNA;2104206;0,000334066338;2.514.222,69
MA;GODOFREDO VIANA;2104305;0,000246529365;1.855.409,10
MA;GONCALVES DIAS;2104404;0,000267194945;2.010.940,69
MA;GOVERNADOR ARCHER;2104503;0,000171453801;1.290.381,54
MA;GOVERNADOR EDISON LOBAO;2104552;0,000166180282;1.250.692,41
MA;GOVERNADOR EUGENIO BARROS;2104602;0,000213877024;1.609.663,72
MA;GOVERNADOR LUIZ ROCHA;2104628;0,000137956850;1.038.279,53
MA;GOVERNADOR NUNES FREIRE;2104677;0,000654948747;4.929.221,56
MA;GRAJAU;2104800;0,001444282518;10.869.840,68
MA;GUIMARAES;2104909;0,000151795730;1.142.432,58
MA;HUMBERTO DE CAMPOS;2105005;0,000558033927;4.199.829,2
MA;ICATU;2105104;0,000422850216;3.182.420,63
MA;IGARAPE DO MEIO;2105153;0,000381151216;2.868.589,03
MA;IGARAPE GRANDE;2105203;0,000188564793;1.419.160,89
MA;IMPERATRIZ;2105302;0,0035449580;26.679.772,2
MA;ITAIPAVA DO GRAJAU;2105351;0,000253978139;1.911.469,45
MA;ITAPECURU MIRIM;2105401;0,001223346666;9.207.051,4
MA;ITINGA DO MARANHAO;2105427;0,000180390580;1.357.640,8
MA;JATOBA;2105450;0,000182368091;1.372.523,78
MA;JENIPAPO DOS VIEIRAS;2105476;0,000282565272;2.126.619,58
MA;JOAO LISBOA;2105500;0,000454456893;3.420.296,2
MA;JOSELANDIA;2105609;0,000112417647;846.068,48
MA;JUNCO DO MARANHAO;2105658;0,000147047178;1.106.694,42
MA;LAGO DA PEDRA;2105708;0,000645229241;4.856.071,4
MA;LAGO DOS RODRIGUES;2105948;0,000162512982;1.223.091,88
MA;LAGO VERDE;2105906;0,000245925968;1.850.867,9
MA;LAGOA DO MATO;2105922;0,000189633650;1.427.205,23
MA;LAGOA GRANDE DO MARANHAO;2105963;0,000203869814;1.534.348,28
MA;LAJEADO NOVO;2105989;0,000169839381;1.278.231,2
MA;LIMA CAMPOS;2106003;0,000224372335;1.688.652,67
MA;LORETO;2106102;0,000185199114;1.393.830,39
MA;LUIS DOMINGUES;2106201;0,000140973854;1.060.985,86
MA;MARACACUME;2106326;0,000417990525;3.145.846,0
MA;MARAJA DO SENA;2106359;0,000160372613;1.206.983,21
MA;MARANHÃO;21;0,030891424361;232.492.505,42
MA;MATA ROMA;2106409;0,00036156661;2.721.192,99
MA;MATINHA;2106508;0,000193371167;1.455.334,22
MA;MATOES DO NORTE;2106631;0,000284455547;2.140.846,02
MA;MILAGRES DO MARANHAO;2106672;0,000230744228;1.736.608,29
MA;MIRADOR;2106706;0,00031870594;2.398.618,5
MA;MIRANDA DO NORTE;2106755;0,000324005297;2.438.502,10
MA;MIRINZAL;2106805;0,000102742421;773.251,59
MA;MONCAO;2106904;0,000559348034;4.209.719,32
MA;MONTES ALTOS;2107001;0,000144059295;1.084.207,26
MA;MORROS;2107100;0,000392379880;2.953.097,28
MA;NINA RODRIGUES;2107209;0,000267602877;2.014.010,8
MA;NOVA COLINAS;2107258;0,000047982543;361.122,28
MA;NOVA IORQUE;2107308;0,000061775731;464.931,4
MA;NOVA OLINDA DO MARANHAO;2107357;0,000171569636;1.291.253,33
MA;OLHO DAGUA DAS CUNHAS;2107407;0,000351647069;2.646.537,34
MA;OLINDA NOVA DO MARANHAO;2107456;0,000228978572;1.723.319,76
MA;PACO DO LUMIAR;2107506;0,002143194621;16.129.935,65
MA;PALMEIRANDIA;2107605;0,000131992556;993.391,55
MA;PARAIBANO;2107704;0,000145436484;1.094.572,14
MA;PARNARAMA;2107803;0,000702184720;5.284.725,07
MA;PASTOS BONS;2108009;0,000465943269;3.506.744,03
MA;PAULINO NEVES;2108058;0,000405768204;3.053.859,39
MA;PAULO RAMOS;2108108;0,000409330941;3.080.672,97
MA;PEDREIRAS;2108207;0,000465173279;3.500.949,00
MA;PEDRO DO ROSARIO;2108256;0,000580313095;4.367.504,8
MA;PENALVA;2108306;0,000655977839;4.936.966,63
MA;PERI MIRIM;2108405;0,000083950519;631.821,51
MA;PERITORO;2108454;0,000500909634;3.769.905,02
MA;PINDARE MIRIM;2108504;0,000707125937;5.321.913,25
MA;PIO XII;2108702;0,000497140661;3.741.539,29
MA;POCAO DE PEDRAS;2108900;0,000300309514;2.260.164,84
MA;PORTO FRANCO;2109007;0,000538112900;4.049.901,19
MA;PORTO RICO DO MARANHAO;2109056;0,000105373409;793.052,71
MA;PRESIDENTE DUTRA;2109106;0,000647012698;4.869.493,92
MA;PRESIDENTE JUSCELINO;2109205;0,000116912346;879.896,11
MA;PRESIDENTE MEDICI;2109239;0,000124119894;934.141,0
MA;PRESIDENTE SARNEY;2109270;0,00020483758;1.541.631,82
MA;PRESIDENTE VARGAS;2109304;0,000256644869;1.931.539,57
MA;PRIMEIRA CRUZ;2109403;0,00027353448;2.058.652,8
MA;RAPOSA;2109452;0,000522887871;3.935.315,83
MA;RIACHAO;2109502;0,000343585657;2.585.866,20
MA;RIBAMAR FIQUENE;2109551;0,000132518607;997.350,68
MA;SAMBAIBA;2109700;0,000089828645;676.060,98
MA;SANTA HELENA;2109809;0,000864678949;6.507.675,82
MA;SANTA INES;2109908;0,001332921564;10.031.725,00
MA;SANTA LUZIA;2110005;0,001217535663;9.163.317,09
MA;SANTA LUZIA DO PARUA;2110039;0,000404587806;3.044.975,58
MA;SANTA QUITERIA DO MARANHAO;2110104;0,000656429269;4.940.364,15
MA;SANTANA DO MARANHAO;2110237;0,000173627069;1.306.737,81
MA;SANTO AMARO DO MARANHAO;2110278;0,000238797661;1.797.219,38
MA;SANTO ANTONIO DOS LOPES;2110302;0,000286939913;2.159.543,65
MA;SAO BENEDITO DO RIO PRETO;2110401;0,000439795669;3.309.954,11
MA;SAO BENTO;2110500;0,000646565159;4.866.125,69
MA;SAO BERNARDO;2110609;0,000330796847;2.489.616,11
MA;SAO DOMINGOS DO AZEITAO;2110658;0,000140509268;1.057.489,33
MA;SAO DOMINGOS DO MARANHAO;2110708;0,000600441067;4.518.990,33
MA;SAO FELIX DE BALSAS;2110807;0,000029224563;219.947,51
MA;SAO FRANCISCO DO MARANHAO;2110906;0,000214174235;1.611.900,57
MA;SAO JOAO DO CARU;2111029;0,000261449129;1.967.697,00
MA;SAO JOAO DO PARAISO;2111052;0,000203358447;1.530.499,67
MA;SAO JOAO DO SOTER;2111078;0,000376376967;2.832.657,47
MA;SAO JOAO DOS PATOS;2111102;0,000409308107;3.080.501,12
MA;SAO JOSE DOS BASILIOS;2111250;0,000115091252;866.190,35
MA;SAO LUIS GONZAGA DO MARANHAO;2111409;0,00018807728;1.415.491,79
MA;SAO MATEUS DO MARANHAO;2111508;0,000702215018;5.284.953,10
MA;SAO PEDRO DA AGUA BRANCA;2111532;0,000099233983;746.846,67
MA;SAO PEDRO DOS CRENTES;2111573;0,000088882773;668.942,24
MA;SAO ROBERTO;2111672;0,000100188292;754.028,91
MA;SAO VICENTE FERRER;2111706;0,000307801445;2.316.550,00
MA;SATUBINHA;2111722;0,000244328372;1.838.844,16
MA;SENADOR ALEXANDRE COSTA;2111748;0,000204975420;1.542.669,20
MA;SENADOR LA ROCQUE;2111763;0,000118878930;894.696,86
MA;SERRANO DO MARANHAO;2111789;0,000154775606;1.164.859,48
MA;TASSO FRAGOSO;2112001;0,000188254089;1.416.822,49
MA;TIMBIRAS;2112100;0,000486774382;3.663.521,45
MA;TIMON;2112209;0,003062402260;23.048.000,8
MA;TRIZIDELA DO VALE;2112233;0,000417198085;3.139.882,02
MA;TUFILANDIA;2112274;0,000116053947;873.435,70
MA;TUNTUM;2112308;0,000613341695;4.616.081,98
MA;TURILANDIA;2112456;0,000636141635;4.787.677,02
MA;TUTOIA;2112506;0,001053949073;7.932.145,11
MA;URBANO SANTOS;2112605;0,000708824983;5.334.700,47
MA;VARGEM GRANDE;2112704;0,001417636249;10.669.297,71
MA;VIANA;2112803;0,000956247695;7.196.833,00
MA;VITORIA DO MEARIM;2112902;0,000460738093;3.467.569,26
MA;VITORINO FREIRE;2113009;0,000522986833;3.936.060,62
MA;ZE DOCA;2114007;0,000585991512;4.410.241,3
MG;AIMORES;3101102;0,000099257400;747.022,91
MG;AIURUOCA;3101201;0,000019070950;143.530,22
MG;ALBERTINA;3101409;0,000024090398;181.307,18
MG;ALFREDO VASCONCELOS;3101631;0,000028206801;212.287,71
MG;ALMENARA;3101706;0,000389767671;2.933.437,49
MG;ALTEROSA;3102001;0,000068144250;512.861,67
MG;ALTO RIO DOCE;3102100;0,000037745153;284.074,48
MG;ALVORADA DE MINAS;3102407;0,000017453780;131.359,21
MG;AMPARO DO SERRA;3102506;0,00003717313;279.769,39
MG;ANDRADAS;3102605;0,000156656386;1.179.014,45
MG;ANDRELANDIA;3102803;0,000119242147;897.430,47
MG;ANTONIO PRADO DE MINAS;3103108;0,000007866488;59.204,12
MG;ARACAI;3103207;0,000032905581;247.651,29
MG;ARACITABA;3103306;0,000007323929;55.120,75
MG;ARACUAI;3103405;0,000177233669;1.333.881,51
MG;ARAPONGA;3103702;0,000040448274;304.418,48
MG;ARAPUA;3103801;0,000011033452;83.039,06
MG;ARAXA;3104007;0,001232941180;9.279.260,83
MG;ASTOLFO DUTRA;3104601;0,000104647082;787.586,29
MG;AUGUSTO DE LIMA;3104809;0,000031035171;233.574,36
MG;BAEPENDI;3104908;0,000150317376;1.131.306,31
MG;BAMBUI;3105103;0,00015931503;1.199.023,73
MG;BANDEIRA DO SUL;3105301;0,000037391425;281.412,28
MG;BARRA LONGA;3105707;0,000011821761;88.972,0
MG;BARROSO;3105905;0,000186232115;1.401.604,88
MG;BELA VISTA DE MINAS;3106002;0,000075706439;569.775,59
MG;BELO ORIENTE;3106309;0,000182237686;1.371.542,33
MG;BERILO;3106507;0,000019994332;150.479,70
MG;BERIZAL;3106655;0,000018690287;140.665,31
MG;BERTOPOLIS;3106606;0,000018858328;141.930,00
MG;BICAS;3106903;0,000067996477;511.749,51
MG;BOCAINA DE MINAS;3107208;0,000043956802;330.824,08
MG;BOCAIUVA;3107307;0,000283926658;2.136.865,54
MG;BOM JARDIM DE MINAS;3107505;0,000062723733;472.066,22
MG;BONFINOPOLIS DE MINAS;3108206;0,000032303483;243.119,83
MG;BOTELHOS;3108404;0,000066619872;501.389,02
MG;BOTUMIRIM;3108503;0,000029259712;220.212,1
MG;BRAS PIRES;3108701;0,000038957705;293.200,3
MG;BRASILIA DE MINAS;3108602;0,000153530281;1.155.487,01
MG;BUGRE;3109253;0,000034217202;257.522,70
MG;BURITIS;3109303;0,000321508960;2.419.714,38
MG;CABECEIRA GRANDE;3109451;0,000099135670;746.106,75
MG;CACHOEIRA DE MINAS;3109709;0,000059219308;445.691,50
MG;CACHOEIRA DOURADA;3109808;0,000019689005;148.181,8
MG;CAJURI;3110202;0,000029566929;222.524,20
MG;CALDAS;3110301;0,000119490762;899.301,58
MG;CAMACHO;3110400;0,000026126131;196.628,35
MG;CAMANDUCAIA;3110509;0,000303060074;2.280.865,88
MG;CAMBUQUIRA;3110707;0,000102850306;774.063,54
MG;CAMPO AZUL;3111150;0,000022590042;170.015,32
MG;CAMPOS GERAIS;3111606;0,000257892912;1.940.932,49
MG;CANA VERDE;3111903;0,000042133315;317.100,30
MG;CANAA;3111705;0,000014131391;106.354,52
MG;CANTAGALO;3112059;0,000033420196;251.524,34
MG;CAPELA NOVA;3112208;0,000014457627;108.809,81
MG;CAPELINHA;3112307;0,000342441803;2.577.257,42
MG;CAPIM BRANCO;3112505;0,000087558627;658.976,56
MG;CAPITAO ENEAS;3112703;0,000145443160;1.094.622,4
MG;CAPITOLIO;3112802;0,000080386995;605.002,01
MG;CAPUTIRA;3112901;0,000050795816;382.295,31
MG;CARANAIBA;3113107;0,000023082806;173.723,92
MG;CARANGOLA;3113305;0,000155718132;1.171.953,04
MG;CAREACU;3113602;0,000061213686;460.701,43
MG;CARMESIA;3113800;0,000034189550;257.314,59
MG;CARMO DA MATA;3114006;0,000039152148;294.663,69
MG;CARMOPOLIS DE MINAS;3114501;0,000183975733;1.384.623,08
MG;CASA GRANDE;3114907;0,000025333186;190.660,55
MG;CATAGUASES;3115300;0,000345211834;2.598.105,00
MG;CATUJI;3115458;0,000076285442;574.133,24
MG;CATUTI;3115474;0,000054087734;407.070,7
MG;CAXAMBU;3115508;0,000139973664;1.053.458,31
MG;CEDRO DO ABAETE;3115607;0,000012418718;93.464,74
MG;CENTRAL DE MINAS;3115706;0,000057918716;435.903,09
MG;CENTRALINA;3115805;0,000047514735;357.601,50
MG;CHALE;3116001;0,000046522905;350.136,87
MG;CHAPADA GAUCHA;3116159;0,000098843522;743.908,01
MG;CIPOTANEA;3116308;0,000010510314;79.101,86
MG;CLARO DOS POCOES;3116506;0,000060382535;454.446,08
MG;COIMBRA;3116704;0,000060566524;455.830,81
MG;CONCEICAO DA APARECIDA;3117108;0,000102259881;769.619,93
MG;CONCEICAO DO MATO DENTRO;3117504;0,000236096985;1.776.893,77
MG;CONCEICAO DO RIO VERDE;3117702;0,000122252682;920.088,11
MG;CONEGO MARINHO;3117836;0,000042439483;319.404,56
MG;CONFINS;3117876;0,000052538723;395.412,6
MG;CONGONHAL;3117900;0,000100602416;757.145,66
MG;COQUEIRAL;3118700;0,000036611737;275.544,3
MG;CORDISBURGO;3118908;0,000037467973;281.988,39
MG;CORDISLANDIA;3119005;0,000031330575;235.797,60
MG;CORONEL FABRICIANO;3119401;0,001057132004;7.956.100,22
MG;CORONEL MURTA;3119500;0,000101424250;763.330,88
MG;CORONEL XAVIER CHAVES;3119708;0,000028219758;212.385,23
MG;CORREGO NOVO;3120003;0,000016289573;122.597,25
MG;COUTO DE MAGALHAES DE MINAS;3120102;0,000022712613;170.937,81
MG;CRISOLITA;3120151;0,000058786658;442.435,33
MG;CRISTAIS;3120201;0,000070167358;528.087,82
MG;CRISTALIA;3120300;0,000052172003;392.652,65
MG;CRISTINA;3120508;0,00010009623;753.336,01
MG;CUPARAQUE;3120839;0,00004326879;325.646,00
MG;CURRAL DE DENTRO;3120870;0,000091315756;687.253,16
MG;DATAS;3121001;0,000035609922;268.004,48
MG;DELTA;3121258;0,000090056854;677.778,51
MG;DESTERRO DO MELO;3121506;0,000021512144;161.902,93
MG;DIAMANTINA;3121605;0,000297352675;2.237.911,32
MG;DIOGO DE VASCONCELOS;3121704;0,000034724092;261.337,6
MG;DIVINESIA;3121902;0,000048155480;362.423,83
MG;DIVINO DAS LARANJEIRAS;3122108;0,000027906540;210.027,91
MG;DIVISOPOLIS;3122454;0,000101030803;760.369,75
MG;DOM BOSCO;3122470;0,000030657593;230.732,66
MG;DOM JOAQUIM;3122603;0,000014267395;107.378,10
MG;DOM SILVERIO;3122702;0,000045000551;338.679,46
MG;DORES DE CAMPOS;3123007;0,000039782039;299.404,32
MG;DORES DE GUANHAES;3123106;0,000024514103;184.496,03
MG;DORES DO INDAIA;3123205;0,000056074795;422.025,52
MG;DORES DO TURVO;3123304;0,000043348703;326.247,45
MG;DURANDE;3123528;0,000031434139;236.577,04
MG;ENGENHEIRO CALDAS;3123700;0,000054901686;413.196,57
MG;ESPINOSA;3124302;0,000214328747;1.613.063,4
MG;ESPIRITO SANTO DO DOURADO;3124401;0,000081493277;613.328,02
MG;ESTRELA DO INDAIA;3124708;0,000017819829;134.114,14
MG;EWBANK DA CAMARA;3125002;0,000028483374;214.369,23
MG;FAMA;3125200;0,000025394117;191.119,12
MG;FARIA LEMOS;3125309;0,000016482877;124.052,08
MG;FELISBURGO;3125606;0,000039809360;299.609,94
MG;FERROS;3125903;0,000022497027;169.315,28
MG;FLORESTAL;3126000;0,000039135472;294.538,18
MG;FORMOSO;3126208;0,000044268928;333.173,18
MG;FRANCISCO BADARO;3126505;0,00001674644;126.035,7
MG;FRANCISCO SA;3126703;0,000070170158;528.108,89
MG;FRANCISCOPOLIS;3126752;0,000037443043;281.800,76
MG;FRONTEIRA;3127008;0,000066818533;502.884,17
MG;GAMELEIRAS;3127339;0,000053596742;403.375,41
MG;GLAUCILANDIA;3127354;0,000026250697;197.565,8
MG;GOIANA;3127388;0,000015649276;117.778,30
MG;GONCALVES;3127404;0,000019488896;146.675,73
MG;GONZAGA;3127503;0,000056226120;423.164,41
MG;GRAO MOGOL;3127800;0,000146746862;1.104.434,20
MG;GUANHAES;3128006;0,000118918890;894.997,60
MG;GUAPE;3128105;0,000067788952;510.187,65
MG;GUIMARANIA;3128907;0,000043069064;324.142,86
MG;IAPU;3129301;0,000091972852;692.198,54
MG;IBERTIOGA;3129400;0,000023250748;174.987,87
MG;IBIAI;3129608;0,000067429827;507.484,84
MG;IBIRACATU;3129657;0,000053063095;399.359,12
MG;IBIRACI;3129707;0,000052900270;398.133,68
MG;IGUATAMA;3130309;0,000050127498;377.265,47
MG;IJACI;3130408;0,000033076069;248.934,40
MG;ILICINEA;3130507;0,000135161429;1.017.240,87
MG;IMBE DE MINAS;3130556;0,000064503923;485.464,14
MG;INCONFIDENTES;3130606;0,000057025153;429.178,03
MG;INDAIABIRA;3130655;0,000072159681;543.082,28
MG;INHAPIM;3130903;0,000186193107;1.401.311,30
MG;INHAUMA;3131000;0,000059516615;447.929,07
MG;INIMUTABA;3131109;0,000062681044;471.744,93
MG;IPABA;3131158;0,000174169816;1.310.822,59
MG;IPANEMA;3131208;0,000133911808;1.007.836,07
MG;IPIACU;3131406;0,000060118504;452.458,96
MG;ITABIRINHA;3131802;0,000048183592;362.635,40
MG;ITACARAMBI;3132107;0,000235307645;1.770.953,11
MG;ITAJUBA;3132404;0,000339501400;2.555.127,60
MG;ITAMARATI DE MINAS;3132602;0,000054353056;409.067,51
MG;ITAMBACURI;3132701;0,000160290749;1.206.367,09
MG;ITAMBE DO MATO DENTRO;3132800;0,000008322647;62.637,22
MG;ITANHANDU;3133105;0,000103121179;776.102,16
MG;ITANHOMI;3133204;0,000102382208;770.540,58
MG;ITAPAGIPE;3133402;0,000116916877;879.930,21
MG;ITAPECERICA;3133501;0,000038553975;290.161,77
MG;ITAVERAVA;3133907;0,000013173561;99.145,77
MG;ITUMIRIM;3134301;0,000031533230;237.322,81
MG;JACUI;3134806;0,000036992800;278.412,18
MG;JAGUARACU;3135001;0,000038041124;286.301,99
MG;JAPONVAR;3135357;0,000095623245;719.671,83
MG;JECEABA;3135407;0,000042642872;320.935,29
MG;JENIPAPO DE MINAS;3135456;0,000016908681;127.256,73
MG;JEQUITIBA;3135704;0,000027639911;208.021,23
MG;JESUANIA;3135902;0,000047040412;354.031,69
MG;JOAIMA;3136009;0,000165385974;1.244.714,36
MG;JOANESIA;3136108;0,000021430997;161.292,21
MG;JOAQUIM FELICIO;3136405;0,000031191949;234.754,29
MG;JORDANIA;3136504;0,000042863282;322.594,12
MG;JOSE GONCALVES DE MINAS;3136520;0,000016603847;124.962,5
MG;JOSE RAYDAN;3136553;0,000020407720;153.590,91
MG;JOSENOPOLIS;3136579;0,000033249961;250.243,13
MG;JUVENILIA;3136959;0,000048811813;367.363,47
MG;LAGAMAR;3137106;0,000041717666;313.972,08
MG;LAGOA DA PRATA;3137205;0,000163914597;1.233.640,60
MG;LAGOA DOS PATOS;3137304;0,000036323;273.368,18
MG;LAJINHA;3137700;0,000128976159;970.689,79
MG;LAMIM;3137908;0,000006848350;51.541,49
MG;LAVRAS;3138203;0,000455337731;3.426.925,50
MG;LEANDRO FERREIRA;3138302;0,000007226122;54.384,65
MG;LIBERDADE;3138500;0,000035706274;268.729,63
MG;LIMEIRA DO OESTE;3138625;0,000042245377;317.943,69
MG;LUISLANDIA;3138682;0,000039958997;300.736,13
MG;LUZ;3138807;0,000128635984;968.129,60
MG;MACHACALIS;3138906;0,000031001293;233.319,39
MG;MALACACHETA;3139201;0,000097050389;730.412,7
MG;MANHUACU;3139409;0,000322883853;2.430.062,0
MG;MARILAC;3140100;0,000067868794;510.788,55
MG;MARIPA DE MINAS;3140209;0,000047611063;358.326,48
MG;MARTINHO CAMPOS;3140506;0,000130221619;980.063,27
MG;MATA VERDE;3140555;0,000041807834;314.650,69
MG;MATERLANDIA;3140605;0,000043146363;324.724,62
MG;MATIAS BARBOSA;3140803;0,000111541870;839.477,28
MG;MATO VERDE;3141009;0,000082351774;619.789,17
MG;MEDINA;3141405;0,000161879668;1.218.325,49
MG;MERCES;3141603;0,000073168074;550.671,56
MG;MESQUITA;3141702;0,000042521781;320.023,94
MG;MINAS NOVAS;3141801;0,000264060874;1.987.353,30
MG;MIRABELA;3142007;0,000116940217;880.105,87
MG;MIRAVANIA;3142254;0,000039683437;298.662,23
MG;MONSENHOR PAULO;3142601;0,000053355047;401.556,38
MG;MONTE SANTO DE MINAS;3143203;0,000087943460;661.872,86
MG;MONTEZUMA;3143450;0,000066900510;503.501,13
MG;MORRO DO PILAR;3143708;0,000009131133;68.721,98
MG;NACIP RAYDAN;3144201;0,000024747345;186.251,44
MG;NANUQUE;3144300;0,000164976024;1.241.629,03
MG;NAQUE;3144359;0,000085466909;643.234,04
MG;NATALANDIA;3144375;0,000033120320;249.267,44
MG;NAZARENO;3144508;0,000085414864;642.842,35
MG;NEPOMUCENO;3144607;0,000096059558;722.955,6
MG;NINHEIRA;3144656;0,000044458321;334.598,57
MG;NOVA MODICA;3144904;0,000019780666;148.871,6
MG;NOVA SERRANA;3145208;0,001617245244;12.171.578,57
MG;NOVO CRUZEIRO;3145307;0,000210382823;1.583.365,95
MG;NOVO ORIENTE DE MINAS;3145356;0,000044767415;336.924,85
MG;OLARIA;3145406;0,000025596109;192.639,34
MG;OURO VERDE DE MINAS;3146206;0,000077302301;581.786,24
MG;PADRE PARAISO;3146305;0,000178975639;1.346.991,78
MG;PAI PEDRO;3146552;0,000035211039;265.002,43
MG;PAIVA;3146602;0,000017828027;134.175,84
MG;PALMA;3146701;0,000045783197;344.569,74
MG;PAPAGAIOS;3146909;0,000062701468;471.898,7
MG;PARACATU;3147006;0,000431636487;3.248.547,1
MG;PASSA TEMPO;3147709;0,000081022932;609.788,15
MG;PATIS;3147956;0,000054874320;412.990,61
MG;PATROCINIO DO MURIAE;3148202;0,000047140053;354.781,60
MG;PAULA CANDIDO;3148301;0,000029606112;222.819,09
MG;PECANHA;3148608;0,000044267774;333.164,49
MG;PEDRA BONITA;3148756;0,000042941327;323.181,49
MG;PEDRA DO INDAIA;3148905;0,000021744410;163.651,00
MG;PEDRA DOURADA;3149002;0,000019998206;150.508,86
MG;PEDRINOPOLIS;3149200;0,000039414029;296.634,63
MG;PEQUERI;3149507;0,000055524598;417.884,68
MG;PERDIGAO;3149705;0,000089002851;669.845,96
MG;PESCADOR;3150000;0,000015884366;119.547,61
MG;PIAU;3150109;0,000024228033;182.343,04
MG;PIEDADE DE PONTE NOVA;3150208;0,000055461617;417.410,67
MG;PIRANGA;3150802;0,000094774549;713.284,44
MG;PIRAPETINGA;3151107;0,000113258580;852.397,44
MG;PIRAUBA;3151305;0,000099337904;747.628,8
MG;PITANGUI;3151404;0,000189424824;1.425.633,58
MG;POCO FUNDO;3151701;0,000052579578;395.720,11
MG;POCRANE;3151909;0,000017311106;130.285,4
MG;PORTO FIRME;3152303;0,000019118309;143.886,65
MG;PRATINHA;3153004;0,000041329114;311.047,79
MG;PRESIDENTE BERNARDES;3153103;0,000017779604;133.811,40
MG;PRESIDENTE JUSCELINO;3153202;0,000027251209;205.095,82
MG;QUELUZITO;3153806;0,000007999634;60.206,19
MG;REDUTO;3154150;0,000038050049;286.369,16
MG;RIACHO DOS MACHADOS;3154507;0,000061960713;466.323,64
MG;RIBEIRAO DAS NEVES;3154606;0,002886386877;21.723.288,28
MG;RIBEIRAO VERMELHO;3154705;0,000042203628;317.629,49
MG;RIO DO PRADO;3155108;0,000025173237;189.456,75
MG;RIO ESPERA;3155207;0,000008227531;61.921,37
MG;RIO MANSO;3155306;0,000041944001;315.675,50
MG;RIO NOVO;3155405;0,000036020218;271.092,41
MG;RIO PIRACICABA;3155702;0,000158076842;1.189.704,97
MG;RIO POMBA;3155801;0,000064060603;482.127,66
MG;RIO VERMELHO;3156007;0,000090553752;681.518,22
MG;RITAPOLIS;3156106;0,000019089894;143.672,80
MG;ROMARIA;3156403;0,000034820704;262.064,73
MG;ROSARIO DA LIMEIRA;3156452;0,000035494383;267.134,92
MG;RUBELITA;3156502;0,000023245368;174.947,38
MG;RUBIM;3156601;0,000111946247;842.520,67
MG;SACRAMENTO;3156908;0,000147193376;1.107.794,72
MG;SANTA CRUZ DE MINAS;3157336;0,000035272293;265.463,44
MG;SANTA CRUZ DE SALINAS;3157377;0,000018452497;138.875,67
MG;SANTA CRUZ DO ESCALVADO;3157401;0,000017134839;128.958,82
MG;SANTA HELENA DE MINAS;3157658;0,00003914430;294.604,62
MG;SANTA MARIA DO SALTO;3158102;0,000053407167;401.948,64
MG;SANTA MARIA DO SUACUI;3158201;0,000087837400;661.074,6
MG;SANTA RITA DE CALDAS;3159209;0,000058332985;439.020,93
MG;SANTA RITA DE IBITIPOCA;3159407;0,000013705141;103.146,51
MG;SANTA RITA DE MINAS;3159357;0,000033873956;254.939,39
MG;SANTANA DE CATAGUASES;3158409;0,000021131472;159.037,95
MG;SANTANA DO DESERTO;3158607;0,000024873374;187.199,95
MG;SANTANA DO GARAMBEU;3158706;0,000026651867;200.585,10
MG;SANTANA DO JACARE;3158805;0,000018171277;136.759,2
MG;SANTANA DO MANHUACU;3158904;0,000097026015;730.229,24
MG;SANTANA DO PARAISO;3158953;0,000335565510;2.525.505,63
MG;SANTANA DOS MONTES;3159100;0,000041139131;309.617,95
MG;SANTO ANTONIO DO AVENTUREIRO;3160009;0,000019945561;150.112,7
MG;SANTO ANTONIO DO JACINTO;3160306;0,000097698401;735.289,70
MG;SANTO ANTONIO DO MONTE;3160405;0,000127647910;960.693,2
MG;SANTO ANTONIO DO RIO ABAIXO;3160504;0,000014823702;111.564,9
MG;SAO FELIX DE MINAS;3161056;0,000036455934;274.371,66
MG;SAO FRANCISCO DE SALES;3161304;0,000079885690;601.229,13
MG;SAO FRANCISCO DO GLORIA;3161403;0,000047025544;353.919,79
MG;SAO GERALDO DA PIEDADE;3161601;0,000031148610;234.428,11
MG;SAO GONCALO DO ABAETE;3161700;0,000038431920;289.243,17
MG;SAO GONCALO DO PARA;3161809;0,000053512153;402.738,8
MG;SAO GONCALO DO RIO ABAIXO;3161908;0,000233243966;1.755.421,61
MG;SAO GONCALO DO RIO PRETO;3125507;0,000026063062;196.153,68
MG;SAO JOAO BATISTA DO GLORIA;3162203;0,000076792858;577.952,11
MG;SAO JOAO DO ORIENTE;3162609;0,000037881014;285.096,98
MG;SAO JOSE DA BARRA;3162948;0,000034926442;262.860,52
MG;SAO JOSE DA LAPA;3162955;0,000183772771;1.383.095,56
MG;SAO JOSE DA SAFIRA;3163003;0,000039702915;298.808,82
MG;SAO JOSE DO MANTIMENTO;3163607;0,000017691570;133.148,84
MG;SAO MIGUEL DO ANTA;3163805;0,000027250724;205.092,16
MG;SAO PEDRO DO SUACUI;3164100;0,000042315187;318.469,09
MG;SAO ROMAO;3164209;0,000080430234;605.327,43
MG;SAO ROQUE DE MINAS;3164308;0,000066598439;501.227,71
MG;SAO SEBASTIAO DA BELA VISTA;3164407;0,000080486001;605.747,14
MG;SAO SEBASTIAO DA VARGEM ALEGRE;3164431;0,00005177905;389.695,21
MG;SAO SEBASTIAO DO MARANHAO;3164506;0,000020949999;157.672,16
MG;SARDOA;3165503;0,000066247371;498.585,53
MG;SARZEDO;3165537;0,00021571043;1.623.462,14
MG;SENADOR FIRMINO;3165701;0,000035363447;266.149,48
MG;SENADOR MODESTINO GONCALVES;3165909;0,000016455062;123.842,74
MG;SENHORA DE OLIVEIRA;3166006;0,000021733998;163.572,63
MG;SENHORA DO PORTO;3166105;0,00002752190;207.133,07
MG;SENHORA DOS REMEDIOS;3166204;0,000050645660;381.165,21
MG;SERICITA;3166303;0,000041573277;312.885,39
MG;SERRA AZUL DE MINAS;3166501;0,000013030887;98.071,99
MG;SERRA DOS AIMORES;3166709;0,000067855328;510.687,2
MG;SERRANIA;3166907;0,000078118890;587.932,0
MG;SERRANOPOLIS DE MINAS;3166956;0,000046587560;350.623,47
MG;SERRO;3167103;0,000044201637;332.666,74
MG;SETUBINHA;3165552;0,000028096234;211.455,57
MG;SILVEIRANIA;3167301;0,000026673637;200.748,94
MG;SILVIANOPOLIS;3167400;0,000024556499;184.815,11
MG;SIMAO PEREIRA;3167509;0,000018095845;136.191,47
MG;SIMONESIA;3167608;0,00022428293;1.687.979,81
MG;TAIOBEIRAS;3168002;0,000173561661;1.306.245,54
MG;TAPARUBA;3168051;0,000035549690;267.551,16
MG;TEIXEIRAS;3168507;0,000096684034;727.655,45
MG;TIRADENTES;3168804;0,00006968230;524.437,21
MG;TIROS;3168903;0,00003563436;268.188,40
MG;TOMBOS;3169208;0,000077437072;582.800,54
MG;TUMIRITINGA;3169505;0,000062635798;471.404,41
MG;TURMALINA;3169703;0,000079441000;597.882,34
MG;UBAPORANGA;3170057;0,000102833743;773.938,9
MG;UMBURATIBA;3170305;0,000013407349;100.905,29
MG;UNIAO DE MINAS;3170438;0,000028795854;216.721,00
MG;URUANA DE MINAS;3170479;0,000028201884;212.250,71
MG;URUCUIA;3170529;0,000137276387;1.033.158,29
MG;VARGEM ALEGRE;3170578;0,000024145777;181.723,97
MG;VARGEM BONITA;3170602;0,000022076269;166.148,6
MG;VARGEM GRANDE DO RIO PARDO;3170651;0,000027568139;207.481,07
MG;VARZEA DA PALMA;3170800;0,000152486320;1.147.630,04
MG;VARZELANDIA;3170909;0,000151272455;1.138.494,35
MG;VERMELHO NOVO;3171154;0,000024730151;186.122,03
MG;VIEIRAS;3171402;0,000027054821;203.617,77
MG;VIRGINIA;3171709;0,000077055542;579.929,10
MG;VIRGINOPOLIS;3171808;0,000107862019;811.782,28
MG;VIRGOLANDIA;3171907;0,000033171763;249.654,6
MS;AGUA CLARA;5000203;0,000334500473;2.517.490,0
MS;ANASTACIO;5000708;0,000235014374;1.768.745,91
MS;ANGELICA;5000856;0,000067248135;506.117,40
MS;ANTONIO JOAO;5000906;0,000076406750;575.046,22
MS;AQUIDAUANA;5001102;0,000564341952;4.247.304,13
MS;BATAGUASSU;5001904;0,000262030005;1.972.068,74
MS;BELA VISTA;5002100;0,000277377892;2.087.578,75
MS;CAMAPUA;5002605;0,00014168833;1.066.363,09
MS;CASSILANDIA;5002902;0,000239413203;1.801.852,02
MS;CORGUINHO;5003108;0,000057207590;430.551,07
MS;COXIM;5003306;0,000164145646;1.235.379,50
MS;DEODAPOLIS;5003454;0,00006822737;513.487,22
MS;FIGUEIRAO;5003900;0,000020919423;157.442,1
MS;GLORIA DE DOURADOS;5004007;0,000103875782;781.781,39
MS;GUIA LOPES DA LAGUNA;5004106;0,000103400390;778.203,54
MS;INOCENCIA;5004403;0,000102241160;769.479,04
MS;ITAPORA;5004502;0,000187132198;1.408.379,01
MS;ITAQUIRAI;5004601;0,000262441037;1.975.162,22
MS;JARAGUARI;5004908;0,000059511301;447.889,07
MS;JATEI;5005103;0,000014875434;111.954,27
MS;JUTI;5005152;0,000101752097;765.798,29
MS;LADARIO;5005202;0,000315844158;2.377.080,41
MS;MARACAJU;5005400;0,000606034413;4.561.086,51
MS;MUNDO NOVO;5005681;0,000231039769;1.738.832,57
MS;NIOAQUE;5005806;0,000167945682;1.263.979,02
MS;NOVO HORIZONTE DO SUL;5006259;0,000077682527;584.647,87
MS;PARAISO DAS AGUAS;5006275;0,000123442581;929.043,43
MS;PARANAIBA;5006309;0,000476184887;3.583.823,66
MS;PEDRO GOMES;5006408;0,000039337045;296.055,24
MS;RIO NEGRO;5007307;0,000060671238;456.618,90
MS;ROCHEDO;5007505;0,000072318394;544.276,8
MS;SELVIRIA;5007802;0,000102618958;772.322,39
MS;SETE QUEDAS;5007703;0,000110669619;832.912,61
MS;SONORA;5007935;0,00025898734;1.949.169,29
MS;TAQUARUSSU;5007976;0,000046760659;351.926,24
MT;ACORIZAL;5100102;0,000023636317;177.889,71
MT;AGUA BOA;5100201;0,000380429816;2.863.159,69
MT;ALTA FLORESTA;5100250;0,000632366879;4.759.267,76
MT;ALTO BOA VISTA;5100359;0,000049622894;373.467,76
MT;ALTO GARCAS;5100409;0,000151834711;1.142.725,95
MT;ALTO PARAGUAI;5100508;0,000080502075;605.868,12
MT;APIACAS;5100805;0,000059621082;448.715,30
MT;ARAGUAIANA;5101001;0,000041222883;310.248,28
MT;ARAPUTANGA;5101258;0,000162026482;1.219.430,43
MT;ARENAPOLIS;5101308;0,000058601452;441.041,44
MT;ARIPUANA;5101407;0,000371640204;2.797.008,03
MT;BARAO DE MELGACO;5101605;0,000032907920;247.668,89
MT;BARRA DO BUGRES;5101704;0,000351336277;2.644.198,28
MT;BARRA DO GARCAS;5101803;0,00075215580;5.660.813,30
MT;BOA ESPERANCA DO NORTE;5101837;0,000116705907;878.342,4
MT;BRASNORTE;5101902;0,000105387323;793.157,43
MT;CAMPO NOVO DO PARECIS;5102637;0,000805067538;6.059.033,30
MT;CAMPOS DE JULIO;5102686;0,000170745;1.285.043,60
MT;CANABRAVA DO NORTE;5102694;0,000062698006;471.872,59
MT;CARLINDA;5102793;0,000118537647;892.128,32
MT;CASTANHEIRA;5102850;0,000062670308;471.664,13
MT;CHAPADA DOS GUIMARAES;5103007;0,000210077147;1.581.065,40
MT;CLAUDIA;5103056;0,000143971578;1.083.547,09
MT;COCALINHO;5103106;0,000072430335;545.119,25
MT;COLIDER;5103205;0,000359670170;2.706.920,15
MT;COLNIZA;5103254;0,000344706307;2.594.300,4
MT;CONFRESA;5103353;0,000442575867;3.330.878,21
MT;CONQUISTA DOESTE;5103361;0,000027160111;204.410,20
MT;COTRIGUACU;5103379;0,000115563703;869.746,07
MT;CURVELANDIA;5103437;0,000054964277;413.667,64
MT;DENISE;5103452;0,000042775124;321.930,63
MT;DOM AQUINO;5103601;0,000072820758;548.057,62
MT;FELIZ NATAL;5103700;0,000081116473;610.492,15
MT;FIGUEIROPOLIS DOESTE;5103809;0,000017629128;132.678,90
MT;GAUCHA DO NORTE;5103858;0,000117659232;885.517,27
MT;GENERAL CARNEIRO;5103908;0,000042998380;323.610,88
MT;GUIRATINGA;5104203;0,000097814185;736.161,10
MT;INDIAVAI;5104500;0,000017741906;133.527,68
MT;ITANHANGA;5104542;0,000055012644;414.031,65
MT;ITAUBA;5104559;0,000088987924;669.733,62
MT;JACIARA;5104807;0,000324030714;2.438.693,39
MT;JANGADA;5104906;0,000051025891;384.026,88
MT;JAURU;5105002;0,000099775291;750.920,62
MT;JUINA;5105150;0,000256120090;1.927.590,02
MT;JURUENA;5105176;0,000071791690;540.312,73
MT;LAMBARI DOESTE;5105234;0,000064676294;486.761,42
MT;MARCELANDIA;5105580;0,000159659648;1.201.617,35
MT;MATUPA;5105606;0,000294767100;2.218.451,98
MT;MIRASSOL DOESTE;5105622;0,00027680874;2.083.295,22
MT;NORTELANDIA;5106000;0,000034121918;256.805,58
MT;NOSSA SENHORA DO LIVRAMENTO;5106109;0,000159790813;1.202.604,52
MT;NOVA BANDEIRANTES;5106158;0,000179999807;1.354.699,79
MT;NOVA BRASILANDIA;5106208;0,000056221823;423.132,1
MT;NOVA CANAA DO NORTE;5106216;0,000142622973;1.073.397,33
MT;NOVA GUARITA;5108808;0,00006875312;517.444,08
MT;NOVA LACERDA;5106182;0,000119790186;901.555,08
MT;NOVA MARILANDIA;5108857;0,00005778903;434.927,05
MT;NOVA MONTE VERDE;5108956;0,000147623326;1.111.030,57
MT;NOVA MUTUM;5106224;0,00092521365;6.963.267,13
MT;NOVA OLIMPIA;5106232;0,000201150086;1.513.879,29
MT;NOVA SANTA HELENA;5106190;0,000056290602;423.649,71
MT;NOVA UBIRATA;5106240;0,000170898123;1.286.199,44
MT;NOVO HORIZONTE DO NORTE;5106273;0,000049563923;373.023,93
MT;NOVO MUNDO;5106265;0,000060083097;452.192,48
MT;NOVO SANTO ANTONIO;5106315;0,000036743234;276.533,92
MT;NOVO SAO JOAQUIM;5106281;0,000089903975;676.627,93
MT;PARANAITA;5106299;0,000154497924;1.162.769,61
MT;PARANATINGA;5106307;0,00015073844;1.134.475,27
MT;PEDRA PRETA;5106372;0,000217403039;1.636.200,93
MT;PEIXOTO DE AZEVEDO;5106422;0,000431435728;3.247.036,21
MT;PONTAL DO ARAGUAIA;5106653;0,000060555010;455.744,15
MT;PONTES E LACERDA;5106752;0,000614815194;4.627.171,71
MT;PORTO ALEGRE DO NORTE;5106778;0,000128244824;965.185,68
MT;PORTO DOS GAUCHOS;5106802;0,000036844241;277.294,1
MT;PRIMAVERA DO LESTE;5107040;0,001024896535;7.713.492,28
MT;QUERENCIA;5107065;0,00037346644;2.810.752,51
MT;RESERVA DO CABACAL;5107156;0,000014267395;107.378,10
MT;RIBEIRAO CASCALHEIRA;5107180;0,000135069250;1.016.547,12
MT;RIO BRANCO;5107206;0,000069155778;520.474,55
MT;RONDOLANDIA;5107578;0,000022175695;166.896,90
MT;RONDONOPOLIS;5107602;0,001381790899;10.399.521,38
MT;ROSARIO OESTE;5107701;0,000142630581;1.073.454,6
MT;SALTO DO CEU;5107750;0,000043923874;330.576,26
MT;SANTA CRUZ DO XINGU;5107743;0,000041387037;311.483,72
MT;SANTA RITA DO TRIVELATO;5107768;0,000085195258;641.189,57
MT;SANTA TEREZINHA;5107776;0,000037808600;284.551,99
MT;SANTO AFONSO;5107263;0,000035930935;270.420,46
MT;SANTO ANTONIO DO LEVERGER;5107800;0,000058894030;443.243,42
MT;SAO FELIX DO ARAGUAIA;5107859;0,000117286188;882.709,69
MT;SAO JOSE DO POVO;5107297;0,000023344532;175.693,70
MT;SAO JOSE DO XINGU;5107354;0,000049615470;373.411,88
MT;SAO JOSE DOS QUATRO MARCOS;5107107;0,000182480447;1.373.369,38
MT;SAO PEDRO DA CIPA;5107404;0,000057295862;431.215,42
MT;SAPEZAL;5107875;0,000502061159;3.778.571,53
MT;SERRA NOVA DOURADA;5107883;0,000012188197;91.729,81
MT;TABAPORA;5107941;0,000083700691;629.941,28
MT;TERRA NOVA DO NORTE;5108055;0,000137321952;1.033.501,22
MT;TESOURO;5108105;0,000014479962;108.977,90
MT;TORIXOREU;5108204;0,000036284022;273.077,83
MT;UNIAO DO SUL;5108303;0,000074939837;564.006,06
MT;VALE DE SAO DOMINGOS;5108352;0,000036846849;277.313,7
MT;VERA;5108501;0,000152989178;1.151.414,61
MT;VILA BELA DA SANTISSIMA TRINDADE;5105507;0,000216786416;1.631.560,15
MT;VILA RICA;5108600;0,00025476339;1.917.379,36
PA;ABEL FIGUEIREDO;1500131;0,000064425289;484.872,33
PA;ACARA;1500206;0,001329761214;10.007.939,83
PA;AGUA AZUL DO NORTE;1500347;0,000261610721;1.968.913,16
PA;ALENQUER;1500404;0,00100860825;7.590.904,75
PA;ALMEIRIM;1500503;0,000812097735;6.111.943,39
PA;ANAJAS;1500701;0,000825787494;6.214.974,14
PA;ANANINDEUA;1500800;0,003893299574;29.301.432,07
PA;ANAPU;1500859;0,000680161243;5.118.973,78
PA;AUGUSTO CORREA;1500909;0,00091259622;6.868.306,87
PA;AVEIRO;1501006;0,000305918490;2.302.378,66
PA;BAIAO;1501204;0,000591405193;4.450.985,3
PA;BARCARENA;1501303;0,002180649954;16.411.828,91
PA;BELTERRA;1501451;0,000197198251;1.484.137,31
PA;BOM JESUS DO TOCANTINS;1501576;0,000258085688;1.942.383,35
PA;BONITO;1501600;0,000163458439;1.230.207,50
PA;BRAGANCA;1501709;0,001512440330;11.382.804,42
PA;BREJO GRANDE DO ARAGUAIA;1501758;0,000072912095;548.745,03
PA;BUJARU;1501907;0,000542734505;4.084.683,94
PA;CACHOEIRA DO ARARI;1502004;0,000324498986;2.442.217,66
PA;CACHOEIRA DO PIRIA;1501956;0,000394173245;2.966.594,36
PA;CANAA DOS CARAJAS;1502152;0,001688863061;12.710.582,71
PA;CAPANEMA;1502202;0,000351921949;2.648.606,12
PA;CAPITAO POCO;1502301;0,000748763948;5.635.285,84
PA;CHAVES;1502509;0,000591778384;4.453.793,96
PA;COLARES;1502608;0,000157014402;1.181.708,92
PA;CONCORDIA DO PARA;1502756;0,000812950746;6.118.363,26
PA;CUMARU DO NORTE;1502764;0,000334422842;2.516.905,78
PA;CURRALINHO;1502806;0,000803748610;6.049.106,89
PA;CURUA;1502855;0,000294308920;2.215.003,67
PA;CURUCA;1502905;0,000614204649;4.622.576,67
PA;ELDORADO DO CARAJAS;1502954;0,000506745282;3.813.824,80
PA;FARO;1503002;0,000191922215;1.444.429,24
PA;FLORESTA DO ARAGUAIA;1503044;0,000380895744;2.866.666,32
PA;GARRAFAO DO NORTE;1503077;0,000493831235;3.716.632,15
PA;IGARAPE-MIRI;1503309;0,001251460820;9.418.641,82
PA;INHANGAPI;1503408;0,000117279439;882.658,90
PA;IRITUIA;1503507;0,00020198864;1.520.190,33
PA;ITAITUBA;1503606;0,002387098914;17.965.588,14
PA;ITUPIRANGA;1503705;0,000841613254;6.334.080,67
PA;JACAREACANGA;1503754;0,000614506746;4.624.850,29
PA;JACUNDA;1503804;0,00062887119;4.732.958,76
PA;JURUTI;1503903;0,001059302902;7.972.438,66
PA;LIMOEIRO DO AJURU;1504000;0,000530546325;3.992.954,25
PA;MAE DO RIO;1504059;0,000592672695;4.460.524,65
PA;MAGALHAES BARATA;1504109;0,000139819451;1.052.297,69
PA;MARABA;1504208;0,004439447587;33.411.806,47
PA;MARACANA;1504307;0,000533058463;4.011.860,90
PA;MARAPANIM;1504406;0,000402108214;3.026.313,87
PA;MARITUBA;1504422;0,002002809831;15.073.383,15
PA;MEDICILANDIA;1504455;0,000492859605;3.709.319,55
PA;MELGACO;1504505;0,000854971399;6.434.615,65
PA;MOCAJUBA;1504604;0,000321329481;2.418.363,60
PA;MOJUI DOS CAMPOS;1504752;0,000398847692;3.001.774,80
PA;MONTE ALEGRE;1504802;0,001175601931;8.847.718,87
PA;MUANA;1504901;0,000761107926;5.728.188,07
PA;NOVA IPIXUNA;1504976;0,000224014400;1.685.958,81
PA;NOVA TIMBOTEUA;1505007;0,000206395832;1.553.359,39
PA;OEIRAS DO PARA;1505205;0,000792110135;5.961.514,36
PA;OUREM;1505403;0,000241857245;1.820.246,17
PA;OURILANDIA DO NORTE;1505437;0,000635147705;4.780.196,59
PA;PACAJA;1505486;0,000933794729;7.027.849,33
PA;PARÁ;15;0,019592604892;147.456.256,7
PA;PEIXE-BOI;1505601;0,000193815889;1.458.681,25
PA;PICARRA;1505635;0,000354283449;2.666.379,05
PA;PLACAS;1505650;0,000589045346;4.433.224,79
PA;PONTA DE PEDRAS;1505700;0,000416873385;3.137.438,29
PA;PORTO DE MOZ;1505908;0,001456404917;10.961.075,28
PA;PRAINHA;1506005;0,000847031221;6.374.856,93
PA;PRIMAVERA;1506104;0,000155782016;1.172.433,84
PA;REDENCAO;1506138;0,001401343150;10.546.673,93
PA;RUROPOLIS;1506195;0,000676294204;5.089.869,99
PA;SANTA BARBARA DO PARA;1506351;0,000258306928;1.944.048,42
PA;SANTA CRUZ DO ARARI;1506401;0,000156666849;1.179.093,19
PA;SANTA LUZIA DO PARA;1506559;0,000335838487;2.527.560,09
PA;SANTA MARIA DAS BARREIRAS;1506583;0,000338890225;2.550.527,83
PA;SANTA MARIA DO PARA;1506609;0,000290163179;2.183.802,33
PA;SANTANA DO ARAGUAIA;1506708;0,001159495491;8.726.499,90
PA;SANTAREM NOVO;1506906;0,000129218174;972.511,23
PA;SANTO ANTONIO DO TAUA;1507003;0,000479237868;3.606.800,75
PA;SAO CAETANO DE ODIVELAS;1507102;0,000310335216;2.335.619,46
PA;SAO DOMINGOS DO ARAGUAIA;1507151;0,000345096699;2.597.238,48
PA;SAO DOMINGOS DO CAPIM;1507201;0,000657749908;4.950.303,43
PA;SAO FRANCISCO DO PARA;1507409;0,000245528059;1.847.873,15
PA;SAO GERALDO DO ARAGUAIA;1507458;0,000505822640;3.806.880,88
PA;SAO JOAO DA PONTA;1507466;0,000101033277;760.388,37
PA;SAO JOAO DE PIRABAS;1507474;0,000332437364;2.501.962,83
PA;SAO JOAO DO ARAGUAIA;1507508;0,000241919606;1.820.715,51
PA;SAO MIGUEL DO GUAMA;1507607;0,001188795106;8.947.012,26
PA;SAO SEBASTIAO DA BOA VISTA;1507706;0,000579927054;4.364.599,5
PA;SAPUCAIA;1507755;0,000143436607;1.079.520,8
PA;TERRA SANTA;1507979;0,000396689715;2.985.533,61
PA;TOME-ACU;1508001;0,001576436815;11.864.449,51
PA;TRACUATEUA;1508035;0,000476085207;3.583.073,45
PA;TUCUMA;1508084;0,000679090281;5.110.913,60
PA;ULIANOPOLIS;1508126;0,000282796208;2.128.357,64
PA;URUARA;1508159;0,001093067092;8.226.551,93
PA;VISEU;1508308;0,001222074033;9.197.473,39
PB;ALAGOA NOVA;2500403;0,000324620448;2.443.131,80
PB;ALAGOINHA;2500502;0,000186397680;1.402.850,94
PB;ALGODAO DE JANDAIRA;2500577;0,000028326501;213.188,6
PB;ALHANDRA;2500601;0,000329562041;2.480.322,81
PB;AMPARO;2500734;0,000036925491;277.905,60
PB;ARACAGI;2500809;0,000239328952;1.801.217,94
PB;ARARA;2500908;0,000136220723;1.025.213,24
PB;AREIA;2501104;0,000148339134;1.116.417,83
PB;AREIA DE BARAUNAS;2501153;0,000028685950;215.893,85
PB;AROEIRAS;2501302;0,000294790933;2.218.631,35
PB;ASSUNCAO;2501351;0,000084728026;637.673,12
PB;BARAUNA;2501534;0,000091657102;689.822,17
PB;BARRA DE SANTANA;2501575;0,000057709157;434.325,9
PB;BARRA DE SAO MIGUEL;2501708;0,000185856055;1.398.774,6
PB;BELEM;2501906;0,000091063783;685.356,78
PB;BOA VENTURA;2502102;0,000028353506;213.391,83
PB;BOA VISTA;2502151;0,000117162415;881.778,16
PB;BONITO DE SANTA FE;2502409;0,000161618523;1.216.360,08
PB;BORBOREMA;2502706;0,000062268531;468.640,31
PB;BREJO DO CRUZ;2502805;0,000267978541;2.016.838,13
PB;BREJO DOS SANTOS;2502904;0,000078632419;591.796,87
PB;CAAPORA;2503001;0,000338628412;2.548.557,39
PB;CABACEIRAS;2503100;0,000062563158;470.857,7
PB;CABEDELO;2503209;0,000714313559;5.376.008,15
PB;CACIMBA DE AREIA;2503407;0,000025996418;195.652,1
PB;CACIMBA DE DENTRO;2503506;0,000212313442;1.597.896,0
PB;CACIMBAS;2503555;0,000151639478;1.141.256,61
PB;CAICARA;2503605;0,000101699982;765.406,07
PB;CALDAS BRANDAO;2503803;0,000100006952;752.664,12
PB;CAMALAU;2503902;0,000057414843;432.110,88
PB;CAPIM;2504033;0,000115087730;866.163,84
PB;CARAUBAS;2504074;0,00006127370;461.153,07
PB;CARRAPATEIRA;2504108;0,000068173083;513.078,67
PB;CASSERENGUE;2504157;0,000112832288;849.189,12
PB;CATINGUEIRA;2504207;0,000074125935;557.880,53
PB;CATOLE DO ROCHA;2504306;0,000321878050;2.422.492,19
PB;CONCEICAO;2504405;0,000118869429;894.625,4
PB;CONDE;2504603;0,000575513103;4.331.379,53
PB;CONGO;2504702;0,000088596902;666.790,74
PB;COREMAS;2504801;0,000073553504;553.572,35
PB;CUBATI;2505006;0,000167566563;1.261.125,73
PB;CUITE;2505105;0,000268825094;2.023.209,38
PB;CUITEGI;2505204;0,000108339178;815.373,44
PB;CURRAL DE CIMA;2505279;0,000104116985;783.596,72
PB;CURRAL VELHO;2505303;0,000043210663;325.208,55
PB;DAMIAO;2505352;0,000094962715;714.700,6
PB;DESTERRO;2505402;0,000101714240;765.513,37
PB;DIAMANTE;2505600;0,000066512912;500.584,03
PB;DUAS ESTRADAS;2505808;0,000055262213;415.909,94
PB;GADO BRAVO;2506251;0,000177717333;1.337.521,6
PB;GUARABIRA;2506301;0,000573832059;4.318.727,80
PB;GURINHEM;2506400;0,000270718206;2.037.457,17
PB;GURJAO;2506509;0,000061211012;460.681,30
PB;IBIARA;2506608;0,000035042292;263.732,43
PB;IGARACY;2502607;0,000073008947;549.473,95
PB;IMACULADA;2506707;0,000061546031;463.202,69
PB;INGA;2506806;0,000113296597;852.683,56
PB;ITAPOROROCA;2507101;0,000313169271;2.356.948,89
PB;JERICO;2507408;0,000111784528;841.303,55
PB;JOCA CLAUDINO;2513653;0,000094922426;714.397,38
PB;JUAREZ TAVORA;2507606;0,000117634369;885.330,14
PB;JUNCO DO SERIDO;2507804;0,000097804213;736.086,05
PB;JURU;2508000;0,00014935848;1.124.089,55
PB;LAGOA;2508109;0,000056750716;427.112,59
PB;LAGOA DE DENTRO;2508208;0,000150090719;1.129.600,46
PB;LAGOA SECA;2508307;0,000373918488;2.814.154,67
PB;LASTRO;2508406;0,000054980058;413.786,4
PB;MAE DAGUA;2508703;0,000053353832;401.547,24
PB;MAMANGUAPE;2508901;0,000521078898;3.921.701,28
PB;MANAIRA;2509008;0,000150828923;1.135.156,27
PB;MARCACAO;2509057;0,000131451979;989.323,11
PB;MARI;2509107;0,000298784578;2.248.688,00
PB;MARIZOPOLIS;2509156;0,000127260022;957.773,94
PB;MATARACA;2509305;0,000205662171;1.547.837,77
PB;MATINHAS;2509339;0,000079127187;595.520,55
PB;MATO GROSSO;2509370;0,000036720440;276.362,37
PB;MATUREIA;2509396;0,000116874770;879.613,31
PB;MONTE HOREBE;2509602;0,000099282024;747.208,23
PB;MONTEIRO;2509701;0,000492867302;3.709.377,48
PB;MULUNGU;2509800;0,000068657703;516.725,98
PB;NAZAREZINHO;2510006;0,000098621324;742.235,72
PB;NOVA PALMEIRA;2510303;0,000062792136;472.581,03
PB;OLHO DAGUA;2510402;0,000081293655;611.825,64
PB;OLIVEDOS;2510501;0,000064373034;484.479,05
PB;OURO VELHO;2510600;0,000042110801;316.930,86
PB;PARARI;2510659;0,000022970667;172.880,0
PB;PATOS;2510808;0,001077941244;8.112.713,02
PB;PAULISTA;2510907;0,000231750045;1.744.178,19
PB;PEDRA BRANCA;2511004;0,000070111644;527.668,51
PB;PEDRA LAVRADA;2511103;0,00006242706;469.833,43
PB;PICUI;2511400;0,000144130493;1.084.743,10
PB;PILAR;2511509;0,000092094787;693.116,24
PB;PILOES;2511608;0,000132229068;995.171,57
PB;PILOEZINHOS;2511707;0,000044423660;334.337,71
PB;POCINHOS;2512002;0,000165746251;1.247.425,85
PB;POCO DANTAS;2512036;0,00011928833;897.778,02
PB;POCO DE JOSE DE MOURA;2512077;0,000084045605;632.537,14
PB;PRATA;2512200;0,00005908197;444.657,89
PB;PRINCESA ISABEL;2512309;0,000249034872;1.874.265,84
PB;PUXINANA;2512408;0,000143013559;1.076.336,92
PB;QUEIMADAS;2512507;0,000911339418;6.858.848,01
PB;RIACHAO;2512747;0,000054614667;411.036,43
PB;RIACHO DE SANTO ANTONIO;2512788;0,000022004759;165.610,41
PB;RIO TINTO;2512903;0,000286994279;2.159.952,8
PB;SALGADO DE SAO FELIX;2513109;0,000156942287;1.181.166,17
PB;SANTA CECILIA;2513158;0,000121246742;912.517,29
PB;SANTA CRUZ;2513208;0,000068523443;515.715,52
PB;SANTA INES;2513356;0,000035645035;268.268,74
PB;SANTA LUZIA;2513406;0,000169810540;1.278.014,16
PB;SANTA TERESINHA;2513802;0,000025069113;188.673,10
PB;SANTANA DE MANGUEIRA;2513505;0,000034310233;258.222,86
PB;SAO BENTINHO;2513927;0,000073324599;551.849,59
PB;SAO DOMINGOS;2513968;0,000020762702;156.262,55
PB;SAO DOMINGOS DO CARIRI;2513943;0,000051503918;387.624,57
PB;SAO FRANCISCO;2513984;0,000062800260;472.642,17
PB;SAO JOAO DO CARIRI;2514008;0,000074577937;561.282,36
PB;SAO JOAO DO RIO DO PEIXE;2500700;0,000332623;2.503.360,81
PB;SAO JOAO DO TIGRE;2514107;0,0000684770;515.366,2
PB;SAO JOSE DA LAGOA TAPADA;2514206;0,000055861149;420.417,60
PB;SAO JOSE DE ESPINHARAS;2514404;0,00004985452;375.210,96
PB;SAO JOSE DE PIRANHAS;2514503;0,000143950015;1.083.384,80
PB;SAO JOSE DO BONFIM;2514602;0,000026781270;201.559,00
PB;SAO JOSE DO SABUGI;2514701;0,000067143357;505.328,83
PB;SAO JOSE DOS CORDEIROS;2514800;0,000048356796;363.938,95
PB;SAO JOSE DOS RAMOS;2514453;0,000123187017;927.120,0
PB;SAO MIGUEL DE TAIPU;2515005;0,000115081323;866.115,62
PB;SAO SEBASTIAO DO UMBUZEIRO;2515203;0,000062449539;470.002,60
PB;SAO VICENTE DO SERIDO;2515401;0,0001757263;1.322.536,81
PB;SERRA BRANCA;2515500;0,000117965284;887.820,65
PB;SERRA DA RAIZ;2515609;0,000032036374;241.109,53
PB;SERRA GRANDE;2515708;0,000058248737;438.386,87
PB;SERRA REDONDA;2515807;0,000090970212;684.652,6
PB;SERRARIA;2515906;0,000036150298;272.071,41
PB;SERTAOZINHO;2515930;0,000105819767;796.412,05
PB;SOLEDADE;2516102;0,000112497048;846.666,06
PB;SOUSA;2516201;0,000546684081;4.114.408,91
PB;SUME;2516300;0,000208888421;1.572.118,91
PB;TACIMA;2516409;0,000114488079;861.650,79
PB;TAPEROA;2516508;0,000194205403;1.461.612,78
PB;TAVARES;2516607;0,000187472918;1.410.943,31
PB;TEIXEIRA;2516706;0,000223019826;1.678.473,53
PB;TENORIO;2516755;0,000054600678;410.931,15
PB;TRIUNFO;2516805;0,000253310799;1.906.446,97
PB;UIRAUNA;2516904;0,000232118818;1.746.953,62
PB;UMBUZEIRO;2517001;0,000205219949;1.544.509,56
PB;VARZEA;2517100;0,000039125110;294.460,20
PB;VIEIROPOLIS;2517209;0,000079169155;595.836,4
PB;VISTA SERRANA;2505501;0,000033331632;250.857,79
PE;AFOGADOS DA INGAZEIRA;2600104;0,000624483538;4.699.936,81
PE;AFRANIO;2600203;0,000246589059;1.855.858,36
PE;AGRESTINA;2600302;0,000324520185;2.442.377,21
PE;AGUA PRETA;2600401;0,000325642104;2.450.820,91
PE;AGUAS BELAS;2600500;0,000601210048;4.524.777,77
PE;ALAGOINHA;2600609;0,000204118220;1.536.217,81
PE;ALTINHO;2600807;0,000107258776;807.242,21
PE;AMARAJI;2600906;0,000235204277;1.770.175,15
PE;ANGELIM;2601003;0,000164087705;1.234.943,43
PE;BARREIROS;2601409;0,000541792270;4.077.592,56
PE;BELEM DE MARIA;2601508;0,000175454856;1.320.493,95
PE;BETANIA;2601805;0,000230267474;1.733.020,18
PE;BOM CONSELHO;2602100;0,000564515261;4.248.608,48
PE;BOM JARDIM;2602209;0,000451294563;3.396.496,14
PE;BUENOS AIRES;2602704;0,000080864839;608.598,32
PE;BUIQUE;2602803;0,000720636625;5.423.596,29
PE;CABO DE SANTO AGOSTINHO;2602902;0,002479801256;18.663.276,91
PE;CABROBO;2603009;0,000235336334;1.771.169,02
PE;CACHOEIRINHA;2603108;0,000222965201;1.678.062,42
PE;CALUMBI;2603405;0,000117143370;881.634,83
PE;CAMUTANGA;2603603;0,000094886183;714.124,61
PE;CANHOTINHO;2603702;0,000349946932;2.633.741,91
PE;CAPOEIRAS;2603801;0,000280613970;2.111.933,86
PE;CARNAIBA;2603900;0,000365757903;2.752.737,14
PE;CARNAUBEIRA DA PENHA;2603926;0,000118344425;890.674,11
PE;CARPINA;2604007;0,00074503973;5.607.256,93
PE;CASINHAS;2604155;0,000287518206;2.163.895,95
PE;CATENDE;2604205;0,000365186936;2.748.439,98
PE;CEDRO;2604304;0,000143459468;1.079.692,89
PE;CHA DE ALEGRIA;2604403;0,00019145687;1.440.926,96
PE;CHA GRANDE;2604502;0,000413030402;3.108.515,6
PE;CORRENTES;2604700;0,000226643408;1.705.745,04
PE;CUMARU;2604908;0,000249672524;1.879.064,88
PE;CUPIRA;2605004;0,000494291789;3.720.098,34
PE;CUSTODIA;2605103;0,000633273419;4.766.090,49
PE;ESCADA;2605202;0,000575912921;4.334.388,61
PE;EXU;2605301;0,000459041045;3.454.797,08
PE;FERREIROS;2605509;0,000134450199;1.011.888,06
PE;FLORES;2605608;0,000262141053;1.972.904,5
PE;GAMELEIRA;2605905;0,000270940236;2.039.128,19
PE;GOIANA;2606200;0,000907441147;6.829.509,17
PE;IBIRAJUBA;2606705;0,000104562321;786.948,37
PE;IGARASSU;2606804;0,001307381054;9.839.504,10
PE;ILHA DE ITAMARACA;2607604;0,000175774826;1.322.902,08
PE;INGAZEIRA;2607109;0,000083001395;624.678,29
PE;IPOJUCA;2607208;0,001880490415;14.152.792,79
PE;ITAPETIM;2607703;0,000098368777;740.335,02
PE;JAQUEIRA;2607950;0,000182683802;1.374.899,85
PE;JATAUBA;2608008;0,000133808247;1.007.056,66
PE;JOAQUIM NABUCO;2608206;0,000188150251;1.416.040,99
PE;JUREMA;2608404;0,000257430671;1.937.453,61
PE;LAGOA DE ITAENGA;2608503;0,000214970997;1.617.897,09
PE;LAGOA DO CARRO;2608453;0,000232652781;1.750.972,3
PE;LAGOA DO OURO;2608602;0,000207685376;1.563.064,65
PE;LAGOA DOS GATOS;2608701;0,000216840916;1.631.970,32
PE;LAGOA GRANDE;2608750;0,000240043137;1.806.592,98
PE;LAJEDO;2608800;0,000643948152;4.846.429,8
PE;LIMOEIRO;2608909;0,000274908648;2.068.994,93
PE;MANARI;2609154;0,000173665309;1.307.025,61
PE;MARAIAL;2609204;0,000158912881;1.195.997,10
PE;MIRANDIBA;2609303;0,000231648056;1.743.410,61
PE;MOREILANDIA;2614303;0,000146442267;1.102.141,78
PE;MORENO;2609402;0,000515134455;3.876.962,70
PE;NAZARE DA MATA;2609501;0,000239288905;1.800.916,54
PE;OROCO;2609808;0,000241951151;1.820.952,92
PE;OURICURI;2609907;0,000705461133;5.309.383,7
PE;PALMEIRINA;2610103;0,000098613847;742.179,5
PE;PANELAS;2610202;0,00051158920;3.850.280,72
PE;PARANATAMA;2610301;0,000200311022;1.507.564,39
PE;PARNAMIRIM;2610400;0,000130257665;980.334,56
PE;PASSIRA;2610509;0,000343850680;2.587.860,80
PE;PAUDALHO;2610608;0,000758118109;5.705.686,36
PE;PERNAMBUCO;26;0,044619581226;335.812.234,13
PE;PRIMAVERA;2611408;0,000146268092;1.100.830,92
PE;QUIPAPA;2611507;0,000258073493;1.942.291,57
PE;QUIXABA;2611533;0,000191477189;1.441.079,92
PE;RIACHO DAS ALMAS;2611705;0,000351223638;2.643.350,55
PE;RIBEIRAO;2611804;0,000360296101;2.711.631,0
PE;RIO FORMOSO;2611903;0,000396812542;2.986.458,02
PE;SAIRE;2612000;0,000068147397;512.885,35
PE;SALGADINHO;2612109;0,000079404511;597.607,72
PE;SALGUEIRO;2612208;0,000392035074;2.950.502,23
PE;SALOA;2612307;0,000269755206;2.030.209,52
PE;SANTA CRUZ DA BAIXA VERDE;2612471;0,000175800083;1.323.092,17
PE;SANTA MARIA DA BOA VISTA;2612604;0,000680845185;5.124.121,21
PE;SANTA MARIA DO CAMBUCA;2612703;0,000172530423;1.298.484,3
PE;SANTA TEREZINHA;2612802;0,000142684736;1.073.862,2
PE;SAO CAITANO;2613107;0,00045176221;3.400.015,72
PE;SAO JOAO;2613206;0,000365664796;2.752.036,4
PE;SAO JOAQUIM DO MONTE;2613305;0,000152223689;1.145.653,45
PE;SAO JOSE DO BELMONTE;2613503;0,000223347832;1.680.942,14
PE;SAO JOSE DO EGITO;2613602;0,000209435868;1.576.239,06
PE;SAO LOURENCO DA MATA;2613701;0,001101827834;8.292.486,31
PE;SAO VICENTE FERRER;2613800;0,00021636787;1.628.410,12
PE;SERRA TALHADA;2613909;0,001106383310;8.326.771,36
PE;SERTANIA;2614105;0,000385596146;2.902.042,10
PE;SIRINHAEM;2614204;0,000534924998;4.025.908,66
PE;SOLIDAO;2614402;0,000120064286;903.617,99
PE;SURUBIM;2614501;0,000611746113;4.604.073,44
PE;TABIRA;2614600;0,000373164135;2.808.477,32
PE;TACAIMBO;2614709;0,000140566906;1.057.923,12
PE;TACARATU;2614808;0,000134967206;1.015.779,12
PE;TERRA NOVA;2615201;0,000161118753;1.212.598,75
PE;TIMBAUBA;2615300;0,000443635454;3.338.852,78
PE;TRIUNFO;2615706;0,000234241194;1.762.926,87
PE;TUPANATINGA;2615805;0,000393644591;2.962.615,65
PE;TUPARETAMA;2615904;0,000135536463;1.020.063,4
PE;VENTUROSA;2616001;0,000212070361;1.596.066,56
PE;VERDEJANTE;2616100;0,000140281015;1.055.771,5
PE;VERTENTE DO LERIO;2616183;0,000148878574;1.120.477,71
PE;VERTENTES;2616209;0,000274635903;2.066.942,21
PE;VITORIA DE SANTO ANTAO;2616407;0,001321803231;9.948.047,11
PE;XEXEU;2616506;0,000257513852;1.938.079,64
PI;AGUA BRANCA;2200202;0,000282875016;2.128.950,75
PI;ALAGOINHA DO PIAUI;2200251;0,000083606281;629.230,74
PI;ALEGRETE DO PIAUI;2200277;0,00008821995;663.953,78
PI;ALTO LONGA;2200301;0,000161810397;1.217.804,14
PI;ALTOS;2200400;0,000792294864;5.962.904,65
PI;ALVORADA DO GURGUEIA;2200459;0,000081864377;616.120,96
PI;AMARANTE;2200509;0,000279359776;2.102.494,64
PI;ANGICAL DO PIAUI;2200608;0,000132816159;999.590,09
PI;ANISIO DE ABREU;2200707;0,000180696083;1.359.940,1
PI;ANTONIO ALMEIDA;2200806;0,000062858524;473.080,67
PI;ARRAIAL;2201002;0,000101598361;764.641,26
PI;BARRA DALCANTARA;2201176;0,000067660204;509.218,7
PI;BARRAS;2201200;0,000955451712;7.190.842,34
PI;BATALHA;2201507;0,000379144009;2.853.482,6
PI;BELA VISTA DO PIAUI;2201556;0,000064901835;488.458,87
PI;BELEM DO PIAUI;2201572;0,000094038920;707.748,01
PI;BENEDITINOS;2201606;0,000222749065;1.676.435,8
PI;BETANIA DO PIAUI;2201739;0,000138861546;1.045.088,38
PI;BOM JESUS;2201903;0,000584003633;4.395.280,26
PI;BOM PRINCIPIO DO PIAUI;2201919;0,000095601932;719.511,42
PI;BONFIM DO PIAUI;2201929;0,000086113739;648.102,16
PI;BOQUEIRAO DO PIAUI;2201945;0,000116378830;875.880,81
PI;BRASILEIRA;2201960;0,000069951220;526.461,14
PI;BREJO DO PIAUI;2201988;0,000072618501;546.535,41
PI;BURITI DOS LOPES;2202000;0,000371515847;2.796.072,11
PI;BURITI DOS MONTES;2202026;0,000249027924;1.874.213,55
PI;CAJAZEIRAS DO PIAUI;2202075;0,000054985884;413.830,25
PI;CAJUEIRO DA PRAIA;2202083;0,000179494627;1.350.897,75
PI;CALDEIRAO GRANDE DO PIAUI;2202091;0,000104009683;782.789,15
PI;CAMPINAS DO PIAUI;2202109;0,000092358288;695.099,38
PI;CAMPO ALEGRE DO FIDALGO;2202117;0,000091338159;687.421,76
PI;CAMPO GRANDE DO PIAUI;2202133;0,000104434802;785.988,64
PI;CAMPO MAIOR;2202208;0,000823169490;6.195.270,73
PI;CAPITAO GERVASIO OLIVEIRA;2202455;0,000030756543;231.477,37
PI;CARAUBAS DO PIAUI;2202539;0,000047944881;360.838,83
PI;CARIDADE DO PIAUI;2202554;0,000149487336;1.125.059,33
PI;COCAL;2202703;0,000493945459;3.717.491,82
PI;COCAL DOS ALVES;2202729;0,000114154403;859.139,51
PI;COLONIA DO GURGUEIA;2202752;0,000108110338;813.651,16
PI;COLONIA DO PIAUI;2202778;0,000128298353;965.588,55
PI;CONCEICAO DO CANINDE;2202802;0,000083817164;630.817,87
PI;CORRENTE;2202901;0,000362098648;2.725.197,16
PI;CRISTALANDIA DO PIAUI;2203008;0,000133362558;1.003.702,4
PI;CRISTINO CASTRO;2203107;0,000197831412;1.488.902,55
PI;CURIMATA;2203206;0,000187019496;1.407.530,80
PI;CURRAIS;2203230;0,00013856789;1.042.878,32
PI;CURRAL NOVO DO PIAUI;2203271;0,000134355799;1.011.177,60
PI;CURRALINHOS;2203255;0,000089846303;676.193,88
PI;DEMERVAL LOBAO;2203305;0,000337918591;2.543.215,2
PI;DOM EXPEDITO LOPES;2203404;0,000104558115;786.916,71
PI;DOM INOCENCIO;2203453;0,000130015545;978.512,34
PI;DOMINGOS MOURAO;2203420;0,000098225606;739.257,50
PI;ELESBAO VELOSO;2203503;0,000156943952;1.181.178,70
PI;ELISEU MARTINS;2203602;0,000062644446;471.469,49
PI;ESPERANTINA;2203701;0,000654835792;4.928.371,45
PI;FARTURA DO PIAUI;2203750;0,000104211890;784.310,98
PI;FLORES DO PIAUI;2203800;0,000065747818;494.825,84
PI;FLORESTA DO PIAUI;2203859;0,00005048983;379.992,38
PI;FLORIANO;2203909;0,000696767930;5.243.957,67
PI;FRANCINOPOLIS;2204006;0,000090192393;678.798,6
PI;FRANCISCO AYRES;2204105;0,000036986637;278.365,80
PI;FRANCISCO MACEDO;2204154;0,000063447744;477.515,21
PI;FRANCISCO SANTOS;2204204;0,000052342869;393.938,61
PI;FRONTEIRAS;2204303;0,000166044580;1.249.671,11
PI;GEMINIANO;2204352;0,000055089302;414.608,6
PI;GILBUES;2204402;0,000183623813;1.381.974,49
PI;GUADALUPE;2204501;0,000159632681;1.201.414,40
PI;GUARIBAS;2204550;0,000084359036;634.896,06
PI;ILHA GRANDE;2204659;0,000072959239;549.099,84
PI;INHUMA;2204709;0,000182231114;1.371.492,9
PI;IPIRANGA DO PIAUI;2204808;0,000164674753;1.239.361,63
PI;ISAIAS COELHO;2204907;0,000072656944;546.824,74
PI;ITAINOPOLIS;2205003;0,00015031010;1.131.251,52
PI;ITAUEIRA;2205102;0,000102778697;773.524,60
PI;JACOBINA DO PIAUI;2205151;0,000184537421;1.388.850,41
PI;JAICOS;2205201;0,000141645522;1.066.040,92
PI;JARDIM DO MULATO;2205250;0,00005808614;437.163,16
PI;JOAO COSTA;2205359;0,000041894224;315.300,87
PI;JOSE DE FREITAS;2205508;0,000608423572;4.579.067,61
PI;LAGOA DE SAO FRANCISCO;2205573;0,000153423655;1.154.684,53
PI;LAGOA DO PIAUI;2205581;0,000040574295;305.366,9
PI;LAGOA DO SITIO;2205599;0,000060443263;454.903,13
PI;LANDRI SALES;2205607;0,000125091759;941.455,34
PI;LUZILANDIA;2205805;0,000478312986;3.599.839,98
PI;MADEIRO;2205854;0,000162275944;1.221.307,91
PI;MARCOLANDIA;2205953;0,000088238502;664.093,38
PI;MATIAS OLIMPIO;2206100;0,000199484372;1.501.342,93
PI;MIGUEL ALVES;2206209;0,000717565415;5.400.482,00
PI;MIGUEL LEAO;2206308;0,000012332895;92.818,82
PI;MILTON BRANDAO;2206357;0,0000859255;646.685,75
PI;MONTE ALEGRE DO PIAUI;2206605;0,000181678455;1.367.333,49
PI;MORRO CABECA NO TEMPO;2206654;0,000084553065;636.356,35
PI;MORRO DO CHAPEU DO PIAUI;2206670;0,000081350954;612.256,88
PI;NAZARE DO PIAUI;2206704;0,000101182520;761.511,59
PI;NOSSA SENHORA DE NAZARE;2206753;0,000177781091;1.338.001,47
PI;NOVO SANTO ANTONIO;2206951;0,000057290031;431.171,53
PI;OLHO DAGUA DO PIAUI;2207108;0,000052155224;392.526,37
PI;PADRE MARCOS;2207207;0,000128835620;969.632,08
PI;PAES LANDIM;2207306;0,000039300736;295.782,0
PI;PAJEU DO PIAUI;2207355;0,00004081771;307.198,90
PI;PALMEIRA DO PIAUI;2207405;0,000047972009;361.043,00
PI;PAQUETA;2207553;0,000113738890;856.012,31
PI;PARNAGUA;2207603;0,000090593705;681.818,92
PI;PASSAGEM FRANCA DO PIAUI;2207751;0,000107988085;812.731,07
PI;PATOS DO PIAUI;2207777;0,000105232768;791.994,23
PI;PAU DARCO DO PIAUI;2207793;0,000061768932;464.880,27
PI;PAVUSSU;2207850;0,000055911608;420.797,4
PI;PEDRO II;2207900;0,000499911769;3.762.394,97
PI;PEDRO LAURENTINO;2207934;0,000035998523;270.929,13
PI;PIAUÍ;22;0,011574385568;87.110.191,74
PI;PICOS;2208007;0,000711686566;5.356.237,09
PI;PIRACURUCA;2208304;0,000218572230;1.645.000,40
PI;PIRIPIRI;2208403;0,000985933973;7.420.255,44
PI;PORTO;2208502;0,000154127444;1.159.981,33
PI;PORTO ALEGRE DO PIAUI;2208551;0,000046308861;348.525,95
PI;PRATA DO PIAUI;2208601;0,000057684367;434.139,35
PI;QUEIMADA NOVA;2208650;0,000130835196;984.681,1
PI;REDENCAO DO GURGUEIA;2208700;0,000143795533;1.082.222,15
PI;REGENERACAO;2208809;0,000316909489;2.385.098,21
PI;RIACHO FRIO;2208858;0,000155215580;1.168.170,77
PI;RIBEIRA DO PIAUI;2208874;0,000064763470;487.417,52
PI;RIBEIRO GONCALVES;2208908;0,000110784273;833.775,51
PI;RIO GRANDE DO PIAUI;2209005;0,000085223640;641.403,17
PI;SANTA FILOMENA;2209203;0,00010699460;805.253,95
PI;SANTA ROSA DO PIAUI;2209377;0,000085497975;643.467,85
PI;SANTANA DO PIAUI;2209351;0,000072630780;546.627,82
PI;SANTO ANTONIO DOS MILAGRES;2209450;0,00004729068;355.915,3
PI;SANTO INACIO DO PIAUI;2209500;0,000039654923;298.447,63
PI;SAO BRAZ DO PIAUI;2209559;0,000070327268;529.291,32
PI;SAO FRANCISCO DE ASSIS DO PIAUI;2209658;0,000089386484;672.733,23
PI;SAO FRANCISCO DO PIAUI;2209708;0,000086867674;653.776,37
PI;SAO GONCALO DO GURGUEIA;2209757;0,000058593966;440.985,10
PI;SAO GONCALO DO PIAUI;2209807;0,000068289448;513.954,44
PI;SAO JOAO DA CANABRAVA;2209856;0,000062277731;468.709,55
PI;SAO JOAO DA SERRA;2209906;0,000085988568;647.160,11
PI;SAO JOAO DA VARJOTA;2209955;0,000100395511;755.588,46
PI;SAO JOAO DO ARRAIAL;2209971;0,000198857438;1.496.624,55
PI;SAO JOAO DO PIAUI;2210003;0,000325358136;2.448.683,7
PI;SAO JOSE DO DIVINO;2210052;0,000093080484;700.534,71
PI;SAO JOSE DO PEIXE;2210102;0,000050255074;378.225,62
PI;SAO JOSE DO PIAUI;2210201;0,000082683443;622.285,35
PI;SAO JULIAO;2210300;0,000130511076;982.241,76
PI;SAO LOURENCO DO PIAUI;2210359;0,000061948023;466.228,13
PI;SAO LUIS DO PIAUI;2210375;0,000047105573;354.522,10
PI;SAO MIGUEL DO FIDALGO;2210391;0,000048056850;361.681,52
PI;SAO PEDRO DO PIAUI;2210508;0,000240003256;1.806.292,83
PI;SAO RAIMUNDO NONATO;2210607;0,0002473705;1.861.739,37
PI;SEBASTIAO BARROS;2210623;0,000069964187;526.558,73
PI;SEBASTIAO LEAL;2210631;0,000040539666;305.106,31
PI;SIGEFREDO PACHECO;2210656;0,000128807237;969.418,47
PI;SIMOES;2210706;0,000291156632;2.191.279,17
PI;SOCORRO DO PIAUI;2210904;0,000072692786;547.094,49
PI;SUSSUAPARA;2210938;0,000086503807;651.037,86
PI;TAMBORIL DO PIAUI;2210953;0,000030703918;231.081,3
PI;UNIAO;2211100;0,000762265624;5.736.901,05
PI;URUCUI;2211209;0,000353740683;2.662.294,13
PI;VALENCA DO PIAUI;2211308;0,000304085967;2.288.586,87
PI;VARZEA BRANCA;2211357;0,000080919802;609.011,98
PI;VARZEA GRANDE;2211407;0,000096487265;726.174,54
PI;VERA MENDES;2211506;0,000079347431;597.178,1
PI;VILA NOVA DO PIAUI;2211605;0,000111705279;840.707,11
PI;WALL FERRAZ;2211704;0,000134356300;1.011.181,37
PR;ADRIANOPOLIS;4100202;0,000068417683;514.919,56
PR;AGUDOS DO SUL;4100301;0,000057776650;434.833,89
PR;ALTAMIRA DO PARANA;4100459;0,000041417218;311.710,87
PR;ALTO PARAISO;4128625;0,000041923998;315.524,96
PR;ALTO PARANA;4100608;0,000077085158;580.152,00
PR;ALTO PIQUIRI;4100707;0,000114990920;865.435,23
PR;ALTONIA;4100509;0,000094717394;712.854,29
PR;ALVORADA DO SUL;4100806;0,000111723707;840.845,80
PR;ANDIRA;4101101;0,000096068726;723.024,57
PR;ANGULO;4101150;0,000043093250;324.324,9
PR;ANTONIO OLINTO;4101309;0,000072222016;543.551,42
PR;ARAPONGAS;4101507;0,001165775702;8.773.765,51
PR;ARARUNA;4101705;0,000070897691;533.584,39
PR;ASSAI;4101903;0,000139429006;1.049.359,2
PR;ASSIS CHATEAUBRIAND;4102000;0,000398506859;2.999.209,65
PR;ASTORGA;4102109;0,000269553109;2.028.688,51
PR;ATALAIA;4102208;0,000054343648;408.996,71
PR;BALSA NOVA;4102307;0,000180938786;1.361.766,66
PR;BARBOSA FERRAZ;4102505;0,000097804615;736.089,08
PR;BELA VISTA DA CAROBA;4102752;0,000037327621;280.932,08
PR;BITURUNA;4102901;0,000218792850;1.646.660,8
PR;BOA ESPERANCA DO IGUACU;4103024;0,000034330755;258.377,31
PR;BOA VISTA DA APARECIDA;4103057;0,000095014816;715.092,72
PR;BOM JESUS DO SUL;4103156;0,000053419299;402.039,95
PR;BOM SUCESSO DO SUL;4103222;0,000046867199;352.728,07
PR;BRASILANDIA DO SUL;4103370;0,000044028975;331.367,26
PR;CAFEARA;4103404;0,000032926822;247.811,15
PR;CAFELANDIA;4103453;0,000281780297;2.120.711,77
PR;CAFEZAL DO SUL;4103479;0,000048538776;365.308,56
PR;CAMBIRA;4103800;0,000105853105;796.662,96
PR;CAMPINA DA LAGOA;4103909;0,00019539076;1.470.533,93
PR;CAMPINA DO SIMAO;4103958;0,000062079575;467.218,21
PR;CAMPINA GRANDE DO SUL;4104006;0,000272451885;2.050.505,04
PR;CAMPO BONITO;4104055;0,000024048786;180.994,00
PR;CAMPO LARGO;4104204;0,001439375714;10.832.911,49
PR;CAMPO MOURAO;4104303;0,001016184416;7.647.923,8
PR;CANDIDO DE ABREU;4104402;0,000149859851;1.127.862,92
PR;CANDOI;4104428;0,000186907569;1.406.688,42
PR;CANTAGALO;4104451;0,000073470479;552.947,50
PR;CAPANEMA;4104501;0,000235636689;1.773.429,53
PR;CARAMBEI;4104659;0,000132734947;998.978,88
PR;CASCAVEL;4104808;0,003378951950;25.430.391,15
PR;CASTRO;4104907;0,000894210430;6.729.933,23
PR;CENTENARIO DO SUL;4105102;0,00005423408;408.172,07
PR;CERRO AZUL;4105201;0,000076562254;576.216,56
PR;CHOPINZINHO;4105409;0,000219982838;1.655.616,80
PR;CIANORTE;4105508;0,000413050134;3.108.664,1
PR;CIDADE GAUCHA;4105607;0,000068750875;517.427,20
PR;CLEVELANDIA;4105706;0,000186760039;1.405.578,09
PR;CONGONHINHAS;4106001;0,000089621109;674.499,04
PR;CONSELHEIRO MAIRINCK;4106100;0,000048324938;363.699,19
PR;CONTENDA;4106209;0,000223463702;1.681.814,19
PR;CORBELIA;4106308;0,000221686051;1.668.435,38
PR;CORUMBATAI DO SUL;4106555;0,000043076570;324.199,35
PR;CRUZ MACHADO;4106803;0,000159298097;1.198.896,28
PR;CRUZEIRO DO IGUACU;4106571;0,000058923628;443.466,18
PR;CRUZEIRO DO SUL;4106704;0,000055545223;418.039,90
PR;CURIUVA;4107009;0,000137690212;1.036.272,79
PR;DIAMANTE DO NORTE;4107108;0,000023003211;173.124,88
PR;DIAMANTE DO SUL;4107124;0,000038905504;292.807,41
PR;DOIS VIZINHOS;4107207;0,000566301728;4.262.053,64
PR;ENGENHEIRO BELTRAO;4107504;0,000129791492;976.826,09
PR;ENTRE RIOS DO OESTE;4107538;0,000064391448;484.617,64
PR;ESPERANCA NOVA;4107520;0,000018875016;142.055,60
PR;ESPIGAO ALTO DO IGUACU;4107546;0,000048870450;367.804,77
PR;FAXINAL;4107603;0,000083970476;631.971,7
PR;FENIX;4107702;0,000050912371;383.172,51
PR;FERNANDES PINHEIRO;4107736;0,000032910124;247.685,48
PR;FIGUEIRA;4107751;0,000074828344;563.166,95
PR;FLOR DA SERRA DO SUL;4107850;0,000061573056;463.406,09
PR;FLORIDA;4108106;0,000031867262;239.836,77
PR;FORMOSA DO OESTE;4108205;0,000078898293;593.797,86
PR;FOZ DO IGUACU;4108304;0,001428321446;10.749.715,77
PR;FOZ DO JORDAO;4108452;0,000069110676;520.135,1
PR;FRANCISCO BELTRAO;4108403;0,001091825054;8.217.204,21
PR;GENERAL CARNEIRO;4108502;0,000128491979;967.045,80
PR;GODOY MOREIRA;4108551;0,000030715277;231.166,80
PR;GOIOXIM;4108650;0,000080703133;607.381,3
PR;GUAIRA;4108809;0,000342292057;2.576.130,42
PR;GUAIRACA;4108908;0,000041303169;310.852,52
PR;GUAMIRANGA;4108957;0,000088283152;664.429,4
PR;HONORIO SERPA;4109658;0,000056873036;428.033,18
PR;IBAITI;4109708;0,000312718879;2.353.559,19
PR;IGUARACU;4110003;0,000069097359;520.034,88
PR;IGUATU;4110052;0,000020734432;156.049,78
PR;IMBAU;4110078;0,000135320044;1.018.434,62
PR;IMBITUVA;4110102;0,000360413807;2.712.516,85
PR;INAJA;4110300;0,000034985679;263.306,35
PR;INDIANOPOLIS;4110409;0,000025609553;192.740,52
PR;IPIRANGA;4110508;0,000161255685;1.213.629,32
PR;IPORA;4110607;0,000126096478;949.016,97
PR;IRACEMA DO OESTE;4110656;0,000025410622;191.243,34
PR;IRATI;4110706;0,000626692203;4.716.559,48
PR;IRETAMA;4110805;0,000133987235;1.008.403,74
PR;ITAMBE;4111100;0,000032730995;246.337,33
PR;ITAPERUCU;4111258;0,000353815809;2.662.859,53
PR;ITAUNA DO SUL;4111308;0,000041987348;316.001,74
PR;IVAI;4111407;0,000149237826;1.123.181,49
PR;IVAIPORA;4111506;0,000294528651;2.216.657,39
PR;IVATUBA;4111605;0,000010985894;82.681,13
PR;JABOTI;4111704;0,000066540860;500.794,37
PR;JAGUARIAIVA;4112009;0,000370301409;2.786.932,11
PR;JANIOPOLIS;4112207;0,000027156174;204.380,57
PR;JAPIRA;4112306;0,000049788308;374.712,68
PR;JAPURA;4112405;0,000096988110;729.943,96
PR;JARDIM OLINDA;4112603;0,000007695124;57.914,41
PR;JATAIZINHO;4112702;0,000123824549;931.918,2
PR;JESUITAS;4112751;0,000067915232;511.138,05
PR;JOAQUIM TAVORA;4112801;0,000176360383;1.327.309,06
PR;JUNDIAI DO SUL;4112900;0,000038559059;290.200,03
PR;JURANDA;4112959;0,000078844798;593.395,25
PR;JUSSARA;4113007;0,000070319487;529.232,76
PR;KALORE;4113106;0,000051531308;387.830,71
PR;LAPA;4113205;0,000463967073;3.491.870,95
PR;LARANJAL;4113254;0,000063948653;481.285,11
PR;LEOPOLIS;4113403;0,000050641687;381.135,31
PR;LINDOESTE;4113452;0,000074644000;561.779,55
PR;LOBATO;4113601;0,000024111897;181.469,0
PR;LUIZIANA;4113734;0,000069992482;526.771,68
PR;LUNARDELLI;4113759;0,000050299533;378.560,22
PR;MALLET;4113908;0,000132518709;997.351,44
PR;MAMBORE;4114005;0,000136973252;1.030.876,86
PR;MANDAGUARI;4114203;0,000191533848;1.441.506,34
PR;MANGUEIRINHA;4114401;0,00019931436;1.500.063,40
PR;MARIA HELENA;4114708;0,000030094052;226.491,39
PR;MARILENA;4115002;0,000041423003;311.754,41
PR;MARILUZ;4115101;0,000106994653;805.254,39
PR;MARIPA;4115358;0,000080213525;603.696,46
PR;MARMELEIRO;4115408;0,000074723547;562.378,23
PR;MARQUINHO;4115457;0,000053505105;402.685,73
PR;MARUMBI;4115507;0,000024447278;183.993,10
PR;MATELANDIA;4115606;0,000267616004;2.014.109,63
PR;MATINHOS;4115705;0,000235860573;1.775.114,51
PR;MATO RICO;4115739;0,000020497491;154.266,54
PR;MAUA DA SERRA;4115754;0,000134492612;1.012.207,27
PR;MERCEDES;4115853;0,000083910259;631.518,5
PR;MIRADOR;4115903;0,000027200256;204.712,34
PR;MIRASELVA;4116000;0,000022131142;166.561,59
PR;MISSAL;4116059;0,000125673832;945.836,09
PR;MORRETES;4116208;0,00009954591;749.194,23
PR;MUNHOZ DE MELO;4116307;0,000055029133;414.155,75
PR;NOVA CANTU;4116802;0,000039710916;298.869,04
PR;NOVA ESPERANCA DO SUDOESTE;4116950;0,000031239879;235.115,02
PR;NOVA LARANJEIRAS;4117057;0,000085414433;642.839,10
PR;NOVA LONDRINA;4117107;0,000072693121;547.097,01
PR;NOVA OLIMPIA;4117206;0,000070257427;528.765,69
PR;NOVA PRATA DO IGUACU;4117255;0,000139422072;1.049.306,97
PR;NOVA SANTA BARBARA;4117214;0,000050452860;379.714,18
PR;NOVO ITACOLOMI;4117297;0,000035610099;268.005,81
PR;ORTIGUEIRA;4117305;0,000242722846;1.826.760,78
PR;OURIZONA;4117404;0,000036080437;271.545,63
PR;OURO VERDE DO OESTE;4117453;0,000084216326;633.822,01
PR;PALMAS;4117602;0,000533917592;4.018.326,81
PR;PALOTINA;4117909;0,000191439512;1.440.796,36
PR;PARAISO DO NORTE;4118006;0,000169713075;1.277.280,63
PR;PARANÁ;41;0,082469655391;620.676.359,22
PR;PARANACITY;4118105;0,000110748000;833.502,52
PR;PARANAPOEMA;4118303;0,000014826370;111.585,01
PR;PARANAVAI;4118402;0,001004619508;7.560.884,98
PR;PATO BRAGADO;4118451;0,000090911690;684.212,11
PR;PAULO FRONTIN;4118709;0,000030820620;231.959,62
PR;PEABIRU;4118808;0,000072043980;542.211,50
PR;PEROBAL;4118857;0,000043654889;328.551,85
PR;PEROLA DOESTE;4119004;0,000070214993;528.446,32
PR;PINHAO;4119301;0,000326047786;2.453.874,12
PR;PIRAI DO SUL;4119400;0,000273940935;2.061.711,81
PR;PITANGA;4119608;0,000347003121;2.611.586,44
PR;PONTA GROSSA;4119905;0,003139797407;23.630.485,83
PR;PONTAL DO PARANA;4119954;0,000194446469;1.463.427,07
PR;PORTO AMAZONAS;4120101;0,000050456503;379.741,60
PR;PORTO BARREIRO;4120150;0,000034131379;256.876,8
PR;PORTO VITORIA;4120309;0,000047572842;358.038,82
PR;PRADO FERREIRA;4120333;0,000054045207;406.750,61
PR;PRIMEIRO DE MAIO;4120507;0,00008157965;613.978,1
PR;QUATRO BARRAS;4120804;0,000257208824;1.935.783,96
PR;QUATRO PONTES;4120853;0,000063471765;477.695,99
PR;QUEDAS DO IGUACU;4120903;0,000352476313;2.652.778,33
PR;RAMILANDIA;4121257;0,000061229289;460.818,9
PR;RESERVA DO IGUACU;4121752;0,000099091457;745.774,00
PR;RIBEIRAO DO PINHAL;4121901;0,000075338257;567.004,61
PR;RIO AZUL;4122008;0,000145636962;1.096.081,0
PR;RIO BONITO DO IGUACU;4122156;0,0001604701;1.207.717,21
PR;RIO BRANCO DO SUL;4122206;0,000205608982;1.547.437,46
PR;RIO NEGRO;4122305;0,000352913896;2.656.071,63
PR;RONCADOR;4122503;0,000111783924;841.299,00
PR;RONDON;4122602;0,000100671294;757.664,04
PR;SABAUDIA;4122701;0,000132320746;995.861,55
PR;SALTO DO LONTRA;4123006;0,000161966785;1.218.981,14
PR;SANTA CECILIA DO PAVAO;4123204;0,000019974353;150.329,34
PR;SANTA CRUZ DE MONTE CASTELO;4123303;0,000113684694;855.604,4
PR;SANTA INES;4123600;0,000021392132;160.999,71
PR;SANTA LUCIA;4123824;0,000019009697;143.069,22
PR;SANTA MARIA DO OESTE;4123857;0,000103339428;777.744,73
PR;SANTA MARIANA;4123907;0,000045388894;341.602,17
PR;SANTA TEREZA DO OESTE;4124020;0,000088804205;668.350,93
PR;SANTA TEREZINHA DE ITAIPU;4124053;0,000291295986;2.192.327,97
PR;SANTANA DO ITARARE;4124004;0,000067403818;507.289,1
PR;SANTO ANTONIO DO CAIUA;4124202;0,000029545400;222.362,2
PR;SANTO ANTONIO DO PARAISO;4124301;0,000024518285;184.527,51
PR;SANTO ANTONIO DO SUDOESTE;4124400;0,000242994697;1.828.806,77
PR;SAO CARLOS DO IVAI;4124608;0,000080860196;608.563,38
PR;SAO JOAO;4124806;0,000145533200;1.095.300,04
PR;SAO JOAO DO CAIUA;4124905;0,000087512295;658.627,86
PR;SAO JORGE DO IVAI;4125308;0,000056106076;422.260,95
PR;SAO JORGE DO PATROCINIO;4125357;0,000035494383;267.134,92
PR;SAO JORGE DOESTE;4125209;0,000054719568;411.825,93
PR;SAO JOSE DA BOA VISTA;4125407;0,000030610589;230.378,91
PR;SAO JOSE DAS PALMEIRAS;4125456;0,000045973350;346.000,86
PR;SAO MANOEL DO PARANA;4125555;0,000024697375;185.875,36
PR;SAO MATEUS DO SUL;4125605;0,000495174414;3.726.741,08
PR;SAO PEDRO DO IGUACU;4125753;0,000034955312;263.077,80
PR;SAO PEDRO DO PARANA;4125902;0,000031038167;233.596,91
PR;SAO SEBASTIAO DA AMOREIRA;4126009;0,000075578834;568.815,22
PR;SAO TOME;4126108;0,000031150479;234.442,18
PR;SAPOPEMA;4126207;0,000093094189;700.637,85
PR;SAUDADE DO IGUACU;4126272;0,000083837630;630.971,90
PR;SENGES;4126306;0,000226284646;1.703.044,95
PR;SERRANOPOLIS DO IGUACU;4126355;0,000062380120;469.480,14
PR;SERTANEJA;4126405;0,000028988208;218.168,67
PR;SERTANOPOLIS;4126504;0,000071531821;538.356,93
PR;SULINA;4126652;0,000035209316;264.989,47
PR;TAPEJARA;4126801;0,000178954348;1.346.831,54
PR;TEIXEIRA SOARES;4127007;0,000111536953;839.440,27
PR;TERRA BOA;4127205;0,000234565212;1.765.365,47
PR;TERRA ROXA;4127403;0,000207966987;1.565.184,09
PR;TUNAS DO PARANA;4127882;0,000088739387;667.863,10
PR;TUNEIRAS DO OESTE;4127908;0,000093765626;705.691,17
PR;TUPASSI;4127957;0,000042754334;321.774,16
PR;TURVO;4127965;0,000181973095;1.369.550,99
PR;UNIAO DA VITORIA;4128203;0,000579794094;4.363.598,78
PR;URAI;4128401;0,000074471917;560.484,44
PR;VENTANIA;4128534;0,000112433284;846.186,16
PR;VERA CRUZ DO OESTE;4128559;0,000081553415;613.780,63
PR;VIRMOND;4128658;0,000050591592;380.758,29
RN;ACARI;2400109;0,000062459383;470.076,69
RN;ACU;2400208;0,00048196904;3.627.355,88
RN;AFONSO BEZERRA;2400307;0,000054854017;412.837,81
RN;ALEXANDRIA;2400505;0,000154156579;1.160.200,61
RN;ALMINO AFONSO;2400604;0,000032146452;241.937,99
RN;ALTO DO RODRIGUES;2400703;0,000222993375;1.678.274,46
RN;ANGICOS;2400802;0,000098323810;739.996,6
RN;ANTONIO MARTINS;2400901;0,000065324341;491.638,70
RN;APODI;2401008;0,000257267337;1.936.224,34
RN;AUGUSTO SEVERO;2401305;0,000093357838;702.622,11
RN;BAIA FORMOSA;2401404;0,000121190885;912.096,90
RN;BARAUNA;2401453;0,000344710792;2.594.334,10
RN;BREJINHO;2401800;0,000122585315;922.591,6
RN;CAICARA DO NORTE;2401859;0,000060221151;453.231,49
RN;CAICO;2402006;0,000436857563;3.287.841,58
RN;CANGUARETAMA;2402204;0,000499376384;3.758.365,60
RN;CARAUBAS;2402303;0,000229014030;1.723.586,62
RN;CARNAUBAIS;2402501;0,000116450225;876.418,14
RN;CEARA MIRIM;2402600;0,000855098140;6.435.569,52
RN;CERRO CORA;2402709;0,000147074726;1.106.901,75
RN;CORONEL EZEQUIEL;2402808;0,000081693671;614.836,21
RN;CRUZETA;2403004;0,000096585106;726.910,91
RN;CURRAIS NOVOS;2403103;0,000210588000;1.584.910,14
RN;DOUTOR SEVERIANO;2403202;0,000124462215;936.717,32
RN;ENCANTO;2403301;0,000048625875;365.964,07
RN;EQUADOR;2403400;0,000080848861;608.478,1
RN;EXTREMOZ;2403608;0,000856567561;6.446.628,55
RN;FELIPE GUERRA;2403707;0,000079311016;596.904,07
RN;FERNANDO PEDROZA;2403756;0,000041992312;316.039,1
RN;GALINHOS;2404101;0,000049464294;372.274,1
RN;GOVERNADOR DIX-SEPT ROSADO;2404309;0,000054880666;413.038,37
RN;GUAMARE;2404507;0,000262601247;1.976.367,98
RN;IPANGUACU;2404705;0,000156048632;1.174.440,42
RN;IPUEIRA;2404804;0,000027387077;206.118,37
RN;ITAJA;2404853;0,000105510647;794.085,58
RN;ITAU;2404903;0,000030171454;227.073,92
RN;JACANA;2405009;0,000115397235;868.493,2
RN;JANDUIS;2405207;0,000077641512;584.339,18
RN;JAPI;2405405;0,000039684964;298.673,72
RN;JARDIM DO SERIDO;2405702;0,000095279862;717.087,49
RN;JOAO CAMARA;2405801;0,000190059455;1.430.409,89
RN;JOAO DIAS;2405900;0,000035977420;270.770,31
RN;JOSE DA PENHA;2406007;0,000069821401;525.484,10
RN;JUNDIA;2406155;0,000059407312;447.106,44
RN;LAGOA DE PEDRAS;2406304;0,000061375237;461.917,28
RN;LAGOA DE VELHOS;2406403;0,000055471856;417.487,73
RN;LAGOA NOVA;2406502;0,000242985708;1.828.739,11
RN;LAGOA SALGADA;2406601;0,000120146888;904.239,66
RN;LUCRECIA;2406908;0,000046743326;351.795,8
RN;LUIS GOMES;2407005;0,000115112163;866.347,72
RN;MAJOR SALES;2407252;0,000074870584;563.484,85
RN;MARCELINO VIEIRA;2407302;0,000069829606;525.545,86
RN;MARTINS;2407401;0,000097742259;735.619,78
RN;MESSIAS TARGINO;2407609;0,000024340783;183.191,61
RN;MONTANHAS;2407708;0,000085063408;640.197,25
RN;MONTE ALEGRE;2407807;0,000349132915;2.627.615,5
RN;MONTE DAS GAMELEIRAS;2407906;0,000054317254;408.798,06
RN;NOVA CRUZ;2408300;0,000160757581;1.209.880,53
RN;OLHO DAGUA DO BORGES;2408409;0,000035310827;265.753,45
RN;PARANA;2408607;0,000050411925;379.406,10
RN;PASSAGEM;2409209;0,000028820008;216.902,78
RN;PEDRA PRETA;2409605;0,000035593105;267.877,91
RN;PEDRO AVELINO;2409704;0,000075732500;569.971,73
RN;PENDENCIAS;2409902;0,000129724639;976.322,94
RN;POCO BRANCO;2410108;0,000075058619;564.900,02
RN;PORTALEGRE;2410207;0,000113317926;852.844,08
RN;PRESIDENTE JUSCELINO;2410306;0,000217717585;1.638.568,24
RN;RAFAEL GODEIRO;2410603;0,000063684598;479.297,80
RN;RIACHO DE SANTANA;2410801;0,000050766960;382.078,1
RN;RIACHUELO;2410900;0,000106618201;802.421,16
RN;RODOLFO FERNANDES;2411007;0,000062738821;472.179,77
RN;RUY BARBOSA;2411106;0,000055764075;419.687,01
RN;SANTANA DO MATOS;2411403;0,000056942364;428.554,95
RN;SAO BENTO DO NORTE;2411601;0,000074026944;557.135,52
RN;SAO FRANCISCO DO OESTE;2411908;0,000067999780;511.774,37
RN;SAO GONCALO DO AMARANTE;2412005;0,001138468180;8.568.245,88
RN;SAO JOAO DO SABUGI;2412104;0,000075480080;568.072,0
RN;SAO JOSE DE MIPIBU;2412203;0,000742041679;5.584.693,25
RN;SAO MIGUEL;2412500;0,000324185786;2.439.860,48
RN;SAO PEDRO;2412708;0,000038239142;287.792,30
RN;SAO TOME;2412906;0,000176269116;1.326.622,2
RN;SENADOR GEORGINO AVELINO;2413201;0,000034726570;261.356,26
RN;SERRA DE SAO BENTO;2413300;0,000077325309;581.959,40
RN;SERRA DO MEL;2413359;0,000227068161;1.708.941,78
RN;SERRINHA;2413508;0,000108183298;814.200,27
RN;SERRINHA DOS PINTOS;2413557;0,000068460178;515.239,38
RN;TABOLEIRO GRANDE;2413805;0,000035539349;267.473,33
RN;TENENTE ANANIAS;2414100;0,000165837360;1.248.111,54
RN;TENENTE LAURENTINO CRUZ;2414159;0,000118088377;888.747,06
RN;TIBAU;2411056;0,000029348401;220.879,53
RN;TIBAU DO SUL;2414209;0,000114532637;861.986,14
RN;TIMBAUBA DOS BATISTAS;2414308;0,000013565643;102.096,63
RN;TOUROS;2414407;0,000499974500;3.762.867,09
RN;UMARIZAL;2414506;0,000082973554;624.468,76
RN;VARZEA;2414704;0,000025456945;191.591,97
RN;VENHA-VER;2414753;0,000070883604;533.478,37
RN;VERA CRUZ;2414803;0,000217853694;1.639.592,61
RO;ALTA FLORESTA DOESTE;1100015;0,00025792458;1.941.170,81
RO;ALTO ALEGRE DOS PARECIS;1100379;0,000173059077;1.302.463,04
RO;ALTO PARAISO;1100403;0,000145046308;1.091.635,63
RO;ALVORADA DOESTE;1100346;0,000067777013;510.097,80
RO;ARIQUEMES;1100023;0,001037611417;7.809.186,0
RO;BURITIS;1100452;0,000149718070;1.126.795,86
RO;CABIXI;1100031;0,000062089181;467.290,50
RO;CACAULANDIA;1100601;0,000026616114;200.316,02
RO;CASTANHEIRAS;1100908;0,000045911161;345.532,82
RO;CHUPINGUAIA;1100924;0,000125469756;944.300,19
RO;COLORADO DO OESTE;1100064;0,000171316087;1.289.345,09
RO;CORUMBIARA;1100072;0,000044491783;334.850,41
RO;ESPIGAO DOESTE;1100098;0,000298476912;2.246.372,46
RO;GOVERNADOR JORGE TEIXEIRA;1101005;0,000090069694;677.875,15
RO;ITAPUA DO OESTE;1101104;0,000063736327;479.687,12
RO;MACHADINHO DOESTE;1100130;0,000334261586;2.515.692,14
RO;MONTE NEGRO;1101401;0,000161254644;1.213.621,48
RO;NOVA MAMORE;1100338;0,000311690492;2.345.819,43
RO;NOVA UNIAO;1101435;0,000040248767;302.916,97
RO;NOVO HORIZONTE DO OESTE;1100502;0,000037042778;278.788,32
RO;PARECIS;1101450;0,000045283465;340.808,70
RO;PIMENTEIRAS DO OESTE;1101468;0,000030834687;232.065,49
RO;PRESIDENTE MEDICI;1100254;0,000074529238;560.915,84
RO;PRIMAVERA DE RONDONIA;1101476;0,000040453231;304.455,79
RO;RIO CRESPO;1100262;0,000038827559;292.220,79
RO;ROLIM DE MOURA;1100288;0,000573222400;4.314.139,4
RO;SAO FELIPE DOESTE;1101484;0,000048841879;367.589,75
RO;SAO FRANCISCO DO GUAPORE;1101492;0,000242436685;1.824.607,10
RO;SAO MIGUEL DO GUAPORE;1100320;0,000251128707;1.890.024,29
RO;SERINGUEIRAS;1101500;0,000120302583;905.411,44
RO;TEIXEIROPOLIS;1101559;0,000027978880;210.572,35
RO;VALE DO PARAISO;1101807;0,000087077012;655.351,87
RR;ALTO ALEGRE;1400050;0,000160811360;1.210.285,3
RR;AMAJARI;1400027;0,000119586901;900.025,13
RR;CANTA;1400175;0,000242265471;1.823.318,53
RR;CARACARAI;1400209;0,000144669785;1.088.801,88
RR;IRACEMA;1400282;0,000096249645;724.386,2
RR;MUCAJAI;1400308;0,000143059698;1.076.684,17
RR;NORMANDIA;1400407;0,000297308734;2.237.580,62
RS;ACEGUA;4300034;0,000036632777;275.702,60
RS;AJURICABA;4300208;0,000058348180;439.135,29
RS;ALECRIM;4300307;0,000018697597;140.720,3
RS;ALEGRIA;4300455;0,000032697351;246.084,12
RS;ALPESTRE;4300505;0,000071844772;540.712,23
RS;ALTO ALEGRE;4300554;0,000006420328;48.320,2
RS;ALTO FELIZ;4300570;0,000041028483;308.785,21
RS;ANTA GORDA;4300703;0,000013549793;101.977,34
RS;ARATIBA;4300901;0,000067944417;511.357,70
RS;ARROIO DO MEIO;4301008;0,000315128616;2.371.695,15
RS;ARROIO DO TIGRE;4301206;0,000125384749;943.660,42
RS;ARROIO GRANDE;4301305;0,000120123574;904.064,19
RS;BARAO DE COTEGIPE;4301701;0,000029514729;222.131,33
RS;BARRA DO GUARITA;4301859;0,000044182874;332.525,52
RS;BARRA DO RIBEIRO;4301909;0,000076663370;576.977,57
RS;BARRACAO;4301800;0,000059225947;445.741,47
RS;BARROS CASSAL;4302006;0,000073313677;551.767,39
RS;BENJAMIN CONSTANT DO SUL;4302055;0,000012694926;95.543,51
RS;BOA VISTA DAS MISSOES;4302154;0,000027987165;210.634,71
RS;BOA VISTA DO BURICA;4302204;0,000044486209;334.808,5
RS;BOA VISTA DO CADEADO;4302220;0,000029008154;218.318,79
RS;BOM PROGRESSO;4302378;0,000013336087;100.368,96
RS;BOM RETIRO DO SUL;4302402;0,000164087276;1.234.940,20
RS;BOZANO;4302584;0,000008179973;61.563,4
RS;BROCHIER;4302659;0,000048664008;366.251,07
RS;BUTIA;4302709;0,000212743904;1.601.135,73
RS;CACHOEIRINHA;4303103;0,001347622917;10.142.369,11
RS;CAIBATE;4303301;0,000041546983;312.687,50
RS;CAICARA;4303400;0,000004948725;37.244,69
RS;CAMARGO;4303558;0,000017834244;134.222,6
RS;CAMPINA DAS MISSOES;4303707;0,000059537571;448.086,8
RS;CAMPINAS DO SUL;4303806;0,000020098605;151.264,5
RS;CAMPO BOM;4303905;0,000457794079;3.445.412,27
RS;CAMPO NOVO;4304002;0,000047075807;354.298,08
RS;CAMPOS BORGES;4304101;0,000035459036;266.868,89
RS;CANDELARIA;4304200;0,000251193787;1.890.514,09
RS;CANDIDO GODOI;4304309;0,000055116629;414.814,25
RS;CANELA;4304408;0,000256400290;1.929.698,84
RS;CANGUCU;4304507;0,000454067441;3.417.365,15
RS;CANUDOS DO VALE;4304614;0,000019573710;147.314,05
RS;CAPAO BONITO DO SUL;4304622;0,000027475033;206.780,34
RS;CARAA;4304713;0,000082016774;617.267,92
RS;CARLOS BARBOSA;4304804;0,000289789622;2.180.990,90
RS;CARLOS GOMES;4304853;0,000007181255;54.046,97
RS;CASCA;4304903;0,000039822163;299.706,30
RS;CENTENARIO;4305116;0,000008607995;64.784,79
RS;CERRO BRANCO;4305132;0,000017565007;132.196,32
RS;CERRO GRANDE DO SUL;4305173;0,000078162316;588.258,81
RS;CHARQUEADAS;4305355;0,000355090018;2.672.449,4
RS;CHARRUA;4305371;0,000013310097;100.173,36
RS;CHIAPETTA;4305405;0,000038410853;289.084,61
RS;CHUVISCA;4305447;0,000026208541;197.248,57
RS;CIRIACO;4305504;0,000016426511;123.627,86
RS;COLINAS;4305587;0,000033740201;253.932,73
RS;COQUEIRO BAIXO;4305835;0,000008037299;60.489,66
RS;CORONEL BARROS;4305871;0,000021159132;159.246,12
RS;CORONEL PILAR;4305934;0,000007786860;58.604,83
RS;COTIPORA;4305959;0,000042049631;316.470,49
RS;COXILHA;4305975;0,000051482171;387.460,89
RS;CRISTAL;4306056;0,000067795209;510.234,74
RS;CRISTAL DO SUL;4306072;0,000013030887;98.071,99
RS;CRUZ ALTA;4306106;0,000479717737;3.610.412,30
RS;DAVID CANABARRO;4306304;0,000010890778;81.965,28
RS;DERRUBADAS;4306320;0,000039086045;294.166,19
RS;DEZESSEIS DE NOVEMBRO;4306353;0,000008901631;66.994,73
RS;DOIS IRMAOS;4306403;0,000421896901;3.175.245,87
RS;DOIS IRMAOS DAS MISSOES;4306429;0,000014962517;112.609,7
RS;DOIS LAJEADOS;4306452;0,000014556642;109.555,01
RS;DOM PEDRITO;4306601;0,000133983151;1.008.373,01
RS;DOM PEDRO DE ALCANTARA;4306551;0,000016359946;123.126,88
RS;DONA FRANCISCA;4306700;0,000011419538;85.944,79
RS;DOUTOR MAURICIO CARDOSO;4306734;0,000053067486;399.392,16
RS;DOUTOR RICARDO;4306759;0,000008029764;60.432,95
RS;ELDORADO DO SUL;4306767;0,000236663701;1.781.158,94
RS;ENGENHO VELHO;4306924;0,000009059196;68.180,58
RS;ENTRE-IJUIS;4306932;0,000037756295;284.158,33
RS;EREBANGO;4306973;0,000028946982;217.858,40
RS;ERECHIM;4307005;0,000675778719;5.085.990,39
RS;ERVAL GRANDE;4307203;0,000060417271;454.707,51
RS;ERVAL SECO;4307302;0,000085279035;641.820,08
RS;ESMERALDA;4307401;0,000035859174;269.880,38
RS;ESPERANCA DO SUL;4307450;0,000057533598;433.004,65
RS;ESPUMOSO;4307500;0,000109538841;824.402,24
RS;ESTEIO;4307708;0,000965783070;7.268.597,4
RS;ESTRELA VELHA;4307815;0,000035498074;267.162,69
RS;FAGUNDES VARELA;4307864;0,000025205514;189.699,67
RS;FAXINAL DO SOTURNO;4308003;0,000042667867;321.123,40
RS;FAXINALZINHO;4308052;0,000009549597;71.871,4
RS;FAZENDA VILANOVA;4308078;0,000077109930;580.338,43
RS;FLORIANO PEIXOTO;4308250;0,000008476282;63.793,50
RS;FONTOURA XAVIER;4308300;0,000087250549;656.657,93
RS;FORMIGUEIRO;4308409;0,000023644958;177.954,74
RS;FORQUETINHA;4308433;0,000033305871;250.663,92
RS;FORTALEZA DOS VALOS;4308458;0,000053629917;403.625,08
RS;FREDERICO WESTPHALEN;4308508;0,000239149558;1.799.867,80
RS;GARIBALDI;4308607;0,000314768103;2.368.981,89
RS;GARRUCHOS;4308656;0,000020238059;152.314,02
RS;GENTIL;4308854;0,000009559155;71.943,33
RS;GETULIO VARGAS;4308904;0,000160543146;1.208.266,66
RS;GIRUA;4309001;0,000154517509;1.162.917,01
RS;GLORINHA;4309050;0,000129761800;976.602,62
RS;GRAMADO;4309100;0,000541143953;4.072.713,25
RS;HARMONIA;4309555;0,000074688198;562.112,19
RS;HERVEIRAS;4309571;0,000014708317;110.696,53
RS;HORIZONTINA;4309605;0,000257633600;1.938.980,88
RS;HUMAITA;4309704;0,000063881146;480.777,04
RS;IBIACA;4309803;0,000042493419;319.810,49
RS;IBIRAPUITA;4309951;0,000039810994;299.622,24
RS;IBIRUBA;4310009;0,000184268531;1.386.826,71
RS;ILOPOLIS;4310306;0,000040059552;301.492,92
RS;IMBE;4310330;0,000455962898;3.431.630,6
RS;IMIGRANTE;4310363;0,000038897764;292.749,16
RS;INHACORA;4310413;0,000030358956;228.485,09
RS;IPIRANGA DO SUL;4310462;0,000026080438;196.284,45
RS;IRAI;4310504;0,000038169442;287.267,73
RS;ITACURUBI;4310553;0,000018355145;138.142,99
RS;ITAPUCA;4310579;0,000015599018;117.400,05
RS;ITATI;4310652;0,000032014074;240.941,70
RS;ITATIBA DO SUL;4310702;0,000023131684;174.091,78
RS;IVORA;4310751;0,000004660682;35.076,84
RS;JABOTICABA;4310850;0,000018679414;140.583,47
RS;JACUTINGA;4310900;0,000036344451;273.532,63
RS;JAGUARI;4311106;0,00007686836;578.520,36
RS;JARI;4311130;0,000039154086;294.678,27
RS;JOIA;4311155;0,000049776814;374.626,18
RS;JULIO DE CASTILHOS;4311205;0,000173139800;1.303.070,57
RS;LAGOA BONITA DO SUL;4311239;0,000022549786;169.712,35
RS;LAGOA DOS TRES CANTOS;4311270;0,000009767766;73.513,36
RS;LAGOA VERMELHA;4311304;0,000196641001;1.479.943,38
RS;LAGOAO;4311254;0,000054315655;408.786,03
RS;MAMPITUBA;4311734;0,00003986617;300.037,5
RS;MARATA;4311791;0,000013807575;103.917,44
RS;MARIANO MORO;4312005;0,000007024688;52.868,63
RS;MARQUES DE SOUZA;4312054;0,000021963889;165.302,82
RS;MATO QUEIMADO;4312179;0,000011746822;88.407,97
RS;MAXIMILIANO DE ALMEIDA;4312203;0,000035445660;266.768,22
RS;MONTAURI;4312351;0,000008132415;61.205,52
RS;MONTE ALEGRE DOS CAMPOS;4312377;0,000052477907;394.954,92
RS;MONTE BELO DO SUL;4312385;0,000034230180;257.620,37
RS;MONTENEGRO;4312401;0,000609199162;4.584.904,8
RS;MORMACO;4312427;0,000015161025;114.103,66
RS;MORRO REDONDO;4312450;0,000060507824;455.389,0
RS;MORRO REUTER;4312476;0,000068795791;517.765,24
RS;MOSTARDAS;4312500;0,000150950858;1.136.073,97
RS;MULITERNO;4312625;0,000003043711;22.907,33
RS;NICOLAU VERGUEIRO;4312674;0,000009701828;73.017,10
RS;NOVA ALVORADA;4312757;0,000016192663;121.867,89
RS;NOVA BASSANO;4312906;0,000049235894;370.555,15
RS;NOVA BOA VISTA;4312955;0,000034552925;260.049,39
RS;NOVA BRESCIA;4313003;0,000014491373;109.063,78
RS;NOVA CANDELARIA;4313011;0,000047340709;356.291,76
RS;NOVA PADUA;4313086;0,000011493879;86.504,29
RS;NOVA PALMA;4313102;0,000014555793;109.548,62
RS;NOVA PRATA;4313300;0,000128112233;964.187,78
RS;NOVA ROMA DO SUL;4313359;0,000035670844;268.462,98
RS;NOVA SANTA RITA;4313375;0,000446835345;3.362.935,54
RS;NOVO BARREIRO;4313490;0,000043280750;325.736,03
RS;NOVO TIRADENTES;4313441;0,000031075844;233.880,47
RS;PAIM FILHO;4313607;0,000019995107;150.485,54
RS;PALMITINHO;4313805;0,000035288029;265.581,87
RS;PANTANO GRANDE;4313953;0,000137577332;1.035.423,24
RS;PARAISO DO SUL;4314027;0,000028801001;216.759,73
RS;PASSA SETE;4314068;0,000045316726;341.059,03
RS;PASSO DO SOBRADO;4314076;0,000057066091;429.486,14
RS;PAULO BENTO;4314134;0,000021368357;160.820,78
RS;PEDRO OSORIO;4314209;0,000057373949;431.803,1
RS;PICADA CAFE;4314423;0,000068970392;519.079,3
RS;PINHAL;4314456;0,000044656917;336.093,23
RS;PINHAL DA SERRA;4314464;0,000027364394;205.947,66
RS;PINHEIRO MACHADO;4314506;0,000058633229;441.280,60
RS;PIRAPO;4314555;0,000005755712;43.318,17
RS;PIRATINI;4314605;0,000057005511;429.030,20
RS;PLANALTO;4314704;0,000057178178;430.329,72
RS;POCO DAS ANTAS;4314753;0,000023661778;178.081,33
RS;PONTE PRETA;4314787;0,000007181255;54.046,97
RS;PORTO LUCENA;4315008;0,000012601783;94.842,51
RS;PORTO MAUA;4315057;0,000022167283;166.833,59
RS;PORTO VERA CRUZ;4315073;0,000006943465;52.257,34
RS;POUSO NOVO;4315131;0,000009559155;71.943,33
RS;PRESIDENTE LUCENA;4315149;0,000041412841;311.677,93
RS;PROGRESSO;4315156;0,000046961393;353.436,99
RS;PROTASIO ALVES;4315172;0,000021654879;162.977,17
RS;PUTINGA;4315206;0,000029230655;219.993,36
RS;QUARAI;4315305;0,000191884657;1.444.146,57
RS;QUINZE DE NOVEMBRO;4315354;0,000057061096;429.448,54
RS;REDENTORA;4315404;0,000063371976;476.944,97
RS;RELVADO;4315453;0,000007799509;58.700,03
RS;RIO DOS INDIOS;4315552;0,000026192865;197.130,6
RS;RIOZINHO;4315750;0,000046063214;346.677,18
RS;ROCA SALES;4315800;0,000097780768;735.909,60
RS;RODEIO BONITO;4315909;0,000076043080;572.309,19
RS;ROLANTE;4316006;0,000281146043;2.115.938,30
RS;ROQUE GONZALES;4316303;0,000056000899;421.469,37
RS;SAGRADA FAMILIA;4316428;0,000013770158;103.635,83
RS;SALDANHA MARINHO;4316436;0,000028571741;215.034,29
RS;SALTO DO JACUI;4316451;0,000090689476;682.539,70
RS;SALVADOR DAS MISSOES;4316477;0,000014316980;107.751,28
RS;SANANDUVA;4316600;0,000141689679;1.066.373,25
RS;SANTA BARBARA DO SUL;4316709;0,000084365566;634.945,2
RS;SANTA CECILIA DO SUL;4316733;0,000027516968;207.095,95
RS;SANTA CLARA DO SUL;4316758;0,000072432762;545.137,52
RS;SANTA CRUZ DO SUL;4316808;0,001069171717;8.046.712,5
RS;SANTANA DA BOA VISTA;4317004;0,000051469761;387.367,50
RS;SANTANA DO LIVRAMENTO;4317103;0,000475498208;3.578.655,63
RS;SANTO ANGELO;4317509;0,000489607701;3.684.845,34
RS;SANTO ANTONIO DA PATRULHA;4317608;0,000350295793;2.636.367,5
RS;SANTO ANTONIO DAS MISSOES;4317707;0,000101916952;767.039,01
RS;SANTO ANTONIO DO PALMA;4317558;0,000020140120;151.576,92
RS;SANTO EXPEDITO DO SUL;4317954;0,000010938336;82.323,21
RS;SAO DOMINGOS DO SUL;4318051;0,000009178691;69.079,91
RS;SAO FRANCISCO DE ASSIS;4318101;0,000141564023;1.065.427,54
RS;SAO JOAO DA URTIGA;4318424;0,000040145282;302.138,13
RS;SAO JORGE;4318440;0,000028895482;217.470,81
RS;SAO JOSE DO NORTE;4318507;0,000254460487;1.915.099,66
RS;SAO JOSE DO OURO;4318606;0,000058841153;442.845,46
RS;SAO JOSE DO SUL;4318614;0,000015997626;120.400,02
RS;SAO LOURENCO DO SUL;4318804;0,000197629426;1.487.382,38
RS;SAO LUIZ GONZAGA;4318903;0,000252305992;1.898.884,67
RS;SAO MARTINHO;4319109;0,000079902678;601.356,98
RS;SAO MARTINHO DA SERRA;4319125;0,000011413916;85.902,48
RS;SAO MIGUEL DAS MISSOES;4319158;0,000081357111;612.303,22
RS;SAO PAULO DAS MISSOES;4319307;0,000072381974;544.755,28
RS;SAO PEDRO DA SERRA;4319356;0,000050035407;376.572,38
RS;SAO PEDRO DAS MISSOES;4319364;0,000010692600;80.473,77
RS;SAO PEDRO DO BUTIA;4319372;0,000022705316;170.882,89
RS;SAO SEPE;4319604;0,000098451098;740.954,58
RS;SAO VALENTIM;4319703;0,000045570365;342.968,0
RS;SAO VALENTIM DO SUL;4319711;0,000006800792;51.183,56
RS;SAO VENDELINO;4319752;0,000031020250;233.462,06
RS;SAO VICENTE DO SUL;4319802;0,000073837858;555.712,43
RS;SEBERI;4320206;0,000106727638;803.244,80
RS;SEDE NOVA;4320230;0,000037580664;282.836,51
RS;SEGREDO;4320263;0,000046772191;352.013,03
RS;SELBACH;4320305;0,000015124811;113.831,11
RS;SENADOR SALGADO FILHO;4320321;0,000024534435;184.649,05
RS;SENTINELA DO SUL;4320354;0,000054415531;409.537,71
RS;SERIO;4320453;0,000007997592;60.190,82
RS;SERTAO;4320503;0,000053649604;403.773,25
RS;SERTAO SANTANA;4320552;0,000067533064;508.261,81
RS;SEVERIANO DE ALMEIDA;4320602;0,000013316235;100.219,6
RS;SINIMBU;4320677;0,000091306598;687.184,23
RS;SOBRADINHO;4320701;0,000076270905;574.023,83
RS;SOLEDADE;4320800;0,000247990609;1.866.406,59
RS;TABAI;4320859;0,000051466253;387.341,1
RS;TAPEJARA;4320909;0,000345421349;2.599.681,84
RS;TAPERA;4321006;0,000085372097;642.520,48
RS;TAPES;4321105;0,000137778671;1.036.938,54
RS;TIO HUGO;4321469;0,000056392955;424.420,03
RS;TIRADENTES DO SUL;4321477;0,000018772796;141.286,28
RS;TRAVESSEIRO;4321626;0,000011061590;83.250,83
RS;TRES CACHOEIRAS;4321667;0,000125119437;941.663,65
RS;TRES FORQUILHAS;4321832;0,000026413790;198.793,30
RS;TRES PASSOS;4321907;0,000324807943;2.444.542,91
RS;TRIUNFO;4322004;0,000390213079;2.936.789,68
RS;TUCUNDUVA;4322103;0,000015223970;114.577,39
RS;TUPANCI DO SUL;4322186;0,000019013894;143.100,81
RS;TUPARENDI;4322301;0,000032613415;245.452,41
RS;TURUCU;4322327;0,000044861260;337.631,14
RS;UBIRETAMA;4322343;0,000005278936;39.729,9
RS;VALE VERDE;4322525;0,000033515014;252.237,95
RS;VANINI;4322558;0,000009543259;71.823,69
RS;VENANCIO AIRES;4322608;0,000535225742;4.028.172,10
RS;VERA CRUZ;4322707;0,000265266181;1.996.424,58
RS;VIADUTOS;4322905;0,000043415148;326.747,52
RS;VICENTE DUTRA;4323101;0,000056922099;428.402,43
RS;VICTOR GRAEFF;4323200;0,000017680239;133.063,56
RS;VILA FLORES;4323309;0,000050675417;381.389,16
RS;VILA LANGARO;4323358;0,000014410069;108.451,87
RS;VILA NOVA DO SUL;4323457;0,000039976197;300.865,57
RS;VISTA ALEGRE;4323507;0,000012890395;97.014,63
RS;VISTA ALEGRE DO PRATA;4323606;0,000013902307;104.630,40
RS;VISTA GAUCHA;4323705;0,000037969705;285.764,48
RS;VITORIA DAS MISSOES;4323754;0,000012911398;97.172,70
RS;WESTFALIA;4323770;0,00002474795;186.255,95
SC;ABDON BATISTA;4200051;0,000030380582;228.647,85
SC;ABELARDO LUZ;4200101;0,000140136417;1.054.683,2
SC;AGROLANDIA;4200200;0,000165959910;1.249.033,87
SC;AGRONOMICA;4200309;0,000067585763;508.658,43
SC;AGUAS DE CHAPECO;4200507;0,000041813097;314.690,30
SC;AGUAS FRIAS;4200556;0,000035850303;269.813,61
SC;ANGELINA;4200903;0,000040103999;301.827,43
SC;ANITAPOLIS;4201109;0,000036207315;272.500,53
SC;APIUNA;4201257;0,000083047223;625.023,20
SC;ASCURRA;4201703;0,000062651509;471.522,65
SC;ATALANTA;4201802;0,000036437188;274.230,58
SC;BARRA BONITA;4202099;0,000008227531;61.921,37
SC;BELA VISTA DO TOLDO;4202131;0,000100732128;758.121,88
SC;BELMONTE;4202156;0,00003654914;275.073,10
SC;BENEDITO NOVO;4202206;0,000072915629;548.771,63
SC;BIGUACU;4202305;0,000275812677;2.075.798,76
SC;BOCAINA DO SUL;4202438;0,000030850464;232.184,23
SC;BOM RETIRO;4202602;0,000079530182;598.553,54
SC;BOTUVERA;4202701;0,000051488923;387.511,71
SC;BRACO DO NORTE;4202800;0,000390523604;2.939.126,73
SC;BRACO DO TROMBUDO;4202859;0,000027716454;208.597,30
SC;BRUNOPOLIS;4202875;0,000013458909;101.293,34
SC;BRUSQUE;4202909;0,001657832370;12.477.042,07
SC;CACADOR;4203006;0,000840627341;6.326.660,58
SC;CAIBI;4203105;0,000030195527;227.255,10
SC;CALMON;4203154;0,00006234133;469.188,23
SC;CAMPO BELO DO SUL;4203402;0,000069503316;523.090,16
SC;CAMPO ERE;4203501;0,000140563301;1.057.895,99
SC;CANELINHA;4203709;0,000074639627;561.746,64
SC;CANOINHAS;4203808;0,000296275198;2.229.802,1
SC;CATANDUVAS;4204004;0,000136486806;1.027.215,81
SC;CAXAMBU DO SUL;4204103;0,000050492433;380.012,0
SC;CERRO NEGRO;4204178;0,000040686074;306.208,19
SC;CHAPADAO DO LAGEADO;4204194;0,000017394872;130.915,86
SC;COCAL DO SUL;4204251;0,000102879884;774.286,15
SC;CORDILHEIRA ALTA;4204350;0,000078426877;590.249,93
SC;CORONEL FREITAS;4204400;0,000104461847;786.192,19
SC;CORONEL MARTINS;4204459;0,00003091480;232.668,46
SC;CORREIA PINTO;4204558;0,000182533590;1.373.769,34
SC;CURITIBANOS;4204806;0,000399470841;3.006.464,69
SC;DESCANSO;4204905;0,000038433440;289.254,61
SC;DONA EMMA;4205100;0,000023151821;174.243,34
SC;DOUTOR PEDRINHO;4205159;0,000037655052;283.396,37
SC;ENTRE RIOS;4205175;0,000037237661;280.255,03
SC;ERMO;4205191;0,000035750598;269.063,22
SC;FAXINAL DOS GUEDES;4205308;0,000180439345;1.358.007,81
SC;FLOR DO SERTAO;4205357;0,000011960355;90.015,04
SC;FREI ROGERIO;4205555;0,000030990456;233.237,83
SC;GALVAO;4205605;0,000044411987;334.249,86
SC;GASPAR;4205902;0,000937218071;7.053.613,81
SC;GOVERNADOR CELSO RAMOS;4206009;0,000320463371;2.411.845,15
SC;GRAVATAL;4206207;0,000089144641;670.913,09
SC;GUABIRUBA;4206306;0,000457207508;3.440.997,66
SC;GUARUJA DO SUL;4206603;0,000037119474;279.365,5
SC;GUATAMBU;4206652;0,000114530014;861.966,40
SC;HERVAL DOESTE;4206702;0,000239973769;1.806.070,91
SC;IBIAM;4206751;0,000012348124;92.933,44
SC;IBICARE;4206801;0,000039062233;293.986,98
SC;ICARA;4207007;0,000715081963;5.381.791,24
SC;ILHOTA;4207106;0,000311287218;2.342.784,34
SC;IMBITUBA;4207304;0,000438257590;3.298.378,34
SC;IOMERE;4207577;0,000049154751;369.944,46
SC;IPORA DO OESTE;4207650;0,000110346139;830.478,06
SC;IPUACU;4207684;0,000066978895;504.091,1
SC;IPUMIRIM;4207700;0,000102142771;768.738,55
SC;IRACEMINHA;4207759;0,000015673874;117.963,43
SC;IRATI;4207858;0,000024430114;183.863,92
SC;ITAPIRANGA;4208401;0,000213763873;1.608.812,1
SC;ITAPOA;4208450;0,000582934533;4.387.234,09
SC;JARDINOPOLIS;4208955;0,000020430631;153.763,34
SC;JOACABA;4209003;0,000150679044;1.134.028,27
SC;JOSE BOITEUX;4209151;0,000082995347;624.632,78
SC;JUPIA;4209177;0,000013173561;99.145,77
SC;LACERDOPOLIS;4209201;0,000012331703;92.809,85
SC;LAJEADO GRANDE;4209458;0,000025512970;192.013,62
SC;LAURENTINO;4209508;0,00008938350;672.710,75
SC;LAURO MULLER;4209607;0,00018123122;1.363.967,53
SC;LEOBERTO LEAL;4209805;0,000039057464;293.951,08
SC;LINDOIA DO SUL;4209854;0,000049965570;376.046,78
SC;LONTRAS;4209904;0,000175902270;1.323.861,24
SC;LUIZ ALVES;4210001;0,000180091079;1.355.386,71
SC;LUZERNA;4210035;0,000048556700;365.443,45
SC;MACIEIRA;4210050;0,000026127948;196.642,02
SC;MARAVILHA;4210506;0,000325526723;2.449.952,53
SC;MAREMA;4210555;0,000011366358;85.544,55
SC;MATOS COSTA;4210704;0,000016551711;124.570,13
SC;MODELO;4210902;0,000023969223;180.395,20
SC;MONDAI;4211009;0,000067315464;506.624,13
SC;MORRO GRANDE;4211256;0,000030435278;229.059,49
SC;NOVA ERECHIM;4211405;0,000068159070;512.973,2
SC;NOVA ITABERABA;4211454;0,000046052802;346.598,8
SC;NOVA TRENTO;4211504;0,000085263316;641.701,78
SC;NOVA VENEZA;4211603;0,000171104991;1.287.756,36
SC;NOVO HORIZONTE;4211652;0,000022831529;171.832,78
SC;ORLEANS;4211702;0,000190066494;1.430.462,86
SC;OTACILIO COSTA;4211751;0,000120603535;907.676,44
SC;PAINEL;4211892;0,000008442953;63.542,66
SC;PALMITOS;4212106;0,000070563301;531.067,73
SC;PAPANDUVA;4212205;0,000089667505;674.848,22
SC;PARAISO;4212239;0,000048189090;362.676,78
SC;PASSO DE TORRES;4212254;0,000236335878;1.778.691,71
SC;PASSOS MAIA;4212270;0,000038871865;292.554,24
SC;PAULO LOPES;4212304;0,000133875228;1.007.560,77
SC;PEDRAS GRANDES;4212403;0,000045016101;338.796,49
SC;PERITIBA;4212601;0,000022395747;168.553,03
SC;PESCARIA BRAVA;4212650;0,000125011145;940.848,63
SC;PETROLANDIA;4212700;0,000085240767;641.532,07
SC;PINHEIRO PRETO;4213005;0,000045936175;345.721,07
SC;PORTO UNIAO;4213609;0,000224716855;1.691.245,57
SC;POUSO REDONDO;4213708;0,000162409666;1.222.314,31
SC;PRESIDENTE CASTELLO BRANCO;4213906;0,00001153497;86.813,52
SC;PRINCESA;4214151;0,000018500055;139.233,60
SC;QUILOMBO;4214201;0,000126183408;949.671,22
SC;RIO DO CAMPO;4214508;0,000067437563;507.543,06
SC;RIO DO OESTE;4214607;0,000082480702;620.759,50
SC;RIO RUFINO;4215059;0,000014108348;106.181,09
SC;RIQUEZA;4215075;0,000058821777;442.699,6
SC;RODEIO;4215109;0,000147978631;1.113.704,64
SC;ROMELANDIA;4215208;0,000035939473;270.484,72
SC;SALTO VELOSO;4215406;0,000087172817;656.072,91
SC;SANGAO;4215455;0,000097085386;730.676,07
SC;SANTA CECILIA;4215505;0,000192074077;1.445.572,17
SC;SANTA HELENA;4215554;0,000027955256;210.394,56
SC;SANTA ROSA DO SUL;4215653;0,000147796769;1.112.335,93
SC;SANTA TEREZINHA DO PROGRESSO;4215687;0,000014600301;109.883,59
SC;SANTIAGO DO SUL;4215695;0,000017508747;131.772,90
SC;SANTO AMARO DA IMPERATRIZ;4215703;0,000374662389;2.819.753,36
SC;SAO BENTO DO SUL;4215802;0,001057230054;7.956.838,16
SC;SAO BERNARDINO;4215752;0,000033667483;253.385,45
SC;SAO CARLOS;4216008;0,000046134563;347.214,17
SC;SAO CRISTOVAO DO SUL;4216057;0,000064646206;486.534,98
SC;SAO DOMINGOS;4216107;0,000088963932;669.553,05
SC;SAO JOAO DO ITAPERIU;4216354;0,000073746479;555.024,70
SC;SAO JOAO DO OESTE;4216255;0,000070668398;531.858,70
SC;SAO JOAO DO SUL;4216404;0,000143954903;1.083.421,59
SC;SAO JOAQUIM;4216503;0,000243551375;1.832.996,39
SC;SAO JOSE DO CERRITO;4216800;0,000031887017;239.985,45
SC;SAO MARTINHO;4217105;0,000017691570;133.148,8
SC;SAO MIGUEL DA BOA VISTA;4217154;0,000021325234;160.496,23
SC;SAUDADES;4217303;0,000123855050;932.147,7
SC;SERRA ALTA;4217550;0,000020830396;156.772,02
SC;TANGARA;4217907;0,000095423147;718.165,87
SC;TIGRINHOS;4217956;0,000015958206;120.103,34
SC;TIMBE DO SUL;4218103;0,000060500459;455.333,59
SC;TIMBO GRANDE;4218251;0,000131253202;987.827,09
SC;TRES BARRAS;4218301;0,000288401667;2.170.544,98
SC;TREVISO;4218350;0,000038255875;287.918,23
SC;TREZE DE MAIO;4218400;0,000093261439;701.896,60
SC;TUBARAO;4218707;0,000647349094;4.872.025,68
SC;TUNAPOLIS;4218756;0,000054487152;410.076,74
SC;UNIAO DO OESTE;4218855;0,000014980765;112.747,01
SC;URUBICI;4218905;0,000136710475;1.028.899,2
SC;URUPEMA;4218954;0,000012531604;94.314,33
SC;VARGEM BONITA;4219176;0,00002449844;184.378,12
SC;VIDEIRA;4219309;0,000690366621;5.195.780,66
SC;VITOR MEIRELES;4219358;0,000063785205;480.054,98
SC;WITMARSUM;4219408;0,000056643756;426.307,59
SC;XANXERE;4219507;0,000427127270;3.214.610,24
SE;AQUIDABA;2800209;0,000301082440;2.265.981,98
SE;ARACAJU;2800308;0,003063175998;23.053.824,07
SE;ARAUA;2800407;0,000186214927;1.401.475,52
SE;BARRA DOS COQUEIROS;2800605;0,000388228042;2.921.850,06
SE;BOQUIM;2800670;0,000125025944;940.960,01
SE;BREJO GRANDE;2800704;0,000054833553;412.683,8
SE;CAMPO DO BRITO;2801009;0,000171528409;1.290.943,05
SE;CANHOBA;2801108;0,000071753318;540.023,94
SE;CANINDE DE SAO FRANCISCO;2801207;0,000605812982;4.559.420,00
SE;CAPELA;2801306;0,000479265776;3.607.010,79
SE;CARIRA;2801405;0,000322156414;2.424.587,2
SE;CARMOPOLIS;2801504;0,000178977679;1.347.007,13
SE;CEDRO DE SAO JOAO;2801603;0,000066034484;496.983,32
SE;CRISTINAPOLIS;2801702;0,000163719093;1.232.169,22
SE;CUMBE;2801900;0,000036218559;272.585,15
SE;DIVINA PASTORA;2802007;0,000092752206;698.064,05
SE;FEIRA NOVA;2802205;0,000070036809;527.105,29
SE;FREI PAULO;2802304;0,000174079889;1.310.145,79
SE;GENERAL MAYNARD;2802502;0,000046179407;347.551,67
SE;ILHA DAS FLORES;2802700;0,000197479750;1.486.255,90
SE;INDIAROBA;2802809;0,000361928757;2.723.918,54
SE;ITABI;2803104;0,000055448133;417.309,19
SE;ITAPORANGA DAJUDA;2803203;0,0004790955;3.605.729,09
SE;JAPOATA;2803401;0,000220307268;1.658.058,50
SE;LARANJEIRAS;2803609;0,000674315597;5.074.978,76
SE;MALHADA DOS BOIS;2803807;0,000042135970;317.120,28
SE;MALHADOR;2803906;0,000159305261;1.198.950,19
SE;MONTE ALEGRE DE SERGIPE;2804201;0,000185474476;1.395.902,80
SE;MURIBECA;2804300;0,000101889379;766.831,49
SE;NEOPOLIS;2804409;0,000197979603;1.490.017,86
SE;NOSSA SENHORA APARECIDA;2804458;0,000089709139;675.161,57
SE;NOSSA SENHORA DA GLORIA;2804508;0,000564483844;4.248.372,03
SE;NOSSA SENHORA DAS DORES;2804607;0,000303822586;2.286.604,64
SE;NOSSA SENHORA DE LOURDES;2804706;0,000083364509;627.411,13
SE;PACATUBA;2804904;0,000235553887;1.772.806,35
SE;PEDRA MOLE;2805000;0,000055396791;416.922,79
SE;PINHAO;2805208;0,000036580402;275.308,42
SE;POCO VERDE;2805505;0,000209626760;1.577.675,74
SE;PORTO DA FOLHA;2805604;0,000338934627;2.550.862,00
SE;PROPRIA;2805703;0,000158183843;1.190.510,27
SE;RIACHAO DO DANTAS;2805802;0,000266641532;2.006.775,64
SE;ROSARIO DO CATETE;2806107;0,000144459442;1.087.218,81
SE;SALGADO;2806206;0,000208163172;1.566.660,60
SE;SANTA LUZIA DO ITANHY;2806305;0,000293836268;2.211.446,43
SE;SANTA ROSA DE LIMA;2806503;0,000076180832;573.345,93
SE;SANTANA DO SAO FRANCISCO;2806404;0,000122661700;923.166,43
SE;SANTO AMARO DAS BROTAS;2806602;0,000130879051;985.011,18
SE;SAO CRISTOVAO;2806701;0,00084373016;6.350.012,78
SE;SAO FRANCISCO;2806909;0,000049693580;373.999,75
SE;SAO MIGUEL DO ALEIXO;2807006;0,000042358697;318.796,55
SE;SERGIPE;28;0,012354967390;92.984.942,7
SE;SIMAO DIAS;2807105;0,000407381857;3.066.003,93
SE;TOBIAS BARRETO;2807402;0,000601041697;4.523.510,7
SE;UMBAUBA;2807600;0,000397369203;2.990.647,52
SP;AGUAS DE LINDOIA;3500501;0,000220236789;1.657.528,07
SP;ALTAIR;3500907;0,000037136612;279.494,52
SP;ALTINOPOLIS;3501004;0,000198045745;1.490.515,65
SP;ALTO ALEGRE;3501103;0,000034094481;256.599,09
SP;ALVARES MACHADO;3501301;0,000346988443;2.611.475,97
SP;ALVINLANDIA;3501509;0,000039402081;296.544,71
SP;AMERICO DE CAMPOS;3501806;0,000076174897;573.301,26
SP;ANHUMAS;3502408;0,000047051216;354.113,00
SP;APIAI;3502705;0,000225138950;1.694.422,31
SP;ARANDU;3503109;0,000040543410;305.134,5
SP;ARAPEI;3503158;0,000033624583;253.062,6
SP;AREALVA;3503406;0,000081477125;613.206,46
SP;AREIAS;3503505;0,000027908529;210.042,88
SP;AREIOPOLIS;3503604;0,000159736696;1.202.197,23
SP;ASPASIA;3503950;0,000005301777;39.901,80
SP;AVANHANDAVA;3504404;0,000117916633;887.454,50
SP;BARIRI;3505203;0,000182925432;1.376.718,39
SP;BARRA BONITA;3505302;0,000261061260;1.964.777,85
SP;BARRA DO TURVO;3505401;0,000070694640;532.056,20
SP;BARRETOS;3505500;0,001352767650;10.181.088,98
SP;BATATAIS;3505906;0,000491913084;3.702.195,92
SP;BERNARDINO DE CAMPOS;3506300;0,000052361339;394.077,62
SP;BRAUNA;3507704;0,000062288450;468.790,23
SP;BRODOWSKY;3507803;0,000321109863;2.416.710,73
SP;BURI;3508009;0,000393678377;2.962.869,93
SP;BURITIZAL;3508207;0,000030110818;226.617,57
SP;CAIUA;3509106;0,000033894174;255.091,55
SP;CAJAMAR;3509205;0,001619441636;12.188.108,87
SP;CAPIVARI;3510401;0,000310994969;2.340.584,84
SP;CARDOSO;3510708;0,000118939824;895.155,15
SP;CASA BRANCA;3510807;0,000124247640;935.102,40
SP;CASTILHO;3511003;0,000109439728;823.656,31
SP;CATANDUVA;3511102;0,000995122509;7.489.409,44
SP;CHARQUEADA;3511706;0,000231764365;1.744.285,96
SP;COLINA;3512001;0,000128674463;968.419,19
SP;COLOMBIA;3512100;0,000145654285;1.096.211,34
SP;CORONEL MACEDO;3512605;0,000043707735;328.949,57
SP;CRUZALIA;3513306;0,000010700546;80.533,57
SP;DOBRADA;3514007;0,000028201884;212.250,71
SP;DRACENA;3514403;0,000387379374;2.915.462,89
SP;ECHAPORA;3514700;0,000035811161;269.519,02
SP;ELIAS FAUSTO;3514908;0,000283962349;2.137.134,2
SP;EMBAUBA;3514957;0,000023409819;176.185,06
SP;EMILIANOPOLIS;3515129;0,000045541470;342.750,48
SP;ESPIRITO SANTO DO PINHAL;3515186;0,000109957181;827.550,72
SP;ESPIRITO SANTO DO TURVO;3515194;0,000059910118;450.890,62
SP;ESTRELA DO NORTE;3515301;0,000030762193;231.519,89
SP;EUCLIDES DA CUNHA PAULISTA;3515350;0,000035737038;268.961,17
SP;FERNANDO PRESTES;3515608;0,000083467353;628.185,15
SP;FERNAO;3515657;0,000019684676;148.149,19
SP;FLOREAL;3515905;0,000010585179;79.665,31
SP;FLORINIA;3516101;0,000008132415;61.205,52
SP;GARCA;3516705;0,000354069948;2.664.772,21
SP;GASTAO VIDIGAL;3516804;0,000009990574;75.190,24
SP;GAVIAO PEIXOTO;3516853;0,000047803329;359.773,50
SP;GUAIMBE;3517307;0,000057799462;435.005,57
SP;GUARACAI;3517802;0,000056062869;421.935,77
SP;GUARACI;3517901;0,000154059545;1.159.470,32
SP;GUARANTA;3518107;0,000059365621;446.792,67
SP;GUARARAPES;3518206;0,000141257893;1.063.123,57
SP;GUARAREMA;3518305;0,000403956824;3.040.226,73
SP;GUAREI;3518503;0,000137270886;1.033.116,89
SP;GUARIBA;3518602;0,000540363591;4.066.840,2
SP;HERCULANDIA;3519006;0,000042637156;320.892,27
SP;IACANGA;3519105;0,000153302613;1.153.773,56
SP;IACRI;3519204;0,000016169714;121.695,18
SP;IBIRAREMA;3519501;0,000066981408;504.109,98
SP;ICEM;3519808;0,000087867140;661.298,47
SP;IGARACU DO TIETE;3520004;0,000201642091;1.517.582,17
SP;IGARATA;3520202;0,000165611111;1.246.408,77
SP;ILHA COMPRIDA;3520426;0,000244448540;1.839.748,56
SP;IPORANGA;3521200;0,000039360221;296.229,67
SP;IPUA;3521309;0,000188514216;1.418.780,24
SP;IRAPUA;3521507;0,000038668629;291.024,67
SP;ITABERA;3521705;0,000053122267;399.804,45
SP;ITAOCA;3522158;0,000016882878;127.062,53
SP;ITAPIRAPUA PAULISTA;3522653;0,000026394680;198.649,48
SP;ITAPOLIS;3522703;0,000165367482;1.244.575,19
SP;ITAPURA;3523008;0,000043686216;328.787,62
SP;ITAQUAQUECETUBA;3523107;0,004116994705;30.984.988,02
SP;ITU;3523909;0,001594424719;11.999.828,60
SP;ITUVERAVA;3524105;0,000401121882;3.018.890,62
SP;JABORANDI;3524204;0,000088841081;668.628,46
SP;JACI;3524501;0,000089271228;671.865,80
SP;JERIQUARA;3525409;0,000034431980;259.139,15
SP;JULIO MESQUITA;3525805;0,000055940847;421.017,42
SP;JUNDIAI;3525904;0,001619457591;12.188.228,95
SP;JUNQUEIROPOLIS;3526001;0,000206946349;1.557.502,65
SP;LUCELIA;3527405;0,000209512665;1.576.817,04
SP;LUPERCIO;3527801;0,000022162020;166.793,98
SP;LUTECIA;3527900;0,000032198147;242.327,05
SP;MACEDONIA;3528205;0,000036970130;278.241,56
SP;MARABA PAULISTA;3528700;0,000016359946;123.126,88
SP;MARACAI;3528809;0,000120292109;905.332,61
SP;MARIAPOLIS;3528908;0,000031712506;238.672,06
SP;MARINOPOLIS;3529104;0,00000922625;69.437,84
SP;MENDONCA;3529500;0,000081658574;614.572,06
SP;MIGUELOPOLIS;3529708;0,000124559884;937.452,39
SP;MINEIROS DO TIETE;3529807;0,000051689626;389.022,2
SP;MIRASSOL;3530300;0,000518122500;3.899.451,08
SP;MIRASSOLANDIA;3530409;0,000056818633;427.623,7
SP;MONCOES;3531001;0,000009273807;69.795,77
SP;MONTE ALTO;3531308;0,000424308739;3.193.397,65
SP;MONTE APRAZIVEL;3531407;0,000242166051;1.822.570,28
SP;MONTE CASTELO;3531605;0,000020354817;153.192,75
SP;NHANDEARA;3532603;0,000032381491;243.706,92
SP;NIPOA;3532702;0,000031695791;238.546,26
SP;NOVA CAMPINA;3532827;0,000145308054;1.093.605,56
SP;NOVA CANAA PAULISTA;3532843;0,000018188955;136.892,22
SP;NOVA CASTILHO;3532868;0,000006277654;47.246,36
SP;NOVA LUZITANIA;3533304;0,000013585154;102.243,47
SP;OCAUCU;3533700;0,000054610865;411.007,8
SP;OLEO;3533809;0,000025006471;188.201,7
SP;ONDA VERDE;3534005;0,000027600625;207.725,56
SP;ORIENTE;3534104;0,000026156891;196.859,85
SP;ORINDIUVA;3534203;0,000050143533;377.386,15
SP;OURO VERDE;3534807;0,000130261825;980.365,87
SP;PALESTINA;3535002;0,000080697877;607.341,75
SP;PALMARES PAULISTA;3535101;0,000109207507;821.908,59
SP;PALMEIRA DOESTE;3535200;0,000063632073;478.902,49
SP;PALMITAL;3535309;0,000178687771;1.344.825,25
SP;PARANAPANEMA;3535804;0,000156843908;1.180.425,76
SP;PARIQUERA-ACU;3536208;0,000082978468;624.505,74
SP;PARISI;3536257;0,000036604188;275.487,44
SP;PAULICEIA;3536406;0,000105995145;797.731,97
SP;PEDREGULHO;3537008;0,000170688357;1.284.620,72
SP;PEDRINHAS PAULISTA;3537156;0,000031374589;236.128,86
SP;PENAPOLIS;3537305;0,000560969798;4.221.924,90
SP;PEREIRA BARRETO;3537404;0,000113044163;850.783,71
SP;PIQUETE;3538501;0,000089508028;673.647,98
SP;PIRAJUI;3538907;0,000083377352;627.507,79
SP;PIRANGI;3539004;0,000043831844;329.883,63
SP;PIRAPORA DO BOM JESUS;3539103;0,000321643321;2.420.725,59
SP;PIRAPOZINHO;3539202;0,000115759212;871.217,49
SP;PITANGUEIRAS;3539509;0,000184797439;1.390.807,33
SP;PLATINA;3539707;0,000037315900;280.843,87
SP;PONTES GESTAL;3540309;0,000029132479;219.254,48
SP;PRADOPOLIS;3540903;0,000121532862;914.670,66
SP;PRESIDENTE EPITACIO;3541307;0,000282408113;2.125.436,79
SP;RIBEIRA;3542800;0,000017644012;132.790,92
SP;RIBEIRAO BRANCO;3543006;0,000117951284;887.715,28
SP;RIBEIRAO CORRENTE;3543105;0,000090037885;677.635,75
SP;RIBEIRAO DOS INDIOS;3543238;0,000007086139;53.331,12
SP;RIFAINA;3543600;0,000022605622;170.132,58
SP;RINCAO;3543709;0,000096117865;723.394,40
SP;RIVERSUL;3543501;0,000032220015;242.491,64
SP;ROSANA;3544251;0,000066031815;496.963,23
SP;RUBIACEA;3544400;0,000034695116;261.119,54
SP;RUBINEIA;3544509;0,000043420568;326.788,32
SP;SABINO;3544608;0,000043413441;326.734,68
SP;SAGRES;3544707;0,000027140190;204.260,27
SP;SALES;3544806;0,000064517442;485.565,88
SP;SALES OLIVEIRA;3544905;0,000047890889;360.432,5
SP;SALESOPOLIS;3545001;0,000174133443;1.310.548,84
SP;SALTINHO;3545159;0,000096069601;723.031,15
SP;SANTA CRUZ DA ESPERANCA;3546256;0,000036667718;275.965,57
SP;SANTA LUCIA;3546900;0,000035932394;270.431,44
SP;SANTA MERCEDES;3547106;0,000036122444;271.861,78
SP;SANTA RITA DO PASSA QUATRO;3547502;0,000181881006;1.368.857,92
SP;SANTA SALETE;3547650;0,000004946030;37.224,41
SP;SANTANA DE PARNAIBA;3547304;0,002487515089;18.721.332,13
SP;SANTO EXPEDITO;3548302;0,000032531425;244.835,34
SP;SANTOS;3548500;0,002837149345;21.352.720,80
SP;SAO BENTO DO SAPUCAI;3548609;0,000086751480;652.901,88
SP;SAO JOAO DE IRACEMA;3549250;0,000010251294;77.152,45
SP;SAO JOAQUIM DA BARRA;3549409;0,000307971724;2.317.831,54
SP;SAO JOSE DA BELA VISTA;3549508;0,000035088767;264.082,20
SP;SAO JOSE DO RIO PARDO;3549706;0,000335746882;2.526.870,66
SP;SAO LUIS DO PARAITINGA;3550001;0,000143068887;1.076.753,33
SP;SAO MIGUEL ARCANJO;3550209;0,000158615151;1.193.756,35
SP;SAO SEBASTIAO DA GRAMA;3550803;0,000057394857;431.960,47
SP;SAO SIMAO;3550902;0,000075393181;567.417,98
SP;SEBASTIANOPOLIS DO SUL;3551306;0,000018152972;136.621,41
SP;SERRA NEGRA;3551603;0,000075184172;565.844,95
SP;SEVERINIA;3551900;0,000107172823;806.595,31
SP;SUZANAPOLIS;3552551;0,000041364113;311.311,20
SP;TABAPUA;3552601;0,000066292798;498.927,42
SP;TACIBA;3552908;0,000081913307;616.489,22
SP;TAMBAU;3553302;0,000187966744;1.414.659,90
SP;TAQUARAL;3553658;0,000010985894;82.681,13
SP;TAQUARITINGA;3553708;0,000431410995;3.246.850,06
SP;TAQUARITUBA;3553807;0,000125804024;946.815,93
SP;TAQUARIVAI;3553856;0,000060373424;454.377,51
SP;TARUMA;3553955;0,000112001936;842.939,79
SP;TEJUPA;3554201;0,000056352697;424.117,05
SP;TERRA ROXA;3554409;0,00005307168;399.423,70
SP;TIMBURI;3554607;0,000024857873;187.083,29
SP;TUPA;3555000;0,000209631793;1.577.713,61
SP;TUPI PAULISTA;3555109;0,000088443710;665.637,8
SP;TURIUBA;3555208;0,000008275089;62.279,30
SP;URUPES;3556008;0,000195576716;1.471.933,5
SP;VALENTIM GENTIL;3556107;0,000072465796;545.386,13
SP;VERA CRUZ;3556602;0,000091485739;688.532,47
SP;VIRADOURO;3556800;0,000205336628;1.545.387,69
SP;VISTA ALEGRE DO ALTO;3556909;0,000096459206;725.963,36
SP;VOTUPORANGA;3557105;0,000408632688;3.075.417,83
SP;ZACARIAS;3557154;0,000028761551;216.462,82
TO;ABREULANDIA;1700251;0,000047313510;356.087,06
TO;AGUIARNOPOLIS;1700301;0,000034929445;262.883,13
TO;ALIANCA DO TOCANTINS;1700350;0,000060362041;454.291,84
TO;ANANAS;1701002;0,000124084649;933.875,71
TO;ANGICO;1701051;0,000035252619;265.315,4
TO;ARAGOMINAS;1701309;0,000048636160;366.041,5
TO;ARAGUATINS;1702208;0,000142210757;1.070.294,94
TO;AXIXA DO TOCANTINS;1702901;0,000197713983;1.488.018,77
TO;BABACULANDIA;1703008;0,000089869222;676.366,37
TO;BANDEIRANTES DO TOCANTINS;1703057;0,000053714283;404.260,03
TO;BARRA DO OURO;1703073;0,000060447496;454.934,99
TO;BERNARDO SAYAO;1703206;0,000038301987;288.265,27
TO;BREJINHO DE NAZARE;1703701;0,000033403093;251.395,62
TO;BURITI DO TOCANTINS;1703800;0,000122020138;918.337,96
TO;CACHOEIRINHA;1703826;0,000018094464;136.181,07
TO;CAMPOS LINDOS;1703842;0,000180293165;1.356.907,64
TO;CARIRI DO TOCANTINS;1703867;0,000029755847;223.946,02
TO;CARRASCO BONITO;1703891;0,000046648085;351.078,99
TO;CASEARA;1703909;0,000076085976;572.632,03
TO;CENTENARIO;1704105;0,000025536618;192.191,60
TO;CHAPADA DA NATIVIDADE;1705102;0,000033113643;249.217,19
TO;CHAPADA DE AREIA;1704600;0,000024603516;185.168,97
TO;COLINAS DO TOCANTINS;1705508;0,000506115167;3.809.082,48
TO;COUTO DE MAGALHAES;1706001;0,000045502379;342.456,27
TO;CRISTALANDIA;1706100;0,000061064217;459.576,50
TO;CRIXAS DO TOCANTINS;1706258;0,000024395976;183.606,99
TO;DIANOPOLIS;1707009;0,000250745507;1.887.140,28
TO;DUERE;1707306;0,000025998461;195.667,49
TO;ESPERANTINA;1707405;0,000133414176;1.004.090,83
TO;FILADELFIA;1707702;0,000079832008;600.825,11
TO;FORTALEZA DO TABOCAO;1708254;0,000031556662;237.499,16
TO;GOIATINS;1709005;0,000190636847;1.434.755,41
TO;IPUEIRAS;1709807;0,000028270533;212.767,37
TO;ITAGUATINS;1710706;0,000072153846;543.038,36
TO;ITAPIRATINS;1710904;0,000043665049;328.628,31
TO;ITAPORA DO TOCANTINS;1711100;0,000028792652;216.696,90
TO;JAU DO TOCANTINS;1711506;0,000027462241;206.684,07
TO;JUARINA;1711803;0,000038576270;290.329,56
TO;LAGOA DO TOCANTINS;1711951;0,00005690032;428.238,49
TO;MAURILANDIA DO TOCANTINS;1712801;0,000056103066;422.238,30
TO;MIRACEMA DO TOCANTINS;1713205;0,000151962629;1.143.688,68
TO;MONTE DO CARMO;1713601;0,000045617730;343.324,4
TO;MONTE SANTO DO TOCANTINS;1713700;0,000031401060;236.328,08
TO;MURICILANDIA;1713957;0,000032258404;242.780,6
TO;NAZARE;1714302;0,000053330801;401.373,90
TO;NOVA ROSALANDIA;1715002;0,000017054544;128.354,51
TO;NOVO ACORDO;1715101;0,000055852634;420.353,51
TO;NOVO ALEGRE;1715150;0,000007274542;54.749,06
TO;OLIVEIRA DE FATIMA;1715507;0,000022796432;171.568,64
TO;PALMEIRANTE;1715705;0,000073057466;549.839,11
TO;PALMEIRAS DO TOCANTINS;1713809;0,000054467757;409.930,77
TO;PALMEIROPOLIS;1715754;0,000103207783;776.753,96
TO;PARANA;1716208;0,000129850145;977.267,52
TO;PEDRO AFONSO;1716505;0,000182714011;1.375.127,21
TO;PEQUIZEIRO;1716653;0,000038335699;288.519,0
TO;PINDORAMA DO TOCANTINS;1717008;0,000025712205;193.513,1
TO;PONTE ALTA DO BOM JESUS;1717800;0,000039217713;295.157,14
TO;PORTO ALEGRE DO TOCANTINS;1718006;0,000020169864;151.800,78
TO;PRAIA NORTE;1718303;0,000133635366;1.005.755,54
TO;PRESIDENTE KENNEDY;1718402;0,000030707750;231.110,15
TO;RIACHINHO;1718550;0,000034332517;258.390,57
TO;RIO DOS BOIS;1718709;0,000033829162;254.602,27
TO;RIO SONO;1718758;0,000066055455;497.141,15
TO;SAMPAIO;1718808;0,000034961222;263.122,28
TO;SANTA FE DO ARAGUAIA;1718865;0,000043923352;330.572,33
TO;SANTA MARIA DO TOCANTINS;1718881;0,000035928686;270.403,5
TO;SANTA ROSA DO TOCANTINS;1718907;0,000075760045;570.179,0
TO;SANTA TEREZINHA DO TOCANTINS;1720002;0,000035412704;266.520,19
TO;SAO BENTO DO TOCANTINS;1720101;0,000109310479;822.683,57
TO;SAO FELIX DO TOCANTINS;1720150;0,000011198422;84.280,65
TO;SAO MIGUEL DO TOCANTINS;1720200;0,000223956712;1.685.524,65
TO;SAO SALVADOR DO TOCANTINS;1720259;0,000031520478;237.226,84
TO;SAO SEBASTIAO DO TOCANTINS;1720309;0,000071218895;536.001,81
TO;SAO VALERIO;1720499;0,000034191270;257.327,53
TO;SITIO NOVO DO TOCANTINS;1720804;0,000199312881;1.500.052,26
TO;TAIPAS DO TOCANTINS;1720937;0,000024313620;182.987,17
TO;TALISMA;1720978;0,000019899050;149.762,60
TO;TOCANTINOPOLIS;1721208;0,000252089974;1.897.258,90
TO;WANDERLANDIA;1722081;0,000121102686;911.433,10
TO;XAMBIOA;1722107;0,000150458479;1.132.368,26
Total;;;;7.526.118.016,16
