municipio,municipio_chave,codigo_repasse_sefaz,ano,mes_nome,mes,icms_liquido_reais,ipva_reais,fundo_exportacao_ipi_reais,compensacao_financeira_reais,icms_bruto_reais
Adamantina,ADAMANTINA,1508,2026,Janeiro,1,2237950.42,5528847.73,17910.65,3672.07,2797438.025
Adamantina,ADAMANTINA,1508,2026,Fevereiro,2,1439373.59,2098279.84,17444.23,299.75,1799216.9875
Adamantina,ADAMANTINA,1508,2026,Março,3,3381330.49,1839307.42,15621.89,9887.83,4226663.1125
Adamantina,ADAMANTINA,1508,2026,Abril,4,2164590.24,1438208.32,16807.14,0.0,2705737.8000000003
Adamantina,ADAMANTINA,1508,2026,Maio,5,2292346.19,1371182.16,15647.77,4990.01,2865432.7375
Adamantina,ADAMANTINA,1508,2026,Junho,6,2850139.67,384353.85,24600.42,8825.5,3562674.5875
Adamantina,ADAMANTINA,1508,2026,Julho,7,2316307.71,519000.31,23039.58,19218.79,2895384.6374999997
Adamantina,ADAMANTINA,1508,2026,Agosto,8,2484713.53,502939.48,21455.01,0.0,3105891.9124999996
Adamantina,ADAMANTINA,1508,2026,Setembro,9,2813235.42,0.0,16954.51,8587.9,3516544.275
Adolfo,ADOLFO,1510,2026,Janeiro,1,802750.09,380390.87,6465.24,1309.81,1003437.6124999999
Adolfo,ADOLFO,1510,2026,Fevereiro,2,513416.67,146033.09,6222.26,106.92,641770.8374999999
Adolfo,ADOLFO,1510,2026,Março,3,1206102.05,122027.09,5572.24,3526.93,1507627.5625
Adolfo,ADOLFO,1510,2026,Abril,4,772097.48,113283.81,5995.01,0.0,965121.85
Adolfo,ADOLFO,1510,2026,Maio,5,817667.32,113250.97,5581.47,1779.91,1022084.1499999999
Adolfo,ADOLFO,1510,2026,Junho,6,1016629.2,14827.03,8774.83,3148.01,1270786.4999999998
Adolfo,ADOLFO,1510,2026,Julho,7,826214.27,46490.17,8218.09,6855.24,1032767.8375
Adolfo,ADOLFO,1510,2026,Agosto,8,886283.7,51628.81,7652.88,0.0,1107854.6249999998
Adolfo,ADOLFO,1510,2026,Setembro,9,1003465.66,0.0,6047.58,3063.26,1254332.075
Aguaí,AGUAI,1521,2026,Janeiro,1,3193977.33,3388739.62,25669.41,5221.3,3992471.6625
Aguaí,AGUAI,1521,2026,Fevereiro,2,2046637.09,1150598.92,24803.85,426.21,2558296.3625
Aguaí,AGUAI,1521,2026,Março,3,4807894.54,1013808.68,22212.67,14059.45,6009868.175
Aguaí,AGUAI,1521,2026,Abril,4,3077818.52,827287.64,23897.98,0.0,3847273.15
Aguaí,AGUAI,1521,2026,Maio,5,3259473.97,841453.4,22249.47,7095.26,4074342.4625
Aguaí,AGUAI,1521,2026,Junho,6,4052597.35,249706.32,34979.2,12548.93,5065746.6875
Aguaí,AGUAI,1521,2026,Julho,7,3293544.73,306319.64,32759.85,27327.08,4116930.9124999996
Aguaí,AGUAI,1521,2026,Agosto,8,3533000.0,372488.66,30506.75,0.0,4416250.0
Aguaí,AGUAI,1521,2026,Setembro,9,4000123.4,0.0,24107.51,12211.08,5000154.25
Agudos,AGUDOS,1569,2026,Janeiro,1,6228712.12,3380115.04,50178.71,10160.63,7785890.149999999
Agudos,AGUDOS,1569,2026,Fevereiro,2,3982751.95,1419295.99,48268.24,829.4,4978439.9375
Agudos,AGUDOS,1569,2026,Março,3,9356153.75,1586995.06,43225.82,27359.66,11695192.1875
Agudos,AGUDOS,1569,2026,Abril,4,5989429.06,1067894.3,46505.42,0.0,7486786.324999999
Agudos,AGUDOS,1569,2026,Maio,5,6342930.23,1166054.2,43297.43,13807.36,7928662.787500001
Agudos,AGUDOS,1569,2026,Junho,6,7886346.83,348509.05,68069.45,24420.19,9857933.5375
Agudos,AGUDOS,1569,2026,Julho,7,6409231.86,485096.36,63750.61,53178.45,8011539.825
Agudos,AGUDOS,1569,2026,Agosto,8,6875211.37,465453.19,59366.09,0.0,8594014.2125
Agudos,AGUDOS,1569,2026,Setembro,9,7784232.63,0.0,46913.18,23762.74,9730290.7875
Alambari,ALAMBARI,7328,2026,Janeiro,1,504671.25,490519.34,4082.45,820.21,630839.0625
Alambari,ALAMBARI,7328,2026,Fevereiro,2,321505.25,174781.94,3896.42,66.95,401881.5625
Alambari,ALAMBARI,7328,2026,Março,3,755269.86,155384.42,3489.38,2208.59,944087.325
Alambari,ALAMBARI,7328,2026,Abril,4,483493.04,118613.41,3754.12,0.0,604366.2999999999
Alambari,ALAMBARI,7328,2026,Maio,5,512029.21,105827.51,3495.16,1114.59,640036.5125
Alambari,ALAMBARI,7328,2026,Junho,6,636620.58,32254.7,5494.87,1971.31,795775.7249999999
Alambari,ALAMBARI,7328,2026,Julho,7,517381.37,40589.26,5146.23,4292.8,646726.7124999999
Alambari,ALAMBARI,7328,2026,Agosto,8,554997.29,57851.0,4792.29,0.0,693746.6125
Alambari,ALAMBARI,7328,2026,Setembro,9,628377.48,0.0,3787.04,1918.23,785471.85
Alfredo Marcondes,ALFREDO MARCONDES,1570,2026,Janeiro,1,464597.04,493959.58,3784.66,750.31,580746.2999999999
Alfredo Marcondes,ALFREDO MARCONDES,1570,2026,Fevereiro,2,294105.74,137467.38,3564.36,61.25,367632.175
Alfredo Marcondes,ALFREDO MARCONDES,1570,2026,Março,3,690903.83,124233.39,3192.0,2020.37,863629.7874999999
Alfredo Marcondes,ALFREDO MARCONDES,1570,2026,Abril,4,442288.53,114749.99,3434.19,0.0,552860.6625
Alfredo Marcondes,ALFREDO MARCONDES,1570,2026,Maio,5,468392.77,99105.75,3197.29,1019.6,585490.9625
Alfredo Marcondes,ALFREDO MARCONDES,1570,2026,Junho,6,582366.15,28372.16,5026.58,1803.31,727957.6875
Alfredo Marcondes,ALFREDO MARCONDES,1570,2026,Julho,7,473288.8,43029.83,4707.65,3926.96,591611.0
Alfredo Marcondes,ALFREDO MARCONDES,1570,2026,Agosto,8,507698.99,34457.35,4383.88,0.0,634623.7374999999
Alfredo Marcondes,ALFREDO MARCONDES,1570,2026,Setembro,9,574825.54,0.0,3464.3,1754.76,718531.925
Altair,ALTAIR,1582,2026,Janeiro,1,823713.15,203318.58,6567.67,1356.02,1029641.4375
Altair,ALTAIR,1582,2026,Fevereiro,2,531529.78,94957.79,6441.78,110.69,664412.225
Altair,ALTAIR,1582,2026,Março,3,1248652.79,100302.92,5768.83,3651.36,1560815.9875
Altair,ALTAIR,1582,2026,Abril,4,799336.73,68570.26,6206.52,0.0,999170.9125
Altair,ALTAIR,1582,2026,Maio,5,846514.26,55265.74,5778.38,1842.7,1058142.825
Altair,ALTAIR,1582,2026,Junho,6,1052495.42,30120.36,9084.41,3259.07,1315619.275
Altair,ALTAIR,1582,2026,Julho,7,855362.74,22395.66,8508.02,7097.09,1069203.4249999998
Altair,ALTAIR,1582,2026,Agosto,8,917551.39,25200.7,7922.87,0.0,1146939.2375
Altair,ALTAIR,1582,2026,Setembro,9,1038867.47,0.0,6260.94,3171.33,1298584.3375
Altinópolis,ALTINOPOLIS,1594,2026,Janeiro,1,2094952.09,2170037.57,16797.92,3431.7,2618690.1125
Altinópolis,ALTINOPOLIS,1594,2026,Fevereiro,2,1345155.1,680942.5,16302.36,280.12,1681443.875
Altinópolis,ALTINOPOLIS,1594,2026,Março,3,3159995.43,611644.05,14599.31,9240.59,3949994.2875
Altinópolis,ALTINOPOLIS,1594,2026,Abril,4,2022900.54,462845.87,15706.98,0.0,2528625.675
Altinópolis,ALTINOPOLIS,1594,2026,Maio,5,2142293.84,452846.92,14623.5,4663.37,2677867.3
Altinópolis,ALTINOPOLIS,1594,2026,Junho,6,2663575.29,164752.04,22990.13,8247.8,3329469.1125
Altinópolis,ALTINOPOLIS,1594,2026,Julho,7,2164686.89,209543.04,21531.46,17960.76,2705858.6125
Altinópolis,ALTINOPOLIS,1594,2026,Agosto,8,2322069.2,211920.46,20050.61,0.0,2902586.5
Altinópolis,ALTINOPOLIS,1594,2026,Setembro,9,2629086.71,0.0,15844.7,8025.75,3286358.3874999997
Alto Alegre,ALTO ALEGRE,1600,2026,Janeiro,1,723222.01,602622.47,5936.66,1159.81,904027.5125
Alto Alegre,ALTO ALEGRE,1600,2026,Fevereiro,2,454619.97,148498.93,5509.68,94.67,568274.9624999999
Alto Alegre,ALTO ALEGRE,1600,2026,Março,3,1067978.73,130422.73,4934.11,3123.03,1334973.4124999999
Alto Alegre,ALTO ALEGRE,1600,2026,Abril,4,683676.54,101554.3,5308.46,0.0,854595.675
Alto Alegre,ALTO ALEGRE,1600,2026,Maio,5,724027.71,94484.58,4942.28,1576.07,905034.6375
Alto Alegre,ALTO ALEGRE,1600,2026,Junho,6,900204.39,29783.69,7769.94,2787.5,1125255.4875
Alto Alegre,ALTO ALEGRE,1600,2026,Julho,7,731595.85,52418.8,7276.95,6070.17,914494.8124999999
Alto Alegre,ALTO ALEGRE,1600,2026,Agosto,8,784786.11,52777.81,6776.47,0.0,980982.6375
Alto Alegre,ALTO ALEGRE,1600,2026,Setembro,9,888548.34,0.0,5355.01,2712.45,1110685.4249999998
Alumínio,ALUMINIO,7330,2026,Janeiro,1,2935220.49,1210719.55,24841.7,4571.96,3669025.6125000003
Alumínio,ALUMINIO,7330,2026,Fevereiro,2,1792112.21,529588.61,21719.18,373.2,2240140.2624999997
Alumínio,ALUMINIO,7330,2026,Março,3,4209972.8,585423.35,19450.25,12310.98,5262465.999999999
Alumínio,ALUMINIO,7330,2026,Abril,4,2695053.34,381869.73,20925.96,0.0,3368816.675
Alumínio,ALUMINIO,7330,2026,Maio,5,2854117.67,374786.32,19482.47,6212.88,3567647.0875
Alumínio,ALUMINIO,7330,2026,Junho,6,3548606.25,150753.51,30629.1,10988.31,4435757.8125
Alumínio,ALUMINIO,7330,2026,Julho,7,2883951.3,172384.35,28685.75,23928.62,3604939.1249999995
Alumínio,ALUMINIO,7330,2026,Agosto,8,3093627.32,220216.95,26712.86,0.0,3867034.1499999994
Alumínio,ALUMINIO,7330,2026,Setembro,9,3502658.09,0.0,21109.44,10692.48,4378322.6125
Alvares Florence,ALVARES FLORENCE,1612,2026,Janeiro,1,769153.69,372111.83,6288.74,1237.98,961442.1124999999
Alvares Florence,ALVARES FLORENCE,1612,2026,Fevereiro,2,485261.64,136136.65,5881.04,101.05,606577.0499999999
Alvares Florence,ALVARES FLORENCE,1612,2026,Março,3,1139961.16,137505.91,5266.67,3333.52,1424951.4499999997
Alvares Florence,ALVARES FLORENCE,1612,2026,Abril,4,729756.77,110455.03,5666.26,0.0,912195.9625
Alvares Florence,ALVARES FLORENCE,1612,2026,Maio,5,772827.63,104004.5,5275.39,1682.3,966034.5375
Alvares Florence,ALVARES FLORENCE,1612,2026,Junho,6,960878.72,52078.14,8293.64,2975.38,1201098.4
Alvares Florence,ALVARES FLORENCE,1612,2026,Julho,7,780905.87,42456.01,7767.42,6479.3,976132.3374999999
Alvares Florence,ALVARES FLORENCE,1612,2026,Agosto,8,837681.18,27037.42,7233.21,0.0,1047101.475
Alvares Florence,ALVARES FLORENCE,1612,2026,Setembro,9,948437.05,0.0,5715.94,2895.27,1185546.3125
Alvares Machado,ALVARES MACHADO,1624,2026,Janeiro,1,1321611.6,2681416.97,10653.2,2154.76,1652014.5
Alvares Machado,ALVARES MACHADO,1624,2026,Fevereiro,2,844619.08,1059929.81,10236.21,175.89,1055773.8499999999
Alvares Machado,ALVARES MACHADO,1624,2026,Março,3,1984152.18,872700.47,9166.87,5802.14,2480190.2249999996
Alvares Machado,ALVARES MACHADO,1624,2026,Abril,4,1270173.52,748993.6,9862.37,0.0,1587716.9
Alvares Machado,ALVARES MACHADO,1624,2026,Maio,5,1345140.24,617338.71,9182.05,2928.12,1681425.2999999998
Alvares Machado,ALVARES MACHADO,1624,2026,Junho,6,1672451.38,222647.64,14435.43,5178.77,2090564.2249999999
Alvares Machado,ALVARES MACHADO,1624,2026,Julho,7,1359200.77,242217.14,13519.54,11277.51,1699000.9625
Alvares Machado,ALVARES MACHADO,1624,2026,Agosto,8,1458020.68,268553.77,12589.72,0.0,1822525.8499999999
Alvares Machado,ALVARES MACHADO,1624,2026,Setembro,9,1650796.11,0.0,9948.84,5039.35,2063495.1375
Alvinlândia,ALVINLANDIA,1648,2026,Janeiro,1,328165.28,206968.78,2645.9,534.93,410206.60000000003
Alvinlândia,ALVINLANDIA,1648,2026,Fevereiro,2,209679.78,88724.69,2541.18,43.67,262099.72499999998
Alvinlândia,ALVINLANDIA,1648,2026,Março,3,492573.04,76563.5,2275.71,1440.4,615716.2999999999
Alvinlândia,ALVINLANDIA,1648,2026,Abril,4,315325.23,56767.99,2448.37,0.0,394156.5375
Alvinlândia,ALVINLANDIA,1648,2026,Maio,5,333935.99,55694.71,2279.48,726.92,417419.9875
Alvinlândia,ALVINLANDIA,1648,2026,Junho,6,415192.18,48985.66,3583.65,1285.65,518990.225
Alvinlândia,ALVINLANDIA,1648,2026,Julho,7,337426.57,29847.89,3356.28,2799.68,421783.21249999997
Alvinlândia,ALVINLANDIA,1648,2026,Agosto,8,361958.97,37349.09,3125.44,0.0,452448.71249999997
Alvinlândia,ALVINLANDIA,1648,2026,Setembro,9,409816.18,0.0,2469.84,1251.04,512270.225
Americana,AMERICANA,1650,2026,Janeiro,1,17950081.95,42717286.37,145176.99,29178.06,22437602.437499996
Americana,AMERICANA,1650,2026,Fevereiro,2,11437176.66,17111005.61,138610.78,2381.76,14296470.825
Americana,AMERICANA,1650,2026,Março,3,26867850.35,14170992.25,124130.6,78568.09,33584812.9375
Americana,AMERICANA,1650,2026,Abril,4,17199704.93,12068989.75,133548.53,0.0,21499631.162499998
Americana,AMERICANA,1650,2026,Maio,5,18214846.06,10937169.91,124336.22,39650.29,22768557.574999996
Americana,AMERICANA,1650,2026,Junho,6,22647039.82,3017128.34,195473.46,70126.91,28308799.775
Americana,AMERICANA,1650,2026,Julho,7,18405242.91,3761005.96,183071.15,152711.34,23006553.6375
Americana,AMERICANA,1650,2026,Agosto,8,19743385.51,4043252.72,170480.22,0.0,24679231.8875
Americana,AMERICANA,1650,2026,Setembro,9,22353800.82,0.0,134719.49,68238.91,27942251.025
Amparo,AMPARO,1685,2026,Janeiro,1,8983067.52,11562077.29,72757.7,14583.22,11228834.399999999
Amparo,AMPARO,1685,2026,Fevereiro,2,5716311.97,3412853.61,69277.8,1190.4,7145389.962499999
Amparo,AMPARO,1685,2026,Março,3,13428577.61,2794402.27,62040.59,39268.41,16785722.0125
Amparo,AMPARO,1685,2026,Abril,4,8596429.17,2334980.02,66747.68,0.0,10745536.462499999
Amparo,AMPARO,1685,2026,Maio,5,9103797.69,2121724.86,62143.37,19817.25,11379747.112499999
Amparo,AMPARO,1685,2026,Junho,6,11319012.42,631328.39,97697.83,35049.5,14148765.524999999
Amparo,AMPARO,1685,2026,Julho,7,9198958.22,795545.34,91499.14,76325.27,11498697.775
Amparo,AMPARO,1685,2026,Agosto,8,9867763.19,694850.2,85206.18,0.0,12334703.987499999
Amparo,AMPARO,1685,2026,Setembro,9,11172451.29,0.0,67332.93,34105.87,13965564.112499999
Américo Brasiliense,AMERICO BRASILIENSE,1661,2026,Janeiro,1,1946179.15,3965147.23,15516.77,3203.96,2432723.9374999995
Américo Brasiliense,AMERICO BRASILIENSE,1661,2026,Fevereiro,2,1255883.0,1128762.88,15220.45,261.53,1569853.75
Américo Brasiliense,AMERICO BRASILIENSE,1661,2026,Março,3,2950280.25,1093568.41,13630.42,8627.33,3687850.3125
Américo Brasiliense,AMERICO BRASILIENSE,1661,2026,Abril,4,1888649.41,834079.35,14664.57,0.0,2360811.7624999997
Américo Brasiliense,AMERICO BRASILIENSE,1661,2026,Maio,5,2000119.1,914743.93,13653.0,4353.88,2500148.875
Américo Brasiliense,AMERICO BRASILIENSE,1661,2026,Junho,6,2486805.36,263815.21,21464.37,7700.43,3108506.6999999997
Américo Brasiliense,AMERICO BRASILIENSE,1661,2026,Julho,7,2021026.02,478849.89,20102.51,16768.79,2526282.525
Américo Brasiliense,AMERICO BRASILIENSE,1661,2026,Agosto,8,2167963.56,480010.57,18719.94,0.0,2709954.4499999997
Américo Brasiliense,AMERICO BRASILIENSE,1661,2026,Setembro,9,2454605.64,0.0,14793.15,7493.12,3068257.05
Américo de Campos,AMERICO DE CAMPOS,1673,2026,Janeiro,1,805963.86,624564.76,6442.32,1323.87,1007454.825
Américo de Campos,AMERICO DE CAMPOS,1673,2026,Fevereiro,2,518930.31,207657.61,6289.08,108.07,648662.8875
Américo de Campos,AMERICO DE CAMPOS,1673,2026,Março,3,1219054.53,152459.07,5632.08,3564.81,1523818.1624999999
Américo de Campos,AMERICO DE CAMPOS,1673,2026,Abril,4,780389.12,133581.16,6059.4,0.0,975486.3999999999
Américo de Campos,AMERICO DE CAMPOS,1673,2026,Maio,5,826448.35,123388.36,5641.41,1799.02,1033060.4374999999
Américo de Campos,AMERICO DE CAMPOS,1673,2026,Junho,6,1027546.9,31429.72,8869.07,3181.81,1284433.625
Américo de Campos,AMERICO DE CAMPOS,1673,2026,Julho,7,835087.08,26733.48,8306.35,6928.86,1043858.8499999999
Américo de Campos,AMERICO DE CAMPOS,1673,2026,Agosto,8,895801.61,44803.97,7735.07,0.0,1119752.0125
Américo de Campos,AMERICO DE CAMPOS,1673,2026,Setembro,9,1014241.99,0.0,6112.52,3096.15,1267802.4874999998
Analândia,ANALANDIA,1697,2026,Janeiro,1,1356842.53,515494.1,10982.75,2203.96,1696053.1624999999
Analândia,ANALANDIA,1697,2026,Fevereiro,2,863905.83,169754.47,10469.95,179.91,1079882.2874999999
Analândia,ANALANDIA,1697,2026,Março,3,2029459.99,213858.75,9376.19,5934.63,2536824.9875
Analândia,ANALANDIA,1697,2026,Abril,4,1299177.74,146053.34,10087.57,0.0,1623972.1749999998
Analândia,ANALANDIA,1697,2026,Maio,5,1375856.3,153021.2,9391.72,2994.98,1719820.375
Analândia,ANALANDIA,1697,2026,Junho,6,1710641.55,44020.14,14765.07,5297.03,2138301.9375
Analândia,ANALANDIA,1697,2026,Julho,7,1390237.91,107192.33,13828.26,11535.03,1737797.3874999997
Analândia,ANALANDIA,1697,2026,Agosto,8,1491314.36,107428.41,12877.2,0.0,1864142.95
Analândia,ANALANDIA,1697,2026,Setembro,9,1688491.78,0.0,10176.02,5154.42,2110614.725
Andradina,ANDRADINA,1703,2026,Janeiro,1,5418427.39,6314161.64,43917.53,8790.67,6773034.237499999
Andradina,ANDRADINA,1703,2026,Fevereiro,2,3445754.98,2638967.6,41760.2,717.57,4307193.725
Andradina,ANDRADINA,1703,2026,Março,3,8094657.62,2349280.59,37397.66,23670.74,10118322.025
Andradina,ANDRADINA,1703,2026,Abril,4,5181870.55,1761681.54,40235.06,0.0,6477338.187499999
Andradina,ANDRADINA,1703,2026,Maio,5,5487708.93,1690728.31,37459.61,11945.71,6859636.1625
Andradina,ANDRADINA,1703,2026,Junho,6,6823025.7,483455.63,58891.6,21127.6,8528782.125
Andradina,ANDRADINA,1703,2026,Julho,7,5545071.07,673888.32,55155.07,46008.37,6931338.8375
Andradina,ANDRADINA,1703,2026,Agosto,8,5948222.27,825175.56,51361.72,0.0,7435277.837499999
Andradina,ANDRADINA,1703,2026,Setembro,9,6734679.62,0.0,40587.84,20558.8,8418349.525
Angatuba,ANGATUBA,1715,2026,Janeiro,1,3182802.4,1839057.0,25626.88,5194.48,3978502.9999999995
Angatuba,ANGATUBA,1715,2026,Fevereiro,2,2036125.72,769795.0,24676.45,424.02,2545157.15
Angatuba,ANGATUBA,1715,2026,Março,3,4783201.55,653005.13,22098.59,13987.24,5979001.937499999
Angatuba,ANGATUBA,1715,2026,Abril,4,3062011.07,589890.96,23775.24,0.0,3827513.8374999994
Angatuba,ANGATUBA,1715,2026,Maio,5,3242733.56,545368.27,22135.2,7058.82,4053416.9499999997
Angatuba,ANGATUBA,1715,2026,Junho,6,4031783.51,177204.53,34799.54,12484.48,5039729.387499999
Angatuba,ANGATUBA,1715,2026,Julho,7,3276629.33,157822.69,32591.6,27186.73,4095786.6625
Angatuba,ANGATUBA,1715,2026,Agosto,8,3514854.78,325444.76,30350.07,0.0,4393568.475
Angatuba,ANGATUBA,1715,2026,Setembro,9,3979579.07,0.0,23983.7,12148.37,4974473.837499999
Anhembi,ANHEMBI,1727,2026,Janeiro,1,1388199.56,349307.66,11068.7,2285.25,1735249.45
Anhembi,ANHEMBI,1727,2026,Fevereiro,2,895767.59,151468.92,10856.09,186.54,1119709.4874999998
Anhembi,ANHEMBI,1727,2026,Março,3,2104308.62,150061.51,9721.99,6153.51,2630385.775
Anhembi,ANHEMBI,1727,2026,Abril,4,1347092.79,95391.1,10459.61,0.0,1683865.9875
Anhembi,ANHEMBI,1727,2026,Maio,5,1426599.34,81921.28,9738.1,3105.44,1783249.175
Anhembi,ANHEMBI,1727,2026,Junho,6,1773731.82,31274.32,15309.62,5492.39,2217164.775
Anhembi,ANHEMBI,1727,2026,Julho,7,1441511.35,26592.22,14338.26,11960.46,1801889.1875
Anhembi,ANHEMBI,1727,2026,Agosto,8,1546315.61,41255.19,13352.13,0.0,1932894.5125
Anhembi,ANHEMBI,1727,2026,Setembro,9,1750765.14,0.0,10551.32,5344.52,2188456.425
Anhumas,ANHUMAS,1739,2026,Janeiro,1,572750.2,338829.79,4665.14,925.07,715937.7499999999
Anhumas,ANHUMAS,1739,2026,Fevereiro,2,362609.39,142141.95,4394.58,75.51,453261.7375
Anhumas,ANHUMAS,1739,2026,Março,3,851830.4,105079.95,3935.49,2490.96,1064788.0
Anhumas,ANHUMAS,1739,2026,Abril,4,545307.17,88977.93,4234.08,0.0,681633.9625
Anhumas,ANHUMAS,1739,2026,Maio,5,577491.66,85742.88,3942.01,1257.09,721864.575
Anhumas,ANHUMAS,1739,2026,Junho,6,718011.92,26849.39,6197.38,2223.34,897514.9
Anhumas,ANHUMAS,1739,2026,Julho,7,583528.09,24806.81,5804.17,4841.63,729410.1124999999
Anhumas,ANHUMAS,1739,2026,Agosto,8,625953.16,36531.03,5404.98,0.0,782441.45
Anhumas,ANHUMAS,1739,2026,Setembro,9,708714.94,0.0,4271.21,2163.48,885893.6749999999
Aparecida,APARECIDA,1740,2026,Janeiro,1,1508215.85,4198361.66,12108.66,2467.81,1885269.8125
Aparecida,APARECIDA,1740,2026,Fevereiro,2,967327.57,1416450.65,11723.35,201.44,1209159.4625
Aparecida,APARECIDA,1740,2026,Março,3,2272415.06,1096898.69,10498.65,6645.09,2840518.8249999997
Aparecida,APARECIDA,1740,2026,Abril,4,1454707.69,828958.16,11295.2,0.0,1818384.6124999998
Aparecida,APARECIDA,1740,2026,Maio,5,1540565.76,839096.44,10516.04,3353.52,1925707.2
Aparecida,APARECIDA,1740,2026,Junho,6,1915429.54,243168.87,16532.65,5931.16,2394286.925
Aparecida,APARECIDA,1740,2026,Julho,7,1556669.05,338610.08,15483.7,12915.94,1945836.3125
Aparecida,APARECIDA,1740,2026,Agosto,8,1669845.78,392450.41,14418.79,0.0,2087307.2249999999
Aparecida,APARECIDA,1740,2026,Setembro,9,1890628.12,0.0,11394.23,5771.48,2363285.15
Aparecida D'Oeste,APARECIDA DOESTE,1752,2026,Janeiro,1,576266.53,496560.05,4605.96,946.63,720333.1625
Aparecida D'Oeste,APARECIDA DOESTE,1752,2026,Fevereiro,2,371059.56,161159.74,4496.99,77.27,463824.44999999995
Aparecida D'Oeste,APARECIDA DOESTE,1752,2026,Março,3,871681.28,124704.44,4027.2,2549.01,1089601.5999999999
Aparecida D'Oeste,APARECIDA DOESTE,1752,2026,Abril,4,558014.9,119765.46,4332.75,0.0,697518.625
Aparecida D'Oeste,APARECIDA DOESTE,1752,2026,Maio,5,590949.41,108710.34,4033.88,1286.39,738686.7625
Aparecida D'Oeste,APARECIDA DOESTE,1752,2026,Junho,6,734744.33,31439.97,6341.8,2275.15,918430.4124999999
Aparecida D'Oeste,APARECIDA DOESTE,1752,2026,Julho,7,597126.51,35349.69,5939.43,4954.46,746408.1375
Aparecida D'Oeste,APARECIDA DOESTE,1752,2026,Agosto,8,640540.25,36422.1,5530.94,0.0,800675.3125
Aparecida D'Oeste,APARECIDA DOESTE,1752,2026,Setembro,9,725230.69,0.0,4370.74,2213.89,906538.3624999999
Apiaí,APIAI,1764,2026,Janeiro,1,2664953.72,1627355.72,21206.76,4394.63,3331192.15
Apiaí,APIAI,1764,2026,Fevereiro,2,1722601.2,675521.15,20876.75,358.73,2153251.5
Apiaí,APIAI,1764,2026,Março,3,4046679.75,699826.88,18695.83,11833.47,5058349.6875
Apiaí,APIAI,1764,2026,Abril,4,2590519.77,478363.03,20114.3,0.0,3238149.7125
Apiaí,APIAI,1764,2026,Maio,5,2743414.44,518060.21,18726.8,5971.9,3429268.05
Apiaí,APIAI,1764,2026,Junho,6,3410965.75,175505.86,29441.08,10562.11,4263707.1875
Apiaí,APIAI,1764,2026,Julho,7,2772090.91,250360.23,27573.11,23000.5,3465113.6375
Apiaí,APIAI,1764,2026,Agosto,8,2973634.19,254467.51,25676.74,0.0,3717042.7375
Apiaí,APIAI,1764,2026,Setembro,9,3366799.8,0.0,20290.67,10277.75,4208499.749999999
Aramina,ARAMINA,1790,2026,Janeiro,1,689549.77,400708.72,5601.13,1116.5,861937.2125
Aramina,ARAMINA,1790,2026,Fevereiro,2,437643.82,152651.73,5303.94,91.14,547054.775
Aramina,ARAMINA,1790,2026,Março,3,1028098.9,170125.37,4749.86,3006.41,1285123.625
Aramina,ARAMINA,1790,2026,Abril,4,658147.1,131982.05,5110.24,0.0,822683.8749999999
Aramina,ARAMINA,1790,2026,Maio,5,696991.49,123331.36,4757.73,1517.22,871239.3624999999
Aramina,ARAMINA,1790,2026,Junho,6,866589.49,42429.41,7479.8,2683.41,1083236.8624999998
Aramina,ARAMINA,1790,2026,Julho,7,704277.03,82918.01,7005.22,5843.5,880346.2875
Aramina,ARAMINA,1790,2026,Agosto,8,755481.09,56701.24,6523.43,0.0,944351.3624999999
Aramina,ARAMINA,1790,2026,Setembro,9,855368.69,0.0,5155.04,2611.16,1069210.8624999998
Arandu,ARANDU,1806,2026,Janeiro,1,955950.18,460909.05,7750.17,1550.54,1194937.725
Arandu,ARANDU,1806,2026,Fevereiro,2,607779.42,205539.09,7365.87,126.57,759724.275
Arandu,ARANDU,1806,2026,Março,3,1427776.01,160501.49,6596.39,4175.16,1784720.0125
Arandu,ARANDU,1806,2026,Abril,4,914004.12,148082.5,7096.86,0.0,1142505.15
Arandu,ARANDU,1806,2026,Maio,5,967949.42,116022.5,6607.31,2107.04,1209936.775
Arandu,ARANDU,1806,2026,Junho,6,1203479.24,41974.72,10387.59,3726.59,1504349.0499999998
Arandu,ARANDU,1806,2026,Julho,7,978067.24,43290.97,9728.53,8115.19,1222584.0499999998
Arandu,ARANDU,1806,2026,Agosto,8,1049177.06,53213.93,9059.44,0.0,1311471.325
Arandu,ARANDU,1806,2026,Setembro,9,1187896.32,0.0,7159.09,3626.26,1484870.4
Arapei,ARAPEI,7353,2026,Janeiro,1,387734.42,91238.78,3085.05,639.47,484668.02499999997
Arapei,ARAPEI,7353,2026,Fevereiro,2,250656.78,43374.23,3037.79,52.2,313320.975
Arapei,ARAPEI,7353,2026,Março,3,588834.9,25984.44,2720.44,1721.9,736043.625
Arapei,ARAPEI,7353,2026,Abril,4,376948.15,21984.42,2926.85,0.0,471185.1875
Arapei,ARAPEI,7353,2026,Maio,5,399195.95,24179.72,2724.95,868.97,498994.9375
Arapei,ARAPEI,7353,2026,Junho,6,496331.76,5699.64,4283.99,1536.9,620414.7
Arapei,ARAPEI,7353,2026,Julho,7,403368.68,6011.4,4012.18,3346.82,504210.85
Arapei,ARAPEI,7353,2026,Agosto,8,432695.37,8698.85,3736.24,0.0,540869.2124999999
Arapei,ARAPEI,7353,2026,Setembro,9,489905.14,0.0,2952.51,1495.52,612381.4249999999
Araraquara,ARARAQUARA,1818,2026,Janeiro,1,18529084.44,36241324.54,149589.4,30168.13,23161355.55
Araraquara,ARARAQUARA,1818,2026,Fevereiro,2,11825263.72,14094549.35,143314.13,2462.57,14781579.65
Araraquara,ARARAQUARA,1818,2026,Março,3,27779532.08,11945623.32,128342.6,81234.07,34724415.099999994
Araraquara,ARARAQUARA,1818,2026,Abril,4,17783326.49,9749988.29,138080.11,0.0,22229158.112499997
Araraquara,ARARAQUARA,1818,2026,Maio,5,18832913.46,9228297.22,128555.21,40995.7,23541141.825
Araraquara,ARARAQUARA,1818,2026,Junho,6,23415500.72,2833193.23,202106.28,72506.46,29269375.9
Araraquara,ARARAQUARA,1818,2026,Julho,7,19029770.87,3442709.12,189283.14,157893.15,23787213.5875
Araraquara,ARARAQUARA,1818,2026,Agosto,8,20413319.41,3482491.09,176264.97,0.0,25516649.2625
Araraquara,ARARAQUARA,1818,2026,Setembro,9,23112311.52,0.0,139290.8,70554.4,28890389.4
Araras,ARARAS,1820,2026,Janeiro,1,10498552.42,19214978.56,84176.85,17198.13,13123190.524999999
Araras,ARARAS,1820,2026,Fevereiro,2,6741301.72,7753796.1,81699.98,1403.85,8426627.149999999
Araras,ARARAS,1820,2026,Março,3,15836450.83,5986728.76,73165.07,46309.61,19795563.537499998
Araras,ARARAS,1820,2026,Abril,4,10137851.66,5054356.48,78716.19,0.0,12672314.575
Araras,ARARAS,1820,2026,Maio,5,10736196.24,4539123.68,73286.27,23370.68,13420245.299999999
Araras,ARARAS,1820,2026,Junho,6,13348620.3,1314825.48,115215.99,41334.21,16685775.375
Araras,ARARAS,1820,2026,Julho,7,10848419.97,1531503.56,107905.82,90011.13,13560524.9625
Araras,ARARAS,1820,2026,Agosto,8,11637148.11,1636545.04,100484.47,0.0,14546435.1375
Araras,ARARAS,1820,2026,Setembro,9,13175779.34,0.0,79406.37,40221.39,16469724.174999999
Araçariguama,ARACARIGUAMA,7341,2026,Janeiro,1,5826082.09,2001157.37,46904.17,9509.44,7282602.6125
Araçariguama,ARACARIGUAMA,7341,2026,Fevereiro,2,3727495.99,990742.37,45174.71,776.24,4659369.9875
Araçariguama,ARACARIGUAMA,7341,2026,Março,3,8756514.59,843332.47,40455.47,25606.17,10945643.237499999
Araçariguama,ARACARIGUAMA,7341,2026,Abril,4,5605564.46,682480.41,43524.87,0.0,7006955.574999999
Araçariguama,ARACARIGUAMA,7341,2026,Maio,5,5936409.62,650839.69,40522.48,12922.44,7420512.024999999
Araçariguama,ARACARIGUAMA,7341,2026,Junho,6,7380908.11,223269.96,63706.85,22855.1,9226135.1375
Araçariguama,ARACARIGUAMA,7341,2026,Julho,7,5998461.95,278250.61,59664.81,49770.23,7498077.4375
Araçariguama,ARACARIGUAMA,7341,2026,Agosto,8,6434576.68,334122.41,55561.29,0.0,8043220.85
Araçariguama,ARACARIGUAMA,7341,2026,Setembro,9,7285338.44,0.0,43906.5,22239.78,9106673.05
Araçatuba,ARACATUBA,1776,2026,Janeiro,1,12143937.75,29066965.78,98119.58,19757.89,15179922.1875
Araçatuba,ARACATUBA,1776,2026,Fevereiro,2,7744672.13,12437453.38,93860.14,1612.8,9680840.1625
Araçatuba,ARACATUBA,1776,2026,Março,3,18193536.57,10547625.29,84054.9,53202.3,22741920.7125
Araçatuba,ARACATUBA,1776,2026,Abril,4,11646762.08,8770511.7,90432.25,0.0,14558452.6
Araçatuba,ARACATUBA,1776,2026,Maio,5,12334163.83,7968904.99,84194.14,26849.15,15417704.7875
Araçatuba,ARACATUBA,1776,2026,Junho,6,15335419.16,2899798.73,132364.65,47486.36,19169273.95
Araçatuba,ARACATUBA,1776,2026,Julho,7,12463090.86,3382469.9,123966.44,103408.32,15578863.575
Araçatuba,ARACATUBA,1776,2026,Agosto,8,13369212.7,3266455.33,115440.5,0.0,16711515.874999998
Araçatuba,ARACATUBA,1776,2026,Setembro,9,15136852.69,0.0,91225.16,46207.91,18921065.862499997
Araçoiaba da Serra,ARACOIABA DA SERRA,1788,2026,Janeiro,1,1945563.05,4634509.99,15592.57,3188.35,2431953.8125
Araçoiaba da Serra,ARACOIABA DA SERRA,1788,2026,Fevereiro,2,1249765.42,2070813.67,15146.3,260.26,1562206.775
Araçoiaba da Serra,ARACOIABA DA SERRA,1788,2026,Março,3,2935909.04,1644836.73,13564.02,8585.31,3669886.3
Araçoiaba da Serra,ARACOIABA DA SERRA,1788,2026,Abril,4,1879449.55,1389693.57,14593.14,0.0,2349311.9375
Araçoiaba da Serra,ARACOIABA DA SERRA,1788,2026,Maio,5,1990376.25,1229347.87,13586.49,4332.67,2487970.3125
Araçoiaba da Serra,ARACOIABA DA SERRA,1788,2026,Junho,6,2474691.8,433045.71,21359.81,7662.92,3093364.7499999995
Araçoiaba da Serra,ARACOIABA DA SERRA,1788,2026,Julho,7,2011181.33,503588.18,20004.59,16687.1,2513976.6625
Araçoiaba da Serra,ARACOIABA DA SERRA,1788,2026,Agosto,8,2157403.11,498337.98,18628.75,0.0,2696753.8874999997
Araçoiaba da Serra,ARACOIABA DA SERRA,1788,2026,Setembro,9,2442648.93,0.0,14721.09,7456.62,3053311.1625
Arco-Íris,ARCO IRIS,7754,2026,Janeiro,1,555256.21,193687.15,4532.42,895.05,694070.2625
Arco-Íris,ARCO IRIS,7754,2026,Fevereiro,2,350841.25,56194.45,4251.96,73.06,438551.5625
Arco-Íris,ARCO IRIS,7754,2026,Março,3,824185.05,42041.64,3807.77,2410.12,1030231.3125
Arco-Íris,ARCO IRIS,7754,2026,Abril,4,527609.75,33817.34,4096.67,0.0,659512.1875
Arco-Íris,ARCO IRIS,7754,2026,Maio,5,558749.72,32116.72,3814.08,1216.29,698437.1499999999
Arco-Íris,ARCO IRIS,7754,2026,Junho,6,694709.53,7474.58,5996.25,2151.18,868386.9125
Arco-Íris,ARCO IRIS,7754,2026,Julho,7,564590.24,21377.49,5615.8,4684.5,705737.7999999999
Arco-Íris,ARCO IRIS,7754,2026,Agosto,8,605638.45,20069.54,5229.57,0.0,757048.0624999999
Arco-Íris,ARCO IRIS,7754,2026,Setembro,9,685714.28,0.0,4132.59,2093.26,857142.85
Arealva,AREALVA,1831,2026,Janeiro,1,998225.55,792462.71,8107.32,1616.51,1247781.9375
Arealva,AREALVA,1831,2026,Fevereiro,2,633636.08,322685.7,7679.24,131.95,792045.0999999999
Arealva,AREALVA,1831,2026,Março,3,1488517.65,261495.61,6877.01,4352.79,1860647.0624999998
Arealva,AREALVA,1831,2026,Abril,4,952888.45,232542.22,7398.78,0.0,1191110.5624999998
Arealva,AREALVA,1831,2026,Maio,5,1009128.73,178259.01,6888.41,2196.68,1261410.9124999999
Arealva,AREALVA,1831,2026,Junho,6,1254678.66,45560.32,10829.51,3885.13,1568348.3249999997
Arealva,AREALVA,1831,2026,Julho,7,1019676.99,88950.04,10142.41,8460.43,1274596.2374999998
Arealva,AREALVA,1831,2026,Agosto,8,1093812.02,85822.49,9444.85,0.0,1367265.025
Arealva,AREALVA,1831,2026,Setembro,9,1238432.79,0.0,7463.65,3780.53,1548040.9875
Areias,AREIAS,1843,2026,Janeiro,1,613047.46,167680.54,4851.78,1015.76,766309.325
Areias,AREIAS,1843,2026,Fevereiro,2,398155.88,87144.41,4825.38,82.91,497694.85
Areias,AREIAS,1843,2026,Março,3,935335.07,69856.53,4321.29,2735.15,1169168.8375
Areias,AREIAS,1843,2026,Abril,4,598763.47,61478.7,4649.15,0.0,748454.3374999999
Areias,AREIAS,1843,2026,Maio,5,634102.99,48080.26,4328.45,1380.32,792628.7374999999
Areias,AREIAS,1843,2026,Junho,6,788398.42,15038.15,6804.91,2441.29,985498.025
Areias,AREIAS,1843,2026,Julho,7,640731.17,10840.0,6373.15,5316.25,800913.9625
Areias,AREIAS,1843,2026,Agosto,8,687315.16,18011.37,5934.83,0.0,859143.95
Areias,AREIAS,1843,2026,Setembro,9,778190.05,0.0,4689.91,2375.56,972737.5625
Areiópolis,AREIOPOLIS,1855,2026,Janeiro,1,577975.15,673110.08,4646.83,944.52,722468.9375
Areiópolis,AREIOPOLIS,1855,2026,Fevereiro,2,370230.68,274528.93,4486.94,77.1,462788.35
Areiópolis,AREIOPOLIS,1855,2026,Março,3,869734.1,257794.63,4018.21,2543.31,1087167.625
Areiópolis,AREIOPOLIS,1855,2026,Abril,4,556768.4,205759.17,4323.07,0.0,695960.5
Areiópolis,AREIOPOLIS,1855,2026,Maio,5,589629.34,190426.75,4024.86,1283.51,737036.6749999999
Areiópolis,AREIOPOLIS,1855,2026,Junho,6,733103.04,63337.75,6327.63,2270.06,916378.8
Areiópolis,AREIOPOLIS,1855,2026,Julho,7,595792.64,72547.53,5926.16,4943.39,744740.7999999999
Areiópolis,AREIOPOLIS,1855,2026,Agosto,8,639109.4,77130.62,5518.58,0.0,798886.75
Areiópolis,AREIOPOLIS,1855,2026,Setembro,9,723610.66,0.0,4360.98,2208.95,904513.325
Ariranha,ARIRANHA,1867,2026,Janeiro,1,1949196.61,1007708.89,15665.49,3186.39,2436495.7625
Ariranha,ARIRANHA,1867,2026,Fevereiro,2,1248995.22,303036.49,15136.97,260.1,1561244.025
Ariranha,ARIRANHA,1867,2026,Março,3,2934099.71,293223.76,13555.66,8580.02,3667624.6374999997
Ariranha,ARIRANHA,1867,2026,Abril,4,1878291.29,261859.94,14584.15,0.0,2347864.1125
Ariranha,ARIRANHA,1867,2026,Maio,5,1989149.63,242045.16,13578.12,4330.0,2486437.0374999996
Ariranha,ARIRANHA,1867,2026,Junho,6,2473166.71,48791.35,21346.65,7658.2,3091458.3874999997
Ariranha,ARIRANHA,1867,2026,Julho,7,2009941.89,74032.84,19992.26,16676.82,2512427.3625
Ariranha,ARIRANHA,1867,2026,Agosto,8,2156073.56,95086.82,18617.27,0.0,2695091.9499999997
Ariranha,ARIRANHA,1867,2026,Setembro,9,2441143.59,0.0,14712.02,7452.02,3051429.4875
Artur Nogueira,ARTUR NOGUEIRA,1879,2026,Janeiro,1,3062296.89,5947677.2,24609.31,5006.36,3827871.1125
Artur Nogueira,ARTUR NOGUEIRA,1879,2026,Fevereiro,2,1962387.17,2703532.05,23782.79,408.66,2452983.9625
Artur Nogueira,ARTUR NOGUEIRA,1879,2026,Março,3,4609977.31,2246831.25,21298.29,13480.69,5762471.637499999
Artur Nogueira,ARTUR NOGUEIRA,1879,2026,Abril,4,2951119.96,1879871.94,22914.21,0.0,3688899.9499999997
Artur Nogueira,ARTUR NOGUEIRA,1879,2026,Maio,5,3125297.56,1660062.03,21333.57,6803.18,3906621.9499999997
Artur Nogueira,ARTUR NOGUEIRA,1879,2026,Junho,6,3885771.97,674154.7,33539.28,12032.35,4857214.9625
Artur Nogueira,ARTUR NOGUEIRA,1879,2026,Julho,7,3157965.79,671556.34,31411.29,26202.16,3947457.2375
Artur Nogueira,ARTUR NOGUEIRA,1879,2026,Agosto,8,3387563.88,667749.58,29250.94,0.0,4234454.85
Artur Nogueira,ARTUR NOGUEIRA,1879,2026,Setembro,9,3835458.11,0.0,23115.13,11708.41,4794322.637499999
Arujá,ARUJA,1880,2026,Janeiro,1,11747355.07,12598635.65,94561.42,19176.64,14684193.8375
Arujá,ARUJA,1880,2026,Fevereiro,2,7516835.23,6056086.91,91098.91,1565.36,9396044.0375
Arujá,ARUJA,1880,2026,Março,3,17658309.4,5230480.93,81582.13,51637.17,22072886.749999996
Arujá,ARUJA,1880,2026,Abril,4,11304131.41,4119158.58,87771.86,0.0,14130164.2625
Arujá,ARUJA,1880,2026,Maio,5,11971310.81,3674692.15,81717.27,26059.29,14964138.5125
Arujá,ARUJA,1880,2026,Junho,6,14884273.62,1395299.24,128470.67,46089.38,18605342.025
Arujá,ARUJA,1880,2026,Julho,7,12096444.99,1565001.02,120319.53,100366.2,15120556.237499999
Arujá,ARUJA,1880,2026,Agosto,8,12975910.07,1701101.35,112044.41,0.0,16219887.5875
Arujá,ARUJA,1880,2026,Setembro,9,14691548.67,0.0,88541.45,44848.54,18364435.8375
Aspásia,ASPASIA,7365,2026,Janeiro,1,240012.88,175114.04,1930.12,392.14,300016.1
Aspásia,ASPASIA,7365,2026,Fevereiro,2,153712.03,69841.63,1862.89,32.01,192140.03749999998
Aspásia,ASPASIA,7365,2026,Março,3,361095.4,45720.06,1668.28,1055.93,451369.25
Aspásia,ASPASIA,7365,2026,Abril,4,231158.59,32268.51,1794.85,0.0,288948.2375
Aspásia,ASPASIA,7365,2026,Maio,5,244801.76,36266.0,1671.04,532.89,306002.2
Aspásia,ASPASIA,7365,2026,Junho,6,304369.04,3584.36,2627.1,942.48,380461.29999999993
Aspásia,ASPASIA,7365,2026,Julho,7,247360.64,10465.71,2460.42,2052.39,309200.8
Aspásia,ASPASIA,7365,2026,Agosto,8,265344.85,13669.06,2291.2,0.0,331681.06249999994
Aspásia,ASPASIA,7365,2026,Setembro,9,300428.0,0.0,1810.59,917.11,375535.0
Assis,ASSIS,1892,2026,Janeiro,1,4591986.32,14575880.42,37208.7,7451.75,5739982.9
Assis,ASSIS,1892,2026,Fevereiro,2,2920927.15,5593355.1,35399.64,608.27,3651158.9374999995
Assis,ASSIS,1892,2026,Março,3,6861748.83,4989617.72,31701.57,20065.41,8577186.0375
Assis,ASSIS,1892,2026,Abril,4,4392612.49,3884427.6,34106.8,0.0,5490765.6125
Assis,ASSIS,1892,2026,Maio,5,4651868.2,3705562.77,31754.08,10126.24,5814835.25
Assis,ASSIS,1892,2026,Junho,6,5783800.97,1308050.92,49921.74,17909.63,7229751.212499999
Assis,ASSIS,1892,2026,Julho,7,4700493.43,1549431.88,46754.33,39000.77,5875616.7875
Assis,ASSIS,1892,2026,Agosto,8,5042240.1,1654593.72,43538.74,0.0,6302800.124999999
Assis,ASSIS,1892,2026,Setembro,9,5708911.01,0.0,34405.85,17427.46,7136138.762499999
Atibaia,ATIBAIA,1909,2026,Janeiro,1,11515142.85,27320529.47,93099.57,18723.92,14393928.562499998
Atibaia,ATIBAIA,1909,2026,Fevereiro,2,7339379.09,11621539.63,88948.27,1528.4,9174223.862499999
Atibaia,ATIBAIA,1909,2026,Março,3,17241435.08,9221186.33,79656.15,50418.13,21551793.849999998
Atibaia,ATIBAIA,1909,2026,Abril,4,11037265.43,7600943.94,85699.76,0.0,13796581.7875
Atibaia,ATIBAIA,1909,2026,Maio,5,11688694.17,6827039.57,79788.11,25444.08,14610867.712499999
Atibaia,ATIBAIA,1909,2026,Junho,6,14532888.26,2435221.49,125437.76,45001.31,18166110.325
Atibaia,ATIBAIA,1909,2026,Julho,7,11810874.21,2877186.94,117479.04,97996.77,14763592.762500001
Atibaia,ATIBAIA,1909,2026,Agosto,8,12669577.03,2822432.83,109399.29,0.0,15836971.287499998
Atibaia,ATIBAIA,1909,2026,Setembro,9,14344713.13,0.0,86451.18,43789.76,17930891.4125
Auriflama,AURIFLAMA,1910,2026,Janeiro,1,1385380.04,1448324.83,11261.33,2241.71,1731725.05
Auriflama,AURIFLAMA,1910,2026,Fevereiro,2,878703.41,723605.16,10649.29,182.99,1098379.2625
Auriflama,AURIFLAMA,1910,2026,Março,3,2064222.01,531587.45,9536.79,6036.28,2580277.5124999997
Auriflama,AURIFLAMA,1910,2026,Abril,4,1321430.97,495615.37,10260.36,0.0,1651788.7125
Auriflama,AURIFLAMA,1910,2026,Maio,5,1399422.94,445514.63,9552.59,3046.28,1749278.6749999998
Auriflama,AURIFLAMA,1910,2026,Junho,6,1739942.63,121761.69,15017.97,5387.76,2174928.2874999996
Auriflama,AURIFLAMA,1910,2026,Julho,7,1414050.89,143702.49,14065.12,11732.61,1767563.6124999998
Auriflama,AURIFLAMA,1910,2026,Agosto,8,1516858.64,224022.82,13097.77,0.0,1896073.2999999998
Auriflama,AURIFLAMA,1910,2026,Setembro,9,1717413.46,0.0,10350.32,5242.71,2146766.8249999997
Avanhandava,AVANHANDAVA,1934,2026,Janeiro,1,1153780.6,828028.27,9316.27,1878.25,1442225.75
Avanhandava,AVANHANDAVA,1934,2026,Fevereiro,2,736233.83,313071.91,8922.65,153.32,920292.2874999999
Avanhandava,AVANHANDAVA,1934,2026,Março,3,1729537.02,309032.91,7990.53,5057.58,2161921.275
Avanhandava,AVANHANDAVA,1934,2026,Abril,4,1107179.25,224922.84,8596.78,0.0,1383974.0625
Avanhandava,AVANHANDAVA,1934,2026,Maio,5,1172525.91,205751.78,8003.77,2552.37,1465657.3874999997
Avanhandava,AVANHANDAVA,1934,2026,Junho,6,1457835.04,48310.17,12583.02,4514.21,1822293.8
Avanhandava,AVANHANDAVA,1934,2026,Julho,7,1184782.13,82668.03,11784.65,9830.33,1480977.6624999999
Avanhandava,AVANHANDAVA,1934,2026,Agosto,8,1270921.03,89827.86,10974.15,0.0,1588651.2874999999
Avanhandava,AVANHANDAVA,1934,2026,Setembro,9,1438958.67,0.0,8672.16,4392.67,1798698.3375
Avaré,AVARE,1946,2026,Janeiro,1,6161301.12,10670855.15,49819.37,10017.45,7701626.399999999
Avaré,AVARE,1946,2026,Fevereiro,2,3926627.72,4775949.68,47588.05,817.71,4908284.65
Avaré,AVARE,1946,2026,Março,3,9224308.49,3908298.78,42616.69,26974.11,11530385.612499999
Avaré,AVARE,1946,2026,Abril,4,5905027.09,3281311.23,45850.07,0.0,7381283.8625
Avaré,AVARE,1946,2026,Maio,5,6253546.79,2859051.39,42687.29,13612.79,7816933.4875
Avaré,AVARE,1946,2026,Junho,6,7775213.84,940869.14,67110.23,24076.07,9719017.299999999
Avaré,AVARE,1946,2026,Julho,7,6318914.1,1156091.26,62852.25,52429.07,7898642.624999999
Avaré,AVARE,1946,2026,Agosto,8,6778327.12,1149648.41,58529.51,0.0,8472908.9
Avaré,AVARE,1946,2026,Setembro,9,7674538.61,0.0,46252.09,23427.88,9593173.2625
Avaí,AVAI,1922,2026,Janeiro,1,1305579.99,320950.66,10499.3,2133.08,1631974.9874999998
Avaí,AVAI,1922,2026,Fevereiro,2,836122.45,130717.23,10133.23,174.12,1045153.0624999999
Avaí,AVAI,1922,2026,Março,3,1964192.17,129312.2,9074.65,5743.77,2455240.2125
Avaí,AVAI,1922,2026,Abril,4,1257395.93,103567.5,9763.15,0.0,1571744.9124999999
Avaí,AVAI,1922,2026,Maio,5,1331608.5,106370.18,9089.68,2898.66,1664510.625
Avaí,AVAI,1922,2026,Junho,6,1655626.99,34292.31,14290.22,5126.67,2069533.7374999998
Avaí,AVAI,1922,2026,Julho,7,1345527.59,56220.14,13383.54,11164.06,1681909.4875
Avaí,AVAI,1922,2026,Agosto,8,1443353.4,72029.17,12463.07,0.0,1804191.7499999998
Avaí,AVAI,1922,2026,Setembro,9,1634189.56,0.0,9848.76,4988.65,2042736.95
Bady Bassit,BADY BASSIT,1958,2026,Janeiro,1,1137227.11,3239961.1,9171.25,1853.35,1421533.8875
Bady Bassit,BADY BASSIT,1958,2026,Fevereiro,2,726475.54,1646451.91,8804.39,151.29,908094.425
Bady Bassit,BADY BASSIT,1958,2026,Março,3,1706613.16,1440340.39,7884.62,4990.55,2133266.4499999997
Bady Bassit,BADY BASSIT,1958,2026,Abril,4,1092504.32,1105262.94,8482.84,0.0,1365630.4
Bady Bassit,BADY BASSIT,1958,2026,Maio,5,1156984.85,1039655.57,7897.69,2518.54,1446231.0625
Bady Bassit,BADY BASSIT,1958,2026,Junho,6,1438512.41,299903.27,12416.24,4454.38,1798140.5124999997
Bady Bassit,BADY BASSIT,1958,2026,Julho,7,1169078.63,450410.65,11628.46,9700.04,1461348.2874999999
Bady Bassit,BADY BASSIT,1958,2026,Agosto,8,1254075.82,410653.6,10828.7,0.0,1567594.775
Bady Bassit,BADY BASSIT,1958,2026,Setembro,9,1419886.22,0.0,8557.22,4334.45,1774857.775
Balbinos,BALBINOS,1960,2026,Janeiro,1,412779.04,83383.59,3341.51,670.43,515973.79999999993
Balbinos,BALBINOS,1960,2026,Fevereiro,2,262794.13,46290.84,3184.89,54.73,328492.6625
Balbinos,BALBINOS,1960,2026,Março,3,617347.57,39490.72,2852.17,1805.27,771684.4624999999
Balbinos,BALBINOS,1960,2026,Abril,4,395200.8,26237.5,3068.57,0.0,494000.99999999994
Balbinos,BALBINOS,1960,2026,Maio,5,418525.89,30829.89,2856.9,911.05,523157.3625
Balbinos,BALBINOS,1960,2026,Junho,6,520365.23,8707.15,4491.43,1611.32,650456.5375
Balbinos,BALBINOS,1960,2026,Julho,7,422900.67,7282.93,4206.46,3508.88,528625.8374999999
Balbinos,BALBINOS,1960,2026,Agosto,8,453647.42,6710.02,3917.16,0.0,567059.2749999999
Balbinos,BALBINOS,1960,2026,Setembro,9,513627.42,0.0,3095.47,1567.94,642034.2749999999
Bananal,BANANAL,1983,2026,Janeiro,1,1237727.44,608042.04,9740.97,2060.67,1547159.2999999998
Bananal,BANANAL,1983,2026,Fevereiro,2,807740.03,272543.73,9789.26,168.21,1009675.0375
Bananal,BANANAL,1983,2026,Março,3,1897517.09,192478.03,8766.61,5548.8,2371896.3625
Bananal,BANANAL,1983,2026,Abril,4,1214713.26,161476.39,9431.74,0.0,1518391.575
Bananal,BANANAL,1983,2026,Maio,5,1286406.66,140646.13,8781.13,2800.26,1608008.3249999997
Bananal,BANANAL,1983,2026,Junho,6,1599426.25,52682.09,13805.13,4952.65,1999282.8125
Bananal,BANANAL,1983,2026,Julho,7,1299853.26,56130.02,12929.23,10785.1,1624816.575
Bananal,BANANAL,1983,2026,Agosto,8,1394358.35,58994.11,12040.01,0.0,1742947.9375
Bananal,BANANAL,1983,2026,Setembro,9,1578716.51,0.0,9514.44,4819.31,1973395.6375
Barbosa,BARBOSA,2008,2026,Janeiro,1,667944.35,344040.54,5387.5,1088.41,834930.4374999999
Barbosa,BARBOSA,2008,2026,Fevereiro,2,426633.65,152839.85,5170.51,88.85,533292.0625
Barbosa,BARBOSA,2008,2026,Março,3,1002234.16,145463.78,4630.36,2930.78,1252792.7
Barbosa,BARBOSA,2008,2026,Abril,4,641589.54,102663.25,4981.68,0.0,801986.925
Barbosa,BARBOSA,2008,2026,Maio,5,679456.7,92747.39,4638.03,1479.05,849320.8749999999
Barbosa,BARBOSA,2008,2026,Junho,6,844787.98,32080.58,7291.62,2615.9,1055984.9749999999
Barbosa,BARBOSA,2008,2026,Julho,7,686558.95,64721.37,6828.99,5696.49,858198.6874999999
Barbosa,BARBOSA,2008,2026,Agosto,8,736474.83,45111.35,6359.31,0.0,920593.5374999999
Barbosa,BARBOSA,2008,2026,Setembro,9,833849.47,0.0,5025.35,2545.47,1042311.8374999999
Bariri,BARIRI,2010,2026,Janeiro,1,2741141.04,4669531.98,22152.37,4458.92,3426426.3
Bariri,BARIRI,2010,2026,Fevereiro,2,1747800.13,1545570.09,21182.15,363.97,2184750.1624999996
Bariri,BARIRI,2010,2026,Março,3,4105876.28,1256554.14,18969.32,12006.58,5132345.35
Bariri,BARIRI,2010,2026,Abril,4,2628414.99,1023789.31,20408.55,0.0,3285518.7375000003
Bariri,BARIRI,2010,2026,Maio,5,2783546.26,921559.51,19000.74,6059.26,3479432.8249999997
Bariri,BARIRI,2010,2026,Junho,6,3460862.79,274802.38,29871.76,10716.62,4326078.4875
Bariri,BARIRI,2010,2026,Julho,7,2812642.22,449304.23,27976.47,23336.96,3515802.775
Bariri,BARIRI,2010,2026,Agosto,8,3017133.76,327444.87,26052.35,0.0,3771417.1999999997
Bariri,BARIRI,2010,2026,Setembro,9,3416050.76,0.0,20587.49,10428.1,4270063.449999999
Barra Bonita,BARRA BONITA,2021,2026,Janeiro,1,3217548.6,4352876.61,26025.19,5229.76,4021935.75
Barra Bonita,BARRA BONITA,2021,2026,Fevereiro,2,2049952.62,1599083.03,24844.03,426.9,2562440.775
Barra Bonita,BARRA BONITA,2021,2026,Março,3,4815683.25,1479373.7,22248.66,14082.22,6019604.0625
Barra Bonita,BARRA BONITA,2021,2026,Abril,4,3082804.54,1184549.9,23936.69,0.0,3853505.675
Barra Bonita,BARRA BONITA,2021,2026,Maio,5,3264754.27,1158235.24,22285.51,7106.75,4080942.8375
Barra Bonita,BARRA BONITA,2021,2026,Junho,6,4059162.49,345132.31,35035.86,12569.26,5073953.1125
Barra Bonita,BARRA BONITA,2021,2026,Julho,7,3298880.22,431469.38,32812.92,27371.35,4123600.275
Barra Bonita,BARRA BONITA,2021,2026,Agosto,8,3538723.41,442520.08,30556.17,0.0,4423404.2625
Barra Bonita,BARRA BONITA,2021,2026,Setembro,9,4006603.54,0.0,24146.57,12230.86,5008254.425
Barra do Chapéu,BARRA DO CHAPEU,7377,2026,Janeiro,1,749209.4,234517.2,6055.18,1218.62,936511.75
Barra do Chapéu,BARRA DO CHAPEU,7377,2026,Fevereiro,2,477674.58,107376.78,5789.09,99.47,597093.225
Barra do Chapéu,BARRA DO CHAPEU,7377,2026,Março,3,1122137.87,89023.01,5184.32,3281.4,1402672.3375000001
Barra do Chapéu,BARRA DO CHAPEU,7377,2026,Abril,4,718347.02,65461.92,5577.66,0.0,897933.775
Barra do Chapéu,BARRA DO CHAPEU,7377,2026,Maio,5,760744.47,75894.91,5192.91,1656.0,950930.5874999999
Barra do Chapéu,BARRA DO CHAPEU,7377,2026,Junho,6,945855.39,31781.34,8163.96,2928.86,1182319.2375
Barra do Chapéu,BARRA DO CHAPEU,7377,2026,Julho,7,768696.41,35668.14,7645.98,6378.0,960870.5125
Barra do Chapéu,BARRA DO CHAPEU,7377,2026,Agosto,8,824584.04,50852.39,7120.12,0.0,1030730.05
Barra do Chapéu,BARRA DO CHAPEU,7377,2026,Setembro,9,933608.24,0.0,5626.57,2850.0,1167010.2999999998
Barra do Turvo,BARRA DO TURVO,2033,2026,Janeiro,1,2297399.77,247637.99,17877.29,3861.67,2871749.7125
Barra do Turvo,BARRA DO TURVO,2033,2026,Fevereiro,2,1513691.62,87013.82,18344.91,315.22,1892114.5250000001
Barra do Turvo,BARRA DO TURVO,2033,2026,Março,3,3555916.03,81300.51,16428.48,10398.36,4444895.0375
Barra do Turvo,BARRA DO TURVO,2033,2026,Abril,4,2276352.8,330020.21,17674.93,0.0,2845440.9999999995
Barra do Turvo,BARRA DO TURVO,2033,2026,Maio,5,2410705.07,67984.01,16455.7,5247.65,3013381.3374999994
Barra do Turvo,BARRA DO TURVO,2033,2026,Junho,6,2997298.66,36561.22,25870.59,9281.18,3746623.325
Barra do Turvo,BARRA DO TURVO,2033,2026,Julho,7,2435903.78,36603.89,24229.17,20211.1,3044879.7249999996
Barra do Turvo,BARRA DO TURVO,2033,2026,Agosto,8,2613004.77,39397.57,22562.78,0.0,3266255.9625
Barra do Turvo,BARRA DO TURVO,2033,2026,Setembro,9,2958488.96,0.0,17829.9,9031.31,3698111.1999999997
Barretos,BARRETOS,2045,2026,Janeiro,1,9396066.47,16633673.03,76013.95,15269.74,11745083.0875
Barretos,BARRETOS,2045,2026,Fevereiro,2,5985414.38,6777996.55,72539.14,1246.44,7481767.975
Barretos,BARRETOS,2045,2026,Março,3,14060744.42,5698993.0,64961.23,41117.02,17575930.525
Barretos,BARRETOS,2045,2026,Abril,4,9001116.65,4604552.76,69889.91,0.0,11251395.8125
Barretos,BARRETOS,2045,2026,Maio,5,9532370.17,4161331.61,65068.84,20750.17,11915462.712499999
Barretos,BARRETOS,2045,2026,Junho,6,11851868.86,1544288.61,102297.07,36699.49,14814836.075
Barretos,BARRETOS,2045,2026,Julho,7,9632010.5,1937956.53,95806.57,79918.38,12040013.125
Barretos,BARRETOS,2045,2026,Agosto,8,10332300.28,2234773.06,89217.36,0.0,12915375.349999998
Barretos,BARRETOS,2045,2026,Setembro,9,11698408.17,0.0,70502.71,35711.45,14623010.212499999
Barrinha,BARRINHA,2057,2026,Janeiro,1,1415086.31,2442933.23,11576.33,2276.49,1768857.8875
Barrinha,BARRINHA,2057,2026,Fevereiro,2,892334.7,975278.56,10814.49,185.83,1115418.3749999998
Barrinha,BARRINHA,2057,2026,Março,3,2096244.2,871929.64,9684.74,6129.93,2620305.25
Barrinha,BARRINHA,2057,2026,Abril,4,1341930.27,778702.37,10419.53,0.0,1677412.8375
Barrinha,BARRINHA,2057,2026,Maio,5,1421132.13,682486.63,9700.78,3093.54,1776415.1624999999
Barrinha,BARRINHA,2057,2026,Junho,6,1766934.28,215309.94,15250.95,5471.34,2208667.85
Barrinha,BARRINHA,2057,2026,Julho,7,1435987.0,323312.04,14283.31,11914.62,1794983.75
Barrinha,BARRINHA,2057,2026,Agosto,8,1540389.6,315716.4,13300.96,0.0,1925487.0
Barrinha,BARRINHA,2057,2026,Setembro,9,1744055.62,0.0,10510.89,5324.04,2180069.525
Barueri,BARUERI,2069,2026,Janeiro,1,68790896.51,62376878.8,561337.15,110921.99,85988620.6375
Barueri,BARUERI,2069,2026,Fevereiro,2,43479059.24,27512959.5,526936.53,9054.38,54348824.05
Barueri,BARUERI,2069,2026,Março,3,102139618.12,24114798.85,471889.32,298680.95,127674522.65
Barueri,BARUERI,2069,2026,Abril,4,65385628.93,17495489.58,507692.12,0.0,81732036.1625
Barueri,BARUERI,2069,2026,Maio,5,69244744.05,17116566.96,472671.03,150732.76,86555930.06249999
Barueri,BARUERI,2069,2026,Junho,6,86093973.61,6724508.48,743103.17,266591.32,107617467.01249999
Barueri,BARUERI,2069,2026,Julho,7,69968548.22,7203390.37,695955.1,580540.58,87460685.27499999
Barueri,BARUERI,2069,2026,Agosto,8,75055571.25,7775176.58,648089.97,0.0,93819464.0625
Barueri,BARUERI,2069,2026,Setembro,9,84979209.35,0.0,512143.58,259414.0,106224011.68749999
Barão de Antonina,BARAO DE ANTONINA,1995,2026,Janeiro,1,507435.17,170934.0,4115.16,822.83,634293.9624999999
Barão de Antonina,BARAO DE ANTONINA,1995,2026,Fevereiro,2,322532.18,64922.09,3908.87,67.17,403165.225
Barão de Antonina,BARAO DE ANTONINA,1995,2026,Março,3,757682.29,53103.87,3500.52,2215.65,947102.8625
Barão de Antonina,BARAO DE ANTONINA,1995,2026,Abril,4,485037.39,44436.29,3766.11,0.0,606296.7374999999
Barão de Antonina,BARAO DE ANTONINA,1995,2026,Maio,5,513664.7,39525.79,3506.32,1118.15,642080.875
Barão de Antonina,BARAO DE ANTONINA,1995,2026,Junho,6,638654.04,19759.63,5512.42,1977.6,798317.55
Barão de Antonina,BARAO DE ANTONINA,1995,2026,Julho,7,519033.96,15685.1,5162.67,4306.51,648792.45
Barão de Antonina,BARAO DE ANTONINA,1995,2026,Agosto,8,556770.02,25487.13,4807.6,0.0,695962.525
Barão de Antonina,BARAO DE ANTONINA,1995,2026,Setembro,9,630384.6,0.0,3799.13,1924.36,787980.7499999999
Bastos,BASTOS,2070,2026,Janeiro,1,2841938.81,3494927.31,23110.37,4596.95,3552423.5124999997
Bastos,BASTOS,2070,2026,Fevereiro,2,1801907.18,858062.91,21837.89,375.24,2252383.9749999996
Bastos,BASTOS,2070,2026,Março,3,4232982.83,738424.82,19556.56,12378.27,5291228.5375
Bastos,BASTOS,2070,2026,Abril,4,2709783.43,594881.53,21040.34,0.0,3387229.2875
Bastos,BASTOS,2070,2026,Maio,5,2869717.14,561528.74,19588.95,6246.83,3587146.425
Bastos,BASTOS,2070,2026,Junho,6,3568001.51,185147.85,30796.5,11048.37,4460001.887499999
Bastos,BASTOS,2070,2026,Julho,7,2899713.83,251053.12,28842.54,24059.4,3624642.2875
Bastos,BASTOS,2070,2026,Agosto,8,3110535.85,298826.42,26858.86,0.0,3888169.8125
Bastos,BASTOS,2070,2026,Setembro,9,3521802.22,0.0,21224.82,10750.92,4402252.775
Batatais,BATATAIS,2082,2026,Janeiro,1,5057754.53,7952786.93,40947.4,8213.99,6322193.1625
Batatais,BATATAIS,2082,2026,Fevereiro,2,3219707.88,2830099.74,39020.66,670.49,4024634.8499999996
Batatais,BATATAIS,2082,2026,Março,3,7563634.97,2411724.79,34944.31,22117.9,9454543.712499999
Batatais,BATATAIS,2082,2026,Abril,4,4841931.45,1940096.93,37595.58,0.0,6052414.3125
Batatais,BATATAIS,2082,2026,Maio,5,5127706.34,1961065.03,35002.2,11162.05,6409632.925
Batatais,BATATAIS,2082,2026,Junho,6,6375424.17,460602.06,55028.22,19741.6,7969280.212499999
Batatais,BATATAIS,2082,2026,Julho,7,5181305.43,640884.81,51536.81,42990.15,6476631.7875
Batatais,BATATAIS,2082,2026,Agosto,8,5558009.26,745183.99,47992.31,0.0,6947511.574999999
Batatais,BATATAIS,2082,2026,Setembro,9,6292873.73,0.0,37925.22,19210.11,7866092.162500001
Bauru,BAURU,2094,2026,Janeiro,1,23139782.25,55925516.32,185418.44,37927.09,28924727.8125
Bauru,BAURU,2094,2026,Fevereiro,2,14866613.22,23800237.11,180173.21,3095.92,18583266.525
Bauru,BAURU,2094,2026,Março,3,34924173.24,19301013.58,161351.15,102126.73,43655216.55
Bauru,BAURU,2094,2026,Abril,4,22357035.15,15798772.66,173593.05,0.0,27946293.937499996
Bauru,BAURU,2094,2026,Maio,5,23676566.27,14622949.78,161618.43,51539.42,29595707.8375
Bauru,BAURU,2094,2026,Junho,6,29437752.99,4469630.8,254086.16,91154.46,36797191.2375
Bauru,BAURU,2094,2026,Julho,7,23924053.61,5544598.89,237965.02,198501.82,29905067.0125
Bauru,BAURU,2094,2026,Agosto,8,25663438.16,5464761.7,221598.7,0.0,32079297.7
Bauru,BAURU,2094,2026,Setembro,9,29056586.3,0.0,175115.12,88700.35,36320732.875
Bebedouro,BEBEDOURO,2100,2026,Janeiro,1,6218501.23,11707042.48,50091.03,10144.96,7773126.537500001
Bebedouro,BEBEDOURO,2100,2026,Fevereiro,2,3976607.48,4015988.4,48193.77,828.12,4970759.35
Bebedouro,BEBEDOURO,2100,2026,Março,3,9341719.35,3805104.61,43159.14,27317.45,11677149.187499998
Bebedouro,BEBEDOURO,2100,2026,Abril,4,5980188.75,2568562.16,46433.67,0.0,7475235.9375
Bebedouro,BEBEDOURO,2100,2026,Maio,5,6333144.55,2835389.14,43230.63,13786.06,7916430.687499999
Bebedouro,BEBEDOURO,2100,2026,Junho,6,7874180.01,904558.89,67964.43,24382.52,9842725.0125
Bebedouro,BEBEDOURO,2100,2026,Julho,7,6399343.89,1421211.08,63652.26,53096.41,7999179.862499999
Bebedouro,BEBEDOURO,2100,2026,Agosto,8,6864604.5,1588686.5,59274.5,0.0,8580755.625
Bebedouro,BEBEDOURO,2100,2026,Setembro,9,7772223.35,0.0,46840.8,23726.08,9715279.187499998
Bento de Abreu,BENTO DE ABREU,2112,2026,Janeiro,1,878606.85,201169.28,6988.17,1449.49,1098258.5625
Bento de Abreu,BENTO DE ABREU,2112,2026,Fevereiro,2,568169.22,56022.46,6885.82,118.32,710211.5249999999
Bento de Abreu,BENTO DE ABREU,2112,2026,Março,3,1334724.99,59769.56,6166.49,3903.06,1668406.2374999998
Bento de Abreu,BENTO DE ABREU,2112,2026,Abril,4,854436.65,46755.18,6634.34,0.0,1068045.8125
Bento de Abreu,BENTO DE ABREU,2112,2026,Maio,5,904866.22,47619.86,6176.7,1969.72,1131082.775
Bento de Abreu,BENTO DE ABREU,2112,2026,Junho,6,1125046.09,19889.63,9710.61,3483.72,1406307.6125
Bento de Abreu,BENTO DE ABREU,2112,2026,Julho,7,914324.64,15234.62,9094.5,7586.3,1142905.8
Bento de Abreu,BENTO DE ABREU,2112,2026,Agosto,8,980800.09,25496.57,8469.01,0.0,1226000.1124999998
Bento de Abreu,BENTO DE ABREU,2112,2026,Setembro,9,1110478.74,0.0,6692.51,3389.93,1388098.4249999998
Bernardino de Campos,BERNARDINO DE CAMPOS,2124,2026,Janeiro,1,1301550.36,1116988.9,10538.23,2113.6,1626937.95
Bernardino de Campos,BERNARDINO DE CAMPOS,2124,2026,Fevereiro,2,828486.48,404658.62,10040.69,172.53,1035608.1
Bernardino de Campos,BERNARDINO DE CAMPOS,2124,2026,Março,3,1946254.0,360829.96,8991.78,5691.32,2432817.5
Bernardino de Campos,BERNARDINO DE CAMPOS,2124,2026,Abril,4,1245912.64,271754.66,9673.99,0.0,1557390.7999999998
Bernardino de Campos,BERNARDINO DE CAMPOS,2124,2026,Maio,5,1319447.46,273558.16,9006.67,2872.19,1649309.325
Bernardino de Campos,BERNARDINO DE CAMPOS,2124,2026,Junho,6,1640506.82,78007.16,14159.71,5079.85,2050633.525
Bernardino de Campos,BERNARDINO DE CAMPOS,2124,2026,Julho,7,1333239.43,95678.12,13261.31,11062.11,1666549.2874999999
Bernardino de Campos,BERNARDINO DE CAMPOS,2124,2026,Agosto,8,1430171.84,94759.12,12349.25,0.0,1787714.8
Bernardino de Campos,BERNARDINO DE CAMPOS,2124,2026,Setembro,9,1619265.17,0.0,9758.81,4943.09,2024081.4625
Bertioga,BERTIOGA,7389,2026,Janeiro,1,4368918.05,6117109.1,35089.58,7146.1,5461147.562499999
Bertioga,BERTIOGA,7389,2026,Fevereiro,2,2801118.52,2829947.56,33947.65,583.32,3501398.15
Bertioga,BERTIOGA,7389,2026,Março,3,6580298.21,2281603.74,30401.25,19242.38,8225372.762499999
Bertioga,BERTIOGA,7389,2026,Abril,4,4212439.26,1832696.82,32707.83,0.0,5265549.074999999
Bertioga,BERTIOGA,7389,2026,Maio,5,4461060.98,1579353.46,30451.61,9710.89,5576326.225000001
Bertioga,BERTIOGA,7389,2026,Junho,6,5546564.9,600451.94,47874.08,17175.02,6933206.125
Bertioga,BERTIOGA,7389,2026,Julho,7,4507691.74,698727.72,44836.59,37401.06,5634614.675
Bertioga,BERTIOGA,7389,2026,Agosto,8,4835420.87,727222.54,41752.9,0.0,6044276.087499999
Bertioga,BERTIOGA,7389,2026,Setembro,9,5474746.72,0.0,32994.62,16712.63,6843433.399999999
Bilac,BILAC,2136,2026,Janeiro,1,701683.49,1113541.88,5742.39,1128.43,877104.3624999999
Bilac,BILAC,2136,2026,Fevereiro,2,442318.8,367897.22,5360.6,92.11,552898.5
Bilac,BILAC,2136,2026,Março,3,1039081.22,330226.86,4800.6,3038.52,1298851.525
Bilac,BILAC,2136,2026,Abril,4,665177.53,294780.19,5164.83,0.0,831471.9125
Bilac,BILAC,2136,2026,Maio,5,704436.87,291238.47,4808.55,1533.43,880546.0874999999
Bilac,BILAC,2136,2026,Junho,6,875846.54,50398.94,7559.7,2712.07,1094808.175
Bilac,BILAC,2136,2026,Julho,7,711800.24,69457.72,7080.05,5905.92,889750.2999999999
Bilac,BILAC,2136,2026,Agosto,8,763551.26,87583.2,6593.11,0.0,954439.075
Bilac,BILAC,2136,2026,Setembro,9,864505.88,0.0,5210.11,2639.06,1080632.3499999999
Birigui,BIRIGUI,2148,2026,Janeiro,1,7581793.99,14668541.0,61300.63,12327.82,9477242.487499999
Birigui,BIRIGUI,2148,2026,Fevereiro,2,4832244.06,5829772.59,58563.5,1006.3,6040305.074999999
Birigui,BIRIGUI,2148,2026,Março,3,11351753.5,4635158.91,52445.58,33195.27,14189691.875
Birigui,BIRIGUI,2148,2026,Abril,4,7266930.85,3811447.11,56424.68,0.0,9083663.562499998
Birigui,BIRIGUI,2148,2026,Maio,5,7695831.26,3573878.15,52532.46,16752.37,9619789.075
Birigui,BIRIGUI,2148,2026,Junho,6,9568447.43,1396395.47,82588.17,29628.85,11960559.2875
Birigui,BIRIGUI,2148,2026,Julho,7,7776274.54,1407738.7,77348.15,64521.03,9720343.174999999
Birigui,BIRIGUI,2148,2026,Agosto,8,8341644.11,1459081.1,72028.44,0.0,10427055.1375
Birigui,BIRIGUI,2148,2026,Setembro,9,9444553.01,0.0,56919.42,28831.16,11805691.2625
Biritiba-Mirim,BIRITIBA MIRIM,2150,2026,Janeiro,1,1601795.04,1858237.55,12941.41,2606.2,2002243.8
Biritiba-Mirim,BIRITIBA MIRIM,2150,2026,Fevereiro,2,1021573.99,869199.53,12380.78,212.74,1276967.4874999998
Biritiba-Mirim,BIRITIBA MIRIM,2150,2026,Março,3,2399849.0,745083.56,11087.4,7017.74,2999811.25
Biritiba-Mirim,BIRITIBA MIRIM,2150,2026,Abril,4,1536285.72,586427.64,11928.62,0.0,1920357.15
Biritiba-Mirim,BIRITIBA MIRIM,2150,2026,Maio,5,1626958.6,543859.81,11105.77,3541.58,2033698.25
Biritiba-Mirim,BIRITIBA MIRIM,2150,2026,Junho,6,2022844.22,211160.92,17459.78,6263.77,2528555.275
Biritiba-Mirim,BIRITIBA MIRIM,2150,2026,Julho,7,1643964.93,312811.6,16352.0,13640.25,2054956.1624999999
Biritiba-Mirim,BIRITIBA MIRIM,2150,2026,Agosto,8,1763488.46,246608.4,15227.37,0.0,2204360.5749999997
Biritiba-Mirim,BIRITIBA MIRIM,2150,2026,Setembro,9,1996651.98,0.0,12033.21,6095.13,2495814.9749999996
Boa Esperança do Sul,BOA ESPERANCA DO SUL,2161,2026,Janeiro,1,1492729.52,973125.46,12132.02,2415.76,1865911.9
Boa Esperança do Sul,BOA ESPERANCA DO SUL,2161,2026,Fevereiro,2,946928.32,386001.35,11476.13,197.19,1183660.4
Boa Esperança do Sul,BOA ESPERANCA DO SUL,2161,2026,Março,3,2224493.78,371522.1,10277.25,6504.96,2780617.2249999996
Boa Esperança do Sul,BOA ESPERANCA DO SUL,2161,2026,Abril,4,1424030.44,305481.59,11057.0,0.0,1780038.0499999998
Boa Esperança do Sul,BOA ESPERANCA DO SUL,2161,2026,Maio,5,1508077.92,287930.58,10294.28,3282.8,1885097.4
Boa Esperança do Sul,BOA ESPERANCA DO SUL,2161,2026,Junho,6,1875036.47,89990.44,16184.01,5806.08,2343795.5875
Boa Esperança do Sul,BOA ESPERANCA DO SUL,2161,2026,Julho,7,1523841.61,118803.16,15157.17,12643.57,1904802.0125
Boa Esperança do Sul,BOA ESPERANCA DO SUL,2161,2026,Agosto,8,1634631.64,114036.74,14114.72,0.0,2043289.5499999998
Boa Esperança do Sul,BOA ESPERANCA DO SUL,2161,2026,Setembro,9,1850758.07,0.0,11153.95,5649.76,2313447.5875
Bocaina,BOCAINA,2173,2026,Janeiro,1,1291705.11,1177548.77,10250.92,2135.15,1614631.3875
Bocaina,BOCAINA,2173,2026,Fevereiro,2,836931.77,384915.45,10143.04,174.29,1046164.7125
Bocaina,BOCAINA,2173,2026,Março,3,1966093.39,322602.29,9083.43,5749.33,2457616.7375
Bocaina,BOCAINA,2173,2026,Abril,4,1258613.02,249256.36,9772.6,0.0,1573266.275
Bocaina,BOCAINA,2173,2026,Maio,5,1332897.42,248062.58,9098.48,2901.47,1666121.775
Bocaina,BOCAINA,2173,2026,Junho,6,1657229.54,82466.04,14304.05,5131.64,2071536.925
Bocaina,BOCAINA,2173,2026,Julho,7,1346829.99,94795.12,13396.49,11174.87,1683537.4874999998
Bocaina,BOCAINA,2173,2026,Agosto,8,1444750.48,69479.55,12475.13,0.0,1805938.0999999999
Bocaina,BOCAINA,2173,2026,Setembro,9,1635771.36,0.0,9858.29,4993.48,2044714.2
Bofete,BOFETE,2185,2026,Janeiro,1,1809309.87,850827.0,14612.63,2944.8,2261637.3375
Bofete,BOFETE,2185,2026,Fevereiro,2,1154299.95,337311.35,13989.33,240.38,1442874.9374999998
Bofete,BOFETE,2185,2026,Março,3,2711644.59,270532.36,12527.91,7929.5,3389555.7375
Bofete,BOFETE,2185,2026,Abril,4,1735884.57,240785.45,13478.42,0.0,2169855.7125
Bofete,BOFETE,2185,2026,Maio,5,1838337.95,205450.7,12548.66,4001.72,2297922.4375
Bofete,BOFETE,2185,2026,Junho,6,2285658.22,54049.69,19728.21,7077.58,2857072.775
Bofete,BOFETE,2185,2026,Julho,7,1857553.8,70555.57,18476.5,15412.43,2321942.25
Bofete,BOFETE,2185,2026,Agosto,8,1992606.18,83165.64,17205.76,0.0,2490757.7249999996
Bofete,BOFETE,2185,2026,Setembro,9,2256063.0,0.0,13596.6,6887.03,2820078.75
Boituva,BOITUVA,2197,2026,Janeiro,1,5486961.01,10675139.62,44253.5,8941.54,6858701.262499999
Boituva,BOITUVA,2197,2026,Fevereiro,2,3504893.99,4798632.66,42476.92,729.88,4381117.4875
Boituva,BOITUVA,2197,2026,Março,3,8233585.09,4076353.5,38039.51,24076.99,10291981.362499999
Boituva,BOITUVA,2197,2026,Abril,4,5270806.27,3438933.25,40925.61,0.0,6588507.837499999
Boituva,BOITUVA,2197,2026,Maio,5,5581893.71,2960167.77,38102.52,12150.73,6977367.137499999
Boituva,BOITUVA,2197,2026,Junho,6,6940128.33,889551.77,59902.35,21490.21,8675160.4125
Boituva,BOITUVA,2197,2026,Julho,7,5640240.35,1590182.09,56101.69,46798.0,7050300.437499999
Boituva,BOITUVA,2197,2026,Agosto,8,6050310.78,1356897.44,52243.23,0.0,7562888.475
Boituva,BOITUVA,2197,2026,Setembro,9,6850265.98,0.0,41284.45,20911.64,8562832.475
Bom Jesus dos Perdões,BOM JESUS DOS PERDOES,2203,2026,Janeiro,1,2459344.45,2527778.5,19952.26,3986.57,3074180.5625
Bom Jesus dos Perdões,BOM JESUS DOS PERDOES,2203,2026,Fevereiro,2,1562649.34,1140699.09,18938.24,325.42,1953311.675
Bom Jesus dos Perdões,BOM JESUS DOS PERDOES,2203,2026,Março,3,3670925.94,942566.82,16959.83,10734.68,4588657.425
Bom Jesus dos Perdões,BOM JESUS DOS PERDOES,2203,2026,Abril,4,2349977.47,799033.22,18246.59,0.0,2937471.8375
Bom Jesus dos Perdões,BOM JESUS DOS PERDOES,2203,2026,Maio,5,2488675.13,709827.38,16987.93,5417.38,3110843.9124999996
Bom Jesus dos Perdões,BOM JESUS DOS PERDOES,2203,2026,Junho,6,3094241.07,267074.82,26707.33,9581.37,3867801.3374999994
Bom Jesus dos Perdões,BOM JESUS DOS PERDOES,2203,2026,Julho,7,2514688.85,368119.91,25012.82,20864.79,3143361.0625
Bom Jesus dos Perdões,BOM JESUS DOS PERDOES,2203,2026,Agosto,8,2697517.86,361434.81,23292.53,0.0,3371897.3249999997
Bom Jesus dos Perdões,BOM JESUS DOS PERDOES,2203,2026,Setembro,9,3054176.14,0.0,18406.58,9323.41,3817720.175
Bom Sucesso de Itararé,BOM SUCESSO DE ITARARE,7390,2026,Janeiro,1,565441.11,172082.03,4589.34,916.21,706801.3875
Bom Sucesso de Itararé,BOM SUCESSO DE ITARARE,7390,2026,Fevereiro,2,359134.94,72662.64,4352.47,74.79,448918.675
Bom Sucesso de Itararé,BOM SUCESSO DE ITARARE,7390,2026,Março,3,843668.33,179039.33,3897.78,2467.09,1054585.4124999999
Bom Sucesso de Itararé,BOM SUCESSO DE ITARARE,7390,2026,Abril,4,540082.15,67482.39,4193.51,0.0,675102.6875
Bom Sucesso de Itararé,BOM SUCESSO DE ITARARE,7390,2026,Maio,5,571958.25,93662.03,3904.24,1245.05,714947.8125
Bom Sucesso de Itararé,BOM SUCESSO DE ITARARE,7390,2026,Junho,6,711132.08,31948.18,6138.0,2202.03,888915.0999999999
Bom Sucesso de Itararé,BOM SUCESSO DE ITARARE,7390,2026,Julho,7,577936.84,86955.8,5748.56,4795.24,722421.0499999999
Bom Sucesso de Itararé,BOM SUCESSO DE ITARARE,7390,2026,Agosto,8,619955.41,49599.62,5353.19,0.0,774944.2625
Bom Sucesso de Itararé,BOM SUCESSO DE ITARARE,7390,2026,Setembro,9,701924.18,0.0,4230.28,2142.75,877405.225
Boracéia,BORACEIA,2227,2026,Janeiro,1,888804.9,558670.02,7162.86,1449.4,1111006.125
Boracéia,BORACEIA,2227,2026,Fevereiro,2,568132.54,168443.06,6885.38,118.31,710165.675
Boracéia,BORACEIA,2227,2026,Março,3,1334638.83,259583.03,6166.09,3902.81,1668298.5375
Boracéia,BORACEIA,2227,2026,Abril,4,854381.49,168660.02,6633.92,0.0,1067976.8624999998
Boracéia,BORACEIA,2227,2026,Maio,5,904807.81,183162.59,6176.3,1969.6,1131009.7625
Boracéia,BORACEIA,2227,2026,Junho,6,1124973.47,60842.12,9709.99,3483.5,1406216.8375
Boracéia,BORACEIA,2227,2026,Julho,7,914265.62,90363.56,9093.91,7585.81,1142832.025
Boracéia,BORACEIA,2227,2026,Agosto,8,980736.78,108234.25,8468.47,0.0,1225920.9749999999
Boracéia,BORACEIA,2227,2026,Setembro,9,1110407.05,0.0,6692.08,3389.71,1388008.8125
Borborema,BORBOREMA,2239,2026,Janeiro,1,1824185.79,1824905.11,14917.23,2935.66,2280232.2375
Borborema,BORBOREMA,2239,2026,Fevereiro,2,1150717.91,644338.2,13945.92,239.63,1438397.3874999997
Borborema,BORBOREMA,2239,2026,Março,3,2703229.79,549162.15,12489.04,7904.9,3379037.2375
Borborema,BORBOREMA,2239,2026,Abril,4,1730497.76,456487.42,13436.59,0.0,2163122.1999999997
Borborema,BORBOREMA,2239,2026,Maio,5,1832633.2,465972.59,12509.72,3989.3,2290791.5
Borborema,BORBOREMA,2239,2026,Junho,6,2278565.35,115743.24,19666.99,7055.61,2848206.6875
Borborema,BORBOREMA,2239,2026,Julho,7,1851789.42,144223.35,18419.17,15364.6,2314736.775
Borborema,BORBOREMA,2239,2026,Agosto,8,1986422.7,172228.54,17152.37,0.0,2483028.375
Borborema,BORBOREMA,2239,2026,Setembro,9,2249061.97,0.0,13554.41,6865.66,2811327.4625
Borebi,BOREBI,7213,2026,Janeiro,1,694265.26,178537.89,5756.54,1102.96,867831.575
Borebi,BOREBI,7213,2026,Fevereiro,2,432338.01,79698.12,5239.64,90.03,540422.5125
Borebi,BOREBI,7213,2026,Março,3,1015634.66,67796.57,4692.27,2969.96,1269543.325
Borebi,BOREBI,7213,2026,Abril,4,650168.0,54548.38,5048.28,0.0,812710.0
Borebi,BOREBI,7213,2026,Maio,5,688541.46,58296.41,4700.05,1498.83,860676.825
Borebi,BOREBI,7213,2026,Junho,6,856083.32,28630.88,7389.11,2650.88,1070104.15
Borebi,BOREBI,7213,2026,Julho,7,695738.67,15620.27,6920.29,5772.66,869673.3375
Borebi,BOREBI,7213,2026,Agosto,8,746321.95,17923.84,6444.34,0.0,932902.4374999999
Borebi,BOREBI,7213,2026,Setembro,9,844998.56,0.0,5092.55,2579.51,1056248.2
Borá,BORA,2215,2026,Janeiro,1,411164.9,115562.19,3309.9,671.16,513956.125
Borá,BORA,2215,2026,Fevereiro,2,263080.2,25722.75,3188.35,54.79,328850.25
Borá,BORA,2215,2026,Março,3,618019.61,22174.8,2855.28,1807.24,772524.5125
Borá,BORA,2215,2026,Abril,4,395631.01,15900.17,3071.91,0.0,494538.7625
Borá,BORA,2215,2026,Maio,5,418981.49,14404.52,2860.01,912.04,523726.8625
Borá,BORA,2215,2026,Junho,6,520931.69,4852.08,4496.32,1613.07,651164.6124999999
Borá,BORA,2215,2026,Julho,7,423361.04,4439.56,4211.04,3512.7,529201.2999999999
Borá,BORA,2215,2026,Agosto,8,454141.26,18672.63,3921.42,0.0,567676.575
Borá,BORA,2215,2026,Setembro,9,514186.55,0.0,3098.84,1569.65,642733.1875
Botucatu,BOTUCATU,2240,2026,Janeiro,1,10858267.23,21106480.43,87206.66,17761.07,13572834.0375
Botucatu,BOTUCATU,2240,2026,Fevereiro,2,6961959.89,8456658.3,84374.2,1449.81,8702449.862499999
Botucatu,BOTUCATU,2240,2026,Março,3,16354813.94,6807098.31,75559.93,47825.43,20443517.424999997
Botucatu,BOTUCATU,2240,2026,Abril,4,10469686.64,5532715.05,81292.75,0.0,13087108.3
Botucatu,BOTUCATU,2240,2026,Maio,5,11087616.4,4988485.39,75685.1,24135.65,13859520.5
Botucatu,BOTUCATU,2240,2026,Junho,6,13785551.05,1457248.01,118987.27,42687.17,17231938.8125
Botucatu,BOTUCATU,2240,2026,Julho,7,11203513.47,1724821.11,111437.82,92957.4,14004391.8375
Botucatu,BOTUCATU,2240,2026,Agosto,8,12018058.47,1873950.16,103773.55,0.0,15022573.0875
Botucatu,BOTUCATU,2240,2026,Setembro,9,13607052.61,0.0,82005.52,41537.92,17008815.7625
Bragança Paulista,BRAGANCA PAULISTA,2252,2026,Janeiro,1,12627937.98,25386895.9,102244.11,20506.67,15784922.475
Bragança Paulista,BRAGANCA PAULISTA,2252,2026,Fevereiro,2,8038176.39,11979994.62,97417.21,1673.92,10047720.487499999
Bragança Paulista,BRAGANCA PAULISTA,2252,2026,Março,3,18883027.4,9723549.7,87240.38,55218.54,23603784.249999996
Bragança Paulista,BRAGANCA PAULISTA,2252,2026,Abril,4,12088146.06,7705870.73,93859.41,0.0,15110182.575
Bragança Paulista,BRAGANCA PAULISTA,2252,2026,Maio,5,12801598.67,6913175.56,87384.9,27866.67,16001998.337499999
Bragança Paulista,BRAGANCA PAULISTA,2252,2026,Junho,6,15916594.29,2341680.19,137380.95,49285.98,19895742.862499997
Bragança Paulista,BRAGANCA PAULISTA,2252,2026,Julho,7,12935411.72,2706703.57,128664.46,107327.24,16169264.65
Bragança Paulista,BRAGANCA PAULISTA,2252,2026,Agosto,8,13875873.38,2647123.22,119815.42,0.0,17344841.725
Bragança Paulista,BRAGANCA PAULISTA,2252,2026,Setembro,9,15710502.62,0.0,94682.37,47959.08,19638128.275
Braúna,BRAUNA,2264,2026,Janeiro,1,484151.41,539482.22,3973.23,776.6,605189.2625
Braúna,BRAUNA,2264,2026,Fevereiro,2,304409.29,254799.34,3689.23,63.39,380511.61249999993
Braúna,BRAUNA,2264,2026,Março,3,715108.58,143869.85,3303.83,2091.15,893885.7249999999
Braúna,BRAUNA,2264,2026,Abril,4,457783.43,123635.91,3554.5,0.0,572229.2875
Braúna,BRAUNA,2264,2026,Maio,5,484802.19,147587.2,3309.3,1055.32,606002.7374999999
Braúna,BRAUNA,2264,2026,Junho,6,602768.45,19981.23,5202.68,1866.48,753460.5624999999
Braúna,BRAUNA,2264,2026,Julho,7,489869.75,52183.56,4872.58,4064.53,612337.1875
Braúna,BRAUNA,2264,2026,Agosto,8,525485.45,52457.59,4537.46,0.0,656856.8124999999
Braúna,BRAUNA,2264,2026,Setembro,9,594963.67,0.0,3585.66,1816.23,743704.5875
Brejo Alegre,BREJO ALEGRE,7766,2026,Janeiro,1,538926.94,128915.45,4236.84,898.07,673658.6749999999
Brejo Alegre,BREJO ALEGRE,7766,2026,Fevereiro,2,352024.66,72008.6,4266.3,73.31,440030.82499999995
Brejo Alegre,BREJO ALEGRE,7766,2026,Março,3,826965.1,65891.19,3820.61,2418.25,1033706.3749999999
Brejo Alegre,BREJO ALEGRE,7766,2026,Abril,4,529389.42,47536.62,4110.49,0.0,661736.775
Brejo Alegre,BREJO ALEGRE,7766,2026,Maio,5,560634.43,69499.19,3826.94,1220.4,700793.0375
Brejo Alegre,BREJO ALEGRE,7766,2026,Junho,6,697052.84,9409.56,6016.47,2158.43,871316.0499999999
Brejo Alegre,BREJO ALEGRE,7766,2026,Julho,7,566494.65,41839.98,5634.74,4700.3,708118.3125
Brejo Alegre,BREJO ALEGRE,7766,2026,Agosto,8,607681.32,37182.09,5247.21,0.0,759601.6499999999
Brejo Alegre,BREJO ALEGRE,7766,2026,Setembro,9,688027.25,0.0,4146.53,2100.32,860034.0625
Brodówski,BRODOWSKI,2276,2026,Janeiro,1,1704947.65,3226506.84,13787.06,2771.82,2131184.5624999995
Brodówski,BRODOWSKI,2276,2026,Fevereiro,2,1086493.15,1211136.76,13167.56,226.26,1358116.4374999998
Brodówski,BRODOWSKI,2276,2026,Março,3,2552355.03,1049771.36,11791.99,7463.7,3190443.7874999996
Brodówski,BRODOWSKI,2276,2026,Abril,4,1633913.87,883886.51,12686.66,0.0,2042392.3375000001
Brodówski,BRODOWSKI,2276,2026,Maio,5,1730348.85,827102.13,11811.52,3766.64,2162936.0625
Brodówski,BRODOWSKI,2276,2026,Junho,6,2151392.29,271442.36,18569.32,6661.82,2689240.3625
Brodówski,BRODOWSKI,2276,2026,Julho,7,1748435.91,343761.73,17391.14,14507.06,2185544.8874999997
Brodówski,BRODOWSKI,2276,2026,Agosto,8,1875554.93,383670.62,16195.04,0.0,2344443.6624999996
Brodówski,BRODOWSKI,2276,2026,Setembro,9,2123535.57,0.0,12797.9,6482.47,2654419.4624999994
Brotas,BROTAS,2288,2026,Janeiro,1,3081541.3,2665889.52,25162.65,4965.74,3851926.6249999995
Brotas,BROTAS,2288,2026,Fevereiro,2,1946464.85,1064531.4,23589.83,405.35,2433081.0625
Brotas,BROTAS,2288,2026,Março,3,4572573.1,892045.96,21125.48,13371.31,5715716.374999999
Brotas,BROTAS,2288,2026,Abril,4,2927175.31,659684.12,22728.29,0.0,3658969.1374999997
Brotas,BROTAS,2288,2026,Maio,5,3099939.67,716838.54,21160.47,6747.98,3874924.5875
Brotas,BROTAS,2288,2026,Junho,6,3854243.78,181958.1,33267.15,11934.73,4817804.725
Brotas,BROTAS,2288,2026,Julho,7,3132342.84,291801.11,31156.43,25989.57,3915428.55
Brotas,BROTAS,2288,2026,Agosto,8,3360078.02,296378.83,29013.61,0.0,4200097.524999999
Brotas,BROTAS,2288,2026,Setembro,9,3804338.16,0.0,22927.58,11613.41,4755422.7
Buri,BURI,2290,2026,Janeiro,1,2732777.55,1623506.16,22159.16,4431.86,3415971.9374999995
Buri,BURI,2290,2026,Fevereiro,2,1737195.85,687262.54,21053.63,361.77,2171494.8125
Buri,BURI,2290,2026,Março,3,4080965.03,647169.33,18854.23,11933.73,5101206.2875
Buri,BURI,2290,2026,Abril,4,2612467.82,471789.68,20284.72,0.0,3265584.7749999994
Buri,BURI,2290,2026,Maio,5,2766657.88,476995.78,18885.46,6022.49,3458322.3499999996
Buri,BURI,2290,2026,Junho,6,3439864.98,166525.57,29690.52,10651.6,4299831.225
Buri,BURI,2290,2026,Julho,7,2795577.31,193456.93,27806.73,23195.37,3494471.6374999997
Buri,BURI,2290,2026,Agosto,8,2998828.14,276445.97,25894.29,0.0,3748535.175
Buri,BURI,2290,2026,Setembro,9,3395324.83,0.0,20462.58,10364.83,4244156.0375
Buritama,BURITAMA,2306,2026,Janeiro,1,1753893.11,1616084.64,14349.7,2821.23,2192366.3875
Buritama,BURITAMA,2306,2026,Fevereiro,2,1105860.58,699883.73,13402.28,230.29,1382325.725
Buritama,BURITAMA,2306,2026,Março,3,2597852.38,619081.82,12002.19,7596.75,3247315.4749999996
Buritama,BURITAMA,2306,2026,Abril,4,1663039.43,532511.54,12912.81,0.0,2078799.2874999999
Buritama,BURITAMA,2306,2026,Maio,5,1761193.42,477118.65,12022.07,3833.79,2201491.775
Buritama,BURITAMA,2306,2026,Junho,6,2189742.22,143053.59,18900.33,6780.57,2737177.775
Buritama,BURITAMA,2306,2026,Julho,7,1779602.89,185904.41,17701.15,14765.66,2224503.6125
Buritama,BURITAMA,2306,2026,Agosto,8,1908987.9,175457.76,16483.73,0.0,2386234.8749999995
Buritama,BURITAMA,2306,2026,Setembro,9,2161388.95,0.0,13026.03,6598.02,2701736.1875
Buritizal,BURITIZAL,2318,2026,Janeiro,1,1207896.32,649118.73,9938.67,1932.82,1509870.4
Buritizal,BURITIZAL,2318,2026,Fevereiro,2,757623.34,197649.73,9181.88,157.77,947029.1749999999
Buritizal,BURITIZAL,2318,2026,Março,3,1779784.57,182491.26,8222.68,5204.52,2224730.7125
Buritizal,BURITIZAL,2318,2026,Abril,4,1139345.69,135801.16,8846.54,0.0,1424182.1124999998
Buritizal,BURITIZAL,2318,2026,Maio,5,1206590.84,174232.59,8236.3,2626.52,1508238.55
Buritizal,BURITIZAL,2318,2026,Junho,6,1500188.95,53155.4,12948.59,4645.36,1875236.1874999998
Buritizal,BURITIZAL,2318,2026,Julho,7,1219203.14,68210.33,12127.03,10115.93,1524003.9249999998
Buritizal,BURITIZAL,2318,2026,Agosto,8,1307844.6,74539.07,11292.98,0.0,1634805.75
Buritizal,BURITIZAL,2318,2026,Setembro,9,1480764.16,0.0,8924.11,4520.29,1850955.1999999997
Bálsamo,BALSAMO,1971,2026,Janeiro,1,786178.24,1384980.85,6385.81,1273.0,982722.7999999999
Bálsamo,BALSAMO,1971,2026,Fevereiro,2,498988.29,499455.72,6047.4,103.91,623735.3624999999
Bálsamo,BALSAMO,1971,2026,Março,3,1172207.36,506652.72,5415.65,3427.82,1465259.2
Bálsamo,BALSAMO,1971,2026,Abril,4,750399.47,357563.46,5826.54,0.0,937999.3374999999
Bálsamo,BALSAMO,1971,2026,Maio,5,794688.68,338480.36,5424.62,1729.89,993360.85
Bálsamo,BALSAMO,1971,2026,Junho,6,988059.2,106060.12,8528.24,3059.54,1235073.9999999998
Bálsamo,BALSAMO,1971,2026,Julho,7,802995.44,154507.67,7987.14,6662.59,1003744.2999999999
Bálsamo,BALSAMO,1971,2026,Agosto,8,861376.76,124047.5,7437.82,0.0,1076720.95
Bálsamo,BALSAMO,1971,2026,Setembro,9,975265.59,0.0,5877.63,2977.17,1219081.9874999998
Cabreúva,CABREUVA,2331,2026,Janeiro,1,11973113.83,4796319.38,96768.41,19474.71,14966392.2875
Cabreúva,CABREUVA,2331,2026,Fevereiro,2,7633673.1,2016507.17,92514.91,1589.69,9542091.374999998
Cabreúva,CABREUVA,2331,2026,Março,3,17932781.19,1793916.99,82850.2,52439.79,22415976.4875
Cabreúva,CABREUVA,2331,2026,Abril,4,11479837.09,1456988.92,89136.14,0.0,14349796.362499999
Cabreúva,CABREUVA,2331,2026,Maio,5,12157386.78,1389098.99,82987.45,26464.34,15196733.474999998
Cabreúva,CABREUVA,2331,2026,Junho,6,15115627.2,501964.51,130467.56,46805.77,18894533.999999996
Cabreúva,CABREUVA,2331,2026,Julho,7,12284465.99,697404.43,122189.71,101926.24,15355582.487499999
Cabreúva,CABREUVA,2331,2026,Agosto,8,13177601.02,731204.55,113785.97,0.0,16472001.274999999
Cabreúva,CABREUVA,2331,2026,Setembro,9,14919906.64,0.0,89917.69,45545.64,18649883.3
Cabrália Paulista,CABRALIA PAULISTA,2320,2026,Janeiro,1,549634.76,305141.98,4476.44,887.82,687043.45
Cabrália Paulista,CABRALIA PAULISTA,2320,2026,Fevereiro,2,348004.96,132477.76,4217.58,72.47,435006.2
Cabrália Paulista,CABRALIA PAULISTA,2320,2026,Março,3,817522.14,112038.9,3776.99,2390.63,1021902.6749999999
Cabrália Paulista,CABRALIA PAULISTA,2320,2026,Abril,4,523344.42,114500.1,4063.55,0.0,654180.5249999999
Cabrália Paulista,CABRALIA PAULISTA,2320,2026,Maio,5,554232.65,76384.55,3783.24,1206.46,692790.8125
Cabrália Paulista,CABRALIA PAULISTA,2320,2026,Junho,6,689093.33,27121.43,5947.77,2133.79,861366.6624999999
Cabrália Paulista,CABRALIA PAULISTA,2320,2026,Julho,7,560025.96,40570.62,5570.4,4646.63,700032.45
Cabrália Paulista,CABRALIA PAULISTA,2320,2026,Agosto,8,600742.32,51648.64,5187.29,0.0,750927.8999999999
Cabrália Paulista,CABRALIA PAULISTA,2320,2026,Setembro,9,680170.79,0.0,4099.18,2076.34,850213.4875
Cachoeira Paulista,CACHOEIRA PAULISTA,2355,2026,Janeiro,1,1042363.5,2179840.91,8431.87,1694.12,1302954.375
Cachoeira Paulista,CACHOEIRA PAULISTA,2355,2026,Fevereiro,2,664057.69,1133527.94,8047.93,138.29,830072.1124999999
Cachoeira Paulista,CACHOEIRA PAULISTA,2355,2026,Março,3,1559983.13,910878.54,7207.19,4561.77,1949978.9124999999
Cachoeira Paulista,CACHOEIRA PAULISTA,2355,2026,Abril,4,998637.74,715935.14,7754.01,0.0,1248297.1749999998
Cachoeira Paulista,CACHOEIRA PAULISTA,2355,2026,Maio,5,1057578.19,658814.24,7219.13,2302.15,1321972.7374999998
Cachoeira Paulista,CACHOEIRA PAULISTA,2355,2026,Junho,6,1314917.25,174032.38,11349.45,4071.66,1643646.5625
Cachoeira Paulista,CACHOEIRA PAULISTA,2355,2026,Julho,7,1068632.88,252879.74,10629.35,8866.62,1335791.0999999999
Cachoeira Paulista,CACHOEIRA PAULISTA,2355,2026,Agosto,8,1146327.22,214799.18,9898.31,0.0,1432909.025
Cachoeira Paulista,CACHOEIRA PAULISTA,2355,2026,Setembro,9,1297891.41,0.0,7821.99,3962.04,1622364.2624999997
Caconde,CACONDE,2367,2026,Janeiro,1,1262749.13,1619636.13,10153.78,2063.3,1578436.4124999999
Caconde,CACONDE,2367,2026,Fevereiro,2,808769.4,602011.31,9801.73,168.42,1010961.75
Caconde,CACONDE,2367,2026,Março,3,1899935.27,387638.14,8777.78,5555.87,2374919.0875
Caconde,CACONDE,2367,2026,Abril,4,1216261.28,348908.29,9443.76,0.0,1520326.5999999999
Caconde,CACONDE,2367,2026,Maio,5,1288046.05,310671.96,8792.32,2803.83,1610057.5625
Caconde,CACONDE,2367,2026,Junho,6,1601464.54,109771.63,13822.73,4958.96,2001830.675
Caconde,CACONDE,2367,2026,Julho,7,1301509.78,138271.64,12945.71,10798.84,1626887.2249999999
Caconde,CACONDE,2367,2026,Agosto,8,1396135.3,148394.85,12055.35,0.0,1745169.125
Caconde,CACONDE,2367,2026,Setembro,9,1580728.42,0.0,9526.56,4825.45,1975910.525
Cafelândia,CAFELANDIA,2379,2026,Janeiro,1,2033536.22,1765806.13,16462.1,3302.78,2541920.275
Cafelândia,CAFELANDIA,2379,2026,Fevereiro,2,1294620.31,606995.95,15689.91,269.6,1618275.3875
Cafelândia,CAFELANDIA,2379,2026,Março,3,3041280.7,610403.62,14050.84,8893.44,3801600.875
Cafelândia,CAFELANDIA,2379,2026,Abril,4,1946904.2,471536.63,15116.9,0.0,2433630.25
Cafelândia,CAFELANDIA,2379,2026,Maio,5,2061812.13,457550.25,14074.12,4488.18,2577265.1624999996
Cafelândia,CAFELANDIA,2379,2026,Junho,6,2563510.08,119928.3,22126.43,7937.95,3204387.6
Cafelândia,CAFELANDIA,2379,2026,Julho,7,2083363.92,234701.66,20722.56,17286.01,2604204.9
Cafelândia,CAFELANDIA,2379,2026,Agosto,8,2234833.7,214415.21,19297.35,0.0,2793542.125
Cafelândia,CAFELANDIA,2379,2026,Setembro,9,2530317.17,0.0,15249.44,7724.24,3162896.4625
Caiabu,CAIABU,2380,2026,Janeiro,1,432854.04,210015.08,3498.64,704.01,541067.5499999999
Caiabu,CAIABU,2380,2026,Fevereiro,2,275955.96,93155.03,3344.4,57.47,344944.95
Caiabu,CAIABU,2380,2026,Março,3,648266.93,71219.55,2995.02,1895.69,810333.6625
Caiabu,CAIABU,2380,2026,Abril,4,414994.12,79670.65,3222.26,0.0,518742.64999999997
Caiabu,CAIABU,2380,2026,Maio,5,439487.42,55342.09,2999.98,956.68,549359.2749999999
Caiabu,CAIABU,2380,2026,Junho,6,546427.3,10943.34,4716.38,1692.02,683034.125
Caiabu,CAIABU,2380,2026,Julho,7,444081.32,16673.5,4417.14,3684.62,555101.65
Caiabu,CAIABU,2380,2026,Agosto,8,476367.99,16000.32,4113.34,0.0,595459.9874999999
Caiabu,CAIABU,2380,2026,Setembro,9,539352.04,0.0,3250.51,1646.47,674190.05
Caieiras,CAIEIRAS,2392,2026,Janeiro,1,7186164.54,8910610.03,57923.97,11716.7,8982705.674999999
Caieiras,CAIEIRAS,2392,2026,Fevereiro,2,4592697.7,4241531.09,55660.36,956.41,5740872.125
Caieiras,CAIEIRAS,2392,2026,Março,3,10789018.84,3575958.55,49845.72,31549.7,13486273.549999999
Caieiras,CAIEIRAS,2392,2026,Abril,4,6906691.01,2897021.05,53627.57,0.0,8633363.7625
Caieiras,CAIEIRAS,2392,2026,Maio,5,7314329.76,2574917.99,49928.29,15921.92,9142912.2
Caieiras,CAIEIRAS,2392,2026,Junho,6,9094115.69,950318.04,78494.07,28160.07,11367644.612499999
Caieiras,CAIEIRAS,2392,2026,Julho,7,7390785.27,1057937.01,73513.81,61322.56,9238481.587499999
Caieiras,CAIEIRAS,2392,2026,Agosto,8,7928128.06,1088932.09,68457.81,0.0,9910160.075
Caieiras,CAIEIRAS,2392,2026,Setembro,9,8976363.02,0.0,54097.78,27401.93,11220453.774999999
Caiuá,CAIUA,2409,2026,Janeiro,1,845906.97,170804.72,6858.9,1371.89,1057383.7125
Caiuá,CAIUA,2409,2026,Fevereiro,2,537752.49,96385.06,6517.19,111.99,672190.6124999999
Caiuá,CAIUA,2409,2026,Março,3,1263270.99,71039.18,5836.37,3694.11,1579088.7374999998
Caiuá,CAIUA,2409,2026,Abril,4,808694.71,66135.28,6279.18,0.0,1010868.3875
Caiuá,CAIUA,2409,2026,Maio,5,856424.55,58120.96,5846.03,1864.27,1070530.6875
Caiuá,CAIUA,2409,2026,Junho,6,1064817.17,19625.9,9190.76,3297.22,1331021.4625
Caiuá,CAIUA,2409,2026,Julho,7,865376.62,28614.82,8607.63,7180.17,1081720.775
Caiuá,CAIUA,2409,2026,Agosto,8,928293.33,21589.11,8015.63,0.0,1160366.6624999999
Caiuá,CAIUA,2409,2026,Setembro,9,1051029.68,0.0,6334.23,3208.45,1313787.0999999999
Cajamar,CAJAMAR,2410,2026,Janeiro,1,32697887.01,9826032.68,259775.37,53996.76,40872358.7625
Cajamar,CAJAMAR,2410,2026,Fevereiro,2,21165579.02,4728669.42,256512.38,4407.66,26456973.775
Cajamar,CAJAMAR,2410,2026,Março,3,49721502.65,4266385.54,229715.43,145397.7,62151878.31249999
Cajamar,CAJAMAR,2410,2026,Abril,4,31829683.54,3320983.62,247144.21,0.0,39787104.425
Cajamar,CAJAMAR,2410,2026,Maio,5,33708298.39,3245265.67,230095.96,73376.61,42135372.9875
Cajamar,CAJAMAR,2410,2026,Junho,6,41910492.86,1036603.49,361742.16,129776.49,52388116.074999996
Cajamar,CAJAMAR,2410,2026,Julho,7,34060645.8,1579916.26,338790.51,282606.8,42575807.24999999
Cajamar,CAJAMAR,2410,2026,Agosto,8,36537005.45,1644183.46,315489.8,0.0,45671256.8125
Cajamar,CAJAMAR,2410,2026,Setembro,9,41367826.31,0.0,249311.17,126282.57,51709782.8875
Cajati,CAJATI,7407,2026,Janeiro,1,4289965.58,1838550.36,34772.43,6959.65,5362456.975
Cajati,CAJATI,7407,2026,Fevereiro,2,2728035.25,846060.63,33061.93,568.1,3410044.0625
Cajati,CAJATI,7407,2026,Março,3,6408613.33,1036533.94,29608.06,18740.34,8010766.6625
Cajati,CAJATI,7407,2026,Abril,4,4102533.58,814002.95,31854.46,0.0,5128166.975
Cajati,CAJATI,7407,2026,Maio,5,4344668.58,645266.95,29657.11,9457.52,5430835.725
Cajati,CAJATI,7407,2026,Junho,6,5401850.89,300438.81,46625.01,16726.91,6752313.612499999
Cajati,CAJATI,7407,2026,Julho,7,4390082.7,294074.96,43666.77,36425.24,5487603.375
Cajati,CAJATI,7407,2026,Agosto,8,4709261.14,335116.84,40663.54,0.0,5886576.424999999
Cajati,CAJATI,7407,2026,Setembro,9,5331906.5,0.0,32133.76,16276.58,6664883.125
Cajobi,CAJOBI,2422,2026,Janeiro,1,731599.16,991527.57,5860.96,1199.36,914498.95
Cajobi,CAJOBI,2422,2026,Fevereiro,2,470124.19,387366.22,5697.58,97.9,587655.2374999999
Cajobi,CAJOBI,2422,2026,Março,3,1104400.74,328102.23,5102.38,3229.53,1380500.9249999998
Cajobi,CAJOBI,2422,2026,Abril,4,706992.43,282581.1,5489.5,0.0,883740.5375
Cajobi,CAJOBI,2422,2026,Maio,5,748719.72,246599.74,5110.83,1629.82,935899.6499999999
Cajobi,CAJOBI,2422,2026,Junho,6,930904.67,64684.71,8034.92,2882.56,1163630.8375
Cajobi,CAJOBI,2422,2026,Julho,7,756545.97,67208.05,7525.12,6277.19,945682.4624999999
Cajobi,CAJOBI,2422,2026,Agosto,8,811550.21,100397.57,7007.58,0.0,1014437.7625
Cajobi,CAJOBI,2422,2026,Setembro,9,918851.11,0.0,5537.63,2804.95,1148563.8875
Cajuru,CAJURU,2434,2026,Janeiro,1,1881755.97,2367146.2,15162.88,3069.02,2352194.9625
Cajuru,CAJURU,2434,2026,Fevereiro,2,1202988.71,975912.6,14579.4,250.52,1503735.8875
Cajuru,CAJURU,2434,2026,Março,3,2826022.68,797294.67,13056.34,8263.97,3532528.35
Cajuru,CAJURU,2434,2026,Abril,4,1809104.77,686357.2,14046.94,0.0,2261380.9625
Cajuru,CAJURU,2434,2026,Maio,5,1915879.66,658753.07,13077.97,4170.51,2394849.5749999997
Cajuru,CAJURU,2434,2026,Junho,6,2382068.06,203819.2,20560.35,7376.11,2977585.0749999997
Cajuru,CAJURU,2434,2026,Julho,7,1935906.04,218755.86,19255.85,16062.53,2419882.55
Cajuru,CAJURU,2434,2026,Agosto,8,2076654.98,291534.68,17931.5,0.0,2595818.7249999996
Cajuru,CAJURU,2434,2026,Setembro,9,2351224.5,0.0,14170.11,7177.53,2939030.625
Campina do Monte Alegre,CAMPINA DO MONTE ALEGRE,7419,2026,Janeiro,1,638997.53,459288.52,5139.51,1043.87,798746.9125
Campina do Monte Alegre,CAMPINA DO MONTE ALEGRE,7419,2026,Fevereiro,2,409173.38,184356.3,4958.9,85.21,511466.725
Campina do Monte Alegre,CAMPINA DO MONTE ALEGRE,7419,2026,Março,3,961217.04,171253.11,4440.86,2810.83,1201521.3
Campina do Monte Alegre,CAMPINA DO MONTE ALEGRE,7419,2026,Abril,4,615332.05,136377.01,4777.8,0.0,769165.0625
Campina do Monte Alegre,CAMPINA DO MONTE ALEGRE,7419,2026,Maio,5,651649.47,126273.44,4448.22,1418.52,814561.8374999999
Campina do Monte Alegre,CAMPINA DO MONTE ALEGRE,7419,2026,Junho,6,810214.45,42132.35,6993.21,2508.84,1012768.0624999999
Campina do Monte Alegre,CAMPINA DO MONTE ALEGRE,7419,2026,Julho,7,658461.06,56584.26,6549.5,5463.36,823076.3250000001
Campina do Monte Alegre,CAMPINA DO MONTE ALEGRE,7419,2026,Agosto,8,706334.09,56040.74,6099.05,0.0,882917.6124999999
Campina do Monte Alegre,CAMPINA DO MONTE ALEGRE,7419,2026,Setembro,9,799723.61,0.0,4819.69,2441.3,999654.5125
Campinas,CAMPINAS,2446,2026,Janeiro,1,84179709.22,204667693.14,676787.03,137566.03,105224636.52499999
Campinas,CAMPINAS,2446,2026,Fevereiro,2,53922953.87,87797644.61,653509.41,11229.28,67403692.33749999
Campinas,CAMPINAS,2446,2026,Março,3,126674082.02,66765018.13,585239.58,370425.65,158342602.52499998
Campinas,CAMPINAS,2446,2026,Abril,4,81091594.77,54905406.75,629642.39,0.0,101364493.46249999
Campinas,CAMPINAS,2446,2026,Maio,5,85877689.28,48416270.98,586209.05,186939.54,107347111.6
Campinas,CAMPINAS,2446,2026,Junho,6,106774190.81,15234963.82,921600.39,330627.93,133467738.5125
Campinas,CAMPINAS,2446,2026,Julho,7,86775354.94,17173720.46,863127.11,719989.43,108469193.675
Campinas,CAMPINAS,2446,2026,Agosto,8,93084307.18,16410926.53,803764.53,0.0,116355383.97500001
Campinas,CAMPINAS,2446,2026,Setembro,9,105391654.41,0.0,635163.11,321726.58,131739568.01249999
Campo Limpo Paulista,CAMPO LIMPO PAULISTA,2458,2026,Janeiro,1,4734768.17,6100795.92,38456.71,7666.99,5918460.212499999
Campo Limpo Paulista,CAMPO LIMPO PAULISTA,2458,2026,Fevereiro,2,3005296.88,3027020.25,36422.15,625.84,3756621.0999999996
Campo Limpo Paulista,CAMPO LIMPO PAULISTA,2458,2026,Março,3,7059947.5,2496472.32,32617.25,20644.99,8824934.375
Campo Limpo Paulista,CAMPO LIMPO PAULISTA,2458,2026,Abril,4,4519491.22,2042426.53,35091.96,0.0,5649364.024999999
Campo Limpo Paulista,CAMPO LIMPO PAULISTA,2458,2026,Maio,5,4786235.42,1850500.14,32671.29,10418.73,5982794.274999999
Campo Limpo Paulista,CAMPO LIMPO PAULISTA,2458,2026,Junho,6,5950863.58,678167.57,51363.71,18426.94,7438579.475
Campo Limpo Paulista,CAMPO LIMPO PAULISTA,2458,2026,Julho,7,4836265.16,761505.72,48104.81,40127.29,6045331.45
Campo Limpo Paulista,CAMPO LIMPO PAULISTA,2458,2026,Agosto,8,5187883.04,797900.06,44796.34,0.0,6484853.8
Campo Limpo Paulista,CAMPO LIMPO PAULISTA,2458,2026,Setembro,9,5873810.45,0.0,35399.65,17930.84,7342263.0625
Campos Novos Paulista,CAMPOS NOVOS PAULISTA,2471,2026,Janeiro,1,1248423.48,401882.52,10178.81,2014.54,1560529.3499999999
Campos Novos Paulista,CAMPOS NOVOS PAULISTA,2471,2026,Fevereiro,2,789656.26,184058.66,9570.1,164.44,987070.325
Campos Novos Paulista,CAMPOS NOVOS PAULISTA,2471,2026,Março,3,1855035.28,168446.56,8570.34,5424.57,2318794.1
Campos Novos Paulista,CAMPOS NOVOS PAULISTA,2471,2026,Abril,4,1187518.13,114066.11,9220.58,0.0,1484397.6624999999
Campos Novos Paulista,CAMPOS NOVOS PAULISTA,2471,2026,Maio,5,1257606.45,101847.9,8584.54,2737.57,1572008.0624999998
Campos Novos Paulista,CAMPOS NOVOS PAULISTA,2471,2026,Junho,6,1563618.12,26548.33,13496.06,4841.77,1954522.6500000001
Campos Novos Paulista,CAMPOS NOVOS PAULISTA,2471,2026,Julho,7,1270752.01,67689.42,12639.77,10543.64,1588440.0125
Campos Novos Paulista,CAMPOS NOVOS PAULISTA,2471,2026,Agosto,8,1363141.31,56492.28,11770.45,0.0,1703926.6375
Campos Novos Paulista,CAMPOS NOVOS PAULISTA,2471,2026,Setembro,9,1543372.04,0.0,9301.43,4711.41,1929215.05
Campos do Jordão,CAMPOS DO JORDAO,2460,2026,Janeiro,1,2947078.42,5379367.04,23860.2,4786.03,3683848.025
Campos do Jordão,CAMPOS DO JORDAO,2460,2026,Fevereiro,2,1876022.27,2417857.85,22736.11,390.68,2345027.8375
Campos do Jordão,CAMPOS DO JORDAO,2460,2026,Março,3,4407091.62,2046351.33,20360.95,12887.4,5508864.524999999
Campos do Jordão,CAMPOS DO JORDAO,2460,2026,Abril,4,2821240.8,1635149.0,21905.76,0.0,3526550.9999999995
Campos do Jordão,CAMPOS DO JORDAO,2460,2026,Maio,5,2987752.81,1452261.35,20394.68,6503.77,3734691.0124999997
Campos do Jordão,CAMPOS DO JORDAO,2460,2026,Junho,6,3714758.65,536368.3,32063.21,11502.81,4643448.3125
Campos do Jordão,CAMPOS DO JORDAO,2460,2026,Julho,7,3018983.31,778804.58,30028.88,25049.0,3773729.1374999997
Campos do Jordão,CAMPOS DO JORDAO,2460,2026,Agosto,8,3238476.76,867469.68,27963.6,0.0,4048095.9499999997
Campos do Jordão,CAMPOS DO JORDAO,2460,2026,Setembro,9,3666659.11,0.0,22097.83,11193.12,4583323.887499999
Cananéia,CANANEIA,2483,2026,Janeiro,1,3371970.85,664682.65,25127.42,5868.89,4214963.5625
Cananéia,CANANEIA,2483,2026,Fevereiro,2,2300479.8,337629.67,27880.25,479.07,2875599.7499999995
Cananéia,CANANEIA,2483,2026,Março,3,5404213.72,235411.83,24967.69,15803.23,6755267.149999999
Cananéia,CANANEIA,2483,2026,Abril,4,3459557.81,198190.01,26862.02,0.0,4324447.2625
Cananéia,CANANEIA,2483,2026,Maio,5,3663743.83,186567.11,25009.05,7975.28,4579679.7875
Cananéia,CANANEIA,2483,2026,Junho,6,4555237.65,46301.35,39317.64,14105.36,5694047.0625
Cananéia,CANANEIA,2483,2026,Julho,7,3702040.36,61797.04,36823.03,30716.44,4627550.449999999
Cananéia,CANANEIA,2483,2026,Agosto,8,3971195.07,52675.81,34290.48,0.0,4963993.837499999
Cananéia,CANANEIA,2483,2026,Setembro,9,4496255.4,0.0,27097.55,13725.61,5620319.25
Canas,CANAS,7778,2026,Janeiro,1,332888.99,320633.71,2700.8,539.59,416111.2375
Canas,CANAS,7778,2026,Fevereiro,2,211506.25,125991.81,2563.31,44.05,264382.8125
Canas,CANAS,7778,2026,Março,3,496863.73,111355.87,2295.53,1452.95,621079.6625
Canas,CANAS,7778,2026,Abril,4,318071.95,89169.17,2469.7,0.0,397589.9375
Canas,CANAS,7778,2026,Maio,5,336844.83,89470.87,2299.33,733.25,421056.0375
Canas,CANAS,7778,2026,Junho,6,418808.82,39188.04,3614.87,1296.85,523511.02499999997
Canas,CANAS,7778,2026,Julho,7,340365.81,53775.11,3385.51,2824.07,425457.26249999995
Canas,CANAS,7778,2026,Agosto,8,365111.91,25835.41,3152.67,0.0,456389.88749999995
Canas,CANAS,7778,2026,Setembro,9,413385.99,0.0,2491.35,1261.93,516732.4875
Canitar,CANITAR,7420,2026,Janeiro,1,559851.16,253558.04,4398.96,933.37,699813.95
Canitar,CANITAR,7420,2026,Fevereiro,2,365861.34,110779.98,4433.99,76.19,457326.675
Canitar,CANITAR,7420,2026,Março,3,859469.77,109737.05,3970.79,2513.3,1074337.2125
Canitar,CANITAR,7420,2026,Abril,4,550197.59,80990.3,4272.05,0.0,687746.9874999999
Canitar,CANITAR,7420,2026,Maio,5,582670.72,104512.03,3977.36,1268.36,728338.3999999999
Canitar,CANITAR,7420,2026,Junho,6,724451.19,40983.45,6252.96,2243.27,905563.9874999999
Canitar,CANITAR,7420,2026,Julho,7,588761.28,68891.71,5856.22,4885.05,735951.6
Canitar,CANITAR,7420,2026,Agosto,8,631566.83,50192.13,5453.45,0.0,789458.5374999999
Canitar,CANITAR,7420,2026,Setembro,9,715070.83,0.0,4309.51,2182.88,893838.5374999999
Capela do Alto,CAPELA DO ALTO,2525,2026,Janeiro,1,1115890.86,1440045.89,8980.95,1821.88,1394863.575
Capela do Alto,CAPELA DO ALTO,2525,2026,Fevereiro,2,714137.7,661216.07,8654.86,148.72,892672.1249999999
Capela do Alto,CAPELA DO ALTO,2525,2026,Março,3,1677629.49,615009.85,7750.72,4905.79,2097036.8624999998
Capela do Alto,CAPELA DO ALTO,2525,2026,Abril,4,1073950.16,436095.0,8338.77,0.0,1342437.6999999997
Capela do Alto,CAPELA DO ALTO,2525,2026,Maio,5,1137335.6,446835.87,7763.56,2475.77,1421669.5
Capela do Alto,CAPELA DO ALTO,2525,2026,Junho,6,1414081.93,180883.95,12205.37,4378.73,1767602.4124999999
Capela do Alto,CAPELA DO ALTO,2525,2026,Julho,7,1149223.99,273346.21,11430.97,9535.3,1436529.9874999998
Capela do Alto,CAPELA DO ALTO,2525,2026,Agosto,8,1232777.66,248292.9,10644.79,0.0,1540972.0749999997
Capela do Alto,CAPELA DO ALTO,2525,2026,Setembro,9,1395772.08,0.0,8411.89,4260.84,1744715.1
Capivari,CAPIVARI,2537,2026,Janeiro,1,4686079.5,6390535.21,38267.59,7550.84,5857599.375
Capivari,CAPIVARI,2537,2026,Fevereiro,2,2959769.6,2160872.36,35870.39,616.36,3699712.0
Capivari,CAPIVARI,2537,2026,Março,3,6952996.27,1870798.73,32123.13,20332.24,8691245.337499999
Capivari,CAPIVARI,2537,2026,Abril,4,4451025.39,1621555.32,34560.35,0.0,5563781.737499999
Capivari,CAPIVARI,2537,2026,Maio,5,4713728.67,1453372.79,32176.35,10260.9,5892160.837499999
Capivari,CAPIVARI,2537,2026,Junho,6,5860713.87,384491.11,50585.6,18147.79,7325892.337499999
Capivari,CAPIVARI,2537,2026,Julho,7,4763000.52,546972.32,47376.07,39519.4,5953750.649999999
Capivari,CAPIVARI,2537,2026,Agosto,8,5109291.73,552173.61,44117.72,0.0,6386614.662500001
Capivari,CAPIVARI,2537,2026,Setembro,9,5784828.02,0.0,34863.38,17659.21,7231035.024999999
Capão Bonito,CAPAO BONITO,2513,2026,Janeiro,1,5104827.34,3897768.68,41167.57,8319.53,6381034.175
Capão Bonito,CAPAO BONITO,2513,2026,Fevereiro,2,3261078.53,1347040.05,39522.05,679.11,4076348.1624999996
Capão Bonito,CAPAO BONITO,2513,2026,Março,3,7660821.59,1240239.91,35393.32,22402.1,9576026.987499999
Capão Bonito,CAPAO BONITO,2513,2026,Abril,4,4904146.38,970801.74,38078.65,0.0,6130182.975
Capão Bonito,CAPAO BONITO,2513,2026,Maio,5,5193593.24,814555.4,35451.95,11305.47,6491991.55
Capão Bonito,CAPAO BONITO,2513,2026,Junho,6,6457343.23,263284.45,55735.29,19995.26,8071679.037500001
Capão Bonito,CAPAO BONITO,2513,2026,Julho,7,5247881.04,370204.6,52199.02,43542.53,6559851.3
Capão Bonito,CAPAO BONITO,2513,2026,Agosto,8,5629425.21,387601.49,48608.97,0.0,7036781.512499999
Capão Bonito,CAPAO BONITO,2513,2026,Setembro,9,6373732.09,0.0,38412.52,19456.94,7967165.1125
Caraguatatuba,CARAGUATATUBA,2549,2026,Janeiro,1,17445414.36,12848223.43,145652.87,27533.72,21806767.95
Caraguatatuba,CARAGUATATUBA,2549,2026,Fevereiro,2,10792633.11,6222626.78,130799.35,2247.53,13490791.3875
Caraguatatuba,CARAGUATATUBA,2549,2026,Março,3,25353709.21,4874780.68,117135.2,74140.38,31692136.5125
Caraguatatuba,CARAGUATATUBA,2549,2026,Abril,4,16230413.36,3924846.7,126022.39,0.0,20288016.7
Caraguatatuba,CARAGUATATUBA,2549,2026,Maio,5,17188346.08,3515940.05,117329.24,37415.79,21485432.599999998
Caraguatatuba,CARAGUATATUBA,2549,2026,Junho,6,21370763.0,1479443.05,184457.53,66174.9,26713453.75
Caraguatatuba,CARAGUATATUBA,2549,2026,Julho,7,17368013.1,1504759.58,172754.15,144105.27,21710016.375
Caraguatatuba,CARAGUATATUBA,2549,2026,Agosto,8,18630744.49,1612696.83,160872.78,0.0,23288430.612499997
Caraguatatuba,CARAGUATATUBA,2549,2026,Setembro,9,21094049.52,0.0,127127.35,64393.3,26367561.9
Carapicuíba,CARAPICUIBA,2550,2026,Janeiro,1,10306998.94,24867676.82,83023.39,16815.2,12883748.674999999
Carapicuíba,CARAPICUIBA,2550,2026,Fevereiro,2,6591201.07,12696820.03,79880.86,1372.6,8239001.3375
Carapicuíba,CARAPICUIBA,2550,2026,Março,3,15483839.16,10607583.19,71535.99,45278.49,19354798.95
Carapicuíba,CARAPICUIBA,2550,2026,Abril,4,9912124.01,8600527.43,76963.51,0.0,12390155.0125
Carapicuíba,CARAPICUIBA,2550,2026,Maio,5,10497145.96,7586839.92,71654.49,22850.31,13121432.450000001
Carapicuíba,CARAPICUIBA,2550,2026,Junho,6,13051402.23,2973887.7,112650.61,40413.87,16314252.7875
Carapicuíba,CARAPICUIBA,2550,2026,Julho,7,10606870.93,3358883.36,105503.2,88006.96,13258588.6625
Carapicuíba,CARAPICUIBA,2550,2026,Agosto,8,11378037.38,3499261.0,98247.1,0.0,14222546.725
Carapicuíba,CARAPICUIBA,2550,2026,Setembro,9,12882409.72,0.0,77638.32,39325.82,16103012.15
Cardoso,CARDOSO,2562,2026,Janeiro,1,1669304.92,996477.76,13536.74,2707.02,2086631.15
Cardoso,CARDOSO,2562,2026,Fevereiro,2,1061093.72,444295.09,12859.73,220.97,1326367.15
Cardoso,CARDOSO,2562,2026,Março,3,2492687.5,405800.01,11516.32,7289.22,3115859.375
Cardoso,CARDOSO,2562,2026,Abril,4,1595717.15,328439.19,12390.08,0.0,1994646.4374999998
Cardoso,CARDOSO,2562,2026,Maio,5,1689897.72,254420.56,11535.4,3678.59,2112372.15
Cardoso,CARDOSO,2562,2026,Junho,6,2101098.24,111708.42,18135.22,6506.08,2626372.8000000003
Cardoso,CARDOSO,2562,2026,Julho,7,1707561.95,82460.43,16984.58,14167.92,2134452.4375
Cardoso,CARDOSO,2562,2026,Agosto,8,1831709.26,94159.34,15816.45,0.0,2289636.5749999997
Cardoso,CARDOSO,2562,2026,Setembro,9,2073892.74,0.0,12498.71,6330.92,2592365.925
Casa Branca,CASA BRANCA,2574,2026,Janeiro,1,3666824.83,3347556.27,29805.64,5933.52,4583531.0375
Casa Branca,CASA BRANCA,2574,2026,Fevereiro,2,2325813.22,1063193.65,28187.27,484.34,2907266.525
Casa Branca,CASA BRANCA,2574,2026,Março,3,5463726.17,844907.35,25242.64,15977.26,6829657.712499999
Casa Branca,CASA BRANCA,2574,2026,Abril,4,3497655.25,754143.59,27157.83,0.0,4372069.0625
Casa Branca,CASA BRANCA,2574,2026,Maio,5,3704089.82,611729.96,25284.46,8063.11,4630112.274999999
Casa Branca,CASA BRANCA,2574,2026,Junho,6,4605400.97,178437.1,39750.61,14260.7,5756751.212499999
Casa Branca,CASA BRANCA,2574,2026,Julho,7,3742808.08,227845.67,37228.53,31054.7,4678510.1
Casa Branca,CASA BRANCA,2574,2026,Agosto,8,4014926.79,248423.76,34668.1,0.0,5018658.4875
Casa Branca,CASA BRANCA,2574,2026,Setembro,9,4545769.2,0.0,27395.95,13876.76,5682211.5
Castilho,CASTILHO,2598,2026,Janeiro,1,4871804.36,1457167.45,39251.53,7946.42,6089755.45
Castilho,CASTILHO,2598,2026,Fevereiro,2,3114828.87,488236.5,37749.6,648.65,3893536.0875
Castilho,CASTILHO,2598,2026,Março,3,7317256.55,415873.59,33806.03,21397.43,9146570.6875
Castilho,CASTILHO,2598,2026,Abril,4,4684210.01,338037.44,36370.94,0.0,5855262.512499999
Castilho,CASTILHO,2598,2026,Maio,5,4960676.04,312628.8,33862.03,10798.46,6200845.05
Castilho,CASTILHO,2598,2026,Junho,6,6167750.61,112316.2,53235.72,19098.54,7709688.2625
Castilho,CASTILHO,2598,2026,Julho,7,5012529.19,131809.81,49858.05,41589.78,6265661.4875
Castilho,CASTILHO,2598,2026,Agosto,8,5376962.24,150966.94,46429.0,0.0,6721202.8
Castilho,CASTILHO,2598,2026,Setembro,9,6087889.18,0.0,36689.84,18584.35,7609861.475
Catandúva,CATANDUVA,2604,2026,Janeiro,1,7648355.96,19648227.36,61678.0,12465.12,9560444.95
Catandúva,CATANDUVA,2604,2026,Fevereiro,2,4886062.59,7293500.26,59215.75,1017.51,6107578.2375
Catandúva,CATANDUVA,2604,2026,Março,3,11478182.27,6318235.28,53029.68,33564.98,14347727.837499999
Catandúva,CATANDUVA,2604,2026,Abril,4,7347865.41,4799169.85,57053.11,0.0,9184831.7625
Catandúva,CATANDUVA,2604,2026,Maio,5,7781542.64,4941653.52,53117.53,16938.95,9726928.299999999
Catandúva,CATANDUVA,2604,2026,Junho,6,9675014.84,1429542.91,83507.98,29958.83,12093768.549999999
Catandúva,CATANDUVA,2604,2026,Julho,7,7862881.85,1985915.68,78209.61,65239.63,9828602.312499998
Catandúva,CATANDUVA,2604,2026,Agosto,8,8434548.15,1934176.35,72830.65,0.0,10543185.1875
Catandúva,CATANDUVA,2604,2026,Setembro,9,9549740.56,0.0,57553.35,29152.26,11937175.7
Catiguá,CATIGUA,2616,2026,Janeiro,1,556683.35,651261.17,4488.59,907.38,695854.1874999999
Catiguá,CATIGUA,2616,2026,Fevereiro,2,355675.16,220512.84,4310.54,74.07,444593.94999999995
Catiguá,CATIGUA,2616,2026,Março,3,835540.73,202401.82,3860.23,2443.32,1044425.9125
Catiguá,CATIGUA,2616,2026,Abril,4,534879.19,189635.94,4153.11,0.0,668598.9874999999
Catiguá,CATIGUA,2616,2026,Maio,5,566448.21,159494.84,3866.63,1233.05,708060.2625
Catiguá,CATIGUA,2616,2026,Junho,6,704281.28,42683.04,6078.87,2180.82,880351.6
Catiguá,CATIGUA,2616,2026,Julho,7,572369.2,51307.13,5693.18,4749.04,715461.4999999999
Catiguá,CATIGUA,2616,2026,Agosto,8,613982.97,53007.78,5301.62,0.0,767478.7124999999
Catiguá,CATIGUA,2616,2026,Setembro,9,695162.09,0.0,4189.53,2122.1,868952.6124999999
Caçapava,CACAPAVA,2343,2026,Janeiro,1,7723123.33,9001232.57,63152.93,12429.32,9653904.1625
Caçapava,CACAPAVA,2343,2026,Fevereiro,2,4872030.31,3980518.17,59045.68,1014.58,6090037.887499999
Caçapava,CACAPAVA,2343,2026,Março,3,11445218.09,3209698.22,52877.39,33468.59,14306522.612499999
Caçapava,CACAPAVA,2343,2026,Abril,4,7326763.08,2513474.02,56889.26,0.0,9158453.85
Caçapava,CACAPAVA,2343,2026,Maio,5,7759194.83,2442991.55,52964.98,16890.3,9698993.5375
Caçapava,CACAPAVA,2343,2026,Junho,6,9647229.17,793587.62,83268.16,29872.79,12059036.462499999
Caçapava,CACAPAVA,2343,2026,Julho,7,7840300.45,969846.25,77985.0,65052.27,9800375.5625
Caçapava,CACAPAVA,2343,2026,Agosto,8,8410324.98,978764.67,72621.49,0.0,10512906.225
Caçapava,CACAPAVA,2343,2026,Setembro,9,9522314.67,0.0,57388.06,29068.54,11902893.337499999
Cedral,CEDRAL,2628,2026,Janeiro,1,1069497.78,1606621.94,8692.86,1730.71,1336872.2249999999
Cedral,CEDRAL,2628,2026,Fevereiro,2,678402.94,611662.88,8221.78,141.28,848003.6749999999
Cedral,CEDRAL,2628,2026,Março,3,1593682.53,562507.22,7362.88,4660.31,1992103.1624999999
Cedral,CEDRAL,2628,2026,Abril,4,1020210.73,434072.74,7921.51,0.0,1275263.4124999999
Cedral,CEDRAL,2628,2026,Maio,5,1080424.43,393073.61,7375.08,2351.88,1350530.5374999999
Cedral,CEDRAL,2628,2026,Junho,6,1343322.64,126284.58,11594.62,4159.62,1679153.2999999998
Cedral,CEDRAL,2628,2026,Julho,7,1091717.94,137434.44,10858.97,9058.16,1364647.4249999998
Cedral,CEDRAL,2628,2026,Agosto,8,1171090.66,173884.6,10112.14,0.0,1463863.3249999997
Cedral,CEDRAL,2628,2026,Setembro,9,1325929.0,0.0,7990.97,4047.63,1657411.25
Cerqueira César,CERQUEIRA CESAR,2630,2026,Janeiro,1,2185879.22,1785843.47,17667.42,3555.26,2732349.025
Cerqueira César,CERQUEIRA CESAR,2630,2026,Fevereiro,2,1393587.13,753514.49,16889.33,290.21,1741983.9124999999
Cerqueira César,CERQUEIRA CESAR,2630,2026,Março,3,3273770.4,607510.89,15124.96,9573.3,4092212.9999999995
Cerqueira César,CERQUEIRA CESAR,2630,2026,Abril,4,2095734.65,477630.68,16272.5,0.0,2619668.3124999995
Cerqueira César,CERQUEIRA CESAR,2630,2026,Maio,5,2219426.68,480434.49,15150.01,4831.27,2774283.35
Cerqueira César,CERQUEIRA CESAR,2630,2026,Junho,6,2759476.76,168386.87,23817.88,8544.76,3449345.9499999997
Cerqueira César,CERQUEIRA CESAR,2630,2026,Julho,7,2242625.99,214101.51,22306.69,18607.44,2803282.4875000003
Cerqueira César,CERQUEIRA CESAR,2630,2026,Agosto,8,2405674.82,217456.76,20772.53,0.0,3007093.5249999994
Cerqueira César,CERQUEIRA CESAR,2630,2026,Setembro,9,2723746.43,0.0,16415.18,8314.72,3404683.0375
Cerquilho,CERQUILHO,2653,2026,Janeiro,1,3640306.18,6680185.66,29522.39,5902.85,4550382.725
Cerquilho,CERQUILHO,2653,2026,Fevereiro,2,2313790.79,2178905.8,28041.57,481.84,2892238.4875
Cerquilho,CERQUILHO,2653,2026,Março,3,5435483.46,1789212.32,25112.16,15894.67,6794354.324999999
Cerquilho,CERQUILHO,2653,2026,Abril,4,3479575.42,1558954.35,27017.45,0.0,4349469.274999999
Cerquilho,CERQUILHO,2653,2026,Maio,5,3684942.91,1397479.28,25153.76,8021.43,4606178.6375
Cerquilho,CERQUILHO,2653,2026,Junho,6,4581595.06,429946.96,39545.14,14186.98,5726993.824999999
Cerquilho,CERQUILHO,2653,2026,Julho,7,3723461.02,548872.43,37036.09,30894.17,4654326.274999999
Cerquilho,CERQUILHO,2653,2026,Agosto,8,3994173.11,604788.29,34488.89,0.0,4992716.387499999
Cerquilho,CERQUILHO,2653,2026,Setembro,9,4522271.53,0.0,27254.34,13805.03,5652839.4125
Cesário Lange,CESARIO LANGE,2641,2026,Janeiro,1,1129272.75,1799594.1,9194.14,1824.65,1411590.9375
Cesário Lange,CESARIO LANGE,2641,2026,Fevereiro,2,715225.76,777906.12,8668.05,148.94,894032.2
Cesário Lange,CESARIO LANGE,2641,2026,Março,3,1680185.52,627900.2,7762.53,4913.27,2100231.9
Cesário Lange,CESARIO LANGE,2641,2026,Abril,4,1075586.43,502767.92,8351.48,0.0,1344483.0374999999
Cesário Lange,CESARIO LANGE,2641,2026,Maio,5,1139068.45,498792.61,7775.39,2479.54,1423835.5624999998
Cesário Lange,CESARIO LANGE,2641,2026,Junho,6,1416236.42,156465.87,12223.97,4385.4,1770295.525
Cesário Lange,CESARIO LANGE,2641,2026,Julho,7,1150974.94,200357.84,11448.39,9549.83,1438718.6749999998
Cesário Lange,CESARIO LANGE,2641,2026,Agosto,8,1234655.92,186813.84,10661.01,0.0,1543319.9
Cesário Lange,CESARIO LANGE,2641,2026,Setembro,9,1397898.67,0.0,8424.71,4267.33,1747373.3375
Charqueada,CHARQUEADA,2665,2026,Janeiro,1,1257964.3,1541234.7,9902.86,2093.89,1572455.375
Charqueada,CHARQUEADA,2665,2026,Fevereiro,2,820760.05,572750.26,9947.05,170.92,1025950.0625
Charqueada,CHARQUEADA,2665,2026,Março,3,1928103.3,475077.89,8907.92,5638.24,2410129.125
Charqueada,CHARQUEADA,2665,2026,Abril,4,1234293.31,447881.05,9583.77,0.0,1542866.6375
Charqueada,CHARQUEADA,2665,2026,Maio,5,1307142.34,372838.11,8922.67,2845.4,1633927.925
Charqueada,CHARQUEADA,2665,2026,Junho,6,1625207.51,90889.37,14027.66,5032.48,2031509.3875
Charqueada,CHARQUEADA,2665,2026,Julho,7,1320805.69,124752.09,13137.64,10958.94,1651007.1124999998
Charqueada,CHARQUEADA,2665,2026,Agosto,8,1416834.11,173891.42,12234.08,0.0,1771042.6375
Charqueada,CHARQUEADA,2665,2026,Setembro,9,1604163.96,0.0,9667.8,4896.99,2005204.95
Chavantes,CHAVANTES,7195,2026,Janeiro,1,1366468.64,926898.47,10850.06,2257.67,1708085.7999999998
Chavantes,CHAVANTES,7195,2026,Fevereiro,2,884960.36,283835.74,10725.12,184.29,1106200.45
Chavantes,CHAVANTES,7195,2026,Março,3,2078920.63,248443.78,9604.7,6079.27,2598650.7874999996
Chavantes,CHAVANTES,7195,2026,Abril,4,1330840.42,212662.96,10333.42,0.0,1663550.525
Chavantes,CHAVANTES,7195,2026,Maio,5,1409387.75,194152.25,9620.61,3067.97,1761734.6875
Chavantes,CHAVANTES,7195,2026,Junho,6,1752332.16,73556.95,15124.91,5426.12,2190415.1999999997
Chavantes,CHAVANTES,7195,2026,Julho,7,1424119.86,69100.24,14165.27,11816.16,1780149.825
Chavantes,CHAVANTES,7195,2026,Agosto,8,1527659.67,71959.08,13191.04,0.0,1909574.5875
Chavantes,CHAVANTES,7195,2026,Setembro,9,1729642.57,0.0,10424.02,5280.04,2162053.2125
Clementina,CLEMENTINA,2677,2026,Janeiro,1,872206.48,693634.01,6911.92,1443.51,1090258.0999999999
Clementina,CLEMENTINA,2677,2026,Fevereiro,2,565826.84,235889.83,6857.44,117.83,707283.5499999999
Clementina,CLEMENTINA,2677,2026,Março,3,1329222.34,246627.19,6141.06,3886.97,1661527.925
Clementina,CLEMENTINA,2677,2026,Abril,4,850914.08,213808.25,6606.99,0.0,1063642.5999999999
Clementina,CLEMENTINA,2677,2026,Maio,5,901135.74,242928.73,6151.24,1961.6,1126419.6749999998
Clementina,CLEMENTINA,2677,2026,Junho,6,1120407.88,41854.74,9670.58,3469.36,1400509.8499999999
Clementina,CLEMENTINA,2677,2026,Julho,7,910555.17,119302.89,9057.01,7555.03,1138193.9625
Clementina,CLEMENTINA,2677,2026,Agosto,8,976756.56,59088.49,8434.1,0.0,1220945.7
Clementina,CLEMENTINA,2677,2026,Setembro,9,1105900.59,0.0,6664.92,3375.96,1382375.7375
Colina,COLINA,2689,2026,Janeiro,1,4462751.73,1865396.79,35465.25,7367.91,5578439.662500001
Colina,COLINA,2689,2026,Fevereiro,2,2888065.35,682862.94,35001.38,601.43,3610081.6875
Colina,COLINA,2689,2026,Março,3,6784550.94,549944.99,31344.91,19839.67,8480688.675
Colina,COLINA,2689,2026,Abril,4,4343193.55,480895.92,33723.09,0.0,5428991.937499999
Colina,COLINA,2689,2026,Maio,5,4599532.5,429710.35,31396.83,10012.32,5749415.625
Colina,COLINA,2689,2026,Junho,6,5718730.5,139845.27,49360.1,17708.14,7148413.125
Colina,COLINA,2689,2026,Julho,7,4647610.68,139456.65,46228.32,38561.99,5809513.35
Colina,COLINA,2689,2026,Agosto,8,4985512.54,166946.35,43048.91,0.0,6231890.675
Colina,COLINA,2689,2026,Setembro,9,5644683.09,0.0,34018.77,17231.39,7055853.8625
Colômbia,COLOMBIA,2690,2026,Janeiro,1,2440566.71,660910.59,19509.94,4008.56,3050708.3874999997
Colômbia,COLOMBIA,2690,2026,Fevereiro,2,1571268.22,223255.75,19042.7,327.21,1964085.275
Colômbia,COLOMBIA,2690,2026,Março,3,3691173.16,204437.89,17053.37,10793.88,4613966.45
Colômbia,COLOMBIA,2690,2026,Abril,4,2362938.91,182847.22,18347.23,0.0,2953673.6375
Colômbia,COLOMBIA,2690,2026,Maio,5,2502401.57,153756.09,17081.62,5447.26,3128001.9624999994
Colômbia,COLOMBIA,2690,2026,Junho,6,3111307.54,54368.81,26854.64,9634.21,3889134.425
Colômbia,COLOMBIA,2690,2026,Julho,7,2528558.77,58623.25,25150.78,20979.87,3160698.4625
Colômbia,COLOMBIA,2690,2026,Agosto,8,2712396.18,70169.25,23421.0,0.0,3390495.225
Colômbia,COLOMBIA,2690,2026,Setembro,9,3071021.63,0.0,18508.1,9374.83,3838777.0374999996
Conchal,CONCHAL,2707,2026,Janeiro,1,2192282.36,3131217.67,17475.82,3609.67,2740352.9499999997
Conchal,CONCHAL,2707,2026,Fevereiro,2,1414915.51,1062301.67,17147.81,294.65,1768644.3875
Conchal,CONCHAL,2707,2026,Março,3,3323874.36,858703.33,15356.44,9719.81,4154842.9499999997
Conchal,CONCHAL,2707,2026,Abril,4,2127809.16,768036.67,16521.55,0.0,2659761.45
Conchal,CONCHAL,2707,2026,Maio,5,2253394.26,658858.08,15381.88,4905.21,2816742.8249999997
Conchal,CONCHAL,2707,2026,Junho,6,2801709.62,190281.72,24182.4,8675.54,3502137.025
Conchal,CONCHAL,2707,2026,Julho,7,2276948.63,302459.98,22648.09,18892.22,2846185.7874999996
Conchal,CONCHAL,2707,2026,Agosto,8,2442492.87,356169.2,21090.44,0.0,3053116.0875
Conchal,CONCHAL,2707,2026,Setembro,9,2765432.45,0.0,16666.41,8441.97,3456790.5625
Conchas,CONCHAS,2719,2026,Janeiro,1,1150141.4,1585589.14,9272.95,1874.84,1437676.7499999998
Conchas,CONCHAS,2719,2026,Fevereiro,2,734898.82,659518.82,8906.47,153.04,918623.5249999999
Conchas,CONCHAS,2719,2026,Março,3,1726400.86,598073.23,7976.04,5048.41,2158001.075
Conchas,CONCHAS,2719,2026,Abril,4,1105171.61,439496.62,8581.2,0.0,1381464.5125
Conchas,CONCHAS,2719,2026,Maio,5,1170399.77,401830.93,7989.26,2547.74,1462999.7125
Conchas,CONCHAS,2719,2026,Junho,6,1455191.56,98775.46,12560.2,4506.02,1818989.45
Conchas,CONCHAS,2719,2026,Julho,7,1182633.77,127583.3,11763.29,9812.51,1478292.2125
Conchas,CONCHAS,2719,2026,Agosto,8,1268616.48,148858.35,10954.25,0.0,1585770.5999999999
Conchas,CONCHAS,2719,2026,Setembro,9,1436349.41,0.0,8656.44,4384.71,1795436.7624999997
Cordeirópolis,CORDEIROPOLIS,2720,2026,Janeiro,1,7721678.25,4110631.09,62010.54,12631.4,9652097.8125
Cordeirópolis,CORDEIROPOLIS,2720,2026,Fevereiro,2,4951240.93,1811110.18,60005.66,1031.08,6189051.1625
Cordeirópolis,CORDEIROPOLIS,2720,2026,Março,3,11631297.15,1862687.83,53737.08,34012.73,14539121.4375
Cordeirópolis,CORDEIROPOLIS,2720,2026,Abril,4,7445883.33,963351.72,57814.18,0.0,9307354.1625
Cordeirópolis,CORDEIROPOLIS,2720,2026,Maio,5,7885345.66,965367.44,53826.1,17164.91,9856682.075
Cordeirópolis,CORDEIROPOLIS,2720,2026,Junho,6,9804076.11,418962.96,84621.95,30358.47,12255095.1375
Cordeirópolis,CORDEIROPOLIS,2720,2026,Julho,7,7967769.91,491703.66,79252.9,66109.9,9959712.3875
Cordeirópolis,CORDEIROPOLIS,2720,2026,Agosto,8,8547062.03,518452.83,73802.19,0.0,10683827.537499998
Cordeirópolis,CORDEIROPOLIS,2720,2026,Setembro,9,9677130.71,0.0,58321.09,29541.15,12096413.387500001
Coroados,COROADOS,2732,2026,Janeiro,1,1108014.48,471686.64,8802.75,1829.78,1385018.0999999999
Coroados,COROADOS,2732,2026,Fevereiro,2,717233.16,188716.65,8692.38,149.36,896541.45
Coroados,COROADOS,2732,2026,Março,3,1684901.25,159799.31,7784.31,4927.06,2106126.5625
Coroados,COROADOS,2732,2026,Abril,4,1078605.25,132431.1,8374.92,0.0,1348256.5625
Coroados,COROADOS,2732,2026,Maio,5,1142265.44,117979.61,7797.21,2486.5,1427831.7999999998
Coroados,COROADOS,2732,2026,Junho,6,1420211.34,44075.1,12258.27,4397.71,1775264.175
Coroados,COROADOS,2732,2026,Julho,7,1154205.36,56285.88,11480.52,9576.63,1442756.7
Coroados,COROADOS,2732,2026,Agosto,8,1238121.19,54764.76,10690.93,0.0,1547651.4874999998
Coroados,COROADOS,2732,2026,Setembro,9,1401822.12,0.0,8448.35,4279.31,1752277.6500000001
Coronel Macedo,CORONEL MACEDO,2744,2026,Janeiro,1,950278.96,335363.06,7778.9,1527.84,1187848.7
Coronel Macedo,CORONEL MACEDO,2744,2026,Fevereiro,2,598879.35,112621.3,7258.01,124.71,748599.1874999999
Coronel Macedo,CORONEL MACEDO,2744,2026,Março,3,1406868.25,112198.57,6499.79,4114.02,1758585.3125
Coronel Macedo,CORONEL MACEDO,2744,2026,Abril,4,900619.83,88614.92,6992.94,0.0,1125774.7874999999
Coronel Macedo,CORONEL MACEDO,2744,2026,Maio,5,953775.17,79276.65,6510.56,2076.19,1192218.9625
Coronel Macedo,CORONEL MACEDO,2744,2026,Junho,6,1185855.99,29254.46,10235.48,3672.02,1482319.9874999998
Coronel Macedo,CORONEL MACEDO,2744,2026,Julho,7,963744.83,34168.02,9586.07,7996.35,1204681.0374999999
Coronel Macedo,CORONEL MACEDO,2744,2026,Agosto,8,1033813.34,38407.95,8926.77,0.0,1292266.6749999998
Coronel Macedo,CORONEL MACEDO,2744,2026,Setembro,9,1170501.26,0.0,7054.25,3573.16,1463126.575
Corumbataí,CORUMBATAI,2756,2026,Janeiro,1,984894.86,477608.26,7931.85,1607.07,1231118.575
Corumbataí,CORUMBATAI,2756,2026,Fevereiro,2,629936.68,178262.46,7634.4,131.18,787420.85
Corumbataí,CORUMBATAI,2756,2026,Março,3,1479827.14,231226.79,6836.86,4327.37,1849783.9249999998
Corumbataí,CORUMBATAI,2756,2026,Abril,4,947325.14,101273.51,7355.58,0.0,1184156.425
Corumbataí,CORUMBATAI,2756,2026,Maio,5,1003237.07,204790.43,6848.19,2183.86,1254046.3375
Corumbataí,CORUMBATAI,2756,2026,Junho,6,1247353.39,27738.43,10766.28,3862.45,1559191.7374999998
Corumbataí,CORUMBATAI,2756,2026,Julho,7,1013723.75,145773.34,10083.19,8411.03,1267154.6875
Corumbataí,CORUMBATAI,2756,2026,Agosto,8,1087425.95,146361.77,9389.71,0.0,1359282.4374999998
Corumbataí,CORUMBATAI,2756,2026,Setembro,9,1231202.37,0.0,7420.08,3758.46,1539002.9625000001
Cosmorama,COSMORAMA,2770,2026,Janeiro,1,1103265.46,1052546.29,8902.09,1797.15,1379081.825
Cosmorama,COSMORAMA,2770,2026,Fevereiro,2,704445.42,359783.05,8537.4,146.7,880556.775
Cosmorama,COSMORAMA,2770,2026,Março,3,1654860.71,323132.64,7645.53,4839.21,2068575.8875
Cosmorama,COSMORAMA,2770,2026,Abril,4,1059374.51,282391.92,8225.6,0.0,1324218.1375
Cosmorama,COSMORAMA,2770,2026,Maio,5,1121899.69,246455.89,7658.19,2442.16,1402374.6124999998
Cosmorama,COSMORAMA,2770,2026,Junho,6,1394890.02,73910.92,12039.72,4319.3,1743612.525
Cosmorama,COSMORAMA,2770,2026,Julho,7,1133626.73,88698.79,11275.83,9405.89,1417033.4124999999
Cosmorama,COSMORAMA,2770,2026,Agosto,8,1216046.41,86380.02,10500.32,0.0,1520058.0124999997
Cosmorama,COSMORAMA,2770,2026,Setembro,9,1376828.67,0.0,8297.72,4203.01,1721035.8375
Cosmópolis,COSMOPOLIS,2768,2026,Janeiro,1,4872108.98,5877633.37,38755.33,8037.08,6090136.225000001
Cosmópolis,COSMOPOLIS,2768,2026,Fevereiro,2,3150363.13,2477747.09,38180.25,656.05,3937953.9124999996
Cosmópolis,COSMOPOLIS,2768,2026,Março,3,7400732.5,2269080.31,34191.69,21641.53,9250915.625
Cosmópolis,COSMOPOLIS,2768,2026,Abril,4,4737647.92,1716043.03,36785.86,0.0,5922059.899999999
Cosmópolis,COSMOPOLIS,2768,2026,Maio,5,5017267.91,1633773.21,34248.33,10921.65,6271584.8875
Cosmópolis,COSMOPOLIS,2768,2026,Junho,6,6238112.89,519955.88,53843.04,19316.41,7797641.112499999
Cosmópolis,COSMOPOLIS,2768,2026,Julho,7,5069712.6,718135.95,50426.83,42064.24,6337140.749999999
Cosmópolis,COSMOPOLIS,2768,2026,Agosto,8,5438303.14,791073.22,46958.67,0.0,6797878.924999999
Cosmópolis,COSMOPOLIS,2768,2026,Setembro,9,6157340.4,0.0,37108.4,18796.37,7696675.5
Cotia,COTIA,2781,2026,Janeiro,1,27619471.87,34226911.51,223246.02,44920.21,34524339.8375
Cotia,COTIA,2781,2026,Fevereiro,2,17607763.85,15578634.44,213394.09,3666.76,22009704.8125
Cotia,COTIA,2781,2026,Março,3,41363596.8,12431405.34,191101.55,120957.16,51704495.99999999
Cotia,COTIA,2781,2026,Abril,4,26479292.18,10206876.26,205600.65,0.0,33099115.224999998
Cotia,COTIA,2781,2026,Maio,5,28042122.4,8860718.16,191418.12,61042.41,35052652.99999999
Cotia,COTIA,2781,2026,Junho,6,34865573.97,3239511.08,300935.33,107961.79,43581967.4625
Cotia,COTIA,2781,2026,Julho,7,28335242.19,3693711.04,281841.73,235102.18,35419052.7375
Cotia,COTIA,2781,2026,Agosto,8,30395339.67,3536569.56,262457.73,0.0,37994174.5875
Cotia,COTIA,2781,2026,Setembro,9,34414126.63,0.0,207403.36,105055.18,43017658.2875
Cravinhos,CRAVINHOS,2793,2026,Janeiro,1,4513061.8,4365882.86,36293.6,7373.5,5641327.249999999
Cravinhos,CRAVINHOS,2793,2026,Fevereiro,2,2890253.69,1800271.11,35027.9,601.89,3612817.1125
Cravinhos,CRAVINHOS,2793,2026,Março,3,6789691.72,1686321.03,31368.66,19854.7,8487114.649999999
Cravinhos,CRAVINHOS,2793,2026,Abril,4,4346484.47,1267863.99,33748.64,0.0,5433105.587499999
Cravinhos,CRAVINHOS,2793,2026,Maio,5,4603017.66,1229772.89,31420.62,10019.9,5753772.075
Cravinhos,CRAVINHOS,2793,2026,Junho,6,5723063.69,433325.51,49397.5,17721.56,7153829.6125
Cravinhos,CRAVINHOS,2793,2026,Julho,7,4651132.26,439392.13,46263.35,38591.21,5813915.324999999
Cravinhos,CRAVINHOS,2793,2026,Agosto,8,4989290.15,515257.52,43081.53,0.0,6236612.6875
Cravinhos,CRAVINHOS,2793,2026,Setembro,9,5648960.17,0.0,34044.55,17244.45,7061200.212499999
Cristais Paulista,CRISTAIS PAULISTA,2800,2026,Janeiro,1,1120283.77,1241848.5,8898.37,1850.37,1400354.7125
Cristais Paulista,CRISTAIS PAULISTA,2800,2026,Fevereiro,2,725306.8,387687.41,8790.22,151.04,906633.5
Cristais Paulista,CRISTAIS PAULISTA,2800,2026,Março,3,1703867.58,276741.39,7871.94,4982.52,2129834.475
Cristais Paulista,CRISTAIS PAULISTA,2800,2026,Abril,4,1090746.72,251045.07,8469.19,0.0,1363433.4
Cristais Paulista,CRISTAIS PAULISTA,2800,2026,Maio,5,1155123.51,233790.13,7884.98,2514.49,1443904.3875
Cristais Paulista,CRISTAIS PAULISTA,2800,2026,Junho,6,1436198.15,116633.03,12396.26,4447.21,1795247.6874999998
Cristais Paulista,CRISTAIS PAULISTA,2800,2026,Julho,7,1167197.83,102170.93,11609.75,9684.43,1458997.2875
Cristais Paulista,CRISTAIS PAULISTA,2800,2026,Agosto,8,1252058.28,109625.28,10811.27,0.0,1565072.8499999999
Cristais Paulista,CRISTAIS PAULISTA,2800,2026,Setembro,9,1417601.93,0.0,8543.45,4327.48,1772002.4124999999
Cruzeiro,CRUZEIRO,2823,2026,Janeiro,1,4774266.37,6812404.48,38846.44,7718.49,5967832.962499999
Cruzeiro,CRUZEIRO,2823,2026,Fevereiro,2,3025483.41,2763189.57,36666.79,630.05,3781854.2625
Cruzeiro,CRUZEIRO,2823,2026,Março,3,7107369.06,2446094.7,32836.34,20783.67,8884211.325
Cruzeiro,CRUZEIRO,2823,2026,Abril,4,4549848.57,1872675.66,35327.68,0.0,5687310.7125
Cruzeiro,CRUZEIRO,2823,2026,Maio,5,4818384.48,1648923.95,32890.74,10488.71,6022980.600000001
Cruzeiro,CRUZEIRO,2823,2026,Junho,6,5990835.44,636257.01,51708.72,18550.71,7488544.3
Cruzeiro,CRUZEIRO,2823,2026,Julho,7,4868750.28,779996.93,48427.93,40396.82,6085937.85
Cruzeiro,CRUZEIRO,2823,2026,Agosto,8,5222729.97,816473.31,45097.24,0.0,6528412.462499999
Cruzeiro,CRUZEIRO,2823,2026,Setembro,9,5913264.75,0.0,35637.43,18051.28,7391580.9375
Cruzália,CRUZALIA,2811,2026,Janeiro,1,638585.28,269844.86,5247.94,1022.99,798231.6
Cruzália,CRUZALIA,2811,2026,Fevereiro,2,400989.72,83257.28,4859.72,83.5,501237.14999999997
Cruzália,CRUZALIA,2811,2026,Março,3,941992.24,78817.64,4352.04,2754.61,1177490.2999999998
Cruzália,CRUZALIA,2811,2026,Abril,4,603025.12,45067.08,4682.24,0.0,753781.3999999999
Cruzália,CRUZALIA,2811,2026,Maio,5,638616.17,50386.28,4359.25,1390.15,798270.2125
Cruzália,CRUZALIA,2811,2026,Junho,6,794009.77,24870.28,6853.34,2458.66,992512.2125
Cruzália,CRUZALIA,2811,2026,Julho,7,645291.52,15525.94,6418.51,5354.09,806614.4
Cruzália,CRUZALIA,2811,2026,Agosto,8,692207.07,20736.5,5977.07,0.0,865258.8374999999
Cruzália,CRUZALIA,2811,2026,Setembro,9,783728.76,0.0,4723.29,2392.47,979660.95
Cubatão,CUBATAO,2835,2026,Janeiro,1,44017687.21,6888654.2,363472.67,70201.47,55022109.012499996
Cubatão,CUBATAO,2835,2026,Fevereiro,2,27517480.68,3196813.41,333493.09,5730.43,34396850.849999994
Cubatão,CUBATAO,2835,2026,Março,3,64643187.27,3106635.13,298654.24,189032.31,80803984.0875
Cubatão,CUBATAO,2835,2026,Abril,4,41381939.09,3061036.41,321313.48,0.0,51727423.862500004
Cubatão,CUBATAO,2835,2026,Maio,5,43824336.14,2367308.48,299148.97,95397.32,54780420.175
Cubatão,CUBATAO,2835,2026,Junho,6,54488052.35,921183.51,470302.89,168723.1,68110065.4375
Cubatão,CUBATAO,2835,2026,Julho,7,44282424.87,1448833.03,440463.33,367418.58,55353031.08749999
Cubatão,CUBATAO,2835,2026,Agosto,8,47501953.08,1323373.47,410169.95,0.0,59377441.349999994
Cubatão,CUBATAO,2835,2026,Setembro,9,53782528.71,0.0,324130.77,164180.64,67228160.8875
Cunha,CUNHA,2847,2026,Janeiro,1,1708385.6,1866281.05,13785.75,2782.67,2135482.0
Cunha,CUNHA,2847,2026,Fevereiro,2,1090747.58,686344.76,13219.12,227.14,1363434.475
Cunha,CUNHA,2847,2026,Março,3,2562349.4,555927.44,11838.16,7492.93,3202936.7499999995
Cunha,CUNHA,2847,2026,Abril,4,1640311.86,426963.97,12736.34,0.0,2050389.825
Cunha,CUNHA,2847,2026,Maio,5,1737124.45,397140.7,11857.77,3781.39,2171405.5625
Cunha,CUNHA,2847,2026,Junho,6,2159816.59,130080.73,18642.03,6687.91,2699770.7375
Cunha,CUNHA,2847,2026,Julho,7,1755282.34,139427.82,17459.24,14563.87,2194102.925
Cunha,CUNHA,2847,2026,Agosto,8,1882899.13,187300.89,16258.46,0.0,2353623.9124999996
Cunha,CUNHA,2847,2026,Setembro,9,2131850.79,0.0,12848.01,6507.85,2664813.4875
Cássia dos Coqueiros,CASSIA DOS COQUEIROS,2586,2026,Janeiro,1,416969.94,259862.3,3348.57,682.09,521212.425
Cássia dos Coqueiros,CASSIA DOS COQUEIROS,2586,2026,Fevereiro,2,267366.41,82239.54,3240.3,55.68,334208.01249999995
Cássia dos Coqueiros,CASSIA DOS COQUEIROS,2586,2026,Março,3,628088.64,65908.75,2901.8,1836.68,785110.7999999999
Cássia dos Coqueiros,CASSIA DOS COQUEIROS,2586,2026,Abril,4,402076.8,61644.98,3121.96,0.0,502595.99999999994
Cássia dos Coqueiros,CASSIA DOS COQUEIROS,2586,2026,Maio,5,425807.72,57727.82,2906.6,926.9,532259.6499999999
Cássia dos Coqueiros,CASSIA DOS COQUEIROS,2586,2026,Junho,6,529418.93,14208.47,4569.58,1639.35,661773.6625
Cássia dos Coqueiros,CASSIA DOS COQUEIROS,2586,2026,Julho,7,430258.61,21806.73,4279.65,3569.93,537823.2625
Cássia dos Coqueiros,CASSIA DOS COQUEIROS,2586,2026,Agosto,8,461540.32,46431.16,3985.31,0.0,576925.4
Cássia dos Coqueiros,CASSIA DOS COQUEIROS,2586,2026,Setembro,9,522563.89,0.0,3149.33,1595.22,653204.8624999999
Cândido Mota,CANDIDO MOTA,2495,2026,Janeiro,1,3908138.09,3881208.25,31864.92,6306.33,4885172.6125
Cândido Mota,CANDIDO MOTA,2495,2026,Fevereiro,2,2471945.52,1443217.99,29958.29,514.77,3089931.9
Cândido Mota,CANDIDO MOTA,2495,2026,Março,3,5807015.51,955621.69,26828.66,16981.12,7258769.387499999
Cândido Mota,CANDIDO MOTA,2495,2026,Abril,4,3717415.12,719469.91,28864.18,0.0,4646768.899999999
Cândido Mota,CANDIDO MOTA,2495,2026,Maio,5,3936820.11,697888.82,26873.1,8569.72,4921025.137499999
Cândido Mota,CANDIDO MOTA,2495,2026,Junho,6,4894761.2,227897.04,42248.17,15156.7,6118451.5
Cândido Mota,CANDIDO MOTA,2495,2026,Julho,7,3977971.06,289787.95,39567.62,33005.88,4972463.825
Cândido Mota,CANDIDO MOTA,2495,2026,Agosto,8,4267187.15,337043.7,36846.32,0.0,5333983.9375
Cândido Mota,CANDIDO MOTA,2495,2026,Setembro,9,4831382.73,0.0,29117.26,14748.65,6039228.412500001
Cândido Rodrigues,CANDIDO RODRIGUES,2501,2026,Janeiro,1,385814.41,409068.65,3104.56,630.01,482268.01249999995
Cândido Rodrigues,CANDIDO RODRIGUES,2501,2026,Fevereiro,2,246950.04,140685.5,2992.87,51.43,308687.55
Cândido Rodrigues,CANDIDO RODRIGUES,2501,2026,Março,3,580127.16,105379.23,2680.21,1696.43,725158.95
Cândido Rodrigues,CANDIDO RODRIGUES,2501,2026,Abril,4,371373.81,103068.07,2883.56,0.0,464217.26249999995
Cândido Rodrigues,CANDIDO RODRIGUES,2501,2026,Maio,5,393292.61,105888.65,2684.65,856.12,491615.76249999995
Cândido Rodrigues,CANDIDO RODRIGUES,2501,2026,Junho,6,488991.96,20004.82,4220.64,1514.17,611239.95
Cândido Rodrigues,CANDIDO RODRIGUES,2501,2026,Julho,7,397403.63,28945.71,3952.85,3297.32,496754.5375
Cândido Rodrigues,CANDIDO RODRIGUES,2501,2026,Agosto,8,426296.64,30324.87,3680.99,0.0,532870.7999999999
Cândido Rodrigues,CANDIDO RODRIGUES,2501,2026,Setembro,9,482660.39,0.0,2908.85,1473.41,603325.4874999999
Descalvado,DESCALVADO,2859,2026,Janeiro,1,4449689.53,4516450.78,35887.24,7251.29,5562111.9125
Descalvado,DESCALVADO,2859,2026,Fevereiro,2,2842349.8,1551247.32,34447.34,591.91,3552937.2499999995
Descalvado,DESCALVADO,2859,2026,Março,3,6677157.43,1429782.38,30848.75,19525.62,8346446.7875
Descalvado,DESCALVADO,2859,2026,Abril,4,4274444.59,1079210.53,33189.28,0.0,5343055.7375
Descalvado,DESCALVADO,2859,2026,Maio,5,4526725.92,1091433.58,30899.85,9853.83,5658407.399999999
Descalvado,DESCALVADO,2859,2026,Junho,6,5628208.0,344375.27,48578.77,17427.83,7035260.0
Descalvado,DESCALVADO,2859,2026,Julho,7,4574043.06,440395.16,45496.57,37951.59,5717553.824999999
Descalvado,DESCALVADO,2859,2026,Agosto,8,4906596.23,438266.81,42367.49,0.0,6133245.287500001
Descalvado,DESCALVADO,2859,2026,Setembro,9,5555332.68,0.0,33480.28,16958.63,6944165.85
Diadema,DIADEMA,2860,2026,Janeiro,1,29644240.2,27808428.83,240869.75,47985.9,37055300.25
Diadema,DIADEMA,2860,2026,Fevereiro,2,18809449.33,12798392.77,227957.69,3917.01,23511811.662499998
Diadema,DIADEMA,2860,2026,Março,3,44186557.98,11405933.4,204143.75,129212.18,55233197.474999994
Diadema,DIADEMA,2860,2026,Abril,4,28286437.11,8756173.37,219632.38,0.0,35358046.387499996
Diadema,DIADEMA,2860,2026,Maio,5,29955926.55,8265025.71,204481.93,65208.41,37444908.1875
Diadema,DIADEMA,2860,2026,Junho,6,37245061.48,2698443.1,321473.41,115329.91,46556326.849999994
Diadema,DIADEMA,2860,2026,Julho,7,30269051.03,3723512.5,301076.71,251147.31,37836313.7875
Diadema,DIADEMA,2860,2026,Agosto,8,32469744.96,4138551.65,280369.81,0.0,40587181.199999996
Diadema,DIADEMA,2860,2026,Setembro,9,36762803.99,0.0,221558.12,112224.93,45953504.9875
Dirce-Reis,DIRCE REIS,7225,2026,Janeiro,1,325235.38,210253.68,2603.17,533.6,406544.225
Dirce-Reis,DIRCE REIS,7225,2026,Fevereiro,2,209161.42,39799.65,2534.89,43.56,261451.775
Dirce-Reis,DIRCE REIS,7225,2026,Março,3,491355.34,35559.35,2270.08,1436.84,614194.175
Dirce-Reis,DIRCE REIS,7225,2026,Abril,4,314545.7,27836.32,2442.32,0.0,393182.125
Dirce-Reis,DIRCE REIS,7225,2026,Maio,5,333110.46,26903.57,2273.84,725.12,416388.075
Dirce-Reis,DIRCE REIS,7225,2026,Junho,6,414165.77,7699.96,3574.79,1282.47,517707.2125
Dirce-Reis,DIRCE REIS,7225,2026,Julho,7,336592.41,10984.67,3347.98,2792.76,420740.51249999995
Dirce-Reis,DIRCE REIS,7225,2026,Agosto,8,361064.16,11824.31,3117.72,0.0,451330.19999999995
Dirce-Reis,DIRCE REIS,7225,2026,Setembro,9,408803.06,0.0,2463.73,1247.94,511003.82499999995
Divinolândia,DIVINOLANDIA,2872,2026,Janeiro,1,990165.37,1920980.4,7954.38,1619.27,1237706.7125
Divinolândia,DIVINOLANDIA,2872,2026,Fevereiro,2,634719.24,641613.08,7692.36,132.18,793399.0499999999
Divinolândia,DIVINOLANDIA,2872,2026,Março,3,1491062.19,512029.32,6888.77,4360.23,1863827.7374999998
Divinolândia,DIVINOLANDIA,2872,2026,Abril,4,954517.36,413089.51,7411.43,0.0,1193146.7
Divinolândia,DIVINOLANDIA,2872,2026,Maio,5,1010853.79,335503.75,6900.18,2200.44,1263567.2375
Divinolândia,DIVINOLANDIA,2872,2026,Junho,6,1256823.47,86272.77,10848.02,3891.77,1571029.3375
Divinolândia,DIVINOLANDIA,2872,2026,Julho,7,1021420.08,152765.62,10159.74,8474.89,1276775.0999999999
Divinolândia,DIVINOLANDIA,2872,2026,Agosto,8,1095681.84,123562.56,9461.0,0.0,1369602.3
Divinolândia,DIVINOLANDIA,2872,2026,Setembro,9,1240549.83,0.0,7476.41,3787.0,1550687.2875
Dobrada,DOBRADA,2884,2026,Janeiro,1,554450.11,558682.42,4532.15,892.61,693062.6375
Dobrada,DOBRADA,2884,2026,Fevereiro,2,349885.22,209374.95,4240.37,72.86,437356.52499999997
Dobrada,DOBRADA,2884,2026,Março,3,821939.19,178024.61,3797.39,2403.55,1027423.9874999999
Dobrada,DOBRADA,2884,2026,Abril,4,526172.04,163779.81,4085.51,0.0,657715.05
Dobrada,DOBRADA,2884,2026,Maio,5,557227.16,132744.19,3803.68,1212.98,696533.95
Dobrada,DOBRADA,2884,2026,Junho,6,692816.49,53670.93,5979.91,2145.32,866020.6124999999
Dobrada,DOBRADA,2884,2026,Julho,7,563051.76,64860.56,5600.5,4671.73,703814.7
Dobrada,DOBRADA,2884,2026,Agosto,8,603988.12,80655.88,5215.32,0.0,754985.1499999999
Dobrada,DOBRADA,2884,2026,Setembro,9,683845.74,0.0,4121.33,2087.56,854807.1749999999
Dois Córregos,DOIS CORREGOS,2896,2026,Janeiro,1,2420677.13,2890468.9,19504.68,3948.09,3025846.4124999996
Dois Córregos,DOIS CORREGOS,2896,2026,Fevereiro,2,1547568.12,1011310.51,18755.47,322.28,1934460.1500000001
Dois Córregos,DOIS CORREGOS,2896,2026,Março,3,3635497.63,923740.45,16796.15,10631.07,4544372.0375
Dois Córregos,DOIS CORREGOS,2896,2026,Abril,4,2327297.71,688327.04,18070.5,0.0,2909122.1374999997
Dois Córregos,DOIS CORREGOS,2896,2026,Maio,5,2464656.78,746456.23,16823.98,5365.09,3080820.9749999996
Dois Córregos,DOIS CORREGOS,2896,2026,Junho,6,3064378.37,189304.93,26449.58,9488.89,3830472.9625
Dois Córregos,DOIS CORREGOS,2896,2026,Julho,7,2490419.44,310438.8,24771.42,20663.42,3113024.3
Dois Córregos,DOIS CORREGOS,2896,2026,Agosto,8,2671483.96,344671.83,23067.73,0.0,3339354.9499999997
Dois Córregos,DOIS CORREGOS,2896,2026,Setembro,9,3024700.11,0.0,18228.94,9233.43,3780875.1374999997
Dolcinópolis,DOLCINOPOLIS,2902,2026,Janeiro,1,284079.81,236817.89,2275.53,465.76,355099.76249999995
Dolcinópolis,DOLCINOPOLIS,2902,2026,Fevereiro,2,182568.8,84553.45,2212.61,38.02,228210.99999999997
Dolcinópolis,DOLCINOPOLIS,2902,2026,Março,3,428884.79,60864.47,1981.47,1254.16,536105.9874999999
Dolcinópolis,DOLCINOPOLIS,2902,2026,Abril,4,274554.6,50924.53,2131.8,0.0,343193.24999999994
Dolcinópolis,DOLCINOPOLIS,2902,2026,Maio,5,290759.04,45559.7,1984.75,632.93,363448.79999999993
Dolcinópolis,DOLCINOPOLIS,2902,2026,Junho,6,361509.04,14618.71,3120.29,1119.42,451886.29999999993
Dolcinópolis,DOLCINOPOLIS,2902,2026,Julho,7,293798.3,14803.46,2922.32,2437.69,367247.87499999994
Dolcinópolis,DOLCINOPOLIS,2902,2026,Agosto,8,315158.74,19517.23,2721.33,0.0,393948.425
Dolcinópolis,DOLCINOPOLIS,2902,2026,Setembro,9,356828.14,0.0,2150.49,1089.28,446035.175
Dourado,DOURADO,2914,2026,Janeiro,1,1714997.57,952700.09,14021.01,2760.55,2143746.9625
Dourado,DOURADO,2914,2026,Fevereiro,2,1082077.35,338841.79,13114.04,225.34,1352596.6875
Dourado,DOURADO,2914,2026,Março,3,2541981.56,292247.36,11744.06,7433.37,3177476.9499999997
Dourado,DOURADO,2914,2026,Abril,4,1627273.2,227654.44,12635.1,0.0,2034091.4999999998
Dourado,DOURADO,2914,2026,Maio,5,1723316.24,212075.51,11763.52,3751.33,2154145.3
Dourado,DOURADO,2914,2026,Junho,6,2142648.44,54060.8,18493.85,6634.74,2678310.55
Dourado,DOURADO,2914,2026,Julho,7,1741329.79,75233.15,17320.46,14448.1,2176662.2375
Dourado,DOURADO,2914,2026,Agosto,8,1867932.17,75940.04,16129.22,0.0,2334915.2125
Dourado,DOURADO,2914,2026,Setembro,9,2114904.95,0.0,12745.88,6456.12,2643631.1875
Dracena,DRACENA,2926,2026,Janeiro,1,2220026.94,6243277.55,17976.44,3604.83,2775033.675
Dracena,DRACENA,2926,2026,Fevereiro,2,1413018.13,2332427.49,17124.82,294.26,1766272.6624999999
Dracena,DRACENA,2926,2026,Março,3,3319417.1,2024663.74,15335.85,9706.78,4149271.375
Dracena,DRACENA,2926,2026,Abril,4,2124955.81,1574990.68,16499.39,0.0,2656194.7624999997
Dracena,DRACENA,2926,2026,Maio,5,2250372.49,1523859.54,15361.25,4898.64,2812965.6125000003
Dracena,DRACENA,2926,2026,Junho,6,2797952.58,425679.18,24149.98,8663.9,3497440.725
Dracena,DRACENA,2926,2026,Julho,7,2273895.28,577987.3,22617.72,18866.88,2842369.0999999996
Dracena,DRACENA,2926,2026,Agosto,8,2439217.52,589239.64,21062.16,0.0,3049021.9
Dracena,DRACENA,2926,2026,Setembro,9,2761724.06,0.0,16644.06,8430.65,3452155.0749999997
Duartina,DUARTINA,2938,2026,Janeiro,1,960072.12,1486340.51,7902.23,1535.78,1200090.15
Duartina,DUARTINA,2938,2026,Fevereiro,2,601991.93,490452.83,7295.73,125.36,752489.9125
Duartina,DUARTINA,2938,2026,Março,3,1414180.22,420061.2,6533.57,4135.41,1767725.275
Duartina,DUARTINA,2938,2026,Abril,4,905300.65,330320.11,7029.28,0.0,1131625.8125
Duartina,DUARTINA,2938,2026,Maio,5,958732.26,296947.2,6544.4,2086.98,1198415.325
Duartina,DUARTINA,2938,2026,Junho,6,1192019.28,86989.69,10288.68,3691.11,1490024.0999999999
Duartina,DUARTINA,2938,2026,Julho,7,968753.74,105040.99,9635.89,8037.91,1210942.1749999998
Duartina,DUARTINA,2938,2026,Agosto,8,1039186.42,89972.3,8973.17,0.0,1298983.025
Duartina,DUARTINA,2938,2026,Setembro,9,1176584.75,0.0,7090.91,3591.73,1470730.9375
Dumont,DUMONT,2940,2026,Janeiro,1,918051.33,1535533.36,7496.64,1479.36,1147564.1624999999
Dumont,DUMONT,2940,2026,Fevereiro,2,579876.23,471873.32,7027.7,120.76,724845.2875
Dumont,DUMONT,2940,2026,Março,3,1362226.73,466972.03,6293.54,3983.48,1702783.4124999999
Dumont,DUMONT,2940,2026,Abril,4,872042.15,329817.58,6771.04,0.0,1090052.6875
Dumont,DUMONT,2940,2026,Maio,5,923510.81,298355.08,6303.97,2010.31,1154388.5125
Dumont,DUMONT,2940,2026,Junho,6,1148227.44,101119.18,9910.7,3555.5,1435284.2999999998
Dumont,DUMONT,2940,2026,Julho,7,933164.12,147507.46,9281.89,7742.62,1166455.15
Dumont,DUMONT,2940,2026,Agosto,8,1001009.28,152644.31,8643.52,0.0,1251261.5999999999
Dumont,DUMONT,2940,2026,Setembro,9,1133359.93,0.0,6830.41,3459.78,1416699.9124999999
Echaporã,ECHAPORA,2951,2026,Janeiro,1,1037241.7,616664.33,8455.69,1673.99,1296552.1249999998
Echaporã,ECHAPORA,2951,2026,Fevereiro,2,656169.88,210140.59,7952.33,136.65,820212.35
Echaporã,ECHAPORA,2951,2026,Março,3,1541453.34,185713.78,7121.58,4507.58,1926816.675
Echaporã,ECHAPORA,2951,2026,Abril,4,986775.73,187791.94,7661.9,0.0,1233469.6624999999
Echaporã,ECHAPORA,2951,2026,Maio,5,1045016.07,129831.43,7133.38,2274.8,1306270.0875
Echaporã,ECHAPORA,2951,2026,Junho,6,1299298.41,51010.85,11214.64,4023.3,1624123.0124999997
Echaporã,ECHAPORA,2951,2026,Julho,7,1055939.45,39161.79,10503.1,8761.3,1319924.3124999998
Echaporã,ECHAPORA,2951,2026,Agosto,8,1132710.92,75407.71,9780.73,0.0,1415888.65
Echaporã,ECHAPORA,2951,2026,Setembro,9,1282474.8,0.0,7729.08,3914.98,1603093.5
Eldorado,ELDORADO,2963,2026,Janeiro,1,3731029.84,624149.53,27998.74,6458.45,4663787.3
Eldorado,ELDORADO,2963,2026,Fevereiro,2,2531575.99,297781.13,30680.97,527.19,3164469.9875000003
Eldorado,ELDORADO,2963,2026,Março,3,5947097.5,297791.52,27475.84,17390.75,7433871.875
Eldorado,ELDORADO,2963,2026,Abril,4,3807089.92,215691.84,29560.46,0.0,4758862.399999999
Eldorado,ELDORADO,2963,2026,Maio,5,4031787.59,198116.63,27521.35,8776.44,5039734.4875
Eldorado,ELDORADO,2963,2026,Junho,6,5012836.98,81809.53,43267.31,15522.33,6266046.225000001
Eldorado,ELDORADO,2963,2026,Julho,7,4073931.21,63306.66,40522.11,33802.08,5092414.012499999
Eldorado,ELDORADO,2963,2026,Agosto,8,4370124.04,66959.65,37735.15,0.0,5462655.05
Eldorado,ELDORADO,2963,2026,Setembro,9,4947929.64,0.0,29819.65,15104.43,6184912.049999999
Elias Fausto,ELIAS FAUSTO,2975,2026,Janeiro,1,2476683.48,1608794.46,19740.46,4078.4,3095854.3499999996
Elias Fausto,ELIAS FAUSTO,2975,2026,Fevereiro,2,1598645.72,583090.43,19374.5,332.91,1998307.15
Elias Fausto,ELIAS FAUSTO,2975,2026,Março,3,3755487.49,463246.75,17350.51,10981.95,4694359.3625
Elias Fausto,ELIAS FAUSTO,2975,2026,Abril,4,2404110.34,376781.01,18666.91,0.0,3005137.925
Elias Fausto,ELIAS FAUSTO,2975,2026,Maio,5,2546002.96,379491.86,17379.25,5542.17,3182503.6999999997
Elias Fausto,ELIAS FAUSTO,2975,2026,Junho,6,3165518.41,130914.81,27322.55,9802.08,3956898.0125
Elias Fausto,ELIAS FAUSTO,2975,2026,Julho,7,2572615.92,164422.9,25589.0,21345.42,3215769.9
Elias Fausto,ELIAS FAUSTO,2975,2026,Agosto,8,2759656.48,179237.18,23829.09,0.0,3449570.5999999996
Elias Fausto,ELIAS FAUSTO,2975,2026,Setembro,9,3124530.56,0.0,18830.59,9538.18,3905663.1999999997
Elisiário,ELISIARIO,7432,2026,Janeiro,1,387271.42,263450.56,3141.52,627.83,484089.27499999997
Elisiário,ELISIARIO,7432,2026,Fevereiro,2,246094.27,98998.32,2982.49,51.25,307617.83749999997
Elisiário,ELISIARIO,7432,2026,Março,3,578116.8,79574.75,2670.92,1690.55,722646.0
Elisiário,ELISIARIO,7432,2026,Abril,4,370086.86,67073.42,2873.57,0.0,462608.57499999995
Elisiário,ELISIARIO,7432,2026,Maio,5,391929.7,79121.45,2675.35,853.16,489912.125
Elisiário,ELISIARIO,7432,2026,Junho,6,487297.42,23383.73,4206.01,1508.92,609121.7749999999
Elisiário,ELISIARIO,7432,2026,Julho,7,396026.48,43005.47,3939.15,3285.9,495033.1
Elisiário,ELISIARIO,7432,2026,Agosto,8,424819.36,36321.35,3668.23,0.0,531024.2
Elisiário,ELISIARIO,7432,2026,Setembro,9,480987.78,0.0,2898.77,1468.3,601234.725
Embaúba,EMBAUBA,7237,2026,Janeiro,1,422160.61,201168.7,3295.28,707.76,527700.7625
Embaúba,EMBAUBA,7237,2026,Fevereiro,2,277425.45,74080.91,3362.21,57.77,346781.8125
Embaúba,EMBAUBA,7237,2026,Março,3,651719.01,43252.15,3010.97,1905.78,814648.7625
Embaúba,EMBAUBA,7237,2026,Abril,4,417204.0,31998.18,3239.41,0.0,521505.0
Embaúba,EMBAUBA,7237,2026,Maio,5,441827.73,38842.49,3015.96,961.78,552284.6625
Embaúba,EMBAUBA,7237,2026,Junho,6,549337.08,9448.0,4741.49,1701.03,686671.3499999999
Embaúba,EMBAUBA,7237,2026,Julho,7,446446.09,13343.31,4440.66,3704.24,558057.6125
Embaúba,EMBAUBA,7237,2026,Agosto,8,478904.69,18264.34,4135.25,0.0,598630.8624999999
Embaúba,EMBAUBA,7237,2026,Setembro,9,542224.13,0.0,3267.82,1655.23,677780.1625
Embu,EMBU,2987,2026,Janeiro,1,27098553.02,17337640.44,219555.41,43978.98,33873191.275
Embu,EMBU,2987,2026,Fevereiro,2,17238824.16,7582785.74,208922.79,3589.93,21548530.2
Embu,EMBU,2987,2026,Março,3,40496895.47,6919903.82,187097.36,118422.72,50621119.3375
Embu,EMBU,2987,2026,Abril,4,25924465.24,5398626.97,201292.65,0.0,32405581.549999997
Embu,EMBU,2987,2026,Maio,5,27454549.11,5083531.78,187407.29,59763.38,34318186.387499996
Embu,EMBU,2987,2026,Junho,6,34135027.27,1745649.8,294629.76,105699.64,42668784.0875
Embu,EMBU,2987,2026,Julho,7,27741527.09,2455323.33,275936.23,230176.03,34676908.8625
Embu,EMBU,2987,2026,Agosto,8,29758458.86,2621321.61,256958.39,0.0,37198073.574999996
Embu,EMBU,2987,2026,Setembro,9,33693039.21,0.0,203057.59,102853.93,42116299.012499996
Embu-Guaçu,EMBU GUACU,2999,2026,Janeiro,1,2598945.11,4207318.92,21476.46,4142.05,3248681.3874999997
Embu-Guaçu,EMBU GUACU,2999,2026,Fevereiro,2,1623595.25,2081226.73,19676.87,338.11,2029494.0625
Embu-Guaçu,EMBU GUACU,2999,2026,Março,3,3814098.15,1844818.78,17621.29,11153.35,4767622.6875
Embu-Guaçu,EMBU GUACU,2999,2026,Abril,4,2441630.49,1473910.74,18958.24,0.0,3052038.1125000003
Embu-Guaçu,EMBU GUACU,2999,2026,Maio,5,2585737.59,1286659.07,17650.48,5628.66,3232171.9875
Embu-Guaçu,EMBU GUACU,2999,2026,Junho,6,3214921.61,443221.9,27748.96,9955.05,4018652.0124999997
Embu-Guaçu,EMBU GUACU,2999,2026,Julho,7,2612765.89,598320.21,25988.36,21678.55,3265957.3625
Embu-Guaçu,EMBU GUACU,2999,2026,Agosto,8,2802725.53,596582.74,24200.98,0.0,3503406.9124999996
Embu-Guaçu,EMBU GUACU,2999,2026,Setembro,9,3173294.08,0.0,19124.47,9687.04,3966617.6
Emilianópolis,EMILIANOPOLIS,7444,2026,Janeiro,1,398719.1,241303.55,3230.14,647.15,498398.87499999994
Emilianópolis,EMILIANOPOLIS,7444,2026,Fevereiro,2,253669.11,90755.3,3074.3,52.83,317086.38749999995
Emilianópolis,EMILIANOPOLIS,7444,2026,Março,3,595911.37,75841.66,2753.14,1742.59,744889.2124999999
Emilianópolis,EMILIANOPOLIS,7444,2026,Abril,4,381478.22,59831.77,2962.02,0.0,476847.77499999997
Emilianópolis,EMILIANOPOLIS,7444,2026,Maio,5,403993.39,76076.34,2757.7,879.42,504991.7375
Emilianópolis,EMILIANOPOLIS,7444,2026,Junho,6,502296.55,11789.14,4335.47,1555.37,627870.6875
Emilianópolis,EMILIANOPOLIS,7444,2026,Julho,7,408216.27,24196.19,4060.4,3387.04,510270.3375
Emilianópolis,EMILIANOPOLIS,7444,2026,Agosto,8,437895.4,18102.04,3781.14,0.0,547369.25
Emilianópolis,EMILIANOPOLIS,7444,2026,Setembro,9,495792.7,0.0,2987.99,1513.49,619740.875
Engenheiro Coelho,ENGENHEIRO COELHO,7456,2026,Janeiro,1,1363595.14,1932203.2,11013.55,2219.24,1704493.9249999998
Engenheiro Coelho,ENGENHEIRO COELHO,7456,2026,Fevereiro,2,869896.26,839349.7,10542.55,181.15,1087370.325
Engenheiro Coelho,ENGENHEIRO COELHO,7456,2026,Março,3,2043532.52,684482.73,9441.21,5975.78,2554415.65
Engenheiro Coelho,ENGENHEIRO COELHO,7456,2026,Abril,4,1308186.4,483258.31,10157.52,0.0,1635232.9999999998
Engenheiro Coelho,ENGENHEIRO COELHO,7456,2026,Maio,5,1385396.67,506311.39,9456.85,3015.75,1731745.8375
Engenheiro Coelho,ENGENHEIRO COELHO,7456,2026,Junho,6,1722503.35,172452.09,14867.45,5333.76,2153129.1875
Engenheiro Coelho,ENGENHEIRO COELHO,7456,2026,Julho,7,1399877.99,265043.22,13924.15,11615.02,1749847.4874999998
Engenheiro Coelho,ENGENHEIRO COELHO,7456,2026,Agosto,8,1501655.32,202402.88,12966.5,0.0,1877069.15
Engenheiro Coelho,ENGENHEIRO COELHO,7456,2026,Setembro,9,1700199.99,0.0,10246.58,5190.16,2125249.9875
Espírito Santo do Pinhal,ESPIRITO SANTO DO PINHAL,5307,2026,Janeiro,1,2891202.85,5522850.19,23442.8,4688.97,3614003.5625
Espírito Santo do Pinhal,ESPIRITO SANTO DO PINHAL,5307,2026,Fevereiro,2,1837974.47,2147596.45,22275.0,382.75,2297468.0875
Espírito Santo do Pinhal,ESPIRITO SANTO DO PINHAL,5307,2026,Março,3,4317710.95,1564442.06,19948.01,12626.03,5397138.6875
Espírito Santo do Pinhal,ESPIRITO SANTO DO PINHAL,5307,2026,Abril,4,2764022.92,1319226.1,21461.48,0.0,3455028.65
Espírito Santo do Pinhal,ESPIRITO SANTO DO PINHAL,5307,2026,Maio,5,2927157.9,1080618.53,19981.05,6371.87,3658947.3749999995
Espírito Santo do Pinhal,ESPIRITO SANTO DO PINHAL,5307,2026,Junho,6,3639419.25,415852.23,31412.93,11269.52,4549274.0625
Espírito Santo do Pinhal,ESPIRITO SANTO DO PINHAL,5307,2026,Julho,7,2957755.01,391180.78,29419.86,24540.98,3697193.7624999997
Espírito Santo do Pinhal,ESPIRITO SANTO DO PINHAL,5307,2026,Agosto,8,3172796.88,433087.94,27396.47,0.0,3965996.0999999996
Espírito Santo do Pinhal,ESPIRITO SANTO DO PINHAL,5307,2026,Setembro,9,3592295.23,0.0,21649.66,10966.11,4490369.0375
Espírito Santo do Turvo,ESPIRITO SANTO DO TURVO,7249,2026,Janeiro,1,680867.66,312952.42,5529.59,1102.63,851084.575
Espírito Santo do Turvo,ESPIRITO SANTO DO TURVO,7249,2026,Fevereiro,2,432205.98,102043.75,5238.04,90.01,540257.475
Espírito Santo do Turvo,ESPIRITO SANTO DO TURVO,7249,2026,Março,3,1015324.49,99666.75,4690.84,2969.05,1269155.6124999998
Espírito Santo do Turvo,ESPIRITO SANTO DO TURVO,7249,2026,Abril,4,649969.44,98334.99,5046.74,0.0,812461.7999999999
Espírito Santo do Turvo,ESPIRITO SANTO DO TURVO,7249,2026,Maio,5,688331.18,69672.16,4698.61,1498.37,860413.975
Espírito Santo do Turvo,ESPIRITO SANTO DO TURVO,7249,2026,Junho,6,855821.88,29537.44,7386.86,2650.07,1069777.3499999999
Espírito Santo do Turvo,ESPIRITO SANTO DO TURVO,7249,2026,Julho,7,695526.2,19267.28,6918.18,5770.9,869407.7499999999
Espírito Santo do Turvo,ESPIRITO SANTO DO TURVO,7249,2026,Agosto,8,746094.03,27700.18,6442.37,0.0,932617.5375
Espírito Santo do Turvo,ESPIRITO SANTO DO TURVO,7249,2026,Setembro,9,844740.5,0.0,5090.99,2578.72,1055925.625
Estiva Gerbi,ESTIVA GERBI,7468,2026,Janeiro,1,829228.63,1090309.35,6704.13,1348.38,1036535.7875
Estiva Gerbi,ESTIVA GERBI,7468,2026,Fevereiro,2,528534.56,436351.22,6405.48,110.07,660668.2000000001
Estiva Gerbi,ESTIVA GERBI,7468,2026,Março,3,1241616.53,414054.63,5736.32,3630.79,1552020.6624999999
Estiva Gerbi,ESTIVA GERBI,7468,2026,Abril,4,794832.4,338458.59,6171.54,0.0,993540.5
Estiva Gerbi,ESTIVA GERBI,7468,2026,Maio,5,841744.08,307063.9,5745.82,1832.32,1052180.0999999999
Estiva Gerbi,ESTIVA GERBI,7468,2026,Junho,6,1046564.52,85142.51,9033.22,3240.7,1308205.65
Estiva Gerbi,ESTIVA GERBI,7468,2026,Julho,7,850542.69,170868.5,8460.08,7057.09,1063178.3624999998
Estiva Gerbi,ESTIVA GERBI,7468,2026,Agosto,8,912380.91,107257.31,7878.23,0.0,1140476.1375
Estiva Gerbi,ESTIVA GERBI,7468,2026,Setembro,9,1033013.37,0.0,6225.65,3153.46,1291266.7125
Estrela D'Oeste,ESTRELA DOESTE,3013,2026,Janeiro,1,1668397.64,1052425.09,13607.08,2691.5,2085497.0499999998
Estrela D'Oeste,ESTRELA DOESTE,3013,2026,Fevereiro,2,1055010.38,411920.43,12786.01,219.7,1318762.9749999999
Estrela D'Oeste,ESTRELA DOESTE,3013,2026,Março,3,2478396.7,414598.77,11450.3,7247.43,3097995.875
Estrela D'Oeste,ESTRELA DOESTE,3013,2026,Abril,4,1586568.76,271411.77,12319.04,0.0,1983210.95
Estrela D'Oeste,ESTRELA DOESTE,3013,2026,Maio,5,1680209.39,378355.74,11469.26,3657.5,2100261.7375
Estrela D'Oeste,ESTRELA DOESTE,3013,2026,Junho,6,2089052.46,72025.81,18031.24,6468.78,2611315.5749999997
Estrela D'Oeste,ESTRELA DOESTE,3013,2026,Julho,7,1697772.35,193219.73,16887.21,14086.7,2122215.4375
Estrela D'Oeste,ESTRELA DOESTE,3013,2026,Agosto,8,1821207.91,191338.37,15725.77,0.0,2276509.8874999997
Estrela D'Oeste,ESTRELA DOESTE,3013,2026,Setembro,9,2062002.93,0.0,12427.06,6294.63,2577503.6624999996
Estrela do Norte,ESTRELA DO NORTE,3001,2026,Janeiro,1,465610.73,158729.73,3750.74,759.57,582013.4125
Estrela do Norte,ESTRELA DO NORTE,3001,2026,Fevereiro,2,297736.68,67405.75,3608.37,62.0,372170.85
Estrela do Norte,ESTRELA DO NORTE,3001,2026,Março,3,699433.5,48543.89,3231.41,2045.31,874291.875
Estrela do Norte,ESTRELA DO NORTE,3001,2026,Abril,4,447748.88,54866.11,3476.58,0.0,559686.1
Estrela do Norte,ESTRELA DO NORTE,3001,2026,Maio,5,474175.4,45484.89,3236.77,1032.19,592719.25
Estrela do Norte,ESTRELA DO NORTE,3001,2026,Junho,6,589555.85,8640.54,5088.64,1825.57,736944.8124999999
Estrela do Norte,ESTRELA DO NORTE,3001,2026,Julho,7,479131.88,16951.63,4765.77,3975.44,598914.85
Estrela do Norte,ESTRELA DO NORTE,3001,2026,Agosto,8,513966.88,15829.52,4438.0,0.0,642458.6
Estrela do Norte,ESTRELA DO NORTE,3001,2026,Setembro,9,581922.15,0.0,3507.07,1776.42,727402.6875
Euclides da Cunha Paulista,EUCLIDES DA CUNHA PAULISTA,7250,2026,Janeiro,1,952278.21,377354.41,7656.44,1556.15,1190347.7625
Euclides da Cunha Paulista,EUCLIDES DA CUNHA PAULISTA,7250,2026,Fevereiro,2,609977.54,169461.43,7392.51,127.03,762471.925
Euclides da Cunha Paulista,EUCLIDES DA CUNHA PAULISTA,7250,2026,Março,3,1432939.76,141020.23,6620.24,4190.26,1791174.7
Euclides da Cunha Paulista,EUCLIDES DA CUNHA PAULISTA,7250,2026,Abril,4,917309.75,128849.48,7122.53,0.0,1146637.1875
Euclides da Cunha Paulista,EUCLIDES DA CUNHA PAULISTA,7250,2026,Maio,5,971450.15,107184.71,6631.21,2114.66,1214312.6875
Euclides da Cunha Paulista,EUCLIDES DA CUNHA PAULISTA,7250,2026,Junho,6,1207831.8,37050.22,10425.16,3740.07,1509789.75
Euclides da Cunha Paulista,EUCLIDES DA CUNHA PAULISTA,7250,2026,Julho,7,981604.56,44131.35,9763.71,8144.54,1227005.7
Euclides da Cunha Paulista,EUCLIDES DA CUNHA PAULISTA,7250,2026,Agosto,8,1052971.56,66057.55,9092.2,0.0,1316214.45
Euclides da Cunha Paulista,EUCLIDES DA CUNHA PAULISTA,7250,2026,Setembro,9,1192192.52,0.0,7184.98,3639.38,1490240.65
Fartura,FARTURA,3025,2026,Janeiro,1,1932284.85,1461656.96,15617.04,3142.93,2415356.0625
Fartura,FARTURA,3025,2026,Fevereiro,2,1231960.39,640646.71,14930.52,256.55,1539950.4874999998
Fartura,FARTURA,3025,2026,Março,3,2894082.03,559548.14,13370.78,8463.0,3617602.5374999996
Fartura,FARTURA,3025,2026,Abril,4,1852673.6,452643.07,14385.24,0.0,2315842.0
Fartura,FARTURA,3025,2026,Maio,5,1962019.96,416546.81,13392.93,4270.95,2452524.9499999997
Fartura,FARTURA,3025,2026,Junho,6,2439435.61,126140.54,21055.51,7553.75,3049294.5124999997
Fartura,FARTURA,3025,2026,Julho,7,1982528.64,173860.6,19719.59,16449.37,2478160.8
Fartura,FARTURA,3025,2026,Agosto,8,2126667.24,229411.76,18363.35,0.0,2658334.0500000003
Fartura,FARTURA,3025,2026,Setembro,9,2407849.25,0.0,14511.37,7350.38,3009811.5625
Fernando Prestes,FERNANDO PRESTES,3037,2026,Janeiro,1,723961.94,953023.32,5850.39,1177.69,904952.4249999999
Fernando Prestes,FERNANDO PRESTES,3037,2026,Fevereiro,2,461630.0,293451.21,5594.64,96.13,577037.5
Fernando Prestes,FERNANDO PRESTES,3037,2026,Março,3,1084446.46,258258.45,5010.19,3171.18,1355558.075
Fernando Prestes,FERNANDO PRESTES,3037,2026,Abril,4,694218.51,198790.13,5390.32,0.0,867773.1375
Fernando Prestes,FERNANDO PRESTES,3037,2026,Maio,5,735191.88,184318.51,5018.49,1600.37,918989.85
Fernando Prestes,FERNANDO PRESTES,3037,2026,Junho,6,914085.12,59384.4,7889.75,2830.48,1142606.4
Fernando Prestes,FERNANDO PRESTES,3037,2026,Julho,7,742876.72,96938.98,7389.16,6163.77,928595.8999999999
Fernando Prestes,FERNANDO PRESTES,3037,2026,Agosto,8,796887.14,102702.0,6880.96,0.0,996108.9249999999
Fernando Prestes,FERNANDO PRESTES,3037,2026,Setembro,9,902249.34,0.0,5437.58,2754.28,1127811.6749999998
Fernandópolis,FERNANDOPOLIS,3049,2026,Janeiro,1,3719178.19,9120934.55,29886.26,6080.6,4648972.7375
Fernandópolis,FERNANDOPOLIS,3049,2026,Fevereiro,2,2383465.62,3913320.17,28885.98,496.35,2979332.025
Fernandópolis,FERNANDOPOLIS,3049,2026,Março,3,5599161.36,3337064.45,25868.36,16373.3,6998951.7
Fernandópolis,FERNANDOPOLIS,3049,2026,Abril,4,3584355.35,2649812.05,27831.02,0.0,4480444.1875
Fernandópolis,FERNANDOPOLIS,3049,2026,Maio,5,3795907.04,2456296.8,25911.21,8262.97,4744883.8
Fernandópolis,FERNANDOPOLIS,3049,2026,Junho,6,4719559.94,778214.55,40735.95,14614.19,5899449.925
Fernandópolis,FERNANDOPOLIS,3049,2026,Julho,7,3835585.04,958121.29,38151.36,31824.48,4794481.3
Fernandópolis,FERNANDOPOLIS,3049,2026,Agosto,8,4114449.04,1063224.48,35527.45,0.0,5143061.3
Fernandópolis,FERNANDOPOLIS,3049,2026,Setembro,9,4658450.01,0.0,28075.05,14220.74,5823062.512499999
Fernão,FERNAO,7869,2026,Janeiro,1,309584.01,129686.57,2496.92,504.49,386980.0125
Fernão,FERNAO,7869,2026,Fevereiro,2,197747.82,52544.3,2396.57,41.18,247184.775
Fernão,FERNAO,7869,2026,Março,3,464542.86,36853.21,2146.21,1358.44,580678.575
Fernão,FERNAO,7869,2026,Abril,4,297381.44,37473.44,2309.04,0.0,371726.8
Fernão,FERNAO,7869,2026,Maio,5,314933.15,22382.08,2149.76,685.55,393666.4375
Fernão,FERNAO,7869,2026,Junho,6,391565.4,5000.01,3379.72,1212.49,489456.75
Fernão,FERNAO,7869,2026,Julho,7,318225.09,4765.61,3165.28,2640.37,397781.3625
Fernão,FERNAO,7869,2026,Agosto,8,341361.47,6093.39,2947.59,0.0,426701.83749999997
Fernão,FERNAO,7869,2026,Setembro,9,386495.33,0.0,2329.29,1179.85,483119.1625
Ferraz de Vasconcelos,FERRAZ DE VASCONCELOS,3050,2026,Janeiro,1,6285770.67,8569674.26,50941.32,10198.94,7857213.337499999
Ferraz de Vasconcelos,FERRAZ DE VASCONCELOS,3050,2026,Fevereiro,2,3997767.15,4466722.89,48450.21,832.52,4997208.9375
Ferraz de Vasconcelos,FERRAZ DE VASCONCELOS,3050,2026,Março,3,9391426.98,3789204.16,43388.79,27462.8,11739283.725
Ferraz de Vasconcelos,FERRAZ DE VASCONCELOS,3050,2026,Abril,4,6012009.55,3057013.14,46680.74,0.0,7515011.937499999
Ferraz de Vasconcelos,FERRAZ DE VASCONCELOS,3050,2026,Maio,5,6366843.44,2783854.41,43460.66,13859.42,7958554.3
Ferraz de Vasconcelos,FERRAZ DE VASCONCELOS,3050,2026,Junho,6,7916078.81,1054584.59,68326.07,24512.26,9895098.5125
Ferraz de Vasconcelos,FERRAZ DE VASCONCELOS,3050,2026,Julho,7,6433395.03,1234725.76,63990.95,53378.94,8041743.7875
Ferraz de Vasconcelos,FERRAZ DE VASCONCELOS,3050,2026,Agosto,8,6901131.31,1323426.06,59589.9,0.0,8626414.1375
Ferraz de Vasconcelos,FERRAZ DE VASCONCELOS,3050,2026,Setembro,9,7813579.63,0.0,47090.04,23852.33,9766974.5375
Flora Rica,FLORA RICA,3062,2026,Janeiro,1,378326.98,95825.39,3054.66,615.91,472908.725
Flora Rica,FLORA RICA,3062,2026,Fevereiro,2,241424.18,37666.64,2925.9,50.28,301780.225
Flora Rica,FLORA RICA,3062,2026,Março,3,567145.97,37495.29,2620.24,1658.47,708932.4624999999
Flora Rica,FLORA RICA,3062,2026,Abril,4,363063.78,33124.74,2819.04,0.0,453829.72500000003
Flora Rica,FLORA RICA,3062,2026,Maio,5,384492.11,29771.24,2624.58,836.97,480615.13749999995
Flora Rica,FLORA RICA,3062,2026,Junho,6,478050.06,8283.01,4126.19,1480.29,597562.575
Flora Rica,FLORA RICA,3062,2026,Julho,7,388511.15,13279.35,3864.4,3223.54,485638.9375
Flora Rica,FLORA RICA,3062,2026,Agosto,8,416757.63,8063.07,3598.62,0.0,520947.0375
Flora Rica,FLORA RICA,3062,2026,Setembro,9,471860.16,0.0,2843.76,1440.44,589825.2
Floreal,FLOREAL,3074,2026,Janeiro,1,468057.98,311505.49,3801.95,757.87,585072.475
Floreal,FLOREAL,3074,2026,Fevereiro,2,297069.17,138384.81,3600.28,61.86,371336.46249999997
Floreal,FLOREAL,3074,2026,Março,3,697865.42,111588.35,3224.17,2040.73,872331.775
Floreal,FLOREAL,3074,2026,Abril,4,446745.06,87500.75,3468.79,0.0,558431.325
Floreal,FLOREAL,3074,2026,Maio,5,473112.33,81953.86,3229.51,1029.88,591390.4125
Floreal,FLOREAL,3074,2026,Junho,6,588234.11,20130.83,5077.23,1821.48,735292.6375
Floreal,FLOREAL,3074,2026,Julho,7,478057.7,31557.55,4755.09,3966.52,597572.125
Floreal,FLOREAL,3074,2026,Agosto,8,512814.6,23011.29,4428.05,0.0,641018.2499999999
Floreal,FLOREAL,3074,2026,Setembro,9,580617.52,0.0,3499.2,1772.44,725771.9
Florínea,FLORINEA,3098,2026,Janeiro,1,795908.56,183406.09,6540.77,1275.03,994885.7000000001
Florínea,FLORINEA,3098,2026,Fevereiro,2,499782.94,58446.7,6057.03,104.08,624728.6749999999
Florínea,FLORINEA,3098,2026,Março,3,1174074.12,60992.11,5424.27,3433.28,1467592.6500000001
Florínea,FLORINEA,3098,2026,Abril,4,751594.5,52726.61,5835.82,0.0,939493.125
Florínea,FLORINEA,3098,2026,Maio,5,795954.24,42277.65,5433.26,1732.64,994942.7999999999
Florínea,FLORINEA,3098,2026,Junho,6,989632.71,21238.87,8541.82,3064.41,1237040.8875
Florínea,FLORINEA,3098,2026,Julho,7,804274.22,22201.47,7999.86,6673.2,1005342.7749999999
Florínea,FLORINEA,3098,2026,Agosto,8,862748.52,15087.97,7449.66,0.0,1078435.65
Florínea,FLORINEA,3098,2026,Setembro,9,976818.72,0.0,5886.99,2981.91,1221023.4
Flórida Paulista,FLORIDA PAULISTA,3086,2026,Janeiro,1,979011.04,1013577.79,7905.3,1593.7,1223763.8
Flórida Paulista,FLORIDA PAULISTA,3086,2026,Fevereiro,2,624696.89,344348.79,7570.9,130.09,780871.1124999999
Flórida Paulista,FLORIDA PAULISTA,3086,2026,Março,3,1467517.98,280803.96,6779.99,4291.38,1834397.4749999999
Flórida Paulista,FLORIDA PAULISTA,3086,2026,Abril,4,939445.32,234096.72,7294.4,0.0,1174306.65
Flórida Paulista,FLORIDA PAULISTA,3086,2026,Maio,5,994892.18,216848.89,6791.23,2165.69,1243615.225
Flórida Paulista,FLORIDA PAULISTA,3086,2026,Junho,6,1236977.94,58008.28,10676.73,3830.32,1546222.4249999998
Flórida Paulista,FLORIDA PAULISTA,3086,2026,Julho,7,1005291.63,88448.24,9999.32,8341.07,1256614.5374999999
Flórida Paulista,FLORIDA PAULISTA,3086,2026,Agosto,8,1078380.78,95971.65,9311.6,0.0,1347975.9749999999
Flórida Paulista,FLORIDA PAULISTA,3086,2026,Setembro,9,1220961.27,0.0,7358.36,3727.2,1526201.5875
Franca,FRANCA,3104,2026,Janeiro,1,16685540.07,48708101.15,134237.91,27251.2,20856925.0875
Franca,FRANCA,3104,2026,Fevereiro,2,10681890.81,18903517.55,129457.23,2224.47,13352363.5125
Franca,FRANCA,3104,2026,Março,3,25093556.93,15159107.79,115933.29,73379.63,31366946.162499998
Franca,FRANCA,3104,2026,Abril,4,16063874.45,12488596.09,124729.28,0.0,20079843.062499996
Franca,FRANCA,3104,2026,Maio,5,17011977.91,11021698.7,116125.33,37031.87,21264972.3875
Franca,FRANCA,3104,2026,Junho,6,21151479.4,4563577.28,182564.83,65495.88,26439349.249999996
Franca,FRANCA,3104,2026,Julho,7,17189801.38,5280948.57,170981.54,142626.62,21487251.724999998
Franca,FRANCA,3104,2026,Agosto,8,18439575.99,6138033.0,159222.08,0.0,23049469.987499997
Franca,FRANCA,3104,2026,Setembro,9,20877605.25,0.0,125822.91,63732.57,26097006.5625
Francisco Morato,FRANCISCO MORATO,3116,2026,Janeiro,1,3778378.65,5964834.78,30601.09,6134.16,4722973.3125
Francisco Morato,FRANCISCO MORATO,3116,2026,Fevereiro,2,2404459.03,3241481.47,29140.4,500.72,3005573.7874999996
Francisco Morato,FRANCISCO MORATO,3116,2026,Março,3,5648478.4,2736836.29,26096.21,16517.52,7060598.0
Francisco Morato,FRANCISCO MORATO,3116,2026,Abril,4,3615926.11,2289819.51,28076.16,0.0,4519907.637499999
Francisco Morato,FRANCISCO MORATO,3116,2026,Maio,5,3829341.13,1906913.61,26139.44,8335.75,4786676.4125
Francisco Morato,FRANCISCO MORATO,3116,2026,Junho,6,4761129.51,728701.52,41094.75,14742.91,5951411.887499999
Francisco Morato,FRANCISCO MORATO,3116,2026,Julho,7,3869368.62,748474.61,38487.39,32104.79,4836710.774999999
Francisco Morato,FRANCISCO MORATO,3116,2026,Agosto,8,4150688.84,966936.42,35840.38,0.0,5188361.05
Francisco Morato,FRANCISCO MORATO,3116,2026,Setembro,9,4699481.33,0.0,28322.33,14345.99,5874351.6625
Franco da Rocha,FRANCO DA ROCHA,3128,2026,Janeiro,1,6573322.32,7964467.79,52445.35,10814.91,8216652.9
Franco da Rocha,FRANCO DA ROCHA,3128,2026,Fevereiro,2,4239213.33,4235966.49,51376.37,882.8,5299016.6625
Franco da Rocha,FRANCO DA ROCHA,3128,2026,Março,3,9958624.64,3677144.48,46009.26,29121.43,12448280.8
Franco da Rocha,FRANCO DA ROCHA,3128,2026,Abril,4,6375106.42,2972685.81,49500.04,0.0,7968883.024999999
Franco da Rocha,FRANCO DA ROCHA,3128,2026,Maio,5,6751370.6,2557753.69,46085.48,14696.46,8439213.249999998
Franco da Rocha,FRANCO DA ROCHA,3128,2026,Junho,6,8394172.44,917600.3,72452.65,25992.68,10492715.549999999
Franco da Rocha,FRANCO DA ROCHA,3128,2026,Julho,7,6821941.59,1063766.89,67855.7,56602.77,8527426.987499999
Franco da Rocha,FRANCO DA ROCHA,3128,2026,Agosto,8,7317926.92,1136094.02,63188.85,0.0,9147408.649999999
Franco da Rocha,FRANCO DA ROCHA,3128,2026,Setembro,9,8285482.79,0.0,49934.06,25292.9,10356853.487499999
Gabriel Monteiro,GABRIEL MONTEIRO,3130,2026,Janeiro,1,421531.36,381129.13,3412.39,684.64,526914.2
Gabriel Monteiro,GABRIEL MONTEIRO,3130,2026,Fevereiro,2,268364.0,122663.65,3252.39,55.89,335455.0
Gabriel Monteiro,GABRIEL MONTEIRO,3130,2026,Março,3,630432.15,127093.21,2912.62,1843.54,788040.1875
Gabriel Monteiro,GABRIEL MONTEIRO,3130,2026,Abril,4,403577.02,76574.19,3133.61,0.0,504471.275
Gabriel Monteiro,GABRIEL MONTEIRO,3130,2026,Maio,5,427396.48,112079.66,2917.45,930.36,534245.6
Gabriel Monteiro,GABRIEL MONTEIRO,3130,2026,Junho,6,531394.28,31121.08,4586.63,1645.47,664242.85
Gabriel Monteiro,GABRIEL MONTEIRO,3130,2026,Julho,7,431863.98,43627.48,4295.62,3583.25,539829.975
Gabriel Monteiro,GABRIEL MONTEIRO,3130,2026,Agosto,8,463262.41,73306.99,4000.18,0.0,579078.0125
Gabriel Monteiro,GABRIEL MONTEIRO,3130,2026,Setembro,9,524513.67,0.0,3161.08,1601.17,655642.0875
Garça,GARCA,3153,2026,Janeiro,1,2938984.29,4297840.88,23687.46,4792.27,3673730.3625
Garça,GARCA,3153,2026,Fevereiro,2,1878467.34,1858529.85,22765.74,391.18,2348084.175
Garça,GARCA,3153,2026,Março,3,4412835.51,1505833.84,20387.49,12904.2,5516044.387499999
Garça,GARCA,3153,2026,Abril,4,2824917.8,1292638.52,21934.31,0.0,3531147.2499999995
Garça,GARCA,3153,2026,Maio,5,2991646.84,1197000.2,20421.26,6512.25,3739558.55
Garça,GARCA,3153,2026,Junho,6,3719600.2,591484.09,32105.0,11517.8,4649500.25
Garça,GARCA,3153,2026,Julho,7,3022918.04,512223.47,30068.01,25081.65,3778647.55
Garça,GARCA,3153,2026,Agosto,8,3242697.56,526426.7,28000.05,0.0,4053371.9499999997
Garça,GARCA,3153,2026,Setembro,9,3671437.98,0.0,22126.63,11207.71,4589297.475
Gastão Vidigal,GASTAO VIDIGAL,3165,2026,Janeiro,1,547131.68,268276.25,4356.58,901.76,683914.6
Gastão Vidigal,GASTAO VIDIGAL,3165,2026,Fevereiro,2,353469.7,116408.15,4283.81,73.61,441837.125
Gastão Vidigal,GASTAO VIDIGAL,3165,2026,Março,3,830359.74,90648.49,3836.3,2428.17,1037949.6749999999
Gastão Vidigal,GASTAO VIDIGAL,3165,2026,Abril,4,531562.53,54440.76,4127.36,0.0,664453.1625
Gastão Vidigal,GASTAO VIDIGAL,3165,2026,Maio,5,562935.8,64702.22,3842.65,1225.41,703669.75
Gastão Vidigal,GASTAO VIDIGAL,3165,2026,Junho,6,699914.2,21108.41,6041.17,2167.3,874892.7499999999
Gastão Vidigal,GASTAO VIDIGAL,3165,2026,Julho,7,568820.08,26730.15,5657.87,4719.59,711025.0999999999
Gastão Vidigal,GASTAO VIDIGAL,3165,2026,Agosto,8,610175.81,25026.36,5268.75,0.0,762719.7625000001
Gastão Vidigal,GASTAO VIDIGAL,3165,2026,Setembro,9,690851.55,0.0,4163.55,2108.95,863564.4375
Gavião Peixoto,GAVIAO PEIXOTO,7870,2026,Janeiro,1,1175135.6,591924.05,10557.7,1719.74,1468919.5
Gavião Peixoto,GAVIAO PEIXOTO,7870,2026,Fevereiro,2,674102.05,135603.63,8169.66,140.38,842627.5625
Gavião Peixoto,GAVIAO PEIXOTO,7870,2026,Março,3,1583579.03,113297.14,7316.2,4630.77,1979473.7874999999
Gavião Peixoto,GAVIAO PEIXOTO,7870,2026,Abril,4,1013742.88,99530.1,7871.29,0.0,1267178.5999999999
Gavião Peixoto,GAVIAO PEIXOTO,7870,2026,Maio,5,1073574.84,103607.48,7328.32,2336.97,1341968.55
Gavião Peixoto,GAVIAO PEIXOTO,7870,2026,Junho,6,1334806.35,44078.78,11521.12,4133.25,1668507.9375
Gavião Peixoto,GAVIAO PEIXOTO,7870,2026,Julho,7,1084796.75,28766.65,10790.13,9000.74,1355995.9375
Gavião Peixoto,GAVIAO PEIXOTO,7870,2026,Agosto,8,1163666.27,38081.61,10048.03,0.0,1454582.8375
Gavião Peixoto,GAVIAO PEIXOTO,7870,2026,Setembro,9,1317522.98,0.0,7940.31,4021.97,1646903.7249999999
General Salgado,GENERAL SALGADO,3177,2026,Janeiro,1,1110773.14,1205665.35,9057.95,1792.16,1388466.4249999998
General Salgado,GENERAL SALGADO,3177,2026,Fevereiro,2,702486.92,458056.56,8513.66,146.29,878108.65
General Salgado,GENERAL SALGADO,3177,2026,Março,3,1650259.85,378505.37,7624.27,4825.76,2062824.8125
General Salgado,GENERAL SALGADO,3177,2026,Abril,4,1056429.23,307486.4,8202.73,0.0,1320536.5374999999
General Salgado,GENERAL SALGADO,3177,2026,Maio,5,1118780.58,294443.54,7636.9,2435.37,1398475.725
General Salgado,GENERAL SALGADO,3177,2026,Junho,6,1391011.94,97467.78,12006.25,4307.29,1738764.9249999998
General Salgado,GENERAL SALGADO,3177,2026,Julho,7,1130475.01,129332.01,11244.48,9379.74,1413093.7625
General Salgado,GENERAL SALGADO,3177,2026,Agosto,8,1212665.54,137778.55,10471.13,0.0,1515831.925
General Salgado,GENERAL SALGADO,3177,2026,Setembro,9,1373000.8,0.0,8274.65,4191.33,1716251.0
Getulina,GETULINA,3189,2026,Janeiro,1,1174720.67,552974.96,9501.73,1909.38,1468400.8375
Getulina,GETULINA,3189,2026,Fevereiro,2,748434.75,259184.46,9070.52,155.86,935543.4375
Getulina,GETULINA,3189,2026,Março,3,1758199.03,220763.36,8122.95,5141.4,2197748.7875
Getulina,GETULINA,3189,2026,Abril,4,1125527.51,185086.43,8739.25,0.0,1406909.3875
Getulina,GETULINA,3189,2026,Maio,5,1191957.09,178646.37,8136.41,2594.67,1489946.3625
Getulina,GETULINA,3189,2026,Junho,6,1481994.39,61262.89,12791.54,4589.02,1852492.9874999998
Getulina,GETULINA,3189,2026,Julho,7,1204416.43,49377.19,11979.95,9993.24,1505520.5374999999
Getulina,GETULINA,3189,2026,Agosto,8,1291982.83,43080.34,11156.02,0.0,1614978.5375
Getulina,GETULINA,3189,2026,Setembro,9,1462805.19,0.0,8815.88,4465.47,1828506.4874999998
Glicério,GLICERIO,3190,2026,Janeiro,1,831796.1,348846.71,6798.25,1339.29,1039745.1249999999
Glicério,GLICERIO,3190,2026,Fevereiro,2,524972.09,116164.94,6362.3,109.32,656215.1124999999
Glicério,GLICERIO,3190,2026,Março,3,1233247.68,106965.02,5697.66,3606.31,1541559.5999999999
Glicério,GLICERIO,3190,2026,Abril,4,789475.0,102258.34,6129.94,0.0,986843.75
Glicério,GLICERIO,3190,2026,Maio,5,836070.48,80632.94,5707.09,1819.97,1045088.1
Glicério,GLICERIO,3190,2026,Junho,6,1039510.38,16534.52,8972.33,3218.86,1299387.9749999999
Glicério,GLICERIO,3190,2026,Julho,7,844809.79,26697.11,8403.06,7009.53,1056012.2375
Glicério,GLICERIO,3190,2026,Agosto,8,906231.2,30908.33,7825.13,0.0,1132788.9999999998
Glicério,GLICERIO,3190,2026,Setembro,9,1026050.56,0.0,6183.69,3132.2,1282563.2
Guaimbé,GUAIMBE,3219,2026,Janeiro,1,637557.45,290436.19,5151.93,1037.17,796946.8124999999
Guaimbé,GUAIMBE,3219,2026,Fevereiro,2,406549.81,121155.84,4927.11,84.66,508187.26249999995
Guaimbé,GUAIMBE,3219,2026,Março,3,955053.85,117076.49,4412.39,2792.81,1193817.3125
Guaimbé,GUAIMBE,3219,2026,Abril,4,611386.63,93773.36,4747.16,0.0,764233.2875
Guaimbé,GUAIMBE,3219,2026,Maio,5,647471.18,78320.14,4419.7,1409.42,809338.975
Guaimbé,GUAIMBE,3219,2026,Junho,6,805019.47,25171.54,6948.37,2492.76,1006274.3374999999
Guaimbé,GUAIMBE,3219,2026,Julho,7,654239.09,26548.4,6507.51,5428.33,817798.8624999999
Guaimbé,GUAIMBE,3219,2026,Agosto,8,701805.17,30690.03,6059.95,0.0,877256.4625
Guaimbé,GUAIMBE,3219,2026,Setembro,9,794595.89,0.0,4788.79,2425.64,993244.8624999999
Guaiçara,GUAICARA,3207,2026,Janeiro,1,1266474.04,633008.83,10204.14,2065.69,1583092.55
Guaiçara,GUAICARA,3207,2026,Fevereiro,2,809708.31,316924.29,9813.11,168.62,1012135.3875000001
Guaiçara,GUAICARA,3207,2026,Março,3,1902140.92,258978.57,8787.97,5562.32,2377676.15
Guaiçara,GUAICARA,3207,2026,Abril,4,1217673.25,203286.21,9454.72,0.0,1522091.5625
Guaiçara,GUAICARA,3207,2026,Maio,5,1289541.35,199275.34,8802.53,2807.09,1611926.6875
Guaiçara,GUAICARA,3207,2026,Junho,6,1603323.7,65985.73,13838.77,4964.72,2004154.6249999998
Guaiçara,GUAICARA,3207,2026,Julho,7,1303020.72,81783.15,12960.74,10811.38,1628775.9
Guaiçara,GUAICARA,3207,2026,Agosto,8,1397756.09,84430.07,12069.35,0.0,1747195.1125
Guaiçara,GUAICARA,3207,2026,Setembro,9,1582563.5,0.0,9537.62,4831.05,1978204.375
Guapiara,GUAPIARA,3244,2026,Janeiro,1,1434393.8,958494.04,11543.77,2341.99,1792992.25
Guapiara,GUAPIARA,3244,2026,Fevereiro,2,918010.43,326834.76,11125.66,191.17,1147513.0375
Guapiara,GUAPIARA,3244,2026,Março,3,2156560.79,289638.17,9963.4,6306.31,2695700.9875
Guapiara,GUAPIARA,3244,2026,Abril,4,1380542.5,228833.28,10719.34,0.0,1725678.125
Guapiara,GUAPIARA,3244,2026,Maio,5,1462023.28,221411.73,9979.91,3182.55,1827529.0999999999
Guapiara,GUAPIARA,3244,2026,Junho,6,1817775.43,78542.52,15689.77,5628.77,2272219.2874999996
Guapiara,GUAPIARA,3244,2026,Julho,7,1477305.58,93931.9,14694.29,12257.45,1846631.975
Guapiara,GUAPIARA,3244,2026,Agosto,8,1584712.23,87600.81,13683.68,0.0,1980890.2874999999
Guapiara,GUAPIARA,3244,2026,Setembro,9,1794238.46,0.0,10813.32,5477.23,2242798.0749999997
Guapiaçu,GUAPIACU,3232,2026,Janeiro,1,2243583.49,2252046.02,18076.52,3659.48,2804479.3625000003
Guapiaçu,GUAPIACU,3232,2026,Fevereiro,2,1434436.98,975427.53,17384.4,298.72,1793046.2249999999
Guapiaçu,GUAPIACU,3232,2026,Março,3,3369733.57,818161.02,15568.31,9853.92,4212166.962499999
Guapiaçu,GUAPIACU,3232,2026,Abril,4,2157166.37,704979.48,16749.5,0.0,2696457.9625
Guapiaçu,GUAPIACU,3232,2026,Maio,5,2284484.15,658421.02,15594.1,4972.89,2855605.1874999995
Guapiaçu,GUAPIACU,3232,2026,Junho,6,2840364.58,204297.13,24516.05,8795.23,3550455.725
Guapiaçu,GUAPIACU,3232,2026,Julho,7,2308363.5,217527.69,22960.56,19152.87,2885454.375
Guapiaçu,GUAPIACU,3232,2026,Agosto,8,2476191.74,212155.26,21381.42,0.0,3095239.6750000003
Guapiaçu,GUAPIACU,3232,2026,Setembro,9,2803586.9,0.0,16896.36,8558.44,3504483.6249999995
Guaraci,GUARACI,3270,2026,Janeiro,1,2178386.88,838904.4,17605.71,3543.29,2722983.5999999996
Guaraci,GUARACI,3270,2026,Fevereiro,2,1388892.59,384315.53,16832.43,289.23,1736115.7375
Guaraci,GUARACI,3270,2026,Março,3,3262742.13,331700.16,15074.01,9541.05,4078427.6624999996
Guaraci,GUARACI,3270,2026,Abril,4,2088674.8,261215.21,16217.69,0.0,2610843.5
Guaraci,GUARACI,3270,2026,Maio,5,2211950.15,259496.23,15098.98,4815.0,2764937.6874999995
Guaraci,GUARACI,3270,2026,Junho,6,2750180.98,84751.14,23737.65,8515.98,3437726.2249999996
Guaraci,GUARACI,3270,2026,Julho,7,2235071.31,110220.28,22231.55,18544.76,2793839.1374999997
Guaraci,GUARACI,3270,2026,Agosto,8,2397570.88,88659.01,20702.55,0.0,2996963.5999999996
Guaraci,GUARACI,3270,2026,Setembro,9,2714571.01,0.0,16359.89,8286.71,3393213.7624999997
Guarani D'Oeste,GUARANI DOESTE,3281,2026,Janeiro,1,295356.37,151337.5,2368.96,483.69,369195.46249999997
Guarani D'Oeste,GUARANI DOESTE,3281,2026,Fevereiro,2,189595.94,65285.38,2297.77,39.48,236994.925
Guarani D'Oeste,GUARANI DOESTE,3281,2026,Março,3,445392.73,82205.85,2057.73,1302.44,556740.9125
Guarani D'Oeste,GUARANI DOESTE,3281,2026,Abril,4,285122.31,58519.98,2213.86,0.0,356402.88749999995
Guarani D'Oeste,GUARANI DOESTE,3281,2026,Maio,5,301950.47,64464.28,2061.14,657.29,377438.08749999997
Guarani D'Oeste,GUARANI DOESTE,3281,2026,Junho,6,375423.67,12728.29,3240.4,1162.51,469279.58749999997
Guarani D'Oeste,GUARANI DOESTE,3281,2026,Julho,7,305106.71,20310.95,3034.8,2531.52,381383.3875
Guarani D'Oeste,GUARANI DOESTE,3281,2026,Agosto,8,327289.32,15579.38,2826.08,0.0,409111.64999999997
Guarani D'Oeste,GUARANI DOESTE,3281,2026,Setembro,9,370562.6,0.0,2233.27,1131.21,463203.24999999994
Guarantã,GUARANTA,3293,2026,Janeiro,1,846766.35,489186.07,6856.78,1374.93,1058457.9375
Guarantã,GUARANTA,3293,2026,Fevereiro,2,538943.24,171563.74,6531.62,112.23,673679.0499999999
Guarantã,GUARANTA,3293,2026,Março,3,1266068.27,122930.06,5849.29,3702.29,1582585.3375
Guarantã,GUARANTA,3293,2026,Abril,4,810485.41,122078.91,6293.08,0.0,1013106.7625
Guarantã,GUARANTA,3293,2026,Maio,5,858320.94,95757.55,5858.98,1868.4,1072901.1749999998
Guarantã,GUARANTA,3293,2026,Junho,6,1067175.01,28212.1,9211.11,3304.52,1333968.7625
Guarantã,GUARANTA,3293,2026,Julho,7,867292.83,44257.26,8626.69,7196.07,1084116.0374999999
Guarantã,GUARANTA,3293,2026,Agosto,8,930348.86,46069.49,8033.38,0.0,1162936.075
Guarantã,GUARANTA,3293,2026,Setembro,9,1053356.99,0.0,6348.26,3215.56,1316696.2374999998
Guararapes,GUARARAPES,3300,2026,Janeiro,1,3529938.08,3420961.12,28619.99,5725.21,4412422.6
Guararapes,GUARARAPES,3300,2026,Fevereiro,2,2244159.97,1223539.82,27197.69,467.34,2805199.9625
Guararapes,GUARARAPES,3300,2026,Março,3,5271908.96,1111248.32,24356.44,15416.34,6589886.199999999
Guararapes,GUARARAPES,3300,2026,Abril,4,3374861.68,897884.5,26204.39,0.0,4218577.1
Guararapes,GUARARAPES,3300,2026,Maio,5,3574048.87,888372.56,24396.79,7780.03,4467561.087499999
Guararapes,GUARARAPES,3300,2026,Junho,6,4443717.33,238781.95,38355.07,13760.04,5554646.6625
Guararapes,GUARARAPES,3300,2026,Julho,7,3611407.82,332970.49,35921.54,29964.45,4514259.774999999
Guararapes,GUARARAPES,3300,2026,Agosto,8,3873973.15,400399.71,33450.99,0.0,4842466.4375
Guararapes,GUARARAPES,3300,2026,Setembro,9,4386179.07,0.0,26434.15,13389.58,5482723.8375
Guararema,GUARAREMA,3311,2026,Janeiro,1,3705797.22,3397424.35,29851.32,6045.6,4632246.525
Guararema,GUARAREMA,3311,2026,Fevereiro,2,2369746.31,1520201.5,28719.71,493.49,2962182.8874999997
Guararema,GUARAREMA,3311,2026,Março,3,5566932.39,1182103.61,25719.46,16279.06,6958665.487499999
Guararema,GUARAREMA,3311,2026,Abril,4,3563723.68,1044779.56,27670.83,0.0,4454654.6
Guararema,GUARAREMA,3311,2026,Maio,5,3774057.66,888348.41,25762.07,8215.41,4717572.075
Guararema,GUARAREMA,3311,2026,Junho,6,4692393.99,296250.01,40501.47,14530.07,5865492.4875
Guararema,GUARAREMA,3311,2026,Julho,7,3813507.28,405850.58,37931.76,31641.3,4766884.1
Guararema,GUARAREMA,3311,2026,Agosto,8,4090766.13,454019.94,35322.95,0.0,5113457.6625
Guararema,GUARAREMA,3311,2026,Setembro,9,4631635.81,0.0,27913.45,14138.88,5789544.762499999
Guaratinguetá,GUARATINGUETA,3323,2026,Janeiro,1,9755386.83,13108063.98,77948.78,16029.43,12194233.5375
Guaratinguetá,GUARATINGUETA,3323,2026,Fevereiro,2,6283195.07,5581223.01,76148.04,1308.46,7853993.8375
Guaratinguetá,GUARATINGUETA,3323,2026,Março,3,14760281.31,4387239.74,68193.12,43162.63,18450351.6375
Guaratinguetá,GUARATINGUETA,3323,2026,Abril,4,9448931.71,3663070.39,73367.01,0.0,11811164.637500001
Guaratinguetá,GUARATINGUETA,3323,2026,Maio,5,10006615.66,3207637.95,68306.08,21782.52,12508269.575
Guaratinguetá,GUARATINGUETA,3323,2026,Junho,6,12441511.86,1032695.24,107386.46,38525.33,15551889.825
Guaratinguetá,GUARATINGUETA,3323,2026,Julho,7,10111213.2,1179687.16,100573.05,83894.4,12639016.499999998
Guaratinguetá,GUARATINGUETA,3323,2026,Agosto,8,10846343.13,1111747.53,93656.02,0.0,13557928.9125
Guaratinguetá,GUARATINGUETA,3323,2026,Setembro,9,12280416.34,0.0,74010.29,37488.13,15350520.424999999
Guaraçaí,GUARACAI,3268,2026,Janeiro,1,1218115.89,765903.45,9826.67,1984.62,1522644.8624999998
Guaraçaí,GUARACAI,3268,2026,Fevereiro,2,777929.68,283192.66,9427.98,162.0,972412.1
Guaraçaí,GUARACAI,3268,2026,Março,3,1827487.58,246219.4,8443.07,5344.02,2284359.475
Guaraçaí,GUARACAI,3268,2026,Abril,4,1169883.21,178272.83,9083.65,0.0,1462354.0125
Guaraçaí,GUARACAI,3268,2026,Maio,5,1238930.71,155233.28,8457.06,2696.92,1548663.3875
Guaraçaí,GUARACAI,3268,2026,Junho,6,1540398.04,61639.11,13295.64,4769.87,1925497.55
Guaraçaí,GUARACAI,3268,2026,Julho,7,1251881.05,68639.43,12452.07,10387.06,1564851.3125
Guaraçaí,GUARACAI,3268,2026,Agosto,8,1342898.35,70755.82,11595.66,0.0,1678622.9375
Guaraçaí,GUARACAI,3268,2026,Setembro,9,1520452.62,0.0,9163.3,4641.45,1900565.7750000001
Guareí,GUAREI,3335,2026,Janeiro,1,1383332.14,961432.36,11221.18,2242.65,1729165.1749999998
Guareí,GUAREI,3335,2026,Fevereiro,2,879070.18,356447.52,10653.73,183.06,1098837.725
Guareí,GUAREI,3335,2026,Março,3,2065083.6,327575.15,9540.77,6038.8,2581354.5
Guareí,GUAREI,3335,2026,Abril,4,1321982.52,237047.79,10264.64,0.0,1652478.15
Guareí,GUAREI,3335,2026,Maio,5,1400007.05,226900.81,9556.58,3047.55,1750008.8125
Guareí,GUAREI,3335,2026,Junho,6,1740668.86,72245.33,15024.24,5390.01,2175836.075
Guareí,GUAREI,3335,2026,Julho,7,1414641.09,87104.56,14070.99,11737.51,1768301.3625
Guareí,GUAREI,3335,2026,Agosto,8,1517491.76,103740.74,13103.24,0.0,1896864.7
Guareí,GUAREI,3335,2026,Setembro,9,1718130.29,0.0,10354.64,5244.9,2147662.8625
Guariba,GUARIBA,3347,2026,Janeiro,1,2599488.0,3030947.51,21005.92,4228.8,3249360.0
Guariba,GUARIBA,3347,2026,Fevereiro,2,1657598.9,1185288.45,20088.97,345.19,2071998.6249999998
Guariba,GUARIBA,3347,2026,Março,3,3893978.43,1091315.73,17990.34,11386.93,4867473.0375
Guariba,GUARIBA,3347,2026,Abril,4,2492766.6,897263.84,19355.29,0.0,3115958.25
Guariba,GUARIBA,3347,2026,Maio,5,2639891.79,843612.83,18020.15,5746.55,3299864.7375
Guariba,GUARIBA,3347,2026,Junho,6,3282253.08,310032.51,28330.12,10163.55,4102816.35
Guariba,GUARIBA,3347,2026,Julho,7,2667486.16,348175.69,26532.64,22132.57,3334357.7
Guariba,GUARIBA,3347,2026,Agosto,8,2861424.2,459866.36,24707.83,0.0,3576780.25
Guariba,GUARIBA,3347,2026,Setembro,9,3239753.72,0.0,19525.0,9889.92,4049692.15
Guarujá,GUARUJA,3359,2026,Janeiro,1,13487729.55,18570633.76,109518.07,21846.39,16859661.9375
Guarujá,GUARUJA,3359,2026,Fevereiro,2,8563319.64,9214726.35,103781.59,1783.28,10704149.55
Guarujá,GUARUJA,3359,2026,Março,3,20116677.15,7744881.09,92939.89,58826.03,25145846.437499996
Guarujá,GUARUJA,3359,2026,Abril,4,12877878.45,6487982.45,99991.35,0.0,16097348.062499998
Guarujá,GUARUJA,3359,2026,Maio,5,13637941.73,5510240.68,93093.85,29687.23,17047427.162499998
Guarujá,GUARUJA,3359,2026,Junho,6,16956443.58,2408878.59,146356.2,52505.89,21195554.474999998
Guarujá,GUARUJA,3359,2026,Julho,7,13780496.94,2457694.67,137070.26,114339.06,17225621.174999997
Guarujá,GUARUJA,3359,2026,Agosto,8,14782400.04,2670792.27,127643.09,0.0,18478000.049999997
Guarujá,GUARUJA,3359,2026,Setembro,9,16736887.71,0.0,100868.08,51092.3,20921109.6375
Guarulhos,GUARULHOS,3360,2026,Janeiro,1,134388231.07,125259761.28,1087534.33,218336.23,167985288.83749998
Guarulhos,GUARULHOS,3360,2026,Fevereiro,2,85583150.58,59127606.71,1037209.4,17822.42,106978938.225
Guarulhos,GUARULHOS,3360,2026,Março,3,201049205.56,50797383.95,928855.77,587916.5,251311506.95
Guarulhos,GUARULHOS,3360,2026,Abril,4,128703523.61,40717324.29,999329.14,0.0,160879404.5125
Guarulhos,GUARULHOS,3360,2026,Maio,5,136299714.43,37002323.05,930394.46,296698.79,170374643.0375
Guarulhos,GUARULHOS,3360,2026,Junho,6,169465338.88,14023928.4,1462706.68,524752.04,211831673.6
Guarulhos,GUARULHOS,3360,2026,Julho,7,137724433.4,16669371.24,1369901.55,1142722.34,172155541.75
Guarulhos,GUARULHOS,3360,2026,Agosto,8,147737609.07,16869381.3,1275684.96,0.0,184672011.33749998
Guarulhos,GUARULHOS,3360,2026,Setembro,9,167271063.3,0.0,1008091.29,510624.37,209088829.125
Guará,GUARA,3256,2026,Janeiro,1,2351431.2,1634993.27,18972.82,3830.44,2939289.0
Guará,GUARA,3256,2026,Fevereiro,2,1501449.13,636568.03,18196.54,312.67,1876811.4124999999
Guará,GUARA,3256,2026,Março,3,3527156.37,479352.0,16295.61,10314.26,4408945.462499999
Guará,GUARA,3256,2026,Abril,4,2257942.04,412047.93,17531.98,0.0,2822427.55
Guará,GUARA,3256,2026,Maio,5,2391207.69,395900.37,16322.6,5205.21,2989009.6125
Guará,GUARA,3256,2026,Junho,6,2973057.01,158484.75,25661.36,9206.12,3716321.2624999997
Guará,GUARA,3256,2026,Julho,7,2416202.6,173853.31,24033.21,20047.63,3020253.25
Guará,GUARA,3256,2026,Agosto,8,2591871.22,231641.17,22380.29,0.0,3239839.025
Guará,GUARA,3256,2026,Setembro,9,2934561.19,0.0,17685.7,8958.26,3668201.4875
Guatapará,GUATAPARA,7262,2026,Janeiro,1,1152191.27,570836.88,9272.63,1881.23,1440239.0875
Guatapará,GUATAPARA,7262,2026,Fevereiro,2,737402.58,186730.91,8936.82,153.56,921753.2249999999
Guatapará,GUATAPARA,7262,2026,Março,3,1732282.6,146905.66,8003.22,5065.61,2165353.25
Guatapará,GUATAPARA,7262,2026,Abril,4,1108936.86,134280.4,8610.43,0.0,1386171.075
Guatapará,GUATAPARA,7262,2026,Maio,5,1174387.25,119303.37,8016.48,2556.42,1467984.0625
Guatapará,GUATAPARA,7262,2026,Junho,6,1460149.31,24058.52,12602.99,4521.37,1825186.6375
Guatapará,GUATAPARA,7262,2026,Julho,7,1186662.93,42088.36,11803.36,9845.94,1483328.6624999999
Guatapará,GUATAPARA,7262,2026,Agosto,8,1272938.58,66255.26,10991.57,0.0,1591173.225
Guatapará,GUATAPARA,7262,2026,Setembro,9,1441242.96,0.0,8685.93,4399.65,1801553.7
Guaíra,GUAIRA,3220,2026,Janeiro,1,7438937.68,6426469.17,60126.83,12098.93,9298672.1
Guaíra,GUAIRA,3220,2026,Fevereiro,2,4742524.51,1935529.14,57476.16,987.62,5928155.637499999
Guaíra,GUAIRA,3220,2026,Março,3,11140987.2,1715404.57,51471.83,32578.94,13926233.999999998
Guaíra,GUAIRA,3220,2026,Abril,4,7132006.84,1267513.29,55377.06,0.0,8915008.549999999
Guaíra,GUAIRA,3220,2026,Maio,5,7552943.91,1329673.69,51557.09,16441.34,9441179.8875
Guaíra,GUAIRA,3220,2026,Junho,6,9390791.5,380711.42,81054.77,29078.73,11738489.375
Guaíra,GUAIRA,3220,2026,Julho,7,7631893.62,676864.81,75912.04,63323.08,9539867.025
Guaíra,GUAIRA,3220,2026,Agosto,8,8186766.06,676122.47,70691.1,0.0,10233457.575
Guaíra,GUAIRA,3220,2026,Setembro,9,9269197.41,0.0,55862.6,28295.86,11586496.7625
Guzolândia,GUZOLANDIA,3372,2026,Janeiro,1,657114.2,379705.37,5248.32,1080.13,821392.7499999999
Guzolândia,GUZOLANDIA,3372,2026,Fevereiro,2,423389.04,120399.07,5131.19,88.17,529236.2999999999
Guzolândia,GUZOLANDIA,3372,2026,Março,3,994612.02,91182.17,4595.15,2908.49,1243265.025
Guzolândia,GUZOLANDIA,3372,2026,Abril,4,636710.16,90921.57,4943.79,0.0,795887.7
Guzolândia,GUZOLANDIA,3372,2026,Maio,5,674289.33,73994.2,4602.76,1467.8,842861.6624999999
Guzolândia,GUZOLANDIA,3372,2026,Junho,6,838363.24,37398.16,7236.17,2596.0,1047954.0499999999
Guzolândia,GUZOLANDIA,3372,2026,Julho,7,681337.57,30295.02,6777.05,5653.17,851671.9624999999
Guzolândia,GUZOLANDIA,3372,2026,Agosto,8,730873.82,37848.27,6310.95,0.0,913592.2749999999
Guzolândia,GUZOLANDIA,3372,2026,Setembro,9,827507.92,0.0,4987.14,2526.11,1034384.9
Gália,GALIA,3141,2026,Janeiro,1,776761.96,560297.41,6276.71,1263.65,970952.45
Gália,GALIA,3141,2026,Fevereiro,2,495323.12,221792.7,6002.98,103.15,619153.8999999999
Gália,GALIA,3141,2026,Março,3,1163597.27,172484.92,5375.87,3402.64,1454496.5875
Gália,GALIA,3141,2026,Abril,4,744887.64,134651.36,5783.74,0.0,931109.5499999999
Gália,GALIA,3141,2026,Maio,5,788851.54,117428.27,5384.77,1717.18,986064.425
Gália,GALIA,3141,2026,Junho,6,980801.71,50189.6,8465.6,3037.07,1226002.1375
Gália,GALIA,3141,2026,Julho,7,797097.28,48276.73,7928.48,6613.65,996371.6
Gália,GALIA,3141,2026,Agosto,8,855049.78,59313.58,7383.19,0.0,1068812.2249999999
Gália,GALIA,3141,2026,Setembro,9,968102.07,0.0,5834.45,2955.3,1210127.5875
Herculândia,HERCULANDIA,3384,2026,Janeiro,1,1251469.6,969040.71,10119.33,2034.7,1564337.0
Herculândia,HERCULANDIA,3384,2026,Fevereiro,2,797558.74,382093.17,9665.87,166.09,996948.4249999999
Herculândia,HERCULANDIA,3384,2026,Março,3,1873599.53,335598.66,8656.11,5478.86,2341999.4125
Herculândia,HERCULANDIA,3384,2026,Abril,4,1199402.21,267657.68,9312.86,0.0,1499252.7625
Herculândia,HERCULANDIA,3384,2026,Maio,5,1270191.94,250337.79,8670.45,2764.97,1587739.9249999998
Herculândia,HERCULANDIA,3384,2026,Junho,6,1579266.02,78091.72,13631.12,4890.22,1974082.525
Herculândia,HERCULANDIA,3384,2026,Julho,7,1283469.05,116859.48,12766.26,10649.15,1604336.3125
Herculândia,HERCULANDIA,3384,2026,Agosto,8,1376782.93,122174.28,11888.25,0.0,1720978.6624999999
Herculândia,HERCULANDIA,3384,2026,Setembro,9,1558817.33,0.0,9394.51,4758.56,1948521.6625
Holambra,HOLAMBRA,7470,2026,Janeiro,1,3262022.7,3904695.36,26296.03,5318.11,4077528.375
Holambra,HOLAMBRA,7470,2026,Fevereiro,2,2084587.09,1196230.18,25263.77,434.11,2605733.8625
Holambra,HOLAMBRA,7470,2026,Março,3,4897045.45,990845.49,22624.56,14320.15,6121306.8125
Holambra,HOLAMBRA,7470,2026,Abril,4,3134889.31,820549.47,24341.11,0.0,3918611.6374999997
Holambra,HOLAMBRA,7470,2026,Maio,5,3319913.13,771859.21,22662.03,7226.83,4149891.4124999996
Holambra,HOLAMBRA,7470,2026,Junho,6,4127743.08,203607.66,35627.8,12781.62,5159678.85
Holambra,HOLAMBRA,7470,2026,Julho,7,3354615.65,278888.34,33367.31,27833.8,4193269.5624999995
Holambra,HOLAMBRA,7470,2026,Agosto,8,3598511.05,250781.78,31072.43,0.0,4498138.812499999
Holambra,HOLAMBRA,7470,2026,Setembro,9,4074296.13,0.0,24554.53,12437.51,5092870.1625
Hortolândia,HORTOLANDIA,7481,2026,Janeiro,1,21622162.72,19324414.44,177599.67,34654.65,27027703.4
Hortolândia,HORTOLANDIA,7481,2026,Fevereiro,2,13583885.75,9942600.42,164627.43,2828.8,16979857.1875
Hortolândia,HORTOLANDIA,7481,2026,Março,3,31910830.82,8327201.03,147429.38,93314.99,39888538.525
Hortolândia,HORTOLANDIA,7481,2026,Abril,4,20428015.9,6856912.99,158615.02,0.0,25535019.874999996
Hortolândia,HORTOLANDIA,7481,2026,Maio,5,21633694.67,5923892.92,147673.6,47092.48,27042118.337500002
Hortolândia,HORTOLANDIA,7481,2026,Junho,6,26897792.23,2227525.85,232162.99,83289.43,33622240.2875
Hortolândia,HORTOLANDIA,7481,2026,Julho,7,21859828.2,2770105.28,217432.82,181374.6,27324785.249999996
Hortolândia,HORTOLANDIA,7481,2026,Agosto,8,23449134.43,2719387.14,202478.63,0.0,29311418.037499998
Hortolândia,HORTOLANDIA,7481,2026,Setembro,9,26549513.52,0.0,160005.76,81047.06,33186891.9
Iacanga,IACANGA,3396,2026,Janeiro,1,1765794.62,1297814.29,14396.22,2849.56,2207243.275
Iacanga,IACANGA,3396,2026,Fevereiro,2,1116968.56,471531.83,13536.9,232.61,1396210.7
Iacanga,IACANGA,3396,2026,Março,3,2623946.88,381474.79,12122.74,7673.06,3279933.5999999996
Iacanga,IACANGA,3396,2026,Abril,4,1679744.06,354206.86,13042.51,0.0,2099680.0749999997
Iacanga,IACANGA,3396,2026,Maio,5,1778883.97,336274.77,12142.83,3872.3,2223604.9625
Iacanga,IACANGA,3396,2026,Junho,6,2211737.4,93244.38,19090.18,6848.68,2764671.7499999995
Iacanga,IACANGA,3396,2026,Julho,7,1797478.36,123103.31,17878.95,14913.97,2246847.95
Iacanga,IACANGA,3396,2026,Agosto,8,1928162.99,130354.81,16649.31,0.0,2410203.7375
Iacanga,IACANGA,3396,2026,Setembro,9,2183099.32,0.0,13156.87,6664.3,2728874.1499999994
Iacri,IACRI,3402,2026,Janeiro,1,931578.34,768687.62,7531.86,1514.76,1164472.9249999998
Iacri,IACRI,3402,2026,Fevereiro,2,593752.03,225004.14,7195.87,123.65,742190.0375
Iacri,IACRI,3402,2026,Março,3,1394823.31,181232.17,6444.14,4078.8,1743529.1375
Iacri,IACRI,3402,2026,Abril,4,892909.15,140461.01,6933.07,0.0,1116136.4375
Iacri,IACRI,3402,2026,Maio,5,945609.4,166889.07,6454.82,2058.41,1182011.75
Iacri,IACRI,3402,2026,Junho,6,1175703.25,55712.36,10147.85,3640.58,1469629.0625
Iacri,IACRI,3402,2026,Julho,7,955493.7,73644.15,9503.99,7927.89,1194367.1249999998
Iacri,IACRI,3402,2026,Agosto,8,1024962.32,86159.31,8850.35,0.0,1281202.9
Iacri,IACRI,3402,2026,Setembro,9,1160479.98,0.0,6993.86,3542.57,1450599.9749999999
Iaras,IARAS,7274,2026,Janeiro,1,1001437.81,301887.53,8023.69,1641.54,1251797.2625
Iaras,IARAS,7274,2026,Fevereiro,2,643450.6,117260.25,7798.18,134.0,804313.2499999999
Iaras,IARAS,7274,2026,Março,3,1511573.62,109841.82,6983.53,4420.21,1889467.0250000001
Iaras,IARAS,7274,2026,Abril,4,967647.95,79720.3,7513.38,0.0,1209559.9374999998
Iaras,IARAS,7274,2026,Maio,5,1024759.35,77505.61,6995.1,2230.71,1280949.1875
Iaras,IARAS,7274,2026,Junho,6,1274112.65,24777.22,10997.25,3945.31,1592640.8124999998
Iaras,IARAS,7274,2026,Julho,7,1035470.99,56261.54,10299.5,8591.47,1294338.7374999998
Iaras,IARAS,7274,2026,Agosto,8,1110754.32,57303.66,9591.14,0.0,1388442.9
Iaras,IARAS,7274,2026,Setembro,9,1257615.15,0.0,7579.26,3839.09,1572018.9374999998
Ibaté,IBATE,3414,2026,Janeiro,1,2140030.17,2893522.47,17159.6,3505.5,2675037.7125
Ibaté,IBATE,3414,2026,Fevereiro,2,1374082.77,1111095.86,16652.95,286.15,1717603.4625
Ibaté,IBATE,3414,2026,Março,3,3227951.39,1038122.45,14913.27,9439.31,4034939.2375
Ibaté,IBATE,3414,2026,Abril,4,2066403.18,890715.56,16044.76,0.0,2583003.9749999996
Ibaté,IBATE,3414,2026,Maio,5,2188364.04,860316.49,14937.98,4763.66,2735455.05
Ibaté,IBATE,3414,2026,Junho,6,2720855.7,284555.0,23484.53,8425.17,3401069.625
Ibaté,IBATE,3414,2026,Julho,7,2211238.66,349462.56,21994.49,18347.01,2764048.325
Ibaté,IBATE,3414,2026,Agosto,8,2372005.5,359117.78,20481.8,0.0,2965006.875
Ibaté,IBATE,3414,2026,Setembro,9,2685625.44,0.0,16185.44,8198.34,3357031.8
Ibira,IBIRA,3426,2026,Janeiro,1,861996.46,1062924.81,6984.16,1398.93,1077495.575
Ibira,IBIRA,3426,2026,Fevereiro,2,548349.45,538016.4,6645.62,114.19,685436.8124999999
Ibira,IBIRA,3426,2026,Março,3,1288165.01,428216.94,5951.38,3766.91,1610206.2625
Ibira,IBIRA,3426,2026,Abril,4,824630.84,345107.2,6402.91,0.0,1030788.5499999999
Ibira,IBIRA,3426,2026,Maio,5,873301.25,316510.12,5961.24,1901.01,1091626.5625
Ibira,IBIRA,3426,2026,Junho,6,1085800.46,102460.82,9371.87,3362.2,1357250.575
Ibira,IBIRA,3426,2026,Julho,7,882429.73,116566.3,8777.25,7321.67,1103037.1624999999
Ibira,IBIRA,3426,2026,Agosto,8,946586.28,114779.51,8173.58,0.0,1183232.8499999999
Ibira,IBIRA,3426,2026,Setembro,9,1071741.27,0.0,6459.06,3271.68,1339676.5875
Ibirarema,IBIRAREMA,3438,2026,Janeiro,1,1068571.16,604942.66,8684.04,1729.45,1335713.9499999997
Ibirarema,IBIRAREMA,3438,2026,Fevereiro,2,677906.59,193333.78,8215.77,141.17,847383.2374999999
Ibirarema,IBIRAREMA,3438,2026,Março,3,1592516.52,187021.35,7357.49,4656.9,1990645.65
Ibirarema,IBIRAREMA,3438,2026,Abril,4,1019464.3,132447.85,7915.71,0.0,1274330.375
Ibirarema,IBIRAREMA,3438,2026,Maio,5,1079633.95,150455.49,7369.68,2350.16,1349542.4374999998
Ibirarema,IBIRAREMA,3438,2026,Junho,6,1342339.81,45017.34,11586.14,4156.58,1677924.7625
Ibirarema,IBIRAREMA,3438,2026,Julho,7,1090919.19,49418.56,10851.03,9051.54,1363648.9874999998
Ibirarema,IBIRAREMA,3438,2026,Agosto,8,1170233.84,57717.18,10104.74,0.0,1462792.3
Ibirarema,IBIRAREMA,3438,2026,Setembro,9,1324958.89,0.0,7985.12,4044.67,1656198.6124999998
Ibitinga,IBITINGA,3440,2026,Janeiro,1,4916345.07,6883397.17,39490.15,8040.81,6145431.3375
Ibitinga,IBITINGA,3440,2026,Fevereiro,2,3151827.73,2982381.88,38198.0,656.36,3939784.6624999996
Ibitinga,IBITINGA,3440,2026,Março,3,7404173.09,2485151.8,34207.59,21651.59,9255216.362499999
Ibitinga,IBITINGA,3440,2026,Abril,4,4739850.45,1982820.1,36802.96,0.0,5924813.0625
Ibitinga,IBITINGA,3440,2026,Maio,5,5019600.43,1757698.58,34264.26,10926.72,6274500.5375
Ibitinga,IBITINGA,3440,2026,Junho,6,6241012.98,687008.25,53868.07,19325.39,7801266.225000001
Ibitinga,IBITINGA,3440,2026,Julho,7,5072069.5,780900.13,50450.28,42083.8,6340086.875
Ibitinga,IBITINGA,3440,2026,Agosto,8,5440831.4,816868.3,46980.5,0.0,6801039.25
Ibitinga,IBITINGA,3440,2026,Setembro,9,6160202.93,0.0,37125.65,18805.1,7700253.6625
Ibiúna,IBIUNA,3451,2026,Janeiro,1,6726273.41,7130903.27,54011.67,11004.0,8407841.7625
Ibiúna,IBIUNA,3451,2026,Fevereiro,2,4313333.31,3203293.49,52274.66,898.24,5391666.637499999
Ibiúna,IBIUNA,3451,2026,Março,3,10132744.93,2727370.3,46813.71,29630.6,12665931.1625
Ibiúna,IBIUNA,3451,2026,Abril,4,6486571.15,2264132.38,50365.52,0.0,8108213.9375
Ibiúna,IBIUNA,3451,2026,Maio,5,6869414.06,2049635.5,46891.26,14953.42,8586767.575
Ibiúna,IBIUNA,3451,2026,Junho,6,8540939.26,718178.87,73719.43,26447.15,10676174.075
Ibiúna,IBIUNA,3451,2026,Julho,7,6941218.94,792109.31,69042.12,57592.44,8676523.675
Ibiúna,IBIUNA,3451,2026,Agosto,8,7445876.27,808483.65,64293.67,0.0,9307345.337499999
Ibiúna,IBIUNA,3451,2026,Setembro,9,8430349.25,0.0,50807.12,25735.13,10537936.5625
Icem,ICEM,3463,2026,Janeiro,1,2299828.82,698736.49,18896.86,3684.83,2874786.0249999994
Icem,ICEM,3463,2026,Fevereiro,2,1444376.21,253822.2,17504.85,300.79,1805470.2625
Icem,ICEM,3463,2026,Março,3,3393082.49,214988.09,15676.18,9922.19,4241353.1125
Icem,ICEM,3463,2026,Abril,4,2172113.39,192147.07,16865.55,0.0,2715141.7375
Icem,ICEM,3463,2026,Maio,5,2300313.36,149942.67,15702.15,5007.35,2875391.6999999997
Icem,ICEM,3463,2026,Junho,6,2860045.49,52610.37,24685.92,8856.18,3575056.8625000003
Icem,ICEM,3463,2026,Julho,7,2324358.17,94046.45,23119.66,19285.58,2905447.7125
Icem,ICEM,3463,2026,Agosto,8,2493349.29,77119.1,21529.58,0.0,3116686.6125
Icem,ICEM,3463,2026,Setembro,9,2823012.97,0.0,17013.43,8617.74,3528766.2125
Iepê,IEPE,3475,2026,Janeiro,1,1466516.24,663838.19,12266.65,2310.48,1833145.2999999998
Iepê,IEPE,3475,2026,Fevereiro,2,905660.36,244645.99,10975.99,188.6,1132075.45
Iepê,IEPE,3475,2026,Março,3,2127548.4,250120.3,9829.36,6221.47,2659435.4999999995
Iepê,IEPE,3475,2026,Abril,4,1361969.95,203021.5,10575.13,0.0,1702462.4374999998
Iepê,IEPE,3475,2026,Maio,5,1442354.57,194431.29,9845.65,3139.73,1802943.2125
Iepê,IEPE,3475,2026,Junho,6,1793320.74,87575.5,15478.69,5553.05,2241650.925
Iepê,IEPE,3475,2026,Julho,7,1457431.27,84906.8,14496.61,12092.55,1821789.0875
Iepê,IEPE,3475,2026,Agosto,8,1563392.97,87958.58,13499.59,0.0,1954241.2125
Iepê,IEPE,3475,2026,Setembro,9,1770100.42,0.0,10667.85,5403.54,2212625.525
Igarapava,IGARAPAVA,3499,2026,Janeiro,1,2971072.39,2044347.77,23772.95,4875.89,3713840.4875
Igarapava,IGARAPAVA,3499,2026,Fevereiro,2,1911246.0,891445.06,23163.0,398.01,2389057.5
Igarapava,IGARAPAVA,3499,2026,Março,3,4489838.11,793938.27,20743.24,13129.37,5612297.6375
Igarapava,IGARAPAVA,3499,2026,Abril,4,2874211.73,634681.56,22317.05,0.0,3592764.6624999996
Igarapava,IGARAPAVA,3499,2026,Maio,5,3043850.14,487835.19,20777.6,6625.89,3804812.675
Igarapava,IGARAPAVA,3499,2026,Junho,6,3784506.06,206426.46,32665.22,11718.78,4730632.575
Igarapava,IGARAPAVA,3499,2026,Julho,7,3075667.01,292611.28,30592.69,25519.32,3844583.7624999997
Igarapava,IGARAPAVA,3499,2026,Agosto,8,3299281.61,227681.84,28488.64,0.0,4124102.0124999997
Igarapava,IGARAPAVA,3499,2026,Setembro,9,3735503.42,0.0,22512.73,11403.28,4669379.274999999
Igaratá,IGARATA,3505,2026,Janeiro,1,835236.16,883860.18,6765.33,1355.86,1044045.2
Igaratá,IGARATA,3505,2026,Fevereiro,2,531468.65,402215.84,6441.04,110.68,664335.8125
Igaratá,IGARATA,3505,2026,Março,3,1248509.2,370380.51,5768.16,3650.94,1560636.4999999998
Igaratá,IGARATA,3505,2026,Abril,4,799244.8,289908.23,6205.8,0.0,999056.0
Igaratá,IGARATA,3505,2026,Maio,5,846416.91,277703.56,5777.72,1842.49,1058021.1375
Igaratá,IGARATA,3505,2026,Junho,6,1052374.38,85117.17,9083.36,3258.69,1315467.9749999999
Igaratá,IGARATA,3505,2026,Julho,7,855264.37,104633.84,8507.05,7096.27,1069080.4625
Igaratá,IGARATA,3505,2026,Agosto,8,917445.87,78821.27,7921.96,0.0,1146807.3375
Igaratá,IGARATA,3505,2026,Setembro,9,1038748.0,0.0,6260.21,3170.96,1298435.0
Igaraçu do Tietê,IGARACU DO TIETE,3487,2026,Janeiro,1,805203.01,1453466.47,6506.44,1309.93,1006503.7625
Igaraçu do Tietê,IGARACU DO TIETE,3487,2026,Fevereiro,2,513465.57,621140.48,6222.85,106.93,641831.9625
Igaraçu do Tietê,IGARACU DO TIETE,3487,2026,Março,3,1206216.93,479480.75,5572.77,3527.27,1507771.1624999999
Igaraçu do Tietê,IGARACU DO TIETE,3487,2026,Abril,4,772171.02,417213.87,5995.59,0.0,965213.775
Igaraçu do Tietê,IGARACU DO TIETE,3487,2026,Maio,5,817745.2,381750.78,5582.0,1780.08,1022181.4999999999
Igaraçu do Tietê,IGARACU DO TIETE,3487,2026,Junho,6,1016726.03,111530.43,8775.67,3148.31,1270907.5374999999
Igaraçu do Tietê,IGARACU DO TIETE,3487,2026,Julho,7,826292.96,125804.91,8218.88,6855.89,1032866.2
Igaraçu do Tietê,IGARACU DO TIETE,3487,2026,Agosto,8,886368.12,145477.76,7653.61,0.0,1107960.15
Igaraçu do Tietê,IGARACU DO TIETE,3487,2026,Setembro,9,1003561.23,0.0,6048.16,3063.55,1254451.5374999999
Iguape,IGUAPE,3517,2026,Janeiro,1,4536993.49,1437270.34,34524.86,7767.18,5671241.8625
Iguape,IGUAPE,3517,2026,Fevereiro,2,3044567.21,681675.91,36898.08,634.02,3805709.0124999997
Iguape,IGUAPE,3517,2026,Março,3,7152200.12,559680.16,33043.46,20914.76,8940250.15
Iguape,IGUAPE,3517,2026,Abril,4,4578547.6,486309.47,35550.51,0.0,5723184.499999999
Iguape,IGUAPE,3517,2026,Maio,5,4848777.35,405226.76,33098.2,10554.87,6060971.687499999
Iguape,IGUAPE,3517,2026,Junho,6,6028623.76,134048.99,52034.88,18667.73,7535779.699999999
Iguape,IGUAPE,3517,2026,Julho,7,4899460.84,141678.45,48733.39,40651.63,6124326.05
Iguape,IGUAPE,3517,2026,Agosto,8,5255673.32,152918.52,45381.7,0.0,6569591.65
Iguape,IGUAPE,3517,2026,Setembro,9,5950563.77,0.0,35862.22,18165.14,7438204.712499999
Ilha Comprida,ILHA COMPRIDA,7675,2026,Janeiro,1,816655.98,763673.88,6457.25,1354.19,1020819.975
Ilha Comprida,ILHA COMPRIDA,7675,2026,Fevereiro,2,530813.37,339216.96,6433.1,110.54,663516.7124999999
Ilha Comprida,ILHA COMPRIDA,7675,2026,Março,3,1246969.83,281855.02,5761.05,3646.44,1558712.2875
Ilha Comprida,ILHA COMPRIDA,7675,2026,Abril,4,798259.37,247835.26,6198.15,0.0,997824.2124999999
Ilha Comprida,ILHA COMPRIDA,7675,2026,Maio,5,845373.31,184563.57,5770.6,1840.22,1056716.6375
Ilha Comprida,ILHA COMPRIDA,7675,2026,Junho,6,1051076.85,72967.11,9072.16,3254.68,1313846.0625
Ilha Comprida,ILHA COMPRIDA,7675,2026,Julho,7,854209.86,98764.52,8496.56,7087.52,1067762.325
Ilha Comprida,ILHA COMPRIDA,7675,2026,Agosto,8,916314.7,113653.99,7912.2,0.0,1145393.3749999998
Ilha Comprida,ILHA COMPRIDA,7675,2026,Setembro,9,1037467.27,0.0,6252.5,3167.05,1296834.0875
Ilha Solteira,ILHA SOLTEIRA,7493,2026,Janeiro,1,5995768.85,2509175.9,48140.31,9809.9,7494711.062499999
Ilha Solteira,ILHA SOLTEIRA,7493,2026,Fevereiro,2,3845270.32,1061151.9,46602.05,800.77,4806587.899999999
Ilha Solteira,ILHA SOLTEIRA,7493,2026,Março,3,9033186.29,815469.68,41733.7,26415.22,11291482.862499999
Ilha Solteira,ILHA SOLTEIRA,7493,2026,Abril,4,5782678.43,726802.8,44900.08,0.0,7228348.0375
Ilha Solteira,ILHA SOLTEIRA,7493,2026,Maio,5,6123977.01,580096.14,41802.83,13330.74,7654971.262499999
Ilha Solteira,ILHA SOLTEIRA,7493,2026,Junho,6,7614116.02,189465.79,65719.74,23577.23,9517645.024999999
Ilha Solteira,ILHA SOLTEIRA,7493,2026,Julho,7,6187989.95,176335.39,61549.99,51342.77,7734987.4375
Ilha Solteira,ILHA SOLTEIRA,7493,2026,Agosto,8,6637884.2,210856.44,57316.81,0.0,8297355.25
Ilha Solteira,ILHA SOLTEIRA,7493,2026,Setembro,9,7515526.72,0.0,45293.77,22942.47,9394408.399999999
Ilhabela,ILHABELA,3529,2026,Janeiro,1,2538255.84,5032547.47,20626.8,4108.27,3172819.8
Ilhabela,ILHABELA,3529,2026,Fevereiro,2,1610355.18,2294783.3,19516.41,335.35,2012943.9749999999
Ilhabela,ILHABELA,3529,2026,Março,3,3782994.98,1590295.21,17477.6,11062.39,4728743.725
Ilhabela,ILHABELA,3529,2026,Abril,4,2421719.51,1341220.42,18803.64,0.0,3027149.3874999997
Ilhabela,ILHABELA,3529,2026,Maio,5,2564651.45,1128725.01,17506.55,5582.76,3205814.3125
Ilhabela,ILHABELA,3529,2026,Junho,6,3188704.6,464309.26,27522.68,9873.87,3985880.75
Ilhabela,ILHABELA,3529,2026,Julho,7,2591459.34,469702.75,25776.43,21501.77,3239324.175
Ilhabela,ILHABELA,3529,2026,Agosto,8,2779869.89,460236.78,24003.63,0.0,3474837.3625
Ilhabela,ILHABELA,3529,2026,Setembro,9,3147416.53,0.0,18968.51,9608.04,3934270.6624999996
Indaiatuba,INDAIATUBA,3530,2026,Janeiro,1,29253030.39,53582223.71,235778.67,47698.39,36566287.9875
Indaiatuba,INDAIATUBA,3530,2026,Fevereiro,2,18696750.97,24598331.23,226591.87,3893.54,23370938.7125
Indaiatuba,INDAIATUBA,3530,2026,Março,3,43921810.6,18476116.32,202920.61,128438.0,54902263.25
Indaiatuba,INDAIATUBA,3530,2026,Abril,4,28116956.6,14931432.76,218316.43,0.0,35146195.75
Indaiatuba,INDAIATUBA,3530,2026,Maio,5,29776443.16,13246390.81,203256.75,64817.7,37220553.949999996
Indaiatuba,INDAIATUBA,3530,2026,Junho,6,37021904.64,4375566.21,319547.27,114638.9,46277380.8
Indaiatuba,INDAIATUBA,3530,2026,Julho,7,30087691.52,5357209.28,299272.79,249642.54,37609614.4
Indaiatuba,INDAIATUBA,3530,2026,Agosto,8,32275199.82,5050358.06,278689.95,0.0,40343999.775
Indaiatuba,INDAIATUBA,3530,2026,Setembro,9,36542536.64,0.0,220230.64,111552.53,45678170.8
Indiana,INDIANA,3542,2026,Janeiro,1,377610.37,397712.0,3046.32,615.21,472012.96249999997
Indiana,INDIANA,3542,2026,Fevereiro,2,241147.88,182577.27,2922.55,50.22,301434.85
Indiana,INDIANA,3542,2026,Março,3,566496.91,162786.17,2617.24,1656.57,708121.1375
Indiana,INDIANA,3542,2026,Abril,4,362648.28,144635.01,2815.81,0.0,453310.35000000003
Indiana,INDIANA,3542,2026,Maio,5,384052.09,125381.55,2621.58,836.01,480065.1125
Indiana,INDIANA,3542,2026,Junho,6,477502.96,34159.24,4121.47,1478.6,596878.7
Indiana,INDIANA,3542,2026,Julho,7,388066.52,38373.25,3859.98,3219.85,485083.15
Indiana,INDIANA,3542,2026,Agosto,8,416280.68,51313.19,3594.5,0.0,520350.85
Indiana,INDIANA,3542,2026,Setembro,9,471320.14,0.0,2840.5,1438.79,589150.1749999999
Indiaporã,INDIAPORA,3554,2026,Janeiro,1,820632.95,289785.89,6567.54,1346.53,1025791.1874999999
Indiaporã,INDIAPORA,3554,2026,Fevereiro,2,527810.82,136621.4,6396.71,109.91,659763.5249999999
Indiaporã,INDIAPORA,3554,2026,Março,3,1239916.34,132332.49,5728.47,3625.82,1549895.425
Indiaporã,INDIAPORA,3554,2026,Abril,4,793744.0,93366.4,6163.09,0.0,992180.0
Indiaporã,INDIAPORA,3554,2026,Maio,5,840591.45,96393.22,5737.95,1829.81,1050739.3124999998
Indiaporã,INDIAPORA,3554,2026,Junho,6,1045131.42,30199.14,9020.85,3236.27,1306414.275
Indiaporã,INDIAPORA,3554,2026,Julho,7,849378.01,32314.86,8448.5,7047.43,1061722.5125
Indiaporã,INDIAPORA,3554,2026,Agosto,8,911131.55,33131.74,7867.44,0.0,1138914.4375
Indiaporã,INDIAPORA,3554,2026,Setembro,9,1031598.82,0.0,6217.13,3149.14,1289498.525
Inúbia Paulista,INUBIA PAULISTA,3566,2026,Janeiro,1,387462.78,397142.37,3134.4,629.7,484328.47500000003
Inúbia Paulista,INUBIA PAULISTA,3566,2026,Fevereiro,2,246830.24,102349.32,2991.41,51.4,308537.8
Inúbia Paulista,INUBIA PAULISTA,3566,2026,Março,3,579845.71,89960.91,2678.91,1695.61,724807.1375
Inúbia Paulista,INUBIA PAULISTA,3566,2026,Abril,4,371193.64,76026.91,2882.16,0.0,463992.05
Inúbia Paulista,INUBIA PAULISTA,3566,2026,Maio,5,393101.8,61816.36,2683.35,855.71,491377.24999999994
Inúbia Paulista,INUBIA PAULISTA,3566,2026,Junho,6,488754.73,13725.01,4218.59,1513.44,610943.4125
Inúbia Paulista,INUBIA PAULISTA,3566,2026,Julho,7,397210.83,20742.49,3950.93,3295.72,496513.5375
Inúbia Paulista,INUBIA PAULISTA,3566,2026,Agosto,8,426089.82,34046.01,3679.2,0.0,532612.275
Inúbia Paulista,INUBIA PAULISTA,3566,2026,Setembro,9,482426.22,0.0,2907.43,1472.69,603032.7749999999
Ipaussú,IPAUSSU,3578,2026,Janeiro,1,1407514.99,1043163.03,11327.2,2298.15,1759393.7374999998
Ipaussú,IPAUSSU,3578,2026,Fevereiro,2,900826.45,363004.55,10917.4,187.59,1126033.0624999998
Ipaussú,IPAUSSU,3578,2026,Março,3,2116192.73,309876.82,9776.9,6188.26,2645240.9124999996
Ipaussú,IPAUSSU,3578,2026,Abril,4,1354700.51,267923.25,10518.68,0.0,1693375.6375
Ipaussú,IPAUSSU,3578,2026,Maio,5,1434656.08,243743.72,9793.1,3122.98,1793320.1
Ipaussú,IPAUSSU,3578,2026,Junho,6,1783748.99,69271.07,15396.08,5523.41,2229686.2375
Ipaussú,IPAUSSU,3578,2026,Julho,7,1449652.31,91203.3,14419.23,12028.0,1812065.3875
Ipaussú,IPAUSSU,3578,2026,Agosto,8,1555048.44,74203.91,13427.53,0.0,1943810.5499999998
Ipaussú,IPAUSSU,3578,2026,Setembro,9,1760652.61,0.0,10610.91,5374.7,2200815.7625
Iperó,IPERO,3580,2026,Janeiro,1,2084533.74,1393618.46,16857.67,3388.73,2605667.175
Iperó,IPERO,3580,2026,Fevereiro,2,1328310.98,733631.29,16098.22,276.62,1660388.7249999999
Iperó,IPERO,3580,2026,Março,3,3120425.77,589762.55,14416.5,9124.88,3900532.2125
Iperó,IPERO,3580,2026,Abril,4,1997569.65,503228.91,15510.29,0.0,2496962.0624999995
Iperó,IPERO,3580,2026,Maio,5,2115467.9,459204.62,14440.38,4604.97,2644334.8749999995
Iperó,IPERO,3580,2026,Junho,6,2630221.83,162166.63,22702.24,8144.52,3287777.2875
Iperó,IPERO,3580,2026,Julho,7,2137580.55,190085.21,21261.84,17735.86,2671975.6874999995
Iperó,IPERO,3580,2026,Agosto,8,2292992.11,210560.28,19799.53,0.0,2866240.1374999997
Iperó,IPERO,3580,2026,Setembro,9,2596165.12,0.0,15646.29,7925.25,3245206.4
Ipeúna,IPEUNA,3591,2026,Janeiro,1,989408.88,861200.18,8027.5,1603.71,1236761.0999999999
Ipeúna,IPEUNA,3591,2026,Fevereiro,2,628621.23,259353.33,7618.46,130.91,785776.5375
Ipeúna,IPEUNA,3591,2026,Março,3,1476736.93,234210.66,6822.59,4318.34,1845921.1624999999
Ipeúna,IPEUNA,3591,2026,Abril,4,945346.91,228149.42,7340.22,0.0,1181683.6375
Ipeúna,IPEUNA,3591,2026,Maio,5,1001142.09,181655.19,6833.89,2179.3,1251427.6124999998
Ipeúna,IPEUNA,3591,2026,Junho,6,1244748.63,57747.92,10743.8,3854.38,1555935.7874999999
Ipeúna,IPEUNA,3591,2026,Julho,7,1011606.87,69731.23,10062.13,8393.47,1264508.5875
Ipeúna,IPEUNA,3591,2026,Agosto,8,1085155.16,66849.79,9370.1,0.0,1356443.9499999997
Ipeúna,IPEUNA,3591,2026,Setembro,9,1228631.35,0.0,7404.58,3750.61,1535789.1875
Ipiguá,IPIGUA,7845,2026,Janeiro,1,619128.98,477880.23,5008.19,1006.26,773911.225
Ipiguá,IPIGUA,7845,2026,Fevereiro,2,394432.03,218422.7,4780.25,82.14,493040.03750000003
Ipiguá,IPIGUA,7845,2026,Março,3,926587.13,203321.89,4280.87,2709.56,1158233.9124999999
Ipiguá,IPIGUA,7845,2026,Abril,4,593163.39,145898.61,4605.67,0.0,741454.2374999999
Ipiguá,IPIGUA,7845,2026,Maio,5,628172.39,153793.37,4287.96,1367.41,785215.4874999999
Ipiguá,IPIGUA,7845,2026,Junho,6,781024.73,48771.78,6741.26,2418.46,976280.9125
Ipiguá,IPIGUA,7845,2026,Julho,7,634738.58,72102.82,6313.54,5266.53,793423.2249999999
Ipiguá,IPIGUA,7845,2026,Agosto,8,680886.88,67102.82,5879.32,0.0,851108.6
Ipiguá,IPIGUA,7845,2026,Setembro,9,770911.85,0.0,4646.05,2353.34,963639.8124999999
Iporanga,IPORANGA,3608,2026,Janeiro,1,2975283.66,143060.74,22070.91,5196.62,3719104.575
Iporanga,IPORANGA,3608,2026,Fevereiro,2,2036964.38,54953.03,24686.62,424.19,2546205.4749999996
Iporanga,IPORANGA,3608,2026,Março,3,4785171.71,57417.77,22107.69,13993.0,5981464.637499999
Iporanga,IPORANGA,3608,2026,Abril,4,3063272.29,41169.02,23785.03,0.0,3829090.3625
Iporanga,IPORANGA,3608,2026,Maio,5,3244069.21,36669.5,22144.32,7061.73,4055086.5124999997
Iporanga,IPORANGA,3608,2026,Junho,6,4033444.16,8278.95,34813.88,12489.62,5041805.2
Iporanga,IPORANGA,3608,2026,Julho,7,3277978.94,10075.55,32605.02,27197.93,4097473.675
Iporanga,IPORANGA,3608,2026,Agosto,8,3516302.51,9751.43,30362.58,0.0,4395378.137499999
Iporanga,IPORANGA,3608,2026,Setembro,9,3981218.22,0.0,23993.58,12153.37,4976522.775
Ipuá,IPUA,3610,2026,Janeiro,1,1506865.47,1537651.56,12285.05,2431.75,1883581.8375
Ipuá,IPUA,3610,2026,Fevereiro,2,953192.6,506736.25,11552.04,198.5,1191490.75
Ipuá,IPUA,3610,2026,Março,3,2239209.63,413876.47,10345.24,6547.99,2799012.0374999996
Ipuá,IPUA,3610,2026,Abril,4,1433450.92,333554.79,11130.15,0.0,1791813.65
Ipuá,IPUA,3610,2026,Maio,5,1518054.41,309705.08,10362.38,3304.52,1897568.0124999997
Ipuá,IPUA,3610,2026,Junho,6,1887440.52,97386.51,16291.07,5844.49,2359300.65
Ipuá,IPUA,3610,2026,Julho,7,1533922.39,103305.25,15257.44,12727.21,1917402.9874999998
Ipuá,IPUA,3610,2026,Agosto,8,1645445.33,96401.09,14208.09,0.0,2056806.6625
Ipuá,IPUA,3610,2026,Setembro,9,1863001.52,0.0,11227.74,5687.14,2328751.9
Iracemápolis,IRACEMAPOLIS,3621,2026,Janeiro,1,1992847.37,3290685.78,16058.8,3250.06,2491059.2125
Iracemápolis,IRACEMAPOLIS,3621,2026,Fevereiro,2,1273954.54,1168962.66,15439.46,265.3,1592443.175
Iracemápolis,IRACEMAPOLIS,3621,2026,Março,3,2992733.34,1068988.67,13826.55,8751.48,3740916.675
Iracemápolis,IRACEMAPOLIS,3621,2026,Abril,4,1915826.16,780164.93,14875.59,0.0,2394782.6999999997
Iracemápolis,IRACEMAPOLIS,3621,2026,Maio,5,2028899.84,773920.28,13849.46,4416.53,2536124.8
Iracemápolis,IRACEMAPOLIS,3621,2026,Junho,6,2522589.28,240988.51,21773.23,7811.24,3153236.5999999996
Iracemápolis,IRACEMAPOLIS,3621,2026,Julho,7,2050107.6,439368.94,20391.77,17010.08,2562634.5
Iracemápolis,IRACEMAPOLIS,3621,2026,Agosto,8,2199159.49,445258.58,18989.31,0.0,2748949.3625000003
Iracemápolis,IRACEMAPOLIS,3621,2026,Setembro,9,2489926.22,0.0,15006.02,7600.94,3112407.775
Irapuru,IRAPURU,3645,2026,Janeiro,1,530306.26,445120.35,4275.85,864.4,662882.825
Irapuru,IRAPURU,3645,2026,Fevereiro,2,338826.15,175342.1,4106.34,70.56,423532.6875
Irapuru,IRAPURU,3645,2026,Março,3,795959.58,142814.78,3677.37,2327.58,994949.4749999999
Irapuru,IRAPURU,3645,2026,Abril,4,509540.95,128168.09,3956.37,0.0,636926.1875
Irapuru,IRAPURU,3645,2026,Maio,5,539614.48,139851.6,3683.46,1174.64,674518.1
Irapuru,IRAPURU,3645,2026,Junho,6,670918.14,26392.43,5790.9,2077.51,838647.6749999999
Irapuru,IRAPURU,3645,2026,Julho,7,545254.99,40309.19,5423.48,4524.07,681568.7374999999
Irapuru,IRAPURU,3645,2026,Agosto,8,584897.44,46218.96,5050.47,0.0,731121.7999999999
Irapuru,IRAPURU,3645,2026,Setembro,9,662230.94,0.0,3991.06,2021.58,827788.6749999999
Irapuã,IRAPUA,3633,2026,Janeiro,1,888171.99,603816.4,7182.45,1443.9,1110214.9874999998
Irapuã,IRAPUA,3633,2026,Fevereiro,2,565978.43,279360.76,6859.27,117.86,707473.0375
Irapuã,IRAPUA,3633,2026,Março,3,1329578.46,189172.31,6142.71,3888.01,1661973.075
Irapuã,IRAPUA,3633,2026,Abril,4,851142.05,161610.74,6608.76,0.0,1063927.5625
Irapuã,IRAPUA,3633,2026,Maio,5,901377.17,155074.29,6152.88,1962.13,1126721.4625
Irapuã,IRAPUA,3633,2026,Junho,6,1120708.06,31248.65,9673.17,3470.29,1400885.075
Irapuã,IRAPUA,3633,2026,Julho,7,910799.12,52715.79,9059.43,7557.05,1138498.9
Irapuã,IRAPUA,3633,2026,Agosto,8,977018.25,88571.66,8436.36,0.0,1221272.8125
Irapuã,IRAPUA,3633,2026,Setembro,9,1106196.88,0.0,6666.71,3376.86,1382746.0999999999
Itaberá,ITABERA,3657,2026,Janeiro,1,2920558.76,1866691.91,24031.79,4673.12,3650698.4499999997
Itaberá,ITABERA,3657,2026,Fevereiro,2,1831763.98,655496.01,22199.73,381.46,2289704.9749999996
Itaberá,ITABERA,3657,2026,Março,3,4303121.47,524732.99,19880.6,12583.37,5378901.837499999
Itaberá,ITABERA,3657,2026,Abril,4,2754683.33,488455.72,21388.97,0.0,3443354.1625
Itaberá,ITABERA,3657,2026,Maio,5,2917267.07,377504.6,19913.53,6350.34,3646583.8374999994
Itaberá,ITABERA,3657,2026,Junho,6,3627121.71,157801.57,31306.79,11231.44,4533902.137499999
Itaberá,ITABERA,3657,2026,Julho,7,2947760.8,133409.23,29320.45,24458.06,3684700.9999999995
Itaberá,ITABERA,3657,2026,Agosto,8,3162076.05,220010.08,27303.9,0.0,3952595.0624999995
Itaberá,ITABERA,3657,2026,Setembro,9,3580156.91,0.0,21576.51,10929.06,4475196.1375
Itajobi,ITAJOBI,3670,2026,Janeiro,1,2042835.19,2394144.07,16537.66,3317.83,2553543.9875
Itajobi,ITAJOBI,3670,2026,Fevereiro,2,1300520.27,873425.8,15761.42,270.83,1625650.3375
Itajobi,ITAJOBI,3670,2026,Março,3,3055140.71,678155.1,14114.88,8933.97,3818925.8874999997
Itajobi,ITAJOBI,3670,2026,Abril,4,1955776.81,549543.05,15185.79,0.0,2444721.0124999997
Itajobi,ITAJOBI,3670,2026,Maio,5,2071208.41,501064.29,14138.26,4508.63,2589010.5124999997
Itajobi,ITAJOBI,3670,2026,Junho,6,2575192.75,167600.92,22227.27,7974.12,3218990.9375
Itajobi,ITAJOBI,3670,2026,Julho,7,2092858.42,212486.13,20817.0,17364.79,2616073.025
Itajobi,ITAJOBI,3670,2026,Agosto,8,2245018.49,246698.1,19385.29,0.0,2806273.1125000003
Itajobi,ITAJOBI,3670,2026,Setembro,9,2541848.57,0.0,15318.94,7759.44,3177310.7124999994
Itajú,ITAJU,3682,2026,Janeiro,1,625256.74,391977.8,5098.77,1008.8,781570.9249999999
Itajú,ITAJU,3682,2026,Fevereiro,2,395429.62,116823.27,4792.34,82.35,494287.02499999997
Itajú,ITAJU,3682,2026,Março,3,928930.64,102240.46,4291.7,2716.42,1161163.3
Itajú,ITAJU,3682,2026,Abril,4,594663.61,57936.05,4617.31,0.0,743329.5125
Itajú,ITAJU,3682,2026,Maio,5,629761.16,60594.66,4298.81,1370.87,787201.45
Itajú,ITAJU,3682,2026,Junho,6,783000.08,24525.39,6758.31,2424.57,978750.0999999999
Itajú,ITAJU,3682,2026,Julho,7,636343.95,32576.92,6329.51,5279.85,795429.9374999999
Itajú,ITAJU,3682,2026,Agosto,8,682608.97,27368.21,5894.19,0.0,853261.2124999999
Itajú,ITAJU,3682,2026,Setembro,9,772861.62,0.0,4657.8,2359.3,966077.0249999999
Itanhaém,ITANHAEM,3694,2026,Janeiro,1,4488475.75,6792316.77,36165.24,7320.79,5610594.6875
Itanhaém,ITANHAEM,3694,2026,Fevereiro,2,2869592.82,3181165.02,34777.51,597.58,3586991.0249999994
Itanhaém,ITANHAEM,3694,2026,Março,3,6741155.85,2769458.68,31144.42,19712.77,8426444.812499998
Itanhaém,ITANHAEM,3694,2026,Abril,4,4315413.78,2232678.81,33507.39,0.0,5394267.225
Itanhaém,ITANHAEM,3694,2026,Maio,5,4570113.15,1993419.19,31196.02,9948.27,5712641.4375
Itanhaém,ITANHAEM,3694,2026,Junho,6,5682152.57,876240.81,49044.38,17594.87,7102690.7125
Itanhaém,ITANHAEM,3694,2026,Julho,7,4617883.8,868524.21,45932.64,38315.34,5772354.749999999
Itanhaém,ITANHAEM,3694,2026,Agosto,8,4953624.39,1022706.69,42773.56,0.0,6192030.487499999
Itanhaém,ITANHAEM,3694,2026,Setembro,9,5608578.78,0.0,33801.18,17121.17,7010723.475
Itapecerica da Serra,ITAPECERICA DA SERRA,3700,2026,Janeiro,1,7520127.85,9907744.84,61523.94,12097.04,9400159.812499998
Itapecerica da Serra,ITAPECERICA DA SERRA,3700,2026,Fevereiro,2,4741781.21,4709561.11,57467.15,987.46,5927226.512499999
Itapecerica da Serra,ITAPECERICA DA SERRA,3700,2026,Março,3,11139241.06,4672271.32,51463.76,32573.83,13924051.325
Itapecerica da Serra,ITAPECERICA DA SERRA,3700,2026,Abril,4,7130889.03,3333801.31,55368.38,0.0,8913611.2875
Itapecerica da Serra,ITAPECERICA DA SERRA,3700,2026,Maio,5,7551760.13,3254193.29,51549.01,16438.76,9439700.1625
Itapecerica da Serra,ITAPECERICA DA SERRA,3700,2026,Junho,6,9389319.67,1238689.34,81042.06,29074.17,11736649.587499999
Itapecerica da Serra,ITAPECERICA DA SERRA,3700,2026,Julho,7,7630697.46,1681645.8,75900.14,63313.16,9538371.825
Itapecerica da Serra,ITAPECERICA DA SERRA,3700,2026,Agosto,8,8185482.93,1722674.75,70680.02,0.0,10231853.6625
Itapecerica da Serra,ITAPECERICA DA SERRA,3700,2026,Setembro,9,9267744.63,0.0,55853.85,28291.42,11584680.7875
Itapetininga,ITAPETININGA,3712,2026,Janeiro,1,12570951.89,15991779.4,102059.61,20364.06,15713689.8625
Itapetininga,ITAPETININGA,3712,2026,Fevereiro,2,7982279.55,7130380.03,96739.78,1662.28,9977849.4375
Itapetininga,ITAPETININGA,3712,2026,Março,3,18751716.33,5828082.04,86633.72,54834.55,23439645.412499998
Itapetininga,ITAPETININGA,3712,2026,Abril,4,12004086.05,4689830.6,93206.72,0.0,15005107.5625
Itapetininga,ITAPETININGA,3712,2026,Maio,5,12712577.37,4417116.45,86777.23,27672.88,15890721.712499999
Itapetininga,ITAPETININGA,3712,2026,Junho,6,15805911.56,1513618.56,136425.61,48943.25,19757389.45
Itapetininga,ITAPETININGA,3712,2026,Julho,7,12845459.89,1811131.83,127769.74,106580.9,16056824.8625
Itapetininga,ITAPETININGA,3712,2026,Agosto,8,13779381.66,1831243.25,118982.23,0.0,17224227.075
Itapetininga,ITAPETININGA,3712,2026,Setembro,9,15601253.04,0.0,94023.96,47625.57,19501566.299999997
Itapeva,ITAPEVA,3724,2026,Janeiro,1,7128940.67,9250557.82,58575.03,11422.3,8911175.837499999
Itapeva,ITAPEVA,3724,2026,Fevereiro,2,4477297.54,3879088.41,54261.79,932.38,5596621.925
Itapeva,ITAPEVA,3724,2026,Março,3,10517924.46,4027443.5,48593.25,30756.95,13147405.575000001
Itapeva,ITAPEVA,3724,2026,Abril,4,6733147.42,2814041.03,52280.08,0.0,8416434.274999999
Itapeva,ITAPEVA,3724,2026,Maio,5,7130543.47,3002049.22,48673.75,15521.85,8913179.337499999
Itapeva,ITAPEVA,3724,2026,Junho,6,8865608.93,1022910.87,76521.76,27452.49,11082011.1625
Itapeva,ITAPEVA,3724,2026,Julho,7,7205077.89,1453914.44,71666.64,59781.72,9006347.362499999
Itapeva,ITAPEVA,3724,2026,Agosto,8,7728918.94,1492751.32,66737.68,0.0,9661148.675
Itapeva,ITAPEVA,3724,2026,Setembro,9,8750815.02,0.0,52738.47,26713.4,10938518.774999999
Itapevi,ITAPEVI,3736,2026,Janeiro,1,23126461.38,12082254.94,186709.28,37652.58,28908076.724999998
Itapevi,ITAPEVI,3736,2026,Fevereiro,2,14759010.4,6344996.74,178869.14,3073.52,18448763.0
Itapevi,ITAPEVI,3736,2026,Março,3,34671396.12,5523443.63,160183.31,101387.55,43339245.14999999
Itapevi,ITAPEVI,3736,2026,Abril,4,22195217.52,4419577.54,172336.6,0.0,27744021.9
Itapevi,ITAPEVI,3736,2026,Maio,5,23505198.03,3986601.47,160448.66,51166.39,29381497.5375
Itapevi,ITAPEVI,3736,2026,Junho,6,29224685.95,1533362.5,252247.12,90494.69,36530857.4375
Itapevi,ITAPEVI,3736,2026,Julho,7,23750894.08,1846908.48,236242.66,197065.09,29688617.599999998
Itapevi,ITAPEVI,3736,2026,Agosto,8,25477689.17,2075102.24,219994.79,0.0,31847111.462500002
Itapevi,ITAPEVI,3736,2026,Setembro,9,28846278.1,0.0,173847.65,88058.34,36057847.625
Itapira,ITAPIRA,3748,2026,Janeiro,1,7475287.13,10221411.93,60881.98,12074.64,9344108.9125
Itapira,ITAPIRA,3748,2026,Fevereiro,2,4733003.39,3567414.99,57360.77,985.63,5916254.237499999
Itapira,ITAPIRA,3748,2026,Março,3,11118620.49,3013246.38,51368.49,32513.54,13898275.612499999
Itapira,ITAPIRA,3748,2026,Abril,4,7117688.58,2458821.64,55265.88,0.0,8897110.725
Itapira,ITAPIRA,3748,2026,Maio,5,7537780.58,2192645.52,51453.59,16408.33,9422225.725
Itapira,ITAPIRA,3748,2026,Junho,6,9371938.5,673885.42,80892.04,29020.35,11714923.125
Itapira,ITAPIRA,3748,2026,Julho,7,7616571.79,738190.86,75759.64,63195.95,9520714.737499999
Itapira,ITAPIRA,3748,2026,Agosto,8,8170330.26,795886.39,70549.18,0.0,10212912.825
Itapira,ITAPIRA,3748,2026,Setembro,9,9250588.52,0.0,55750.45,28239.05,11563235.649999999
Itapirapuã Paulista,ITAPIRAPUA PAULISTA,7687,2026,Janeiro,1,789770.49,210265.53,6260.4,1306.76,987213.1124999999
Itapirapuã Paulista,ITAPIRAPUA PAULISTA,7687,2026,Fevereiro,2,512223.47,107841.33,6207.8,106.67,640279.3374999999
Itapirapuã Paulista,ITAPIRAPUA PAULISTA,7687,2026,Março,3,1203299.04,74392.85,5559.29,3518.74,1504123.8
Itapirapuã Paulista,ITAPIRAPUA PAULISTA,7687,2026,Abril,4,770303.1,57677.55,5981.08,0.0,962878.8749999999
Itapirapuã Paulista,ITAPIRAPUA PAULISTA,7687,2026,Maio,5,815767.04,59860.9,5568.5,1775.77,1019708.8
Itapirapuã Paulista,ITAPIRAPUA PAULISTA,7687,2026,Junho,6,1014266.52,17138.28,8754.44,3140.69,1267833.15
Itapirapuã Paulista,ITAPIRAPUA PAULISTA,7687,2026,Julho,7,824294.12,19318.16,8198.99,6839.3,1030367.6499999999
Itapirapuã Paulista,ITAPIRAPUA PAULISTA,7687,2026,Agosto,8,884223.95,22124.77,7635.1,0.0,1105279.9374999998
Itapirapuã Paulista,ITAPIRAPUA PAULISTA,7687,2026,Setembro,9,1001133.57,0.0,6033.52,3056.14,1251416.9625
Itaporanga,ITAPORANGA,3761,2026,Janeiro,1,1163722.4,1119313.45,9554.58,1865.86,1454652.9999999998
Itaporanga,ITAPORANGA,3761,2026,Fevereiro,2,731377.92,447408.72,8863.8,152.31,914222.4
Itaporanga,ITAPORANGA,3761,2026,Março,3,1718129.66,400743.49,7937.83,5024.23,2147662.0749999997
Itaporanga,ITAPORANGA,3761,2026,Abril,4,1099876.72,303741.96,8540.08,0.0,1374845.9
Itaporanga,ITAPORANGA,3761,2026,Maio,5,1164792.37,340555.93,7950.98,2535.53,1455990.4625000001
Itaporanga,ITAPORANGA,3761,2026,Junho,6,1448219.72,68420.58,12500.02,4484.43,1810274.65
Itaporanga,ITAPORANGA,3761,2026,Julho,7,1176967.76,135702.59,11706.93,9765.5,1471209.7
Itaporanga,ITAPORANGA,3761,2026,Agosto,8,1262538.52,174320.54,10901.77,0.0,1578173.15
Itaporanga,ITAPORANGA,3761,2026,Setembro,9,1429467.84,0.0,8614.96,4363.7,1786834.8
Itapura,ITAPURA,3785,2026,Janeiro,1,765362.18,177548.26,6204.8,1241.45,956702.725
Itapura,ITAPURA,3785,2026,Fevereiro,2,486621.1,80109.67,5897.52,101.34,608276.3749999999
Itapura,ITAPURA,3785,2026,Março,3,1143154.76,58534.78,5281.42,3342.86,1428943.45
Itapura,ITAPURA,3785,2026,Abril,4,731801.18,54419.49,5682.13,0.0,914751.475
Itapura,ITAPURA,3785,2026,Maio,5,774992.71,48100.5,5290.17,1687.01,968740.8875
Itapura,ITAPURA,3785,2026,Junho,6,963570.63,19894.23,8316.87,2983.71,1204463.2874999999
Itapura,ITAPURA,3785,2026,Julho,7,783093.58,19845.13,7789.19,6497.46,978866.9749999999
Itapura,ITAPURA,3785,2026,Agosto,8,840027.95,17428.54,7253.47,0.0,1050034.9374999998
Itapura,ITAPURA,3785,2026,Setembro,9,951094.1,0.0,5731.95,2903.38,1188867.625
Itapuí,ITAPUI,3773,2026,Janeiro,1,1690183.12,1008570.35,13780.52,2727.41,2112728.9
Itapuí,ITAPUI,3773,2026,Fevereiro,2,1069086.67,476009.92,12956.6,222.63,1336358.3375
Itapuí,ITAPUI,3773,2026,Março,3,2511464.28,466113.94,11603.07,7344.13,3139330.3499999996
Itapuí,ITAPUI,3773,2026,Abril,4,1607737.27,304363.56,12483.41,0.0,2009671.5875
Itapuí,ITAPUI,3773,2026,Maio,5,1702627.29,418925.24,11622.29,3706.3,2128284.1125
Itapuí,ITAPUI,3773,2026,Junho,6,2116925.27,110149.22,18271.82,6555.09,2646156.5875
Itapuí,ITAPUI,3773,2026,Julho,7,1720424.58,178495.51,17112.52,14274.65,2150530.725
Itapuí,ITAPUI,3773,2026,Agosto,8,1845507.06,253847.11,15935.59,0.0,2306883.8249999997
Itapuí,ITAPUI,3773,2026,Setembro,9,2089514.85,0.0,12592.86,6378.61,2611893.5625
Itaquaquecetuba,ITAQUAQUECETUBA,3797,2026,Janeiro,1,15600181.08,17777073.37,125644.29,25453.57,19500226.349999998
Itaquaquecetuba,ITAQUAQUECETUBA,3797,2026,Fevereiro,2,9977257.12,9207424.71,120917.55,2077.73,12471571.399999999
Itaquaquecetuba,ITAQUAQUECETUBA,3797,2026,Março,3,23438253.95,8258011.79,108285.72,68539.12,29297817.437499996
Itaquaquecetuba,ITAQUAQUECETUBA,3797,2026,Abril,4,15004216.81,6847112.28,116501.48,0.0,18755271.0125
Itaquaquecetuba,ITAQUAQUECETUBA,3797,2026,Maio,5,15889778.38,6077924.12,108465.1,34589.05,19862222.975
Itaquaquecetuba,ITAQUAQUECETUBA,3797,2026,Junho,6,19756216.58,2148111.86,170521.89,61175.43,24695270.724999998
Itaquaquecetuba,ITAQUAQUECETUBA,3797,2026,Julho,7,16055871.68,2683011.91,159702.7,133218.22,20069839.599999998
Itaquaquecetuba,ITAQUAQUECETUBA,3797,2026,Agosto,8,17223204.59,2831281.61,148718.96,0.0,21529005.737499997
Itaquaquecetuba,ITAQUAQUECETUBA,3797,2026,Setembro,9,19500408.61,0.0,117522.97,59528.43,24375510.7625
Itararé,ITARARE,3803,2026,Janeiro,1,2926434.78,3418455.41,23812.0,4731.0,3658043.4749999996
Itararé,ITARARE,3803,2026,Fevereiro,2,1854451.82,1503626.28,22474.69,386.18,2318064.775
Itararé,ITARARE,3803,2026,Março,3,4356419.03,1312983.78,20126.84,12739.22,5445523.7875
Itararé,ITARARE,3803,2026,Abril,4,2788802.26,1038004.12,21653.89,0.0,3486002.8249999997
Itararé,ITARARE,3803,2026,Maio,5,2953399.73,884982.07,20160.18,6428.99,3691749.6624999996
Itararé,ITARARE,3803,2026,Junho,6,3672046.47,425676.07,31694.55,11370.55,4590058.0875
Itararé,ITARARE,3803,2026,Julho,7,2984271.14,365353.92,29683.6,24760.99,3730338.925
Itararé,ITARARE,3803,2026,Agosto,8,3201240.86,386999.05,27642.08,0.0,4001551.0749999997
Itararé,ITARARE,3803,2026,Setembro,9,3624499.99,0.0,21843.75,11064.42,4530624.9875
Itariri,ITARIRI,3815,2026,Janeiro,1,986359.18,694107.23,7788.25,1637.55,1232948.975
Itariri,ITARIRI,3815,2026,Fevereiro,2,641885.76,282423.7,7779.22,133.67,802357.2
Itariri,ITARIRI,3815,2026,Março,3,1507897.53,278791.55,6966.55,4409.46,1884871.9124999999
Itariri,ITARIRI,3815,2026,Abril,4,965294.67,238574.43,7495.11,0.0,1206618.3375
Itariri,ITARIRI,3815,2026,Maio,5,1022267.17,214287.15,6978.09,2225.28,1277833.9625
Itariri,ITARIRI,3815,2026,Junho,6,1271014.06,66106.45,10970.51,3935.71,1588767.575
Itariri,ITARIRI,3815,2026,Julho,7,1032952.77,111847.42,10274.46,8570.58,1291190.9625
Itariri,ITARIRI,3815,2026,Agosto,8,1108053.0,107819.86,9567.82,0.0,1385066.25
Itariri,ITARIRI,3815,2026,Setembro,9,1254556.68,0.0,7560.83,3829.76,1568195.8499999999
Itatiba,ITATIBA,3827,2026,Janeiro,1,12069134.39,18199835.22,96951.21,19738.15,15086417.9875
Itatiba,ITATIBA,3827,2026,Fevereiro,2,7736935.92,7425035.55,93766.38,1611.19,9671169.899999999
Itatiba,ITATIBA,3827,2026,Março,3,18175362.9,6029450.22,83970.94,53149.16,22719203.624999996
Itatiba,ITATIBA,3827,2026,Abril,4,11635128.04,4898650.18,90341.91,0.0,14543910.049999999
Itatiba,ITATIBA,3827,2026,Maio,5,12321843.13,4588847.44,84110.04,26822.33,15402303.9125
Itatiba,ITATIBA,3827,2026,Junho,6,15320100.49,1588783.48,132232.43,47438.93,19150125.6125
Itatiba,ITATIBA,3827,2026,Julho,7,12450641.37,1932293.07,123842.61,103305.03,15563301.712499999
Itatiba,ITATIBA,3827,2026,Agosto,8,13355858.09,1945321.1,115325.19,0.0,16694822.612499999
Itatiba,ITATIBA,3827,2026,Setembro,9,15121732.36,0.0,91134.03,46161.75,18902165.45
Itatinga,ITATINGA,3839,2026,Janeiro,1,2225247.97,1404428.83,18088.62,3600.67,2781559.9625
Itatinga,ITATINGA,3839,2026,Fevereiro,2,1411387.27,616847.8,17105.05,293.92,1764234.0875
Itatinga,ITATINGA,3839,2026,Março,3,3315585.92,494068.35,15318.15,9695.58,4144482.4
Itatinga,ITATINGA,3839,2026,Abril,4,2122503.24,445049.81,16480.35,0.0,2653129.0500000003
Itatinga,ITATINGA,3839,2026,Maio,5,2247775.18,361780.42,15343.52,4892.98,2809718.975
Itatinga,ITATINGA,3839,2026,Junho,6,2794723.26,108208.23,24122.1,8653.9,3493404.0749999997
Itatinga,ITATINGA,3839,2026,Julho,7,2271270.81,119705.9,22591.62,18845.11,2839088.5124999997
Itatinga,ITATINGA,3839,2026,Agosto,8,2436402.25,135508.66,21037.85,0.0,3045502.8125
Itatinga,ITATINGA,3839,2026,Setembro,9,2758536.55,0.0,16624.85,8420.92,3448170.6874999995
Itaí,ITAI,3669,2026,Janeiro,1,3980659.38,2432503.67,32453.72,6423.8,4975824.225
Itaí,ITAI,3669,2026,Fevereiro,2,2517993.6,973243.97,30516.36,524.36,3147492.0
Itaí,ITAI,3669,2026,Março,3,5915190.19,839094.1,27328.43,17297.45,7393987.7375
Itaí,ITAI,3669,2026,Abril,4,3786664.16,679711.61,29401.87,0.0,4733330.2
Itaí,ITAI,3669,2026,Maio,5,4010156.28,624484.78,27373.7,8729.35,5012695.35
Itaí,ITAI,3669,2026,Junho,6,4985942.16,189523.69,43035.18,15439.05,6232427.7
Itaí,ITAI,3669,2026,Julho,7,4052073.8,251114.49,40304.7,33620.72,5065092.249999999
Itaí,ITAI,3669,2026,Agosto,8,4346677.49,256236.25,37532.7,0.0,5433346.8625
Itaí,ITAI,3669,2026,Setembro,9,4921383.05,0.0,29659.66,15023.39,6151728.812499999
Itaóca,ITAOCA,7500,2026,Janeiro,1,469071.91,103746.08,3726.15,774.71,586339.8875
Itaóca,ITAOCA,7500,2026,Fevereiro,2,303668.43,49723.63,3680.25,63.24,379585.5375
Itaóca,ITAOCA,7500,2026,Março,3,713368.18,40662.3,3295.79,2086.06,891710.225
Itaóca,ITAOCA,7500,2026,Abril,4,456669.29,30829.56,3545.85,0.0,570836.6124999999
Itaóca,ITAOCA,7500,2026,Maio,5,483622.3,30692.76,3301.25,1052.75,604527.875
Itaóca,ITAOCA,7500,2026,Junho,6,601301.46,20504.52,5190.02,1861.94,751626.825
Itaóca,ITAOCA,7500,2026,Julho,7,488677.53,22157.88,4860.72,4054.64,610846.9125
Itaóca,ITAOCA,7500,2026,Agosto,8,524206.55,5563.73,4526.42,0.0,655258.1875
Itaóca,ITAOCA,7500,2026,Setembro,9,593515.67,0.0,3576.94,1811.81,741894.5875
Itirapina,ITIRAPINA,3840,2026,Janeiro,1,5150496.27,1755189.56,38844.57,8880.54,6438120.337499999
Itirapina,ITIRAPINA,3840,2026,Fevereiro,2,3480981.17,507343.72,42187.12,724.9,4351226.462499999
Itirapina,ITIRAPINA,3840,2026,Março,3,8177409.84,422870.81,37779.98,23912.72,10221762.299999999
Itirapina,ITIRAPINA,3840,2026,Abril,4,5234845.16,371436.04,40646.39,0.0,6543556.45
Itirapina,ITIRAPINA,3840,2026,Maio,5,5543810.15,283120.16,37842.56,12067.83,6929762.6875
Itirapina,ITIRAPINA,3840,2026,Junho,6,6892777.95,88882.45,59493.65,21343.59,8615972.4375
Itirapina,ITIRAPINA,3840,2026,Julho,7,5601758.7,182800.02,55718.93,46478.72,7002198.375
Itirapina,ITIRAPINA,3840,2026,Agosto,8,6009031.35,129500.35,51886.79,0.0,7511289.187499999
Itirapina,ITIRAPINA,3840,2026,Setembro,9,6803528.7,0.0,41002.78,20768.97,8504410.875
Itirapuã,ITIRAPUA,3852,2026,Janeiro,1,543051.05,324227.81,4339.78,892.19,678813.8125
Itirapuã,ITIRAPUA,3852,2026,Fevereiro,2,349721.4,151339.24,4238.38,72.83,437151.75
Itirapuã,ITIRAPUA,3852,2026,Março,3,821554.35,104764.66,3795.62,2402.42,1026942.9374999999
Itirapuã,ITIRAPUA,3852,2026,Abril,4,525925.68,92703.26,4083.59,0.0,657407.1
Itirapuã,ITIRAPUA,3852,2026,Maio,5,556966.26,75098.12,3801.9,1212.41,696207.825
Itirapuã,ITIRAPUA,3852,2026,Junho,6,692492.1,36922.08,5977.11,2144.31,865615.1249999999
Itirapuã,ITIRAPUA,3852,2026,Julho,7,562788.14,42077.99,5597.88,4669.55,703485.1749999999
Itirapuã,ITIRAPUA,3852,2026,Agosto,8,603705.32,42911.51,5212.88,0.0,754631.6499999999
Itirapuã,ITIRAPUA,3852,2026,Setembro,9,683525.56,0.0,4119.4,2086.58,854406.9500000001
Itobi,ITOBI,3864,2026,Janeiro,1,526199.53,959105.74,4295.73,848.13,657749.4125
Itobi,ITOBI,3864,2026,Fevereiro,2,332446.95,275628.7,4029.03,69.23,415558.6875
Itobi,ITOBI,3864,2026,Março,3,780973.77,223781.65,3608.13,2283.76,976217.2125
Itobi,ITOBI,3864,2026,Abril,4,499947.64,222188.13,3881.88,0.0,624934.5499999999
Itobi,ITOBI,3864,2026,Maio,5,529454.97,156386.38,3614.11,1152.52,661818.7124999999
Itobi,ITOBI,3864,2026,Junho,6,658286.53,61058.63,5681.87,2038.39,822858.1625
Itobi,ITOBI,3864,2026,Julho,7,534989.28,92153.03,5321.37,4438.89,668736.6
Itobi,ITOBI,3864,2026,Agosto,8,573885.37,76512.3,4955.39,0.0,717356.7124999999
Itobi,ITOBI,3864,2026,Setembro,9,649762.89,0.0,3915.92,1983.52,812203.6124999999
Itu,ITU,3876,2026,Janeiro,1,17143735.55,27332790.21,137957.06,27993.59,21429669.4375
Itu,ITU,3876,2026,Fevereiro,2,10972891.31,10706297.9,132983.96,2285.07,13716114.1375
Itu,ITU,3876,2026,Março,3,25777166.02,9454612.9,119091.59,75378.67,32221457.525
Itu,ITU,3876,2026,Abril,4,16501493.19,7734141.04,128127.21,0.0,20626866.487499997
Itu,ITU,3876,2026,Maio,5,17475425.27,7070621.56,119288.87,38040.71,21844281.5875
Itu,ITU,3876,2026,Junho,6,21727696.77,2088802.01,187538.33,67280.15,27159620.9625
Itu,ITU,3876,2026,Julho,7,17658093.08,2563175.0,175639.49,146512.11,22072616.349999998
Itu,ITU,3876,2026,Agosto,8,18941914.57,2807199.78,163559.68,0.0,23677393.2125
Itu,ITU,3876,2026,Setembro,9,21446361.64,0.0,129250.63,65468.8,26807952.05
Itupeva,ITUPEVA,3888,2026,Janeiro,1,13470075.23,10503795.42,108360.71,22001.12,16837594.037499998
Itupeva,ITUPEVA,3888,2026,Fevereiro,2,8623972.15,4677692.27,104516.66,1795.91,10779965.1875
Itupeva,ITUPEVA,3888,2026,Março,3,20259160.09,4892290.21,93598.17,59242.68,25323950.112499997
Itupeva,ITUPEVA,3888,2026,Abril,4,12969090.24,3379303.78,100699.57,0.0,16211362.799999999
Itupeva,ITUPEVA,3888,2026,Maio,5,13734536.91,3808950.57,93753.22,29897.5,17168171.1375
Itupeva,ITUPEVA,3888,2026,Junho,6,17076543.13,1201519.66,147392.82,52877.78,21345678.912499998
Itupeva,ITUPEVA,3888,2026,Julho,7,13878101.81,2167497.61,138041.11,115148.9,17347627.2625
Itupeva,ITUPEVA,3888,2026,Agosto,8,14887101.22,2124403.83,128547.17,0.0,18608876.525
Itupeva,ITUPEVA,3888,2026,Setembro,9,16855432.18,0.0,101582.51,51454.17,21069290.224999998
Ituverava,ITUVERAVA,3890,2026,Janeiro,1,3246079.41,5048077.98,26140.36,5297.03,4057599.2625
Ituverava,ITUVERAVA,3890,2026,Fevereiro,2,2076322.74,1763908.8,25163.62,432.39,2595403.425
Ituverava,ITUVERAVA,3890,2026,Março,3,4877631.11,1515280.58,22534.86,14263.37,6097038.8875
Ituverava,ITUVERAVA,3890,2026,Abril,4,3122461.03,1214438.32,24244.61,0.0,3903076.2874999996
Ituverava,ITUVERAVA,3890,2026,Maio,5,3306751.32,1183900.23,22572.19,7198.17,4133439.1499999994
Ituverava,ITUVERAVA,3890,2026,Junho,6,4111378.63,419758.58,35486.55,12730.95,5139223.2875
Ituverava,ITUVERAVA,3890,2026,Julho,7,3341316.26,600488.57,33235.02,27723.45,4176645.3249999997
Ituverava,ITUVERAVA,3890,2026,Agosto,8,3584244.74,581849.85,30949.24,0.0,4480305.925
Ituverava,ITUVERAVA,3890,2026,Setembro,9,4058143.57,0.0,24457.18,12388.2,5072679.462499999
Itápolis,ITAPOLIS,3750,2026,Janeiro,1,4271799.79,6422066.96,34278.11,6992.93,5339749.7375
Itápolis,ITAPOLIS,3750,2026,Fevereiro,2,2741079.72,1905247.75,33220.02,570.82,3426349.65
Itápolis,ITAPOLIS,3750,2026,Março,3,6439256.99,1623235.6,29749.64,18829.94,8049071.2375
Itápolis,ITAPOLIS,3750,2026,Abril,4,4122150.4,1380854.84,32006.78,0.0,5152688.0
Itápolis,ITAPOLIS,3750,2026,Maio,5,4365443.2,1278499.82,29798.92,9502.75,5456804.0
Itápolis,ITAPOLIS,3750,2026,Junho,6,5427680.57,327897.87,46847.96,16806.9,6784600.7125
Itápolis,ITAPOLIS,3750,2026,Julho,7,4411074.48,412081.69,43875.57,36599.41,5513843.100000001
Itápolis,ITAPOLIS,3750,2026,Agosto,8,4731779.11,463081.06,40857.97,0.0,5914723.8875
Itápolis,ITAPOLIS,3750,2026,Setembro,9,5357401.74,0.0,32287.41,16354.41,6696752.175
Jaborandi,JABORANDI,3906,2026,Janeiro,1,951706.52,790059.49,7706.4,1545.35,1189633.15
Jaborandi,JABORANDI,3906,2026,Fevereiro,2,605745.12,218317.97,7341.22,126.14,757181.3999999999
Jaborandi,JABORANDI,3906,2026,Março,3,1422997.09,180711.33,6574.31,4161.19,1778746.3625
Jaborandi,JABORANDI,3906,2026,Abril,4,910944.86,170815.11,7073.11,0.0,1138681.075
Jaborandi,JABORANDI,3906,2026,Maio,5,964709.59,138094.22,6585.2,2099.99,1205886.9874999998
Jaborandi,JABORANDI,3906,2026,Junho,6,1199451.07,41368.08,10352.83,3714.12,1499313.8375
Jaborandi,JABORANDI,3906,2026,Julho,7,974793.55,79124.87,9695.96,8088.02,1218491.9375
Jaborandi,JABORANDI,3906,2026,Agosto,8,1045665.35,54876.69,9029.11,0.0,1307081.6875
Jaborandi,JABORANDI,3906,2026,Setembro,9,1183920.3,0.0,7135.12,3614.13,1479900.375
Jaboticabal,JABOTICABAL,3918,2026,Janeiro,1,5953960.2,11504609.43,48372.62,9638.8,7442450.25
Jaboticabal,JABOTICABAL,3918,2026,Fevereiro,2,3778204.38,3902407.78,45789.26,786.8,4722755.475
Jaboticabal,JABOTICABAL,3918,2026,Março,3,8875637.13,3393715.05,41005.82,25954.51,11094546.4125
Jaboticabal,JABOTICABAL,3918,2026,Abril,4,5681821.87,2795627.76,44116.98,0.0,7102277.337499999
Jaboticabal,JABOTICABAL,3918,2026,Maio,5,6017167.8,2661989.76,41073.74,13098.24,7521459.749999999
Jaboticabal,JABOTICABAL,3918,2026,Junho,6,7481317.07,711774.03,64573.51,23166.01,9351646.3375
Jaboticabal,JABOTICABAL,3918,2026,Julho,7,6080064.29,940370.29,60476.48,50447.3,7600080.3625
Jaboticabal,JABOTICABAL,3918,2026,Agosto,8,6522111.86,982952.28,56317.14,0.0,8152639.825
Jaboticabal,JABOTICABAL,3918,2026,Setembro,9,7384447.28,0.0,44503.79,22542.33,9230559.1
Jacareí,JACAREI,3920,2026,Janeiro,1,21626976.1,23591135.93,174748.14,35185.06,27033720.125
Jacareí,JACAREI,3920,2026,Fevereiro,2,13791795.3,11361137.11,167147.15,2872.1,17239744.125
Jacareí,JACAREI,3920,2026,Março,3,32399245.29,8865143.09,149685.87,94743.23,40499056.6125
Jacareí,JACAREI,3920,2026,Abril,4,20740678.97,7126336.76,161042.72,0.0,25925848.7125
Jacareí,JACAREI,3920,2026,Maio,5,21964811.39,6455295.61,149933.83,47813.25,27456014.2375
Jacareí,JACAREI,3920,2026,Junho,6,27309479.12,2122524.62,235716.39,84564.22,34136848.9
Jacareí,JACAREI,3920,2026,Julho,7,22194406.03,2510088.52,220760.76,184150.65,27743007.5375
Jacareí,JACAREI,3920,2026,Agosto,8,23808037.55,2486536.1,205577.68,0.0,29760046.9375
Jacareí,JACAREI,3920,2026,Setembro,9,26955869.8,0.0,162454.74,82287.54,33694837.25
Jaci,JACI,3931,2026,Janeiro,1,1393346.11,1037944.12,11172.88,2282.3,1741682.6375
Jaci,JACI,3931,2026,Fevereiro,2,894613.51,340516.62,10842.11,186.3,1118266.8875
Jaci,JACI,3931,2026,Março,3,2101597.51,364899.73,9709.47,6145.58,2626996.8874999997
Jaci,JACI,3931,2026,Abril,4,1345357.24,267062.05,10446.14,0.0,1681696.5499999998
Jaci,JACI,3931,2026,Maio,5,1424761.36,293707.04,9725.55,3101.44,1780951.7
Jaci,JACI,3931,2026,Junho,6,1771446.61,120889.71,15289.89,5485.31,2214308.2625
Jaci,JACI,3931,2026,Julho,7,1439654.16,170327.78,14319.79,11945.05,1799567.6999999997
Jaci,JACI,3931,2026,Agosto,8,1544323.39,130407.77,13334.93,0.0,1930404.2374999998
Jaci,JACI,3931,2026,Setembro,9,1748509.52,0.0,10537.73,5337.63,2185636.9
Jacupiranga,JACUPIRANGA,3943,2026,Janeiro,1,1853549.01,1052485.28,14429.77,3114.46,2316936.2624999997
Jacupiranga,JACUPIRANGA,3943,2026,Fevereiro,2,1220803.52,502152.69,14795.31,254.23,1526004.4
Jacupiranga,JACUPIRANGA,3943,2026,Março,3,2867872.66,485268.42,13249.69,8386.35,3584840.825
Jacupiranga,JACUPIRANGA,3943,2026,Abril,4,1835895.42,341801.62,14254.96,0.0,2294869.275
Jacupiranga,JACUPIRANGA,3943,2026,Maio,5,1944251.53,356242.77,13271.64,4232.27,2430314.4125
Jacupiranga,JACUPIRANGA,3943,2026,Junho,6,2417343.61,131161.77,20864.82,7485.34,3021679.5124999997
Jacupiranga,JACUPIRANGA,3943,2026,Julho,7,1964574.47,168740.23,19541.0,16300.4,2455718.0875
Jacupiranga,JACUPIRANGA,3943,2026,Agosto,8,2107407.73,206076.75,18197.05,0.0,2634259.6624999996
Jacupiranga,JACUPIRANGA,3943,2026,Setembro,9,2386043.3,0.0,14379.95,7283.82,2982554.1249999995
Jaguariúna,JAGUARIUNA,3955,2026,Janeiro,1,16898459.97,8878229.5,139274.05,26998.13,21123074.9625
Jaguariúna,JAGUARIUNA,3955,2026,Fevereiro,2,10582691.71,3645747.54,128255.0,2203.81,13228364.637500001
Jaguariúna,JAGUARIUNA,3955,2026,Março,3,24860521.57,2909674.33,114856.65,72698.18,31075651.9625
Jaguariúna,JAGUARIUNA,3955,2026,Abril,4,15914694.69,2701009.42,123570.96,0.0,19893368.362499997
Jaguariúna,JAGUARIUNA,3955,2026,Maio,5,16853993.43,2175894.16,115046.92,36687.97,21067491.787499998
Jaguariúna,JAGUARIUNA,3955,2026,Junho,6,20955052.77,645418.02,180869.41,64887.64,26193815.9625
Jaguariúna,JAGUARIUNA,3955,2026,Julho,7,17030165.51,867627.0,169393.69,141302.09,21287706.8875
Jaguariúna,JAGUARIUNA,3955,2026,Agosto,8,18268333.9,830991.54,157743.44,0.0,22835417.374999996
Jaguariúna,JAGUARIUNA,3955,2026,Setembro,9,20683722.0,0.0,124654.44,63140.7,25854652.5
Jales,JALES,3967,2026,Janeiro,1,2773879.28,7351015.71,22348.19,4524.6,3467349.0999999996
Jales,JALES,3967,2026,Fevereiro,2,1773546.76,2788167.93,21494.18,369.34,2216933.4499999997
Jales,JALES,3967,2026,Março,3,4166359.44,2264019.0,19248.76,12183.44,5207949.3
Jales,JALES,3967,2026,Abril,4,2667133.85,1885731.9,20709.18,0.0,3333917.3125
Jales,JALES,3967,2026,Maio,5,2824550.34,1802664.17,19280.64,6148.51,3530687.925
Jales,JALES,3967,2026,Junho,6,3511844.34,497813.52,30311.79,10874.48,4389805.425
Jales,JALES,3967,2026,Julho,7,2854074.91,670088.53,28388.58,23680.73,3567593.6375
Jales,JALES,3967,2026,Agosto,8,3061578.79,660377.45,26436.13,0.0,3826973.4875
Jales,JALES,3967,2026,Setembro,9,3466372.19,0.0,20890.76,10581.71,4332965.2375
Jambeiro,JAMBEIRO,3979,2026,Janeiro,1,1085166.82,570144.29,8800.9,1759.56,1356458.525
Jambeiro,JAMBEIRO,3979,2026,Fevereiro,2,689711.41,256606.2,8358.83,143.63,862139.2625
Jambeiro,JAMBEIRO,3979,2026,Março,3,1620248.02,222418.88,7485.61,4738.0,2025310.025
Jambeiro,JAMBEIRO,3979,2026,Abril,4,1037216.88,143235.77,8053.56,0.0,1296521.0999999999
Jambeiro,JAMBEIRO,3979,2026,Maio,5,1098434.3,153973.56,7498.01,2391.08,1373042.875
Jambeiro,JAMBEIRO,3979,2026,Junho,6,1365714.82,42694.88,11787.9,4228.96,1707143.525
Jambeiro,JAMBEIRO,3979,2026,Julho,7,1109916.05,68520.39,11039.99,9209.16,1387395.0625
Jambeiro,JAMBEIRO,3979,2026,Agosto,8,1190611.86,58162.61,10280.7,0.0,1488264.825
Jambeiro,JAMBEIRO,3979,2026,Setembro,9,1348031.24,0.0,8124.17,4115.1,1685039.0499999998
Jandira,JANDIRA,3980,2026,Janeiro,1,7217095.96,9177885.31,58081.2,11783.78,9021369.95
Jandira,JANDIRA,3980,2026,Fevereiro,2,4618992.03,4494292.28,55979.03,961.89,5773740.0375
Jandira,JANDIRA,3980,2026,Março,3,10850788.64,3876345.11,50131.1,31730.33,13563485.8
Jandira,JANDIRA,3980,2026,Abril,4,6946233.52,3023186.72,53934.6,0.0,8682791.899999999
Jandira,JANDIRA,3980,2026,Maio,5,7356206.1,2711497.36,50214.14,16013.07,9195257.624999998
Jandira,JANDIRA,3980,2026,Junho,6,9146181.74,1048710.4,78943.47,28321.29,11432727.174999999
Jandira,JANDIRA,3980,2026,Julho,7,7433099.34,1166086.78,73934.7,61673.65,9291374.174999999
Jandira,JANDIRA,3980,2026,Agosto,8,7973518.55,1275223.66,68849.75,0.0,9966898.1875
Jandira,JANDIRA,3980,2026,Setembro,9,9027754.91,0.0,54407.5,27558.81,11284693.6375
Jardinópolis,JARDINOPOLIS,3992,2026,Janeiro,1,3668018.97,4680696.9,29641.8,5966.83,4585023.7125
Jardinópolis,JARDINOPOLIS,3992,2026,Fevereiro,2,2338869.91,1832269.49,28345.51,487.06,2923587.3875
Jardinópolis,JARDINOPOLIS,3992,2026,Março,3,5494398.54,1539166.4,25384.35,16066.95,6867998.175
Jardinópolis,JARDINOPOLIS,3992,2026,Abril,4,3517290.46,1224877.5,27310.29,0.0,4396613.074999999
Jardinópolis,JARDINOPOLIS,3992,2026,Maio,5,3724883.92,1291838.76,25426.4,8108.37,4656104.899999999
Jardinópolis,JARDINOPOLIS,3992,2026,Junho,6,4631254.86,445299.01,39973.76,14340.75,5789068.575
Jardinópolis,JARDINOPOLIS,3992,2026,Julho,7,3763819.53,650998.09,37437.53,31229.03,4704774.4125
Jardinópolis,JARDINOPOLIS,3992,2026,Agosto,8,4037465.86,557242.36,34862.72,0.0,5046832.324999999
Jardinópolis,JARDINOPOLIS,3992,2026,Setembro,9,4571288.33,0.0,27549.75,13954.66,5714110.4125
Jarinu,JARINU,4005,2026,Janeiro,1,10616560.65,3598659.39,81342.53,18074.95,13270700.8125
Jarinu,JARINU,4005,2026,Fevereiro,2,7084996.02,1603124.93,85865.32,1475.43,8856245.024999999
Jarinu,JARINU,4005,2026,Março,3,16643846.49,1335003.2,76895.27,48670.63,20804808.1125
Jarinu,JARINU,4005,2026,Abril,4,10654713.53,1135458.02,82729.4,0.0,13318391.912499998
Jarinu,JARINU,4005,2026,Maio,5,11283563.73,926107.44,77022.65,24562.19,14104454.6625
Jarinu,JARINU,4005,2026,Junho,6,14029177.97,364171.21,121090.09,43441.57,17536472.4625
Jarinu,JARINU,4005,2026,Julho,7,11401509.01,424196.86,113407.22,94600.2,14251886.2625
Jarinu,JARINU,4005,2026,Agosto,8,12230449.16,413282.94,105607.5,0.0,15288061.45
Jarinu,JARINU,4005,2026,Setembro,9,13847525.0,0.0,83454.78,42272.01,17309406.25
Jaú,JAU,4017,2026,Janeiro,1,7598039.57,17654754.95,61127.32,12409.32,9497549.4625
Jaú,JAU,4017,2026,Fevereiro,2,4864188.95,6606311.66,58950.65,1012.95,6080236.1875
Jaú,JAU,4017,2026,Março,3,11426797.43,5923010.17,52792.28,33414.72,14283496.7875
Jaú,JAU,4017,2026,Abril,4,7314970.92,4838879.58,56797.7,0.0,9143713.649999999
Jaú,JAU,4017,2026,Maio,5,7746706.69,4279494.77,52879.74,16863.12,9683383.3625
Jaú,JAU,4017,2026,Junho,6,9631702.31,1247191.35,83134.14,29824.71,12039627.8875
Jaú,JAU,4017,2026,Julho,7,7827681.77,1557995.34,77859.48,64947.57,9784602.212499999
Jaú,JAU,4017,2026,Agosto,8,8396788.87,1491166.31,72504.61,0.0,10495986.087499999
Jaú,JAU,4017,2026,Setembro,9,9506988.85,0.0,57295.7,29021.76,11883736.062499998
Jeriquara,JERIQUARA,4029,2026,Janeiro,1,564815.05,345530.02,4495.88,931.17,706018.8125
Jeriquara,JERIQUARA,4029,2026,Fevereiro,2,365000.67,133426.77,4423.56,76.01,456250.83749999997
Jeriquara,JERIQUARA,4029,2026,Março,3,857447.92,101475.24,3961.45,2507.39,1071809.9
Jeriquara,JERIQUARA,4029,2026,Abril,4,548903.28,78325.22,4262.01,0.0,686129.1
Jeriquara,JERIQUARA,4029,2026,Maio,5,581300.02,71384.65,3968.01,1265.38,726625.025
Jeriquara,JERIQUARA,4029,2026,Junho,6,722746.96,28365.29,6238.25,2238.0,903433.7
Jeriquara,JERIQUARA,4029,2026,Julho,7,587376.25,57950.93,5842.45,4873.56,734220.3125
Jeriquara,JERIQUARA,4029,2026,Agosto,8,630081.11,67445.55,5440.63,0.0,787601.3875
Jeriquara,JERIQUARA,4029,2026,Setembro,9,713388.67,0.0,4299.37,2177.74,891735.8375
Joanópolis,JOANOPOLIS,4030,2026,Janeiro,1,1078689.92,1413950.39,8706.39,1756.65,1348362.4
Joanópolis,JOANOPOLIS,4030,2026,Fevereiro,2,688569.56,564667.19,8344.99,143.39,860711.9500000001
Joanópolis,JOANOPOLIS,4030,2026,Março,3,1617565.63,463659.03,7473.22,4730.15,2021957.0374999999
Joanópolis,JOANOPOLIS,4030,2026,Abril,4,1035499.72,389500.88,8040.22,0.0,1294374.65
Joanópolis,JOANOPOLIS,4030,2026,Maio,5,1096615.79,320737.53,7485.6,2387.13,1370769.7375
Joanópolis,JOANOPOLIS,4030,2026,Junho,6,1363453.82,100107.67,11768.38,4221.96,1704317.275
Joanópolis,JOANOPOLIS,4030,2026,Julho,7,1108078.54,152302.86,11021.71,9193.91,1385098.175
Joanópolis,JOANOPOLIS,4030,2026,Agosto,8,1188640.75,136205.32,10263.68,0.0,1485800.9375
Joanópolis,JOANOPOLIS,4030,2026,Setembro,9,1345799.51,0.0,8110.72,4108.29,1682249.3875
José Bonifácio,JOSE BONIFACIO,4054,2026,Janeiro,1,3298440.82,4621664.13,26562.19,5382.44,4123051.0249999994
José Bonifácio,JOSE BONIFACIO,4054,2026,Fevereiro,2,2109803.14,1931834.58,25569.37,439.36,2637253.925
José Bonifácio,JOSE BONIFACIO,4054,2026,Março,3,4956282.19,1880174.14,22898.23,14493.37,6195352.7375
José Bonifácio,JOSE BONIFACIO,4054,2026,Abril,4,3172810.26,1353674.41,24635.55,0.0,3966012.8249999997
José Bonifácio,JOSE BONIFACIO,4054,2026,Maio,5,3360072.21,1454887.92,22936.16,7314.24,4200090.262499999
José Bonifácio,JOSE BONIFACIO,4054,2026,Junho,6,4177674.01,419293.38,36058.77,12936.23,5222092.512499999
José Bonifácio,JOSE BONIFACIO,4054,2026,Julho,7,3395194.5,747661.77,33770.93,28170.49,4243993.125
José Bonifácio,JOSE BONIFACIO,4054,2026,Agosto,8,3642040.16,786522.05,31448.29,0.0,4552550.2
José Bonifácio,JOSE BONIFACIO,4054,2026,Setembro,9,4123580.54,0.0,24851.55,12587.96,5154475.675
João Ramalho,JOAO RAMALHO,4042,2026,Janeiro,1,742916.13,337513.69,6040.27,1201.89,928645.1625
João Ramalho,JOAO RAMALHO,4042,2026,Fevereiro,2,471114.44,110921.5,5709.59,98.11,588893.0499999999
João Ramalho,JOAO RAMALHO,4042,2026,Março,3,1106727.01,88810.92,5113.13,3236.34,1383408.7625
João Ramalho,JOAO RAMALHO,4042,2026,Abril,4,708481.62,65832.69,5501.06,0.0,885602.0249999999
João Ramalho,JOAO RAMALHO,4042,2026,Maio,5,750296.8,70210.51,5121.6,1633.25,937871.0
João Ramalho,JOAO RAMALHO,4042,2026,Junho,6,932865.5,17529.66,8051.84,2888.63,1166081.875
João Ramalho,JOAO RAMALHO,4042,2026,Julho,7,758139.53,25457.34,7540.98,6290.41,947674.4125
João Ramalho,JOAO RAMALHO,4042,2026,Agosto,8,813259.63,22821.33,7022.34,0.0,1016574.5375
João Ramalho,JOAO RAMALHO,4042,2026,Setembro,9,920786.55,0.0,5549.3,2810.86,1150983.1875
Jumirim,JUMIRIM,7882,2026,Janeiro,1,656705.09,422631.39,5290.85,1071.18,820881.3624999999
Jumirim,JUMIRIM,7882,2026,Fevereiro,2,419880.36,115429.48,5088.66,87.44,524850.45
Jumirim,JUMIRIM,7882,2026,Março,3,986369.54,97911.59,4557.07,2884.38,1232961.925
Jumirim,JUMIRIM,7882,2026,Abril,4,631433.66,105705.28,4902.82,0.0,789292.075
Jumirim,JUMIRIM,7882,2026,Maio,5,668701.4,81037.68,4564.62,1455.64,835876.75
Jumirim,JUMIRIM,7882,2026,Junho,6,831415.61,29624.02,7176.2,2574.49,1039269.5125
Jumirim,JUMIRIM,7882,2026,Julho,7,675691.23,35729.17,6720.89,5606.32,844614.0375
Jumirim,JUMIRIM,7882,2026,Agosto,8,724816.98,45154.78,6258.65,0.0,906021.225
Jumirim,JUMIRIM,7882,2026,Setembro,9,820650.25,0.0,4945.81,2505.18,1025812.8125
Jundiaí,JUNDIAI,4078,2026,Janeiro,1,72239909.6,86972557.93,582680.61,117712.9,90299886.99999999
Jundiaí,JUNDIAI,4078,2026,Fevereiro,2,46140950.34,36431876.28,559196.84,9608.71,57676187.925000004
Jundiaí,JUNDIAI,4078,2026,Março,3,108392847.74,30556511.71,500779.51,316966.9,135491059.67499998
Jundiaí,JUNDIAI,4078,2026,Abril,4,69388692.18,23985475.89,538774.23,0.0,86735865.22500001
Jundiaí,JUNDIAI,4078,2026,Maio,5,73484071.48,22680907.12,501609.07,159960.97,91855089.35
Jundiaí,JUNDIAI,4078,2026,Junho,6,91364850.82,6386206.18,788597.71,282912.67,114206063.52499999
Jundiaí,JUNDIAI,4078,2026,Julho,7,74252188.65,9200247.8,738563.13,616082.66,92815235.8125
Jundiaí,JUNDIAI,4078,2026,Agosto,8,79650651.29,9234297.57,687767.58,0.0,99563314.1125
Jundiaí,JUNDIAI,4078,2026,Setembro,9,90181838.05,0.0,543498.22,275295.94,112727297.56249999
Junqueirópolis,JUNQUEIROPOLIS,4080,2026,Janeiro,1,2038011.99,2211760.91,16617.24,3288.55,2547514.9875
Junqueirópolis,JUNQUEIROPOLIS,4080,2026,Fevereiro,2,1289043.09,698933.73,15622.32,268.44,1611303.8625
Junqueirópolis,JUNQUEIROPOLIS,4080,2026,Março,3,3028178.89,592898.52,13990.31,8855.13,3785223.6125
Junqueirópolis,JUNQUEIROPOLIS,4080,2026,Abril,4,1938516.95,557052.44,15051.78,0.0,2423146.1875
Junqueirópolis,JUNQUEIROPOLIS,4080,2026,Maio,5,2052929.86,461513.8,14013.49,4468.84,2566162.325
Junqueirópolis,JUNQUEIROPOLIS,4080,2026,Junho,6,2552466.5,120880.08,22031.11,7903.75,3190583.125
Junqueirópolis,JUNQUEIROPOLIS,4080,2026,Julho,7,2074388.81,166414.24,20633.29,17211.55,2592986.0124999997
Junqueirópolis,JUNQUEIROPOLIS,4080,2026,Agosto,8,2225206.05,196020.31,19214.21,0.0,2781507.5624999995
Junqueirópolis,JUNQUEIROPOLIS,4080,2026,Setembro,9,2519416.58,0.0,15183.75,7690.96,3149270.725
Juquitiba,JUQUITIBA,4108,2026,Janeiro,1,1841339.62,1457345.58,14474.38,3068.7,2301674.525
Juquitiba,JUQUITIBA,4108,2026,Fevereiro,2,1202864.01,685882.77,14577.89,250.49,1503580.0125
Juquitiba,JUQUITIBA,4108,2026,Março,3,2825729.74,648665.13,13054.99,8263.12,3532162.1750000003
Juquitiba,JUQUITIBA,4108,2026,Abril,4,1808917.24,471995.2,14045.49,0.0,2261146.55
Juquitiba,JUQUITIBA,4108,2026,Maio,5,1915681.07,422403.23,13076.62,4170.08,2394601.3375
Juquitiba,JUQUITIBA,4108,2026,Junho,6,2381821.14,167502.18,20558.22,7375.35,2977276.425
Juquitiba,JUQUITIBA,4108,2026,Julho,7,1935705.37,239363.26,19253.85,16060.87,2419631.7125
Juquitiba,JUQUITIBA,4108,2026,Agosto,8,2076439.72,245177.39,17929.65,0.0,2595549.65
Juquitiba,JUQUITIBA,4108,2026,Setembro,9,2350980.78,0.0,14168.64,7176.78,2938725.9749999996
Juquiá,JUQUIA,4091,2026,Janeiro,1,2073216.28,836534.23,15948.72,3518.12,2591520.35
Juquiá,JUQUIA,4091,2026,Fevereiro,2,1379029.16,401136.87,16712.89,287.18,1723786.4499999997
Juquiá,JUQUIA,4091,2026,Março,3,3239571.28,367403.99,14966.96,9473.29,4049464.0999999996
Juquiá,JUQUIA,4091,2026,Abril,4,2073841.76,305225.0,16102.52,0.0,2592302.1999999997
Juquiá,JUQUIA,4091,2026,Maio,5,2196241.66,271194.88,14991.75,4780.8,2745302.075
Juquiá,JUQUIA,4091,2026,Junho,6,2730650.16,101168.65,23569.07,8455.5,3413312.7
Juquiá,JUQUIA,4091,2026,Julho,7,2219198.62,120303.62,22073.67,18413.06,2773998.275
Juquiá,JUQUIA,4091,2026,Agosto,8,2380544.18,120888.11,20555.53,0.0,2975680.225
Juquiá,JUQUIA,4091,2026,Setembro,9,2695293.08,0.0,16243.7,8227.86,3369116.35
Júlio Mesquita,JULIO MESQUITA,4066,2026,Janeiro,1,358422.17,206198.32,2889.53,584.3,448027.71249999997
Júlio Mesquita,JULIO MESQUITA,4066,2026,Fevereiro,2,229034.99,93951.97,2775.75,47.7,286293.7375
Júlio Mesquita,JULIO MESQUITA,4066,2026,Março,3,538041.68,77329.15,2485.78,1573.36,672552.1
Júlio Mesquita,JULIO MESQUITA,4066,2026,Abril,4,344432.4,63924.92,2674.37,0.0,430540.5
Júlio Mesquita,JULIO MESQUITA,4066,2026,Maio,5,364761.09,59329.76,2489.89,794.02,455951.3625
Júlio Mesquita,JULIO MESQUITA,4066,2026,Junho,6,453517.91,20138.45,3914.45,1404.33,566897.3875
Júlio Mesquita,JULIO MESQUITA,4066,2026,Julho,7,368573.88,18494.78,3666.09,3058.12,460717.35
Júlio Mesquita,JULIO MESQUITA,4066,2026,Agosto,8,395370.83,30697.0,3413.95,0.0,494213.5375
Júlio Mesquita,JULIO MESQUITA,4066,2026,Setembro,9,447645.66,0.0,2697.82,1366.52,559557.075
Lagoinha,LAGOINHA,4110,2026,Janeiro,1,441625.72,459812.33,3574.27,717.42,552032.1499999999
Lagoinha,LAGOINHA,4110,2026,Fevereiro,2,281212.87,160069.01,3408.11,58.56,351516.08749999997
Lagoinha,LAGOINHA,4110,2026,Março,3,660616.29,124244.05,3052.08,1931.8,825770.3625
Lagoinha,LAGOINHA,4110,2026,Abril,4,422899.68,103191.16,3283.64,0.0,528624.6
Lagoinha,LAGOINHA,4110,2026,Maio,5,447859.58,85132.94,3057.13,974.91,559824.475
Lagoinha,LAGOINHA,4110,2026,Junho,6,556836.64,22672.53,4806.23,1724.25,696045.7999999999
Lagoinha,LAGOINHA,4110,2026,Julho,7,452540.98,23781.96,4501.28,3754.81,565676.225
Lagoinha,LAGOINHA,4110,2026,Agosto,8,485442.71,32695.81,4191.7,0.0,606803.3875
Lagoinha,LAGOINHA,4110,2026,Setembro,9,549626.59,0.0,3312.43,1677.83,687033.2374999999
Laranjal Paulista,LARANJAL PAULISTA,4121,2026,Janeiro,1,2771487.93,4057649.07,22438.94,4500.81,3464359.9125
Laranjal Paulista,LARANJAL PAULISTA,4121,2026,Fevereiro,2,1764221.25,1324110.05,21381.16,367.39,2205276.5625
Laranjal Paulista,LARANJAL PAULISTA,4121,2026,Março,3,4144452.25,1067462.55,19147.54,12119.38,5180565.3125
Laranjal Paulista,LARANJAL PAULISTA,4121,2026,Abril,4,2653109.75,931392.52,20600.29,0.0,3316387.1875
Laranjal Paulista,LARANJAL PAULISTA,4121,2026,Maio,5,2809698.53,853644.32,19179.26,6116.18,3512123.1624999996
Laranjal Paulista,LARANJAL PAULISTA,4121,2026,Junho,6,3493378.66,304349.32,30152.41,10817.3,4366723.325
Laranjal Paulista,LARANJAL PAULISTA,4121,2026,Julho,7,2839067.86,313223.15,28239.31,23556.21,3548834.8249999997
Laranjal Paulista,LARANJAL PAULISTA,4121,2026,Agosto,8,3045480.65,308652.2,26297.12,0.0,3806850.8124999995
Laranjal Paulista,LARANJAL PAULISTA,4121,2026,Setembro,9,3448145.6,0.0,20780.91,10526.07,4310182.0
Lavrinhas,LAVRINHAS,4145,2026,Janeiro,1,690054.05,338404.38,5580.28,1121.83,862567.5625
Lavrinhas,LAVRINHAS,4145,2026,Fevereiro,2,439731.92,174644.71,5329.25,91.57,549664.8999999999
Lavrinhas,LAVRINHAS,4145,2026,Março,3,1033004.18,158675.4,4772.52,3020.75,1291255.225
Lavrinhas,LAVRINHAS,4145,2026,Abril,4,661287.26,119822.88,5134.62,0.0,826609.075
Lavrinhas,LAVRINHAS,4145,2026,Maio,5,700316.99,113206.2,4780.43,1524.46,875396.2374999999
Lavrinhas,LAVRINHAS,4145,2026,Junho,6,870724.17,43954.53,7515.48,2696.21,1088405.2125
Lavrinhas,LAVRINHAS,4145,2026,Julho,7,707637.29,44042.69,7038.65,5871.38,884546.6125
Lavrinhas,LAVRINHAS,4145,2026,Agosto,8,759085.65,46729.16,6554.55,0.0,948857.0625
Lavrinhas,LAVRINHAS,4145,2026,Setembro,9,859449.84,0.0,5179.64,2623.62,1074312.2999999998
Lavínia,LAVINIA,4133,2026,Janeiro,1,949814.2,413587.94,7666.8,1546.67,1187267.7499999998
Lavínia,LAVINIA,4133,2026,Fevereiro,2,606261.03,151002.81,7347.47,126.25,757826.2875
Lavínia,LAVINIA,4133,2026,Março,3,1424209.05,131313.95,6579.91,4164.73,1780261.3125
Lavínia,LAVINIA,4133,2026,Abril,4,911720.7,101366.13,7079.13,0.0,1139650.8749999998
Lavínia,LAVINIA,4133,2026,Maio,5,965531.23,99630.12,6590.81,2101.78,1206914.0374999999
Lavínia,LAVINIA,4133,2026,Junho,6,1200472.64,15718.0,10361.64,3717.28,1500590.7999999998
Lavínia,LAVINIA,4133,2026,Julho,7,975623.77,29878.34,9704.22,8094.91,1219529.7125
Lavínia,LAVINIA,4133,2026,Agosto,8,1046555.94,43311.45,9036.8,0.0,1308194.9249999998
Lavínia,LAVINIA,4133,2026,Setembro,9,1184928.64,0.0,7141.2,3617.2,1481160.7999999998
Leme,LEME,4157,2026,Janeiro,1,6488759.74,11118433.24,52297.95,10580.45,8110949.675
Leme,LEME,4157,2026,Fevereiro,2,4147310.33,4771617.61,50262.57,863.66,5184137.9125
Leme,LEME,4157,2026,Março,3,9742729.04,4068664.39,45011.82,28490.1,12178411.299999999
Leme,LEME,4157,2026,Abril,4,6236898.84,3218034.97,48426.92,0.0,7796123.55
Leme,LEME,4157,2026,Maio,5,6605005.89,3072377.2,45086.38,14377.85,8256257.362499999
Leme,LEME,4157,2026,Junho,6,8212193.0,884130.95,70881.93,25429.18,10265241.25
Leme,LEME,4157,2026,Julho,7,6674046.95,1189766.71,66384.64,55375.67,8342558.6875
Leme,LEME,4157,2026,Agosto,8,7159279.69,1133730.65,61818.96,0.0,8949099.6125
Leme,LEME,4157,2026,Setembro,9,8105859.67,0.0,48851.52,24744.56,10132324.587499999
Lençóis Paulista,LENCOIS PAULISTA,4169,2026,Janeiro,1,10948704.02,12800317.09,88162.46,17867.51,13685880.024999999
Lençóis Paulista,LENCOIS PAULISTA,4169,2026,Fevereiro,2,7003682.63,3839009.51,84879.86,1458.49,8754603.2875
Lençóis Paulista,LENCOIS PAULISTA,4169,2026,Março,3,16452827.68,3408396.31,76012.75,48112.05,20566034.599999998
Lençóis Paulista,LENCOIS PAULISTA,4169,2026,Abril,4,10532431.05,2867822.24,81779.93,0.0,13165538.8125
Lençóis Paulista,LENCOIS PAULISTA,4169,2026,Maio,5,11154064.04,2369380.89,76138.67,24280.3,13942580.049999999
Lençóis Paulista,LENCOIS PAULISTA,4169,2026,Junho,6,13868167.3,744699.2,119700.35,42942.99,17335209.125
Lençóis Paulista,LENCOIS PAULISTA,4169,2026,Julho,7,11270655.68,842693.07,112105.66,93514.49,14088319.6
Lençóis Paulista,LENCOIS PAULISTA,4169,2026,Agosto,8,12090082.21,959528.56,104395.46,0.0,15112602.762500001
Lençóis Paulista,LENCOIS PAULISTA,4169,2026,Setembro,9,13688599.13,0.0,82496.98,41786.86,17110748.9125
Limeira,LIMEIRA,4170,2026,Janeiro,1,27362381.74,41511485.07,220672.82,44591.6,34202977.175
Limeira,LIMEIRA,4170,2026,Fevereiro,2,17478957.34,18637851.94,211833.04,3639.94,21848696.674999997
Limeira,LIMEIRA,4170,2026,Março,3,41061008.67,17289004.61,189703.58,120072.32,51326260.8375
Limeira,LIMEIRA,4170,2026,Abril,4,26285587.57,12608051.93,204096.62,0.0,32856984.4625
Limeira,LIMEIRA,4170,2026,Maio,5,27836985.18,12790507.38,190017.84,60595.87,34796231.474999994
Limeira,LIMEIRA,4170,2026,Junho,6,34610520.98,3893860.06,298733.89,107172.01,43263151.224999994
Limeira,LIMEIRA,4170,2026,Julho,7,28127960.7,5875273.83,279779.96,233382.33,35159950.875
Limeira,LIMEIRA,4170,2026,Agosto,8,30172987.9,5762215.85,260537.77,0.0,37716234.87499999
Limeira,LIMEIRA,4170,2026,Setembro,9,34162376.12,0.0,205886.14,104286.67,42702970.14999999
Lindóia,LINDOIA,4182,2026,Janeiro,1,611220.08,785787.36,4922.56,997.32,764025.0999999999
Lindóia,LINDOIA,4182,2026,Fevereiro,2,390928.24,360263.48,4737.78,81.41,488660.3
Lindóia,LINDOIA,4182,2026,Março,3,918356.13,294278.36,4242.84,2685.5,1147945.1624999999
Lindóia,LINDOIA,4182,2026,Abril,4,587894.24,221841.36,4564.75,0.0,734867.7999999999
Lindóia,LINDOIA,4182,2026,Maio,5,622592.26,197114.65,4249.87,1355.27,778240.325
Lindóia,LINDOIA,4182,2026,Junho,6,774086.79,58340.14,6681.38,2396.97,967608.4875
Lindóia,LINDOIA,4182,2026,Julho,7,629100.11,77196.05,6257.46,5219.75,786375.1375
Lindóia,LINDOIA,4182,2026,Agosto,8,674838.48,94726.52,5827.1,0.0,843548.1
Lindóia,LINDOIA,4182,2026,Setembro,9,764063.74,0.0,4604.78,2332.44,955079.6749999999
Lins,LINS,4194,2026,Janeiro,1,7348160.51,9331402.2,58885.55,12043.06,9185200.6375
Lins,LINS,4194,2026,Fevereiro,2,4720621.54,3646661.41,57210.71,983.05,5900776.925
Lins,LINS,4194,2026,Março,3,11089533.43,4600180.61,51234.11,32428.48,13861916.7875
Lins,LINS,4194,2026,Abril,4,7099068.23,2635586.05,55121.3,0.0,8873835.2875
Lins,LINS,4194,2026,Maio,5,7518061.24,3690634.15,51318.98,16365.4,9397576.549999999
Lins,LINS,4194,2026,Junho,6,9347420.87,928566.93,80680.42,28944.43,11684276.087499999
Lins,LINS,4194,2026,Julho,7,7596646.32,2303968.19,75561.45,63030.63,9495807.9
Lins,LINS,4194,2026,Agosto,8,8148956.12,3264481.29,70364.62,0.0,10186195.15
Lins,LINS,4194,2026,Setembro,9,9226388.35,0.0,55604.61,28165.18,11532985.437499998
Lorena,LORENA,4200,2026,Janeiro,1,4447661.52,7079178.6,35939.14,7235.64,5559576.899999999
Lorena,LORENA,4200,2026,Fevereiro,2,2836217.56,3379702.94,34373.02,590.63,3545271.9499999997
Lorena,LORENA,4200,2026,Março,3,6662751.75,2965037.41,30782.19,19483.5,8328439.6875
Lorena,LORENA,4200,2026,Abril,4,4265222.66,2173201.09,33117.67,0.0,5331528.325
Lorena,LORENA,4200,2026,Maio,5,4516959.71,1992967.19,30833.18,9832.57,5646199.637499999
Lorena,LORENA,4200,2026,Junho,6,5616065.38,647632.04,48473.96,17390.23,7020081.725
Lorena,LORENA,4200,2026,Julho,7,4564174.76,701998.0,45398.41,37869.71,5705218.449999999
Lorena,LORENA,4200,2026,Agosto,8,4896010.46,660152.07,42276.08,0.0,6120013.074999999
Lorena,LORENA,4200,2026,Setembro,9,5543347.3,0.0,33408.05,16922.04,6929184.124999999
Lourdes,LOURDES,7699,2026,Janeiro,1,379315.9,132302.03,3114.71,608.11,474144.875
Lourdes,LOURDES,7699,2026,Fevereiro,2,238365.39,61360.07,2888.83,49.64,297956.7375
Lourdes,LOURDES,7699,2026,Março,3,559960.36,46785.65,2587.04,1637.46,699950.45
Lourdes,LOURDES,7699,2026,Abril,4,358463.85,40006.97,2783.32,0.0,448079.81249999994
Lourdes,LOURDES,7699,2026,Maio,5,379620.69,35141.56,2591.33,826.36,474525.8625
Lourdes,LOURDES,7699,2026,Junho,6,471993.27,8400.15,4073.92,1461.53,589991.5875
Lourdes,LOURDES,7699,2026,Julho,7,383588.8,18243.14,3815.44,3182.7,479485.99999999994
Lourdes,LOURDES,7699,2026,Agosto,8,411477.4,18614.12,3553.03,0.0,514346.75
Lourdes,LOURDES,7699,2026,Setembro,9,465881.8,0.0,2807.73,1422.19,582352.25
Louveira,LOUVEIRA,4212,2026,Janeiro,1,20505180.08,6752695.7,164261.27,33617.22,25631475.099999998
Louveira,LOUVEIRA,4212,2026,Fevereiro,2,13177233.25,3013889.86,159699.08,2744.12,16471541.5625
Louveira,LOUVEIRA,4212,2026,Março,3,30955535.73,2966982.01,143015.87,90521.47,38694419.6625
Louveira,LOUVEIRA,4212,2026,Abril,4,19816474.84,2124488.12,153866.66,0.0,24770593.549999997
Louveira,LOUVEIRA,4212,2026,Maio,5,20986059.94,1990990.73,143252.79,45682.7,26232574.925
Louveira,LOUVEIRA,4212,2026,Junho,6,26092569.42,596066.33,225212.87,80796.04,32615711.775000002
Louveira,LOUVEIRA,4212,2026,Julho,7,21205423.85,1010884.76,210923.67,175944.9,26506779.8125
Louveira,LOUVEIRA,4212,2026,Agosto,8,22747151.99,860902.75,196417.15,0.0,28433939.987499997
Louveira,LOUVEIRA,4212,2026,Setembro,9,25754716.92,0.0,155215.76,78620.81,32193396.150000002
Lucianópolis,LUCIANOPOLIS,4236,2026,Janeiro,1,521147.73,259022.97,4206.31,848.69,651434.6625
Lucianópolis,LUCIANOPOLIS,4236,2026,Fevereiro,2,332669.45,87181.54,4031.73,69.28,415836.8125
Lucianópolis,LUCIANOPOLIS,4236,2026,Março,3,781496.46,80366.71,3610.55,2285.28,976870.575
Lucianópolis,LUCIANOPOLIS,4236,2026,Abril,4,500282.25,54957.23,3884.48,0.0,625352.8125
Lucianópolis,LUCIANOPOLIS,4236,2026,Maio,5,529809.33,60409.55,3616.53,1153.3,662261.6624999999
Lucianópolis,LUCIANOPOLIS,4236,2026,Junho,6,658727.11,19667.82,5685.67,2039.76,823408.8875
Lucianópolis,LUCIANOPOLIS,4236,2026,Julho,7,535347.34,25123.61,5324.93,4441.87,669184.1749999999
Lucianópolis,LUCIANOPOLIS,4236,2026,Agosto,8,574269.46,20955.39,4958.7,0.0,717836.825
Lucianópolis,LUCIANOPOLIS,4236,2026,Setembro,9,650197.77,0.0,3918.54,1984.84,812747.2125
Lucélia,LUCELIA,4224,2026,Janeiro,1,1348293.32,1556146.74,10815.32,2207.83,1685366.65
Lucélia,LUCELIA,4224,2026,Fevereiro,2,865424.22,653829.71,10488.35,180.22,1081780.275
Lucélia,LUCELIA,4224,2026,Março,3,2033026.95,637172.18,9392.67,5945.06,2541283.6875
Lucélia,LUCELIA,4224,2026,Abril,4,1301461.16,454065.03,10105.3,0.0,1626826.4499999997
Lucélia,LUCELIA,4224,2026,Maio,5,1378274.49,527607.64,9408.23,3000.24,1722843.1124999998
Lucélia,LUCELIA,4224,2026,Junho,6,1713648.16,144363.34,14791.02,5306.34,2142060.1999999997
Lucélia,LUCELIA,4224,2026,Julho,7,1392681.38,192206.28,13852.56,11555.31,1740851.7249999999
Lucélia,LUCELIA,4224,2026,Agosto,8,1493935.47,244169.75,12899.84,0.0,1867419.3375
Lucélia,LUCELIA,4224,2026,Setembro,9,1691459.45,0.0,10193.91,5163.48,2114324.3125
Luiz Antônio,LUIZ ANTONIO,4248,2026,Janeiro,1,4083362.55,1243019.7,33072.51,6629.05,5104203.187499999
Luiz Antônio,LUIZ ANTONIO,4248,2026,Fevereiro,2,2598446.32,472388.84,31491.4,541.12,3248057.8999999994
Luiz Antônio,LUIZ ANTONIO,4248,2026,Março,3,6104187.15,561008.71,28201.6,17850.12,7630233.9375
Luiz Antônio,LUIZ ANTONIO,4248,2026,Abril,4,3907652.32,328401.2,30341.29,0.0,4884565.399999999
Luiz Antônio,LUIZ ANTONIO,4248,2026,Maio,5,4138285.27,433972.6,28248.32,9008.27,5172856.587499999
Luiz Antônio,LUIZ ANTONIO,4248,2026,Junho,6,5145248.61,102815.46,44410.2,15932.34,6431560.7625
Luiz Antônio,LUIZ ANTONIO,4248,2026,Julho,7,4181542.1,206128.92,41592.48,34694.94,5226927.625
Luiz Antônio,LUIZ ANTONIO,4248,2026,Agosto,8,4485558.71,252521.04,38731.91,0.0,5606948.387499999
Luiz Antônio,LUIZ ANTONIO,4248,2026,Setembro,9,5078626.76,0.0,30607.32,15503.4,6348283.449999999
Luiziania,LUIZIANIA,4250,2026,Janeiro,1,506973.4,406474.98,4140.47,816.83,633716.75
Luiziania,LUIZIANIA,4250,2026,Fevereiro,2,320180.02,151232.12,3880.36,66.68,400225.025
Luiziania,LUIZIANIA,4250,2026,Março,3,752156.67,135668.66,3475.0,2199.49,940195.8375
Luiziania,LUIZIANIA,4250,2026,Abril,4,481500.11,136438.77,3738.65,0.0,601875.1375
Luiziania,LUIZIANIA,4250,2026,Maio,5,509918.65,101022.16,3480.75,1110.0,637398.3125
Luiziania,LUIZIANIA,4250,2026,Junho,6,633996.46,34497.31,5472.22,1963.18,792495.575
Luiziania,LUIZIANIA,4250,2026,Julho,7,515248.75,34026.58,5125.02,4275.1,644060.9375
Luiziania,LUIZIANIA,4250,2026,Agosto,8,552709.61,44744.32,4772.54,0.0,690887.0125
Luiziania,LUIZIANIA,4250,2026,Setembro,9,625787.33,0.0,3771.43,1910.33,782234.1624999999
Lupércio,LUPERCIO,4261,2026,Janeiro,1,416845.26,201851.35,3343.95,682.54,521056.575
Lupércio,LUPERCIO,4261,2026,Fevereiro,2,267542.46,106790.33,3242.43,55.71,334428.075
Lupércio,LUPERCIO,4261,2026,Março,3,628502.2,73799.73,2903.71,1837.89,785627.7499999999
Lupércio,LUPERCIO,4261,2026,Abril,4,402341.55,62680.82,3124.01,0.0,502926.93749999994
Lupércio,LUPERCIO,4261,2026,Maio,5,426088.09,63899.41,2908.52,927.51,532610.1125
Lupércio,LUPERCIO,4261,2026,Junho,6,529767.52,16606.3,4572.58,1640.43,662209.4
Lupércio,LUPERCIO,4261,2026,Julho,7,430541.92,19525.87,4282.46,3572.28,538177.3999999999
Lupércio,LUPERCIO,4261,2026,Agosto,8,461844.22,31308.37,3987.93,0.0,577305.2749999999
Lupércio,LUPERCIO,4261,2026,Setembro,9,522907.97,0.0,3151.41,1596.27,653634.9624999999
Lutécia,LUTECIA,4273,2026,Janeiro,1,833763.28,267487.82,6703.57,1362.48,1042204.1
Lutécia,LUTECIA,4273,2026,Fevereiro,2,534062.88,98828.16,6472.48,111.22,667578.6
Lutécia,LUTECIA,4273,2026,Março,3,1254603.46,71081.93,5796.32,3668.76,1568254.325
Lutécia,LUTECIA,4273,2026,Abril,4,803146.11,78227.23,6236.09,0.0,1003932.6375
Lutécia,LUTECIA,4273,2026,Maio,5,850548.47,54281.14,5805.92,1851.48,1063185.5875
Lutécia,LUTECIA,4273,2026,Junho,6,1057511.27,13105.43,9127.7,3274.6,1321889.0875
Lutécia,LUTECIA,4273,2026,Julho,7,859439.11,18771.51,8548.57,7130.91,1074298.8875
Lutécia,LUTECIA,4273,2026,Agosto,8,921924.14,38035.81,7960.63,0.0,1152405.175
Lutécia,LUTECIA,4273,2026,Setembro,9,1043818.38,0.0,6290.77,3186.44,1304772.9749999999
Macatuba,MACATUBA,4285,2026,Janeiro,1,2010697.22,1903140.21,16163.37,3286.27,2513371.525
Macatuba,MACATUBA,4285,2026,Fevereiro,2,1288148.2,579039.88,15611.48,268.25,1610185.2499999998
Macatuba,MACATUBA,4285,2026,Março,3,3026076.63,504599.43,13980.6,8848.98,3782595.7874999996
Macatuba,MACATUBA,4285,2026,Abril,4,1937171.17,461883.26,15041.33,0.0,2421463.9625
Macatuba,MACATUBA,4285,2026,Maio,5,2051504.65,395581.39,14003.76,4465.74,2564380.8124999995
Macatuba,MACATUBA,4285,2026,Junho,6,2550694.49,137491.94,22015.82,7898.26,3188368.1125000003
Macatuba,MACATUBA,4285,2026,Julho,7,2072948.7,183638.55,20618.97,17199.6,2591185.875
Macatuba,MACATUBA,4285,2026,Agosto,8,2223661.24,121165.49,19200.87,0.0,2779576.5500000003
Macatuba,MACATUBA,4285,2026,Setembro,9,2517667.52,0.0,15173.21,7685.62,3147084.4
Macaubal,MACAUBAL,4297,2026,Janeiro,1,665634.25,805415.37,5413.6,1076.56,832042.8125
Macaubal,MACAUBAL,4297,2026,Fevereiro,2,421988.01,376203.46,5114.21,87.88,527485.0125
Macaubal,MACAUBAL,4297,2026,Março,3,991320.77,263853.16,4579.94,2898.86,1239150.9625
Macaubal,MACAUBAL,4297,2026,Abril,4,634603.23,233097.01,4927.43,0.0,793254.0375
Macaubal,MACAUBAL,4297,2026,Maio,5,672058.05,182641.44,4587.53,1462.94,840072.5625
Macaubal,MACAUBAL,4297,2026,Junho,6,835589.03,59301.94,7212.22,2587.41,1044486.2875
Macaubal,MACAUBAL,4297,2026,Julho,7,679082.97,68627.04,6754.62,5634.46,848853.7124999999
Macaubal,MACAUBAL,4297,2026,Agosto,8,728455.31,50367.43,6290.07,0.0,910569.1375000001
Macaubal,MACAUBAL,4297,2026,Setembro,9,824769.63,0.0,4970.63,2517.75,1030962.0375
Macedônia,MACEDONIA,4303,2026,Janeiro,1,735964.56,402858.29,5921.4,1201.91,919955.7000000001
Macedônia,MACEDONIA,4303,2026,Fevereiro,2,471124.22,131555.43,5709.7,98.11,588905.2749999999
Macedônia,MACEDONIA,4303,2026,Março,3,1106749.99,143152.9,5113.23,3236.4,1383437.4874999998
Macedônia,MACEDONIA,4303,2026,Abril,4,708496.32,116134.26,5501.18,0.0,885620.3999999999
Macedônia,MACEDONIA,4303,2026,Maio,5,750312.38,96886.15,5121.7,1633.29,937890.475
Macedônia,MACEDONIA,4303,2026,Junho,6,932884.87,28316.65,8052.01,2888.69,1166106.0875
Macedônia,MACEDONIA,4303,2026,Julho,7,758155.27,32183.54,7541.13,6290.54,947694.0875
Macedônia,MACEDONIA,4303,2026,Agosto,8,813276.51,48659.91,7022.48,0.0,1016595.6375
Macedônia,MACEDONIA,4303,2026,Setembro,9,920805.66,0.0,5549.41,2810.92,1151007.075
Magda,MAGDA,4315,2026,Janeiro,1,654759.27,388659.26,5268.76,1069.17,818449.0875
Magda,MAGDA,4315,2026,Fevereiro,2,419090.6,107651.69,5079.09,87.27,523863.24999999994
Magda,MAGDA,4315,2026,Março,3,984514.26,95438.56,4548.5,2878.96,1230642.825
Magda,MAGDA,4315,2026,Abril,4,630245.98,78947.16,4893.6,0.0,787807.475
Magda,MAGDA,4315,2026,Maio,5,667443.63,68116.35,4556.03,1452.9,834304.5375
Magda,MAGDA,4315,2026,Junho,6,829851.79,27675.65,7162.7,2569.65,1037314.7375
Magda,MAGDA,4315,2026,Julho,7,674420.32,20459.22,6708.25,5595.78,843025.3999999999
Magda,MAGDA,4315,2026,Agosto,8,723453.66,45747.18,6246.88,0.0,904317.075
Magda,MAGDA,4315,2026,Setembro,9,819106.68,0.0,4936.5,2500.47,1023883.35
Mairinque,MAIRINQUE,4327,2026,Janeiro,1,3188733.64,4412793.59,25669.7,5205.05,3985917.05
Mairinque,MAIRINQUE,4327,2026,Fevereiro,2,2040270.12,2133624.53,24726.68,424.88,2550337.65
Mairinque,MAIRINQUE,4327,2026,Março,3,4792937.45,1820129.31,22143.57,14015.71,5991171.8125
Mairinque,MAIRINQUE,4327,2026,Abril,4,3068243.6,1485381.99,23823.63,0.0,3835304.5
Mairinque,MAIRINQUE,4327,2026,Maio,5,3249333.93,1329710.89,22180.25,7073.19,4061667.4125
Mairinque,MAIRINQUE,4327,2026,Junho,6,4039989.94,483159.22,34870.38,12509.89,5049987.425
Mairinque,MAIRINQUE,4327,2026,Julho,7,3283298.69,489361.1,32657.94,27242.07,4104123.3625
Mairinque,MAIRINQUE,4327,2026,Agosto,8,3522009.04,609603.26,30411.85,0.0,4402511.3
Mairinque,MAIRINQUE,4327,2026,Setembro,9,3987679.24,0.0,24032.52,12173.09,4984599.05
Mairiporã,MAIRIPORA,4339,2026,Janeiro,1,4609271.91,8663438.86,37154.97,7514.84,5761589.8875
Mairiporã,MAIRIPORA,4339,2026,Fevereiro,2,2945656.63,4020025.04,35699.35,613.42,3682070.7874999996
Mairiporã,MAIRIPORA,4339,2026,Março,3,6919842.53,3251158.56,31969.96,20235.29,8649803.1625
Mairiporã,MAIRIPORA,4339,2026,Abril,4,4429801.72,2704258.52,34395.56,0.0,5537252.149999999
Mairiporã,MAIRIPORA,4339,2026,Maio,5,4691252.36,2523725.85,32022.92,10211.97,5864065.45
Mairiporã,MAIRIPORA,4339,2026,Junho,6,5832768.43,771765.22,50344.39,18061.26,7290960.5375
Mairiporã,MAIRIPORA,4339,2026,Julho,7,4740289.27,980928.64,47150.16,39330.96,5925361.587499999
Mairiporã,MAIRIPORA,4339,2026,Agosto,8,5084929.27,1121044.44,43907.36,0.0,6356161.587499999
Mairiporã,MAIRIPORA,4339,2026,Setembro,9,5757244.43,0.0,34697.14,17575.0,7196555.5375
Manduri,MANDURI,4340,2026,Janeiro,1,888593.98,1025156.0,7283.88,1426.87,1110742.4749999999
Manduri,MANDURI,4340,2026,Fevereiro,2,559300.93,421056.22,6778.35,116.47,699126.1625
Manduri,MANDURI,4340,2026,Março,3,1313891.9,321433.26,6070.24,3842.14,1642364.8749999998
Manduri,MANDURI,4340,2026,Abril,4,841100.15,274128.45,6530.79,0.0,1051375.1875
Manduri,MANDURI,4340,2026,Maio,5,890742.59,261075.55,6080.29,1938.98,1113428.2374999998
Manduri,MANDURI,4340,2026,Junho,6,1107485.78,79284.16,9559.05,3429.35,1384357.2249999999
Manduri,MANDURI,4340,2026,Julho,7,900053.38,87426.61,8952.55,7467.89,1125066.7249999999
Manduri,MANDURI,4340,2026,Agosto,8,965491.24,79839.92,8336.83,0.0,1206864.0499999998
Manduri,MANDURI,4340,2026,Setembro,9,1093145.8,0.0,6588.05,3337.02,1366432.25
Marabá Paulista,MARABA PAULISTA,4352,2026,Janeiro,1,1042447.74,194866.6,8383.55,1703.11,1303059.6749999998
Marabá Paulista,MARABA PAULISTA,4352,2026,Fevereiro,2,667583.49,90139.9,8090.66,139.02,834479.3624999999
Marabá Paulista,MARABA PAULISTA,4352,2026,Março,3,1568265.82,72521.03,7245.45,4585.99,1960332.275
Marabá Paulista,MARABA PAULISTA,4352,2026,Abril,4,1003939.99,64792.68,7795.17,0.0,1254924.9874999998
Marabá Paulista,MARABA PAULISTA,4352,2026,Maio,5,1063193.37,53128.65,7257.46,2314.37,1328991.7125000001
Marabá Paulista,MARABA PAULISTA,4352,2026,Junho,6,1321898.77,17222.67,11409.71,4093.28,1652373.4625
Marabá Paulista,MARABA PAULISTA,4352,2026,Julho,7,1074306.76,18320.73,10685.79,8913.7,1342883.45
Marabá Paulista,MARABA PAULISTA,4352,2026,Agosto,8,1152413.62,26718.88,9950.86,0.0,1440517.0250000001
Marabá Paulista,MARABA PAULISTA,4352,2026,Setembro,9,1304782.53,0.0,7863.52,3983.08,1630978.1624999999
Marapoama,MARAPOAMA,7511,2026,Janeiro,1,750254.76,540662.87,5988.47,1233.91,937818.45
Marapoama,MARAPOAMA,7511,2026,Fevereiro,2,483667.45,156390.53,5861.72,100.72,604584.3125
Marapoama,MARAPOAMA,7511,2026,Março,3,1136216.14,136665.97,5249.37,3322.57,1420270.1749999998
Marapoama,MARAPOAMA,7511,2026,Abril,4,727359.36,168268.71,5647.64,0.0,909199.2
Marapoama,MARAPOAMA,7511,2026,Maio,5,770288.72,123421.38,5258.06,1676.77,962860.8999999999
Marapoama,MARAPOAMA,7511,2026,Junho,6,957722.03,37983.21,8266.39,2965.6,1197152.5374999999
Marapoama,MARAPOAMA,7511,2026,Julho,7,778340.43,35036.48,7741.91,6458.02,972925.5375
Marapoama,MARAPOAMA,7511,2026,Agosto,8,834929.22,43257.01,7209.45,0.0,1043661.5249999999
Marapoama,MARAPOAMA,7511,2026,Setembro,9,945321.23,0.0,5697.16,2885.76,1181651.5374999999
Maraçaí,MARACAI,4364,2026,Janeiro,1,2205602.64,1277543.6,18118.65,3534.58,2757003.3
Maraçaí,MARACAI,4364,2026,Fevereiro,2,1385481.71,407930.2,16791.09,288.52,1731852.1375
Maraçaí,MARACAI,4364,2026,Março,3,3254729.41,366590.92,15036.99,9517.62,4068411.7625
Maraçaí,MARACAI,4364,2026,Abril,4,2083545.38,327485.33,16177.86,0.0,2604431.7249999996
Maraçaí,MARACAI,4364,2026,Maio,5,2206517.99,291702.33,15061.9,4803.17,2758147.4875000003
Maraçaí,MARACAI,4364,2026,Junho,6,2743427.01,102392.8,23679.35,8495.06,3429283.7624999997
Maraçaí,MARACAI,4364,2026,Julho,7,2229582.37,90119.04,22176.95,18499.21,2786977.9625
Maraçaí,MARACAI,4364,2026,Agosto,8,2391682.87,129692.59,20651.71,0.0,2989603.5875
Maraçaí,MARACAI,4364,2026,Setembro,9,2707904.5,0.0,16319.71,8266.36,3384880.625
Marinópolis,MARINOPOLIS,4390,2026,Janeiro,1,289956.37,199293.52,2326.9,474.62,362445.46249999997
Marinópolis,MARINOPOLIS,4390,2026,Fevereiro,2,186040.8,68881.6,2254.69,38.74,232550.99999999997
Marinópolis,MARINOPOLIS,4390,2026,Março,3,437041.11,38943.11,2019.15,1278.01,546301.3875
Marinópolis,MARINOPOLIS,4390,2026,Abril,4,279775.94,34856.09,2172.34,0.0,349719.925
Marinópolis,MARINOPOLIS,4390,2026,Maio,5,296288.56,30309.81,2022.49,644.96,370360.69999999995
Marinópolis,MARINOPOLIS,4390,2026,Junho,6,368384.05,3652.97,3179.63,1140.71,460480.06249999994
Marinópolis,MARINOPOLIS,4390,2026,Julho,7,299385.61,8259.47,2977.89,2484.05,374232.01249999995
Marinópolis,MARINOPOLIS,4390,2026,Agosto,8,321152.27,12867.63,2773.09,0.0,401440.3375
Marinópolis,MARINOPOLIS,4390,2026,Setembro,9,363614.13,0.0,2191.39,1110.0,454517.6625
Mariápolis,MARIAPOLIS,4376,2026,Janeiro,1,354945.48,284416.4,2882.35,574.87,443681.85
Mariápolis,MARIAPOLIS,4376,2026,Fevereiro,2,225335.59,106032.49,2730.91,46.93,281669.4875
Mariápolis,MARIAPOLIS,4376,2026,Março,3,529351.17,92462.69,2445.62,1547.95,661688.9625
Mariápolis,MARIAPOLIS,4376,2026,Abril,4,338869.09,82241.69,2631.18,0.0,423586.3625
Mariápolis,MARIAPOLIS,4376,2026,Maio,5,358869.43,88716.89,2449.68,781.19,448586.7875
Mariápolis,MARIAPOLIS,4376,2026,Junho,6,446192.64,10246.56,3851.22,1381.64,557740.7999999999
Mariápolis,MARIAPOLIS,4376,2026,Julho,7,362620.63,20094.53,3606.87,3008.72,453275.7875
Mariápolis,MARIAPOLIS,4376,2026,Agosto,8,388984.76,19722.35,3358.81,0.0,486230.95
Mariápolis,MARIAPOLIS,4376,2026,Setembro,9,440415.24,0.0,2654.25,1344.45,550519.0499999999
Martinópolis,MARTINOPOLIS,4406,2026,Janeiro,1,2385286.7,2194101.45,19290.82,3877.48,2981608.375
Martinópolis,MARTINOPOLIS,4406,2026,Fevereiro,2,1519889.88,832212.6,18420.03,316.51,1899862.3499999999
Martinópolis,MARTINOPOLIS,4406,2026,Março,3,3570476.79,795990.42,16495.75,10440.94,4463095.9875
Martinópolis,MARTINOPOLIS,4406,2026,Abril,4,2285674.01,634344.85,17747.3,0.0,2857092.5124999997
Martinópolis,MARTINOPOLIS,4406,2026,Maio,5,2420576.42,592819.13,16523.08,5269.14,3025720.525
Martinópolis,MARTINOPOLIS,4406,2026,Junho,6,3009572.0,170866.9,25976.53,9319.19,3761965.0
Martinópolis,MARTINOPOLIS,4406,2026,Julho,7,2445878.32,190644.59,24328.38,20293.86,3057347.8999999994
Martinópolis,MARTINOPOLIS,4406,2026,Agosto,8,2623704.5,253872.31,22655.17,0.0,3279630.625
Martinópolis,MARTINOPOLIS,4406,2026,Setembro,9,2970603.38,0.0,17902.91,9068.29,3713254.2249999996
Marília,MARILIA,4388,2026,Janeiro,1,14120308.38,30847045.5,114268.28,22940.82,17650385.475
Marília,MARILIA,4388,2026,Fevereiro,2,8992312.79,13503465.61,108980.7,1872.62,11240390.987499999
Marília,MARILIA,4388,2026,Março,3,21124454.17,11388938.58,97595.87,61773.01,26405567.712500002
Marília,MARILIA,4388,2026,Abril,4,13523016.31,9252887.76,105000.58,0.0,16903770.3875
Marília,MARILIA,4388,2026,Maio,5,14321156.17,8694128.83,97757.54,31174.46,17901445.2125
Marília,MARILIA,4388,2026,Junho,6,17805903.65,2635513.7,153688.15,55136.26,22257379.562499996
Marília,MARILIA,4388,2026,Julho,7,14470852.91,3907951.74,143937.01,120067.05,18088566.1375
Marília,MARILIA,4388,2026,Agosto,8,15522947.94,3459598.21,134037.58,0.0,19403684.924999997
Marília,MARILIA,4388,2026,Setembro,9,17575348.78,0.0,105921.23,53651.85,21969185.975
Matão,MATAO,4418,2026,Janeiro,1,8828755.28,11353350.77,72157.09,14215.33,11035944.099999998
Matão,MATAO,4418,2026,Fevereiro,2,5572106.38,4329289.22,67530.13,1160.37,6965132.975
Matão,MATAO,4418,2026,Março,3,13089814.46,3546117.04,60475.49,38277.78,16362268.075000001
Matão,MATAO,4418,2026,Abril,4,8379566.78,3023548.17,65063.84,0.0,10474458.475
Matão,MATAO,4418,2026,Maio,5,8874135.9,2748687.4,60575.67,19317.32,11092669.875
Matão,MATAO,4418,2026,Junho,6,11033467.34,901919.97,95233.2,34165.3,13791834.174999999
Matão,MATAO,4418,2026,Julho,7,8966895.81,1062150.16,89190.89,74399.81,11208619.7625
Matão,MATAO,4418,2026,Agosto,8,9618828.81,992743.45,83056.68,0.0,12023536.0125
Matão,MATAO,4418,2026,Setembro,9,10890603.51,0.0,65634.32,33245.48,13613254.3875
Mauá,MAUA,4420,2026,Janeiro,1,36445043.52,27235094.33,295027.15,59193.68,45556304.4
Mauá,MAUA,4420,2026,Fevereiro,2,23202660.77,13382822.2,281200.42,4831.88,29003325.9625
Mauá,MAUA,4420,2026,Março,3,54506950.06,11204131.07,251824.4,159391.5,68133687.575
Mauá,MAUA,4420,2026,Abril,4,34893132.32,9107300.89,270930.61,0.0,43616415.4
Mauá,MAUA,4420,2026,Maio,5,36952554.51,8210679.38,252241.55,80438.75,46190693.137499996
Mauá,MAUA,4420,2026,Junho,6,45944169.42,2802775.72,396558.05,142266.83,57430211.775
Mauá,MAUA,4420,2026,Julho,7,37338813.61,3321835.16,371397.41,309806.3,46673517.012499996
Mauá,MAUA,4420,2026,Agosto,8,40053510.57,3310560.26,345854.12,0.0,50066888.2125
Mauá,MAUA,4420,2026,Setembro,9,45349273.92,0.0,273306.14,138436.64,56686592.4
Mendonça,MENDONCA,4431,2026,Janeiro,1,1290008.41,838639.42,10245.54,2130.88,1612510.5124999997
Mendonça,MENDONCA,4431,2026,Fevereiro,2,835259.34,259164.74,10122.77,173.94,1044074.1749999999
Mendonça,MENDONCA,4431,2026,Março,3,1962164.57,291103.87,9065.28,5737.84,2452705.7125
Mendonça,MENDONCA,4431,2026,Abril,4,1256097.95,185504.26,9753.08,0.0,1570122.4374999998
Mendonça,MENDONCA,4431,2026,Maio,5,1330233.91,200967.75,9080.3,2895.67,1662792.3874999997
Mendonça,MENDONCA,4431,2026,Junho,6,1653917.92,51647.19,14275.47,5121.38,2067397.4
Mendonça,MENDONCA,4431,2026,Julho,7,1344138.63,67891.18,13369.72,11152.54,1680173.2874999999
Mendonça,MENDONCA,4431,2026,Agosto,8,1441863.46,76687.84,12450.21,0.0,1802329.325
Mendonça,MENDONCA,4431,2026,Setembro,9,1632502.62,0.0,9838.59,4983.5,2040628.2750000001
Meridiano,MERIDIANO,4443,2026,Janeiro,1,1358250.72,1153978.9,10799.69,2241.41,1697813.4
Meridiano,MERIDIANO,4443,2026,Fevereiro,2,878583.61,163701.57,10647.83,182.96,1098229.5125
Meridiano,MERIDIANO,4443,2026,Março,3,2063940.56,136779.46,9535.49,6035.46,2579925.6999999997
Meridiano,MERIDIANO,4443,2026,Abril,4,1321250.8,108506.74,10258.96,0.0,1651563.5
Meridiano,MERIDIANO,4443,2026,Maio,5,1399232.14,93635.49,9551.29,3045.86,1749040.1749999998
Meridiano,MERIDIANO,4443,2026,Junho,6,1739705.39,59811.86,15015.92,5387.02,2174631.7375
Meridiano,MERIDIANO,4443,2026,Julho,7,1413858.08,57848.55,14063.2,11731.01,1767322.6
Meridiano,MERIDIANO,4443,2026,Agosto,8,1516651.82,43278.93,13095.99,0.0,1895814.775
Meridiano,MERIDIANO,4443,2026,Setembro,9,1717179.29,0.0,10348.91,5241.99,2146474.1125
Mesópolis,MESOPOLIS,7705,2026,Janeiro,1,415055.26,134525.45,3352.95,675.39,518819.075
Mesópolis,MESOPOLIS,7705,2026,Fevereiro,2,264737.96,51282.15,3208.44,55.13,330922.45
Mesópolis,MESOPOLIS,7705,2026,Março,3,621913.96,36741.99,2873.27,1818.63,777392.45
Mesópolis,MESOPOLIS,7705,2026,Abril,4,398124.02,48147.89,3091.27,0.0,497655.025
Mesópolis,MESOPOLIS,7705,2026,Maio,5,421621.64,35014.05,2878.03,917.79,527027.0499999999
Mesópolis,MESOPOLIS,7705,2026,Junho,6,524214.26,8979.99,4524.65,1623.24,655267.825
Mesópolis,MESOPOLIS,7705,2026,Julho,7,426028.78,10416.1,4237.57,3534.83,532535.975
Mesópolis,MESOPOLIS,7705,2026,Agosto,8,457002.96,8047.47,3946.13,0.0,571253.7
Mesópolis,MESOPOLIS,7705,2026,Setembro,9,517426.61,0.0,3118.37,1579.54,646783.2625
Miguelópolis,MIGUELOPOLIS,4455,2026,Janeiro,1,2878221.38,1513196.31,23465.09,4644.85,3597776.7249999996
Miguelópolis,MIGUELOPOLIS,4455,2026,Fevereiro,2,1820682.9,702095.06,22065.43,379.15,2275853.6249999995
Miguelópolis,MIGUELOPOLIS,4455,2026,Março,3,4277090.16,550263.27,19760.34,12507.25,5346362.7
Miguelópolis,MIGUELOPOLIS,4455,2026,Abril,4,2738019.15,487832.71,21259.58,0.0,3422523.9374999995
Miguelópolis,MIGUELOPOLIS,4455,2026,Maio,5,2899619.35,395805.52,19793.07,6311.92,3624524.1875
Miguelópolis,MIGUELOPOLIS,4455,2026,Junho,6,3605179.79,187105.83,31117.4,11163.49,4506474.7375
Miguelópolis,MIGUELOPOLIS,4455,2026,Julho,7,2929928.61,215646.05,29143.08,24310.1,3662410.7624999997
Miguelópolis,MIGUELOPOLIS,4455,2026,Agosto,8,3142947.38,184344.6,27138.73,0.0,3928684.2249999996
Miguelópolis,MIGUELOPOLIS,4455,2026,Setembro,9,3558499.11,0.0,21445.98,10862.95,4448123.887499999
Mineiros do Tietê,MINEIROS DO TIETE,4467,2026,Janeiro,1,849650.07,815098.72,6882.74,1379.14,1062062.5875
Mineiros do Tietê,MINEIROS DO TIETE,4467,2026,Fevereiro,2,540593.67,318053.31,6551.63,112.58,675742.0875
Mineiros do Tietê,MINEIROS DO TIETE,4467,2026,Março,3,1269945.39,281907.34,5867.2,3713.63,1587431.7374999998
Mineiros do Tietê,MINEIROS DO TIETE,4467,2026,Abril,4,812967.39,256563.45,6312.35,0.0,1016209.2374999999
Mineiros do Tietê,MINEIROS DO TIETE,4467,2026,Maio,5,860949.41,212560.17,5876.92,1874.12,1076186.7625
Mineiros do Tietê,MINEIROS DO TIETE,4467,2026,Junho,6,1070443.06,55307.39,9239.32,3314.64,1338053.825
Mineiros do Tietê,MINEIROS DO TIETE,4467,2026,Julho,7,869948.77,97166.99,8653.11,7218.11,1087435.9625
Mineiros do Tietê,MINEIROS DO TIETE,4467,2026,Agosto,8,933197.9,67385.51,8057.98,0.0,1166497.375
Mineiros do Tietê,MINEIROS DO TIETE,4467,2026,Setembro,9,1056582.72,0.0,6367.7,3225.4,1320728.4
Mira Estrela,MIRA ESTRELA,4479,2026,Janeiro,1,599031.04,254614.77,4872.64,968.71,748788.8
Mira Estrela,MIRA ESTRELA,4479,2026,Fevereiro,2,379712.68,131054.04,4601.86,79.07,474640.85
Mira Estrela,MIRA ESTRELA,4479,2026,Março,3,892008.91,109693.29,4121.12,2608.45,1115011.1375
Mira Estrela,MIRA ESTRELA,4479,2026,Abril,4,571027.82,84168.17,4433.79,0.0,713784.7749999999
Mira Estrela,MIRA ESTRELA,4479,2026,Maio,5,604730.37,78123.95,4127.95,1316.38,755912.9624999999
Mira Estrela,MIRA ESTRELA,4479,2026,Junho,6,751878.58,18879.03,6489.69,2328.2,939848.2249999999
Mira Estrela,MIRA ESTRELA,4479,2026,Julho,7,611051.52,22013.42,6077.94,5070.0,763814.4
Mira Estrela,MIRA ESTRELA,4479,2026,Agosto,8,655477.66,29879.05,5659.92,0.0,819347.075
Mira Estrela,MIRA ESTRELA,4479,2026,Setembro,9,742143.09,0.0,4472.67,2265.52,927678.8624999999
Miracatu,MIRACATU,4480,2026,Janeiro,1,2602378.75,969774.25,19881.24,4441.06,3252973.4375
Miracatu,MIRACATU,4480,2026,Fevereiro,2,1740802.33,508234.17,21097.34,362.52,2176002.9125
Miracatu,MIRACATU,4480,2026,Março,3,4089437.27,447102.56,18893.37,11958.5,5111796.587499999
Miracatu,MIRACATU,4480,2026,Abril,4,2617891.4,371508.61,20326.83,0.0,3272364.2499999995
Miracatu,MIRACATU,4480,2026,Maio,5,2772401.56,380131.79,18924.67,6035.0,3465501.9499999997
Miracatu,MIRACATU,4480,2026,Junho,6,3447006.27,124469.6,29752.16,10673.71,4308757.837499999
Miracatu,MIRACATU,4480,2026,Julho,7,2801381.03,186139.01,27864.45,23243.52,3501726.2874999996
Miracatu,MIRACATU,4480,2026,Agosto,8,3005053.83,204290.5,25948.04,0.0,3756317.2875
Miracatu,MIRACATU,4480,2026,Setembro,9,3402373.65,0.0,20505.06,10386.34,4252967.0625
Mirandópolis,MIRANDOPOLIS,4492,2026,Janeiro,1,2139785.0,2580720.02,17279.48,3483.07,2674731.25
Mirandópolis,MIRANDOPOLIS,4492,2026,Fevereiro,2,1365290.29,909267.57,16546.39,284.32,1706612.8625
Mirandópolis,MIRANDOPOLIS,4492,2026,Março,3,3207296.36,969663.03,14817.84,9378.91,4009120.4499999997
Mirandópolis,MIRANDOPOLIS,4492,2026,Abril,4,2053180.67,639515.66,15942.09,0.0,2566475.8375
Mirandópolis,MIRANDOPOLIS,4492,2026,Maio,5,2174361.13,798579.36,14842.39,4733.17,2717951.4124999996
Mirandópolis,MIRANDOPOLIS,4492,2026,Junho,6,2703445.47,219667.93,23334.26,8371.26,3379306.8375
Mirandópolis,MIRANDOPOLIS,4492,2026,Julho,7,2197089.38,461167.39,21853.76,18229.61,2746361.7249999996
Mirandópolis,MIRANDOPOLIS,4492,2026,Agosto,8,2356827.5,495526.27,20350.74,0.0,2946034.375
Mirandópolis,MIRANDOPOLIS,4492,2026,Setembro,9,2668440.65,0.0,16081.87,8145.88,3335550.8124999995
Mirante do Paranapanema,MIRANTE DO PARANAPANEMA,4509,2026,Janeiro,1,2591062.55,1165570.59,20654.05,4266.4,3238828.1874999995
Mirante do Paranapanema,MIRANTE DO PARANAPANEMA,4509,2026,Fevereiro,2,1672337.81,418755.44,20267.59,348.26,2090422.2625
Mirante do Paranapanema,MIRANTE DO PARANAPANEMA,4509,2026,Março,3,3928602.6,858117.91,18150.31,11488.18,4910753.25
Mirante do Paranapanema,MIRANTE DO PARANAPANEMA,4509,2026,Abril,4,2514931.59,560088.82,19527.39,0.0,3143664.4875
Mirante do Paranapanema,MIRANTE DO PARANAPANEMA,4509,2026,Maio,5,2663364.97,284300.85,18180.38,5797.64,3329206.2125
Mirante do Paranapanema,MIRANTE DO PARANAPANEMA,4509,2026,Junho,6,3311437.96,98063.62,28582.02,10253.92,4139297.4499999997
Mirante do Paranapanema,MIRANTE DO PARANAPANEMA,4509,2026,Julho,7,2691204.7,106752.43,26768.57,22329.37,3364005.875
Mirante do Paranapanema,MIRANTE DO PARANAPANEMA,4509,2026,Agosto,8,2886867.19,96597.14,24927.53,0.0,3608583.9875
Mirante do Paranapanema,MIRANTE DO PARANAPANEMA,4509,2026,Setembro,9,3268560.71,0.0,19698.61,9977.86,4085700.8874999997
Mirassol,MIRASSOL,4510,2026,Janeiro,1,4587263.94,9282258.91,37046.11,7466.56,5734079.925
Mirassol,MIRASSOL,4510,2026,Fevereiro,2,2926734.2,4134966.51,35470.02,609.48,3658417.75
Mirassol,MIRASSOL,4510,2026,Março,3,6875390.57,3515335.0,31764.59,20105.3,8594238.2125
Mirassol,MIRASSOL,4510,2026,Abril,4,4401345.38,2830118.7,34174.61,0.0,5501681.725
Mirassol,MIRASSOL,4510,2026,Maio,5,4661116.51,2524476.82,31817.21,10146.37,5826395.637499999
Mirassol,MIRASSOL,4510,2026,Junho,6,5795299.66,767436.63,50020.99,17945.23,7244124.575
Mirassol,MIRASSOL,4510,2026,Julho,7,4709838.41,1002299.15,46847.28,39078.31,5887298.0125
Mirassol,MIRASSOL,4510,2026,Agosto,8,5052264.5,1008507.01,43625.3,0.0,6315330.625
Mirassol,MIRASSOL,4510,2026,Setembro,9,5720260.81,0.0,34474.25,17462.1,7150326.012499999
Mirassolândia,MIRASSOLANDIA,4522,2026,Janeiro,1,548750.2,462812.23,4386.12,901.41,685937.7499999999
Mirassolândia,MIRASSOLANDIA,4522,2026,Fevereiro,2,353335.22,144956.61,4282.18,73.58,441669.02499999997
Mirassolândia,MIRASSOLANDIA,4522,2026,Março,3,830043.82,119147.86,3834.84,2427.25,1037554.7749999999
Mirassolândia,MIRASSOLANDIA,4522,2026,Abril,4,531360.29,97455.59,4125.79,0.0,664200.3625
Mirassolândia,MIRASSOLANDIA,4522,2026,Maio,5,562721.63,78193.56,3841.19,1224.94,703402.0375
Mirassolândia,MIRASSOLANDIA,4522,2026,Junho,6,699647.92,26097.09,6038.87,2166.47,874559.9
Mirassolândia,MIRASSOLANDIA,4522,2026,Julho,7,568603.67,25034.51,5655.72,4717.8,710754.5875
Mirassolândia,MIRASSOLANDIA,4522,2026,Agosto,8,609943.67,35892.34,5266.74,0.0,762429.5875
Mirassolândia,MIRASSOLANDIA,4522,2026,Setembro,9,690588.72,0.0,4161.97,2108.14,863235.8999999999
Mocóca,MOCOCA,4534,2026,Janeiro,1,5530443.83,8659649.82,44687.06,8997.42,6913054.7875
Mocóca,MOCOCA,4534,2026,Fevereiro,2,3526796.96,3257227.58,42742.37,734.44,4408496.199999999
Mocóca,MOCOCA,4534,2026,Março,3,8285038.86,2784747.74,38277.23,24227.46,10356298.575
Mocóca,MOCOCA,4534,2026,Abril,4,5303744.88,2099067.6,41181.37,0.0,6629681.1
Mocóca,MOCOCA,4534,2026,Maio,5,5616776.38,1878327.32,38340.64,12226.66,7020970.475
Mocóca,MOCOCA,4534,2026,Junho,6,6983498.96,640967.76,60276.7,21624.51,8729373.7
Mocóca,MOCOCA,4534,2026,Julho,7,5675487.64,738955.38,56452.29,47090.46,7094359.549999999
Mocóca,MOCOCA,4534,2026,Agosto,8,6088120.71,745102.57,52569.72,0.0,7610150.887499999
Mocóca,MOCOCA,4534,2026,Setembro,9,6893075.03,0.0,41542.44,21042.33,8616343.7875
Mogi das Cruzes,MOGI DAS CRUZES,4546,2026,Janeiro,1,28909163.19,55014793.86,234533.54,46861.72,36136453.9875
Mogi das Cruzes,MOGI DAS CRUZES,4546,2026,Fevereiro,2,18368795.62,23702766.8,222617.27,3825.24,22960994.525
Mogi das Cruzes,MOGI DAS CRUZES,4546,2026,Março,3,43151388.35,20018130.87,199361.23,126185.1,53939235.4375
Mogi das Cruzes,MOGI DAS CRUZES,4546,2026,Abril,4,27623763.62,15798561.95,214486.99,0.0,34529704.525
Mogi das Cruzes,MOGI DAS CRUZES,4546,2026,Maio,5,29254141.51,13722716.91,199691.48,63680.75,36567676.8875
Mogi das Cruzes,MOGI DAS CRUZES,4546,2026,Junho,6,36372512.04,4773496.07,313942.17,112628.04,45465640.05
Mogi das Cruzes,MOGI DAS CRUZES,4546,2026,Julho,7,29559930.34,6036574.4,294023.31,245263.62,36949912.925
Mogi das Cruzes,MOGI DAS CRUZES,4546,2026,Agosto,8,31709068.07,5501097.46,273801.52,0.0,39636335.0875
Mogi das Cruzes,MOGI DAS CRUZES,4546,2026,Setembro,9,35901552.52,0.0,216367.62,109595.81,44876940.65
Mogi-Guaçu,MOGI GUACU,4558,2026,Janeiro,1,12986823.49,17941050.25,105182.2,21083.62,16233529.362499999
Mogi-Guaçu,MOGI GUACU,4558,2026,Fevereiro,2,8264331.08,7994687.76,100158.05,1721.02,10330413.85
Mogi-Guaçu,MOGI GUACU,4558,2026,Março,3,19414302.78,7132871.21,89694.89,56772.12,24267878.475
Mogi-Guaçu,MOGI GUACU,4558,2026,Abril,4,12428246.95,5370706.17,96500.15,0.0,15535308.687499998
Mogi-Guaçu,MOGI GUACU,4558,2026,Maio,5,13161772.6,5006656.17,89843.48,28650.7,16452215.749999998
Mogi-Guaçu,MOGI GUACU,4558,2026,Junho,6,16364408.85,1694709.09,141246.17,50672.64,20455511.0625
Mogi-Guaçu,MOGI GUACU,4558,2026,Julho,7,13299350.48,1985470.19,132284.45,110346.9,16624188.1
Mogi-Guaçu,MOGI GUACU,4558,2026,Agosto,8,14266272.11,2206094.68,123186.43,0.0,17832840.1375
Mogi-Guaçu,MOGI GUACU,4558,2026,Setembro,9,16152518.78,0.0,97346.27,49308.41,20190648.474999998
Mogi-Mirim,MOGI MIRIM,4560,2026,Janeiro,1,10637264.08,15842301.76,86108.58,17277.19,13296580.1
Mogi-Mirim,MOGI MIRIM,4560,2026,Fevereiro,2,6772290.59,6417378.86,82075.54,1410.31,8465363.237499999
Mogi-Mirim,MOGI MIRIM,4560,2026,Março,3,15909248.89,4892959.06,73501.4,46522.49,19886561.1125
Mogi-Mirim,MOGI MIRIM,4560,2026,Abril,4,10184454.02,4056347.73,79078.03,0.0,12730567.524999999
Mogi-Mirim,MOGI MIRIM,4560,2026,Maio,5,10785549.11,3662083.54,73623.16,23478.11,13481936.3875
Mogi-Mirim,MOGI MIRIM,4560,2026,Junho,6,13409982.13,1090272.11,115745.62,41524.22,16762477.6625
Mogi-Mirim,MOGI MIRIM,4560,2026,Julho,7,10898288.72,1252381.56,108401.84,90424.9,13622860.9
Mogi-Mirim,MOGI MIRIM,4560,2026,Agosto,8,11690642.53,1252818.6,100946.38,0.0,14613303.162499998
Mogi-Mirim,MOGI MIRIM,4560,2026,Setembro,9,13236346.65,0.0,79771.39,40406.28,16545433.3125
Mombuca,MOMBUCA,4571,2026,Janeiro,1,412945.16,283390.67,3348.59,669.66,516181.44999999995
Mombuca,MOMBUCA,4571,2026,Fevereiro,2,262493.38,136888.52,3181.24,54.66,328116.725
Mombuca,MOMBUCA,4571,2026,Março,3,616641.07,99443.7,2848.91,1803.21,770801.3374999999
Mombuca,MOMBUCA,4571,2026,Abril,4,394748.53,75003.71,3065.06,0.0,493435.66250000003
Mombuca,MOMBUCA,4571,2026,Maio,5,418046.92,89260.55,2853.63,910.01,522558.64999999997
Mombuca,MOMBUCA,4571,2026,Junho,6,519769.71,20191.2,4486.29,1609.47,649712.1375
Mombuca,MOMBUCA,4571,2026,Julho,7,422416.7,46432.43,4201.65,3504.86,528020.875
Mombuca,MOMBUCA,4571,2026,Agosto,8,453128.26,44018.53,3912.67,0.0,566410.325
Mombuca,MOMBUCA,4571,2026,Setembro,9,513039.62,0.0,3091.93,1566.14,641299.5249999999
Mongaguá,MONGAGUA,4595,2026,Janeiro,1,2167870.92,3214116.89,17502.57,3529.46,2709838.65
Mongaguá,MONGAGUA,4595,2026,Fevereiro,2,1383474.3,1535087.98,16766.76,288.1,1729342.875
Mongaguá,MONGAGUA,4595,2026,Março,3,3250013.67,1290183.6,15015.2,9503.83,4062517.0875
Mongaguá,MONGAGUA,4595,2026,Abril,4,2080526.56,1096766.3,16154.42,0.0,2600658.1999999997
Mongaguá,MONGAGUA,4595,2026,Maio,5,2203320.99,938205.83,15040.07,4796.21,2754151.2375000003
Mongaguá,MONGAGUA,4595,2026,Junho,6,2739452.1,339994.06,23645.04,8482.76,3424315.125
Mongaguá,MONGAGUA,4595,2026,Julho,7,2226351.95,493789.21,22144.82,18472.41,2782939.9375
Mongaguá,MONGAGUA,4595,2026,Agosto,8,2388217.59,556692.05,20621.79,0.0,2985271.9875
Mongaguá,MONGAGUA,4595,2026,Setembro,9,2703981.05,0.0,16296.06,8254.38,3379976.3124999995
Monte Alegre do Sul,MONTE ALEGRE DO SUL,4601,2026,Janeiro,1,668741.15,1215461.72,5390.83,1090.27,835926.4375
Monte Alegre do Sul,MONTE ALEGRE DO SUL,4601,2026,Fevereiro,2,427362.29,430790.14,5179.34,89.0,534202.8624999999
Monte Alegre do Sul,MONTE ALEGRE DO SUL,4601,2026,Março,3,1003945.84,375601.03,4638.27,2935.78,1254932.2999999998
Monte Alegre do Sul,MONTE ALEGRE DO SUL,4601,2026,Abril,4,642685.29,293327.02,4990.18,0.0,803356.6125
Monte Alegre do Sul,MONTE ALEGRE DO SUL,4601,2026,Maio,5,680617.12,259484.62,4645.96,1481.58,850771.3999999999
Monte Alegre do Sul,MONTE ALEGRE DO SUL,4601,2026,Junho,6,846230.76,70715.65,7304.07,2620.37,1057788.45
Monte Alegre do Sul,MONTE ALEGRE DO SUL,4601,2026,Julho,7,687731.5,107340.94,6840.65,5706.22,859664.375
Monte Alegre do Sul,MONTE ALEGRE DO SUL,4601,2026,Agosto,8,737732.63,88619.63,6370.17,0.0,922165.7875
Monte Alegre do Sul,MONTE ALEGRE DO SUL,4601,2026,Setembro,9,835273.57,0.0,5033.94,2549.82,1044091.9624999999
Monte Alto,MONTE ALTO,4613,2026,Janeiro,1,4485046.96,6674047.62,36161.54,7310.87,5606308.699999999
Monte Alto,MONTE ALTO,4613,2026,Fevereiro,2,2865705.15,2282944.49,34730.39,596.77,3582131.4374999995
Monte Alto,MONTE ALTO,4613,2026,Março,3,6732023.07,2043756.36,31102.23,19686.06,8415028.8375
Monte Alto,MONTE ALTO,4613,2026,Abril,4,4309567.34,1585963.04,33461.99,0.0,5386959.175
Monte Alto,MONTE ALTO,4613,2026,Maio,5,4563921.65,1521464.68,31153.75,9934.8,5704902.0625
Monte Alto,MONTE ALTO,4613,2026,Junho,6,5674454.51,424013.16,48977.94,17571.04,7093068.137499999
Monte Alto,MONTE ALTO,4613,2026,Julho,7,4611627.59,526560.43,45870.41,38263.43,5764534.4875
Monte Alto,MONTE ALTO,4613,2026,Agosto,8,4946913.32,656851.69,42715.62,0.0,6183641.65
Monte Alto,MONTE ALTO,4613,2026,Setembro,9,5600980.38,0.0,33755.39,17097.98,7001225.475
Monte Aprazível,MONTE APRAZIVEL,4625,2026,Janeiro,1,2089651.52,3065691.84,16768.05,3420.74,2612064.4
Monte Aprazível,MONTE APRAZIVEL,4625,2026,Fevereiro,2,1340856.66,1151552.83,16250.27,279.23,1676070.8249999997
Monte Aprazível,MONTE APRAZIVEL,4625,2026,Março,3,3149897.67,903456.62,14552.66,9211.06,3937372.0875
Monte Aprazível,MONTE APRAZIVEL,4625,2026,Abril,4,2016436.36,776556.99,15656.79,0.0,2520545.45
Monte Aprazível,MONTE APRAZIVEL,4625,2026,Maio,5,2135448.14,688771.54,14576.77,4648.47,2669310.175
Monte Aprazível,MONTE APRAZIVEL,4625,2026,Junho,6,2655063.84,228475.33,22916.66,8221.45,3318829.8
Monte Aprazível,MONTE APRAZIVEL,4625,2026,Julho,7,2157769.64,264989.22,21462.65,17903.37,2697212.05
Monte Aprazível,MONTE APRAZIVEL,4625,2026,Agosto,8,2314649.04,217821.01,19986.54,0.0,2893311.3
Monte Aprazível,MONTE APRAZIVEL,4625,2026,Setembro,9,2620685.47,0.0,15794.07,8000.1,3275856.8375
Monte Azul Paulista,MONTE AZUL PAULISTA,4637,2026,Janeiro,1,1736450.9,2780417.83,13948.13,2839.97,2170563.6249999995
Monte Azul Paulista,MONTE AZUL PAULISTA,4637,2026,Fevereiro,2,1113208.03,1021878.94,13491.32,231.82,1391510.0374999999
Monte Azul Paulista,MONTE AZUL PAULISTA,4637,2026,Março,3,2615112.77,837616.23,12081.93,7647.22,3268890.9625
Monte Azul Paulista,MONTE AZUL PAULISTA,4637,2026,Abril,4,1674088.83,688093.62,12998.6,0.0,2092611.0375
Monte Azul Paulista,MONTE AZUL PAULISTA,4637,2026,Maio,5,1772894.96,634524.97,12101.94,3859.26,2216118.6999999997
Monte Azul Paulista,MONTE AZUL PAULISTA,4637,2026,Junho,6,2204291.09,156149.92,19025.9,6825.62,2755363.8625
Monte Azul Paulista,MONTE AZUL PAULISTA,4637,2026,Julho,7,1791426.75,205850.64,17818.76,14863.76,2239283.4375
Monte Azul Paulista,MONTE AZUL PAULISTA,4637,2026,Agosto,8,1921671.4,217408.33,16593.25,0.0,2402089.2499999995
Monte Azul Paulista,MONTE AZUL PAULISTA,4637,2026,Setembro,9,2175749.43,0.0,13112.57,6641.86,2719686.7875
Monte Castelo,MONTE CASTELO,4649,2026,Janeiro,1,650445.06,521809.12,5265.46,1056.44,813056.3250000001
Monte Castelo,MONTE CASTELO,4649,2026,Fevereiro,2,414102.65,196432.25,5018.64,86.24,517628.3125
Monte Castelo,MONTE CASTELO,4649,2026,Março,3,972796.72,168411.69,4494.36,2844.69,1215995.9
Monte Castelo,MONTE CASTELO,4649,2026,Abril,4,622744.89,110376.05,4835.35,0.0,778431.1124999999
Monte Castelo,MONTE CASTELO,4649,2026,Maio,5,659499.82,136153.12,4501.81,1435.61,824374.7749999999
Monte Castelo,MONTE CASTELO,4649,2026,Junho,6,819975.02,37600.1,7077.45,2539.07,1024968.775
Monte Castelo,MONTE CASTELO,4649,2026,Julho,7,666393.47,64900.49,6628.41,5529.18,832991.8374999999
Monte Castelo,MONTE CASTELO,4649,2026,Agosto,8,714843.22,63944.01,6172.53,0.0,893554.0249999999
Monte Castelo,MONTE CASTELO,4649,2026,Setembro,9,809357.8,0.0,4877.75,2470.71,1011697.25
Monte Mór,MONTE MOR,4650,2026,Janeiro,1,6913391.14,5585093.03,55218.26,11363.63,8641738.924999999
Monte Mór,MONTE MOR,4650,2026,Fevereiro,2,4454299.17,2719426.91,53983.07,927.59,5567873.962499999
Monte Mór,MONTE MOR,4650,2026,Março,3,10463897.43,2161395.48,48343.65,30598.97,13079871.7875
Monte Mór,MONTE MOR,4650,2026,Abril,4,6698561.51,1805848.72,52011.53,0.0,8373201.887499999
Monte Mór,MONTE MOR,4650,2026,Maio,5,7093916.27,1637045.0,48423.73,15442.12,8867395.337499999
Monte Mór,MONTE MOR,4650,2026,Junho,6,8820069.29,581901.08,76128.69,27311.48,11025086.612499999
Monte Mór,MONTE MOR,4650,2026,Julho,7,7168067.84,815888.89,71298.51,59474.64,8960084.799999999
Monte Mór,MONTE MOR,4650,2026,Agosto,8,7689218.09,795801.61,66394.87,0.0,9611522.612499999
Monte Mór,MONTE MOR,4650,2026,Setembro,9,8705865.03,0.0,52467.57,26576.19,10882331.287499998
Monteiro Lobato,MONTEIRO LOBATO,4662,2026,Janeiro,1,629457.31,274831.08,4937.45,1050.94,786821.6375000001
Monteiro Lobato,MONTEIRO LOBATO,4662,2026,Fevereiro,2,411946.09,134395.53,4992.51,85.79,514932.6125
Monteiro Lobato,MONTEIRO LOBATO,4662,2026,Março,3,967730.61,97424.25,4470.96,2829.88,1209663.2625
Monteiro Lobato,MONTEIRO LOBATO,4662,2026,Abril,4,619501.78,82524.45,4810.17,0.0,774377.225
Monteiro Lobato,MONTEIRO LOBATO,4662,2026,Maio,5,656065.29,72073.39,4478.36,1428.13,820081.6125
Monteiro Lobato,MONTEIRO LOBATO,4662,2026,Junho,6,815704.77,30212.92,7040.6,2525.84,1019630.9625
Monteiro Lobato,MONTEIRO LOBATO,4662,2026,Julho,7,662923.04,19181.64,6593.89,5500.38,828653.8
Monteiro Lobato,MONTEIRO LOBATO,4662,2026,Agosto,8,711120.48,16939.32,6140.38,0.0,888900.6
Monteiro Lobato,MONTEIRO LOBATO,4662,2026,Setembro,9,805142.84,0.0,4852.35,2457.84,1006428.5499999999
Monções,MONCOES,4583,2026,Janeiro,1,581322.7,261338.66,4548.47,972.64,726653.3749999999
Monções,MONCOES,4583,2026,Fevereiro,2,381253.08,96720.86,4620.53,79.39,476566.35
Monções,MONCOES,4583,2026,Março,3,895627.56,80028.02,4137.84,2619.03,1119534.45
Monções,MONCOES,4583,2026,Abril,4,573344.33,64807.13,4451.78,0.0,716680.4124999999
Monções,MONCOES,4583,2026,Maio,5,607183.6,72966.3,4144.69,1321.72,758979.4999999999
Monções,MONCOES,4583,2026,Junho,6,754928.76,10217.34,6516.02,2337.65,943660.95
Monções,MONCOES,4583,2026,Julho,7,613530.39,36280.76,6102.59,5090.56,766912.9874999999
Monções,MONCOES,4583,2026,Agosto,8,658136.77,37922.24,5682.88,0.0,822670.9625
Monções,MONCOES,4583,2026,Setembro,9,745153.77,0.0,4490.81,2274.71,931442.2125
Morro Agudo,MORRO AGUDO,4674,2026,Janeiro,1,4628744.35,3228544.85,37376.36,7534.94,5785930.437499999
Morro Agudo,MORRO AGUDO,4674,2026,Fevereiro,2,2953534.66,1241102.32,35794.83,615.06,3691918.325
Morro Agudo,MORRO AGUDO,4674,2026,Março,3,6938349.35,1146398.4,32055.47,20289.41,8672936.687499998
Morro Agudo,MORRO AGUDO,4674,2026,Abril,4,4441649.03,851881.98,34487.55,0.0,5552061.2875
Morro Agudo,MORRO AGUDO,4674,2026,Maio,5,4703798.91,918633.41,32108.57,10239.28,5879748.6375
Morro Agudo,MORRO AGUDO,4674,2026,Junho,6,5848367.91,245602.71,50479.04,18109.56,7310459.8875
Morro Agudo,MORRO AGUDO,4674,2026,Julho,7,4752966.96,483394.94,47276.26,39436.15,5941208.699999999
Morro Agudo,MORRO AGUDO,4674,2026,Agosto,8,5098528.69,443591.19,44024.78,0.0,6373160.8625
Morro Agudo,MORRO AGUDO,4674,2026,Setembro,9,5772641.92,0.0,34789.94,17622.01,7215802.399999999
Morungaba,MORUNGABA,4686,2026,Janeiro,1,1386176.27,1498007.74,11235.36,2248.87,1732720.3375
Morungaba,MORUNGABA,4686,2026,Fevereiro,2,881507.91,623924.49,10683.27,183.57,1101884.8875
Morungaba,MORUNGABA,4686,2026,Março,3,2070810.25,565783.51,9567.23,6055.55,2588512.8125
Morungaba,MORUNGABA,4686,2026,Abril,4,1325648.49,440354.77,10293.11,0.0,1657060.6124999998
Morungaba,MORUNGABA,4686,2026,Maio,5,1403889.39,418373.0,9583.08,3056.0,1754861.7374999998
Morungaba,MORUNGABA,4686,2026,Junho,6,1745495.89,104501.3,15065.9,5404.96,2181869.8625
Morungaba,MORUNGABA,4686,2026,Julho,7,1418564.02,176804.76,14110.01,11770.06,1773205.025
Morungaba,MORUNGABA,4686,2026,Agosto,8,1521699.9,213445.66,13139.58,0.0,1902124.8749999998
Morungaba,MORUNGABA,4686,2026,Setembro,9,1722894.81,0.0,10383.36,5259.44,2153618.5124999997
Motuca,MOTUCA,7298,2026,Janeiro,1,637612.79,289178.66,5172.03,1033.71,797015.9875
Motuca,MOTUCA,7298,2026,Fevereiro,2,405192.8,106732.01,4910.66,84.38,506490.99999999994
Motuca,MOTUCA,7298,2026,Março,3,951865.99,97137.75,4397.66,2783.49,1189832.4874999998
Motuca,MOTUCA,7298,2026,Abril,4,609345.89,89035.05,4731.32,0.0,761682.3624999999
Motuca,MOTUCA,7298,2026,Maio,5,645310.0,80444.52,4404.95,1404.72,806637.5
Motuca,MOTUCA,7298,2026,Junho,6,802332.4,26971.15,6925.17,2484.43,1002915.5
Motuca,MOTUCA,7298,2026,Julho,7,652055.32,32991.52,6485.79,5410.21,815069.1499999999
Motuca,MOTUCA,7298,2026,Agosto,8,699462.63,31207.67,6039.72,0.0,874328.2875
Motuca,MOTUCA,7298,2026,Setembro,9,791943.62,0.0,4772.8,2417.55,989929.5249999999
Murutinga do Sul,MURUTINGA DO SUL,4698,2026,Janeiro,1,573680.83,326735.8,4593.19,940.96,717101.0374999999
Murutinga do Sul,MURUTINGA DO SUL,4698,2026,Fevereiro,2,368834.55,148982.09,4470.02,76.81,461043.18749999994
Murutinga do Sul,MURUTINGA DO SUL,4698,2026,Março,3,866454.34,122559.93,4003.06,2533.72,1083067.9249999998
Murutinga do Sul,MURUTINGA DO SUL,4698,2026,Abril,4,554668.83,95126.19,4306.77,0.0,693336.0374999999
Murutinga do Sul,MURUTINGA DO SUL,4698,2026,Maio,5,587405.85,91484.37,4009.69,1278.67,734257.3124999999
Murutinga do Sul,MURUTINGA DO SUL,4698,2026,Junho,6,730338.52,20745.37,6303.77,2261.5,912923.15
Murutinga do Sul,MURUTINGA DO SUL,4698,2026,Julho,7,593545.91,25612.63,5903.81,4924.75,741932.3875
Murutinga do Sul,MURUTINGA DO SUL,4698,2026,Agosto,8,636699.32,30237.08,5497.77,0.0,795874.1499999999
Murutinga do Sul,MURUTINGA DO SUL,4698,2026,Setembro,9,720881.93,0.0,4344.53,2200.62,901102.4125
Nantes,NANTES,7894,2026,Janeiro,1,778922.06,210105.85,6366.39,1254.1,973652.5750000001
Nantes,NANTES,7894,2026,Fevereiro,2,491582.16,62206.37,5957.64,102.37,614477.7
Nantes,NANTES,7894,2026,Março,3,1154809.12,61677.38,5335.27,3376.94,1443511.4000000001
Nantes,NANTES,7894,2026,Abril,4,739261.82,53373.65,5740.06,0.0,924077.2749999999
Nantes,NANTES,7894,2026,Maio,5,782893.68,44469.23,5344.1,1704.21,978617.1
Nantes,NANTES,7894,2026,Junho,6,973394.14,8826.18,8401.66,3014.13,1216742.675
Nantes,NANTES,7894,2026,Julho,7,791077.14,22231.8,7868.6,6563.7,988846.4249999999
Nantes,NANTES,7894,2026,Agosto,8,848591.95,23519.52,7327.42,0.0,1060739.9374999998
Nantes,NANTES,7894,2026,Setembro,9,960790.41,0.0,5790.39,2932.98,1200988.0125
Narandiba,NARANDIBA,4704,2026,Janeiro,1,1952265.05,406846.89,15599.42,3207.81,2440331.3125
Narandiba,NARANDIBA,4704,2026,Fevereiro,2,1257391.61,180060.48,15238.73,261.85,1571739.5125
Narandiba,NARANDIBA,4704,2026,Março,3,2953824.23,157219.26,13646.79,8637.7,3692280.2874999996
Narandiba,NARANDIBA,4704,2026,Abril,4,1890918.12,110580.54,14682.19,0.0,2363647.65
Narandiba,NARANDIBA,4704,2026,Maio,5,2002521.71,110376.67,13669.4,4359.11,2503152.1374999997
Narandiba,NARANDIBA,4704,2026,Junho,6,2489792.6,29340.98,21490.15,7709.68,3112240.75
Narandiba,NARANDIBA,4704,2026,Julho,7,2023453.75,50012.64,20126.66,16788.93,2529317.1875
Narandiba,NARANDIBA,4704,2026,Agosto,8,2170567.79,63413.76,18742.42,0.0,2713209.7375
Narandiba,NARANDIBA,4704,2026,Setembro,9,2457554.2,0.0,14810.92,7502.12,3071942.75
Natividade da Serra,NATIVIDADE DA SERRA,4716,2026,Janeiro,1,1540219.11,336911.41,12167.79,2555.93,1925273.8875
Natividade da Serra,NATIVIDADE DA SERRA,4716,2026,Fevereiro,2,1001871.58,134341.07,12142.0,208.64,1252339.4749999999
Natividade da Serra,NATIVIDADE DA SERRA,4716,2026,Março,3,2353564.74,104862.78,10873.57,6882.39,2941955.9250000003
Natividade da Serra,NATIVIDADE DA SERRA,4716,2026,Abril,4,1506656.41,71610.4,11698.56,0.0,1883320.5124999997
Natividade da Serra,NATIVIDADE DA SERRA,4716,2026,Maio,5,1595580.55,75047.06,10891.58,3473.28,1994475.6875
Natividade da Serra,NATIVIDADE DA SERRA,4716,2026,Junho,6,1983830.99,22927.24,17123.05,6142.96,2479788.7375
Natividade da Serra,NATIVIDADE DA SERRA,4716,2026,Julho,7,1612258.89,35894.31,16036.63,13377.18,2015323.6124999998
Natividade da Serra,NATIVIDADE DA SERRA,4716,2026,Agosto,8,1729477.25,29698.17,14933.69,0.0,2161846.5625
Natividade da Serra,NATIVIDADE DA SERRA,4716,2026,Setembro,9,1958143.9,0.0,11801.13,5977.58,2447679.8749999995
Nazaré Paulista,NAZARE PAULISTA,4728,2026,Janeiro,1,1528524.87,1602595.82,12367.46,2483.73,1910656.0875000001
Nazaré Paulista,NAZARE PAULISTA,4728,2026,Fevereiro,2,973567.4,686768.78,11798.97,202.74,1216959.25
Nazaré Paulista,NAZARE PAULISTA,4728,2026,Março,3,2287073.46,564523.13,10566.38,6687.96,2858841.8249999997
Nazaré Paulista,NAZARE PAULISTA,4728,2026,Abril,4,1464091.4,435044.46,11368.06,0.0,1830114.2499999998
Nazaré Paulista,NAZARE PAULISTA,4728,2026,Maio,5,1550503.32,395156.22,10583.88,3375.15,1938129.15
Nazaré Paulista,NAZARE PAULISTA,4728,2026,Junho,6,1927785.18,140866.75,16639.3,5969.42,2409731.4749999996
Nazaré Paulista,NAZARE PAULISTA,4728,2026,Julho,7,1566710.48,176464.4,15583.58,12999.26,1958388.0999999999
Nazaré Paulista,NAZARE PAULISTA,4728,2026,Agosto,8,1680617.26,172722.21,14511.8,0.0,2100771.5749999997
Nazaré Paulista,NAZARE PAULISTA,4728,2026,Setembro,9,1902823.78,0.0,11467.73,5808.7,2378529.725
Neves Paulista,NEVES PAULISTA,4730,2026,Janeiro,1,870121.65,1180768.57,7107.88,1401.65,1087652.0625
Neves Paulista,NEVES PAULISTA,4730,2026,Fevereiro,2,549415.5,452145.95,6658.54,114.41,686769.375
Neves Paulista,NEVES PAULISTA,4730,2026,Março,3,1290669.35,357252.52,5962.95,3774.23,1613336.6875
Neves Paulista,NEVES PAULISTA,4730,2026,Abril,4,826234.02,314868.26,6415.36,0.0,1032792.525
Neves Paulista,NEVES PAULISTA,4730,2026,Maio,5,874999.05,274298.36,5972.82,1904.71,1093748.8125
Neves Paulista,NEVES PAULISTA,4730,2026,Junho,6,1087911.38,87440.82,9390.09,3368.73,1359889.2249999999
Neves Paulista,NEVES PAULISTA,4730,2026,Julho,7,884145.27,102100.82,8794.31,7335.9,1105181.5875
Neves Paulista,NEVES PAULISTA,4730,2026,Agosto,8,948426.55,91577.54,8189.48,0.0,1185533.1875
Neves Paulista,NEVES PAULISTA,4730,2026,Setembro,9,1073824.86,0.0,6471.61,3278.04,1342281.075
Nhandeara,NHANDEARA,4741,2026,Janeiro,1,1226287.17,1187340.97,9784.4,2017.5,1532858.9625
Nhandeara,NHANDEARA,4741,2026,Fevereiro,2,790815.22,556612.75,9584.14,164.68,988519.0249999999
Nhandeara,NHANDEARA,4741,2026,Março,3,1857757.88,482679.79,8582.92,5432.53,2322197.3499999996
Nhandeara,NHANDEARA,4741,2026,Abril,4,1189261.03,396345.42,9234.12,0.0,1486576.2874999999
Nhandeara,NHANDEARA,4741,2026,Maio,5,1259452.22,333054.55,8597.14,2741.59,1574315.275
Nhandeara,NHANDEARA,4741,2026,Junho,6,1565913.02,92122.2,13515.87,4848.87,1957391.275
Nhandeara,NHANDEARA,4741,2026,Julho,7,1272617.07,141472.49,12658.32,10559.11,1590771.3375
Nhandeara,NHANDEARA,4741,2026,Agosto,8,1365141.96,109132.49,11787.73,0.0,1706427.45
Nhandeara,NHANDEARA,4741,2026,Setembro,9,1545637.22,0.0,9315.08,4718.33,1932046.525
Nipoã,NIPOA,4753,2026,Janeiro,1,453304.2,362436.34,3715.69,727.91,566630.25
Nipoã,NIPOA,4753,2026,Fevereiro,2,285325.48,139945.3,3457.95,59.42,356656.85
Nipoã,NIPOA,4753,2026,Março,3,670277.52,126045.27,3096.71,1960.05,837846.9
Nipoã,NIPOA,4753,2026,Abril,4,429084.4,133527.28,3331.66,0.0,536355.5
Nipoã,NIPOA,4753,2026,Maio,5,454409.33,91991.57,3101.84,989.16,568011.6625
Nipoã,NIPOA,4753,2026,Junho,6,564980.13,26452.26,4876.51,1749.47,706225.1625
Nipoã,NIPOA,4753,2026,Julho,7,459159.2,38561.32,4567.11,3809.72,573949.0
Nipoã,NIPOA,4753,2026,Agosto,8,492542.1,52562.71,4253.0,0.0,615677.6249999999
Nipoã,NIPOA,4753,2026,Setembro,9,557664.64,0.0,3360.87,1702.37,697080.7999999999
Nova Aliança,NOVA ALIANCA,4765,2026,Janeiro,1,825405.3,716499.48,6655.91,1345.29,1031756.625
Nova Aliança,NOVA ALIANCA,4765,2026,Fevereiro,2,527324.25,253021.06,6390.81,109.81,659155.3125
Nova Aliança,NOVA ALIANCA,4765,2026,Março,3,1238773.3,226519.92,5723.18,3622.47,1548466.625
Nova Aliança,NOVA ALIANCA,4765,2026,Abril,4,793012.28,193463.71,6157.41,0.0,991265.35
Nova Aliança,NOVA ALIANCA,4765,2026,Maio,5,839816.54,183849.59,5732.67,1828.12,1049770.675
Nova Aliança,NOVA ALIANCA,4765,2026,Junho,6,1044167.95,56446.98,9012.53,3233.28,1305209.9374999998
Nova Aliança,NOVA ALIANCA,4765,2026,Julho,7,848595.0,57538.32,8440.71,7040.93,1060743.75
Nova Aliança,NOVA ALIANCA,4765,2026,Agosto,8,910291.61,57967.65,7860.19,0.0,1137864.5125
Nova Aliança,NOVA ALIANCA,4765,2026,Setembro,9,1030647.83,0.0,6211.4,3146.23,1288309.7874999999
Nova Campina,NOVA CAMPINA,7717,2026,Janeiro,1,1395632.93,348778.67,11522.45,2226.16,1744541.1624999999
Nova Campina,NOVA CAMPINA,7717,2026,Fevereiro,2,872607.84,164966.88,10575.41,181.72,1090759.7999999998
Nova Campina,NOVA CAMPINA,7717,2026,Março,3,2049902.49,138958.5,9470.64,5994.41,2562378.1125
Nova Campina,NOVA CAMPINA,7717,2026,Abril,4,1312264.2,145111.11,10189.18,0.0,1640330.2499999998
Nova Campina,NOVA CAMPINA,7717,2026,Maio,5,1389715.14,98496.39,9486.32,3025.15,1737143.9249999998
Nova Campina,NOVA CAMPINA,7717,2026,Junho,6,1727872.64,119299.92,14913.79,5350.38,2159840.8
Nova Campina,NOVA CAMPINA,7717,2026,Julho,7,1404241.61,61589.75,13967.55,11651.22,1755302.0125
Nova Campina,NOVA CAMPINA,7717,2026,Agosto,8,1506336.19,53884.28,13006.91,0.0,1882920.2374999998
Nova Campina,NOVA CAMPINA,7717,2026,Setembro,9,1705499.75,0.0,10278.52,5206.34,2131874.6875
Nova Canaã Paulista,NOVA CANAA PAULISTA,7523,2026,Janeiro,1,303568.11,175028.39,2451.76,494.08,379460.13749999995
Nova Canaã Paulista,NOVA CANAA PAULISTA,7523,2026,Fevereiro,2,193666.99,59716.71,2347.11,40.33,242083.7375
Nova Canaã Paulista,NOVA CANAA PAULISTA,7523,2026,Março,3,454956.31,46117.8,2101.92,1330.4,568695.3875
Nova Canaã Paulista,NOVA CANAA PAULISTA,7523,2026,Abril,4,291244.52,34988.21,2261.39,0.0,364055.65
Nova Canaã Paulista,NOVA CANAA PAULISTA,7523,2026,Maio,5,308434.02,31606.37,2105.4,671.4,385542.525
Nova Canaã Paulista,NOVA CANAA PAULISTA,7523,2026,Junho,6,383484.85,8382.19,3309.97,1187.47,479356.06249999994
Nova Canaã Paulista,NOVA CANAA PAULISTA,7523,2026,Julho,7,311658.03,14146.8,3099.96,2585.88,389572.53750000003
Nova Canaã Paulista,NOVA CANAA PAULISTA,7523,2026,Agosto,8,334316.95,11174.17,2886.76,0.0,417896.1875
Nova Canaã Paulista,NOVA CANAA PAULISTA,7523,2026,Setembro,9,378519.4,0.0,2281.22,1155.5,473149.25
Nova Castilho,NOVA CASTILHO,7900,2026,Janeiro,1,419807.29,128466.99,3421.42,677.68,524759.1124999999
Nova Castilho,NOVA CASTILHO,7900,2026,Fevereiro,2,265637.75,57993.31,3219.35,55.32,332047.1875
Nova Castilho,NOVA CASTILHO,7900,2026,Março,3,624027.71,64425.03,2883.03,1824.81,780034.6375
Nova Castilho,NOVA CASTILHO,7900,2026,Abril,4,399477.16,33742.04,3101.77,0.0,499346.44999999995
Nova Castilho,NOVA CASTILHO,7900,2026,Maio,5,423054.64,38662.05,2887.81,920.91,528818.2999999999
Nova Castilho,NOVA CASTILHO,7900,2026,Junho,6,525995.95,8386.31,4540.03,1628.75,657494.9374999999
Nova Castilho,NOVA CASTILHO,7900,2026,Julho,7,427476.76,13005.11,4251.98,3546.85,534345.95
Nova Castilho,NOVA CASTILHO,7900,2026,Agosto,8,458556.21,7757.68,3959.54,0.0,573195.2625
Nova Castilho,NOVA CASTILHO,7900,2026,Setembro,9,519185.24,0.0,3128.97,1584.9,648981.5499999999
Nova Europa,NOVA EUROPA,4777,2026,Janeiro,1,1322655.0,1296372.82,10597.47,2168.06,1653318.75
Nova Europa,NOVA EUROPA,4777,2026,Fevereiro,2,849831.98,378320.58,10299.38,176.97,1062289.9749999999
Nova Europa,NOVA EUROPA,4777,2026,Março,3,1996398.16,244345.28,9223.44,5837.95,2495497.6999999997
Nova Europa,NOVA EUROPA,4777,2026,Abril,4,1278012.9,202902.24,9923.24,0.0,1597516.1249999998
Nova Europa,NOVA EUROPA,4777,2026,Maio,5,1353442.3,191898.72,9238.72,2946.19,1691802.875
Nova Europa,NOVA EUROPA,4777,2026,Junho,6,1682773.57,93111.91,14524.53,5210.73,2103466.9625
Nova Europa,NOVA EUROPA,4777,2026,Julho,7,1367589.61,91494.16,13602.98,11347.12,1709487.0125
Nova Europa,NOVA EUROPA,4777,2026,Agosto,8,1467019.43,76659.82,12667.42,0.0,1833774.2874999999
Nova Europa,NOVA EUROPA,4777,2026,Setembro,9,1660984.64,0.0,10010.24,5070.45,2076230.7999999998
Nova Granada,NOVA GRANADA,4789,2026,Janeiro,1,1705779.0,1733462.81,13731.4,2784.45,2132223.75
Nova Granada,NOVA GRANADA,4789,2026,Fevereiro,2,1091444.43,722870.95,13227.56,227.29,1364305.5374999999
Nova Granada,NOVA GRANADA,4789,2026,Março,3,2563986.41,767169.74,11845.72,7497.72,3204983.0125
Nova Granada,NOVA GRANADA,4789,2026,Abril,4,1641359.81,597335.13,12744.47,0.0,2051699.7625
Nova Granada,NOVA GRANADA,4789,2026,Maio,5,1738234.25,477315.52,11865.35,3783.81,2172792.8125
Nova Granada,NOVA GRANADA,4789,2026,Junho,6,2161196.43,169095.96,18653.94,6692.18,2701495.5375
Nova Granada,NOVA GRANADA,4789,2026,Julho,7,1756403.73,343631.64,17470.39,14573.17,2195504.6624999996
Nova Granada,NOVA GRANADA,4789,2026,Agosto,8,1884102.06,350023.68,16268.85,0.0,2355127.5749999997
Nova Granada,NOVA GRANADA,4789,2026,Setembro,9,2133212.77,0.0,12856.22,6512.01,2666515.9625
Nova Guataporanga,NOVA GUATAPORANGA,4790,2026,Janeiro,1,232334.72,154424.05,1878.23,377.82,290418.39999999997
Nova Guataporanga,NOVA GUATAPORANGA,4790,2026,Fevereiro,2,148095.7,66756.18,1794.82,30.84,185119.625
Nova Guataporanga,NOVA GUATAPORANGA,4790,2026,Março,3,347901.68,52886.15,1607.32,1017.35,434877.1
Nova Guataporanga,NOVA GUATAPORANGA,4790,2026,Abril,4,222712.51,31464.15,1729.27,0.0,278390.6375
Nova Guataporanga,NOVA GUATAPORANGA,4790,2026,Maio,5,235857.19,30539.94,1609.98,513.42,294821.4875
Nova Guataporanga,NOVA GUATAPORANGA,4790,2026,Junho,6,293248.0,8183.35,2531.11,908.05,366560.0
Nova Guataporanga,NOVA GUATAPORANGA,4790,2026,Julho,7,238322.56,26719.25,2370.52,1977.4,297903.19999999995
Nova Guataporanga,NOVA GUATAPORANGA,4790,2026,Agosto,8,255649.67,12142.73,2207.48,0.0,319562.0875
Nova Guataporanga,NOVA GUATAPORANGA,4790,2026,Setembro,9,289450.95,0.0,1744.43,883.6,361813.6875
Nova Independência,NOVA INDEPENDENCIA,4807,2026,Janeiro,1,1479529.8,329922.21,12053.77,2389.15,1849412.25
Nova Independência,NOVA INDEPENDENCIA,4807,2026,Fevereiro,2,936497.63,159263.88,11349.71,195.02,1170622.0374999999
Nova Independência,NOVA INDEPENDENCIA,4807,2026,Março,3,2199990.34,145766.32,10164.05,6433.3,2749987.925
Nova Independência,NOVA INDEPENDENCIA,4807,2026,Abril,4,1408344.33,111950.03,10935.21,0.0,1760430.4125
Nova Independência,NOVA INDEPENDENCIA,4807,2026,Maio,5,1491466.01,96188.53,10180.88,3246.64,1864332.5125
Nova Independência,NOVA INDEPENDENCIA,4807,2026,Junho,6,1854382.4,43017.42,16005.74,5742.12,2317977.9999999995
Nova Independência,NOVA INDEPENDENCIA,4807,2026,Julho,7,1507056.06,41917.99,14990.21,12504.29,1883820.075
Nova Independência,NOVA INDEPENDENCIA,4807,2026,Agosto,8,1616625.7,47666.02,13959.24,0.0,2020782.1249999998
Nova Independência,NOVA INDEPENDENCIA,4807,2026,Setembro,9,1830371.44,0.0,11031.09,5587.53,2287964.3
Nova Luzitânia,NOVA LUZITANIA,4819,2026,Janeiro,1,410398.15,178034.64,3301.67,670.28,512997.6875
Nova Luzitânia,NOVA LUZITANIA,4819,2026,Fevereiro,2,262735.44,80255.11,3184.17,54.71,328419.3
Nova Luzitânia,NOVA LUZITANIA,4819,2026,Março,3,617209.72,70917.41,2851.53,1804.87,771512.1499999999
Nova Luzitânia,NOVA LUZITANIA,4819,2026,Abril,4,395112.56,57509.32,3067.88,0.0,493890.69999999995
Nova Luzitânia,NOVA LUZITANIA,4819,2026,Maio,5,418432.43,53929.5,2856.26,910.85,523040.5375
Nova Luzitânia,NOVA LUZITANIA,4819,2026,Junho,6,520249.03,21881.37,4490.43,1610.96,650311.2875
Nova Luzitânia,NOVA LUZITANIA,4819,2026,Julho,7,422806.24,16420.76,4205.52,3508.09,528507.7999999999
Nova Luzitânia,NOVA LUZITANIA,4819,2026,Agosto,8,453546.12,20673.68,3916.28,0.0,566932.6499999999
Nova Luzitânia,NOVA LUZITANIA,4819,2026,Setembro,9,513512.73,0.0,3094.78,1567.59,641890.9125
Nova Odessa,NOVA ODESSA,4820,2026,Janeiro,1,6701003.81,8364081.29,54174.35,10896.56,8376254.762499999
Nova Odessa,NOVA ODESSA,4820,2026,Fevereiro,2,4271219.35,3485548.22,51764.26,889.47,5339024.187499999
Nova Odessa,NOVA ODESSA,4820,2026,Março,3,10033812.16,2862555.33,46356.63,29341.29,12542265.2
Nova Odessa,NOVA ODESSA,4820,2026,Abril,4,6423238.42,2441707.98,49873.77,0.0,8029048.024999999
Nova Odessa,NOVA ODESSA,4820,2026,Maio,5,6802343.38,2162248.09,46433.43,14807.42,8502929.225
Nova Odessa,NOVA ODESSA,4820,2026,Junho,6,8457548.36,696468.24,72999.66,26188.93,10571935.45
Nova Odessa,NOVA ODESSA,4820,2026,Julho,7,6873447.18,741803.25,68368.01,57030.12,8591808.975
Nova Odessa,NOVA ODESSA,4820,2026,Agosto,8,7373177.2,888964.94,63665.92,0.0,9216471.5
Nova Odessa,NOVA ODESSA,4820,2026,Setembro,9,8348038.11,0.0,50311.06,25483.86,10435047.6375
Novais,NOVAIS,7535,2026,Janeiro,1,425862.45,342867.18,3462.45,688.96,532328.0625
Novais,NOVAIS,7535,2026,Fevereiro,2,270058.44,133600.31,3272.92,56.24,337573.05
Novais,NOVAIS,7535,2026,Março,3,634412.67,120442.01,2931.01,1855.18,793015.8375
Novais,NOVAIS,7535,2026,Abril,4,406125.18,92924.63,3153.39,0.0,507656.475
Novais,NOVAIS,7535,2026,Maio,5,430095.04,73188.3,2935.87,936.24,537618.7999999999
Novais,NOVAIS,7535,2026,Junho,6,534749.48,32583.28,4615.58,1655.86,668436.85
Novais,NOVAIS,7535,2026,Julho,7,434590.75,35189.69,4322.74,3605.87,543238.4375
Novais,NOVAIS,7535,2026,Agosto,8,466187.42,42423.03,4025.44,0.0,582734.2749999999
Novais,NOVAIS,7535,2026,Setembro,9,527825.42,0.0,3181.04,1611.28,659781.775
Novo Horizonte,NOVO HORIZONTE,4832,2026,Janeiro,1,4486023.89,6298607.48,36169.5,7312.45,5607529.862499999
Novo Horizonte,NOVO HORIZONTE,4832,2026,Fevereiro,2,2866323.75,1701180.07,34737.89,596.9,3582904.6875
Novo Horizonte,NOVO HORIZONTE,4832,2026,Março,3,6733476.27,1582759.35,31108.94,19690.31,8416845.337499999
Novo Horizonte,NOVO HORIZONTE,4832,2026,Abril,4,4310497.62,1210174.65,33469.21,0.0,5388122.024999999
Novo Horizonte,NOVO HORIZONTE,4832,2026,Maio,5,4564906.84,1124006.53,31160.48,9936.94,5706133.55
Novo Horizonte,NOVO HORIZONTE,4832,2026,Junho,6,5675679.42,347927.7,48988.51,17574.83,7094599.274999999
Novo Horizonte,NOVO HORIZONTE,4832,2026,Julho,7,4612623.07,416950.15,45880.31,38271.69,5765778.8375
Novo Horizonte,NOVO HORIZONTE,4832,2026,Agosto,8,4947981.18,440971.91,42724.84,0.0,6184976.475
Novo Horizonte,NOVO HORIZONTE,4832,2026,Setembro,9,5602189.44,0.0,33762.67,17101.67,7002736.8
Nuporanga,NUPORANGA,4844,2026,Janeiro,1,1615472.08,1021024.2,13178.03,2605.65,2019340.1
Nuporanga,NUPORANGA,4844,2026,Fevereiro,2,1021358.82,352339.65,12378.17,212.69,1276698.525
Nuporanga,NUPORANGA,4844,2026,Março,3,2399343.54,306871.8,11085.07,7016.26,2999179.425
Nuporanga,NUPORANGA,4844,2026,Abril,4,1535962.14,195347.24,11926.1,0.0,1919952.6749999998
Nuporanga,NUPORANGA,4844,2026,Maio,5,1626615.92,263127.12,11103.43,3540.84,2033269.9
Nuporanga,NUPORANGA,4844,2026,Junho,6,2022418.17,87456.51,17456.1,6262.45,2528022.7125
Nuporanga,NUPORANGA,4844,2026,Julho,7,1643618.68,164149.58,16348.56,13637.38,2054523.3499999999
Nuporanga,NUPORANGA,4844,2026,Agosto,8,1763117.03,157791.25,15224.17,0.0,2203896.2875
Nuporanga,NUPORANGA,4844,2026,Setembro,9,1996231.44,0.0,12030.67,6093.85,2495289.3
Ocauçu,OCAUCU,4856,2026,Janeiro,1,610563.35,466292.42,4971.51,986.44,763204.1874999999
Ocauçu,OCAUCU,4856,2026,Fevereiro,2,386664.03,171003.25,4686.1,80.52,483330.03750000003
Ocauçu,OCAUCU,4856,2026,Março,3,908338.79,127930.33,4196.56,2656.2,1135423.4875
Ocauçu,OCAUCU,4856,2026,Abril,4,581481.55,133029.41,4514.96,0.0,726851.9375
Ocauçu,OCAUCU,4856,2026,Maio,5,615801.08,94628.22,4203.52,1340.48,769751.3499999999
Ocauçu,OCAUCU,4856,2026,Junho,6,765643.12,31534.7,6608.5,2370.83,957053.8999999999
Ocauçu,OCAUCU,4856,2026,Julho,7,622237.95,43584.07,6189.2,5162.81,777797.4374999999
Ocauçu,OCAUCU,4856,2026,Agosto,8,667477.4,51587.88,5763.54,0.0,834346.75
Ocauçu,OCAUCU,4856,2026,Setembro,9,755729.4,0.0,4554.55,2307.0,944661.75
Olímpia,OLIMPIA,4870,2026,Janeiro,1,5265471.83,7532066.05,42578.81,8560.41,6581839.7875
Olímpia,OLIMPIA,4870,2026,Fevereiro,2,3355499.96,3037344.65,40666.37,698.77,4194374.949999999
Olímpia,OLIMPIA,4870,2026,Março,3,7882633.4,2448567.16,36418.1,23050.73,9853291.75
Olímpia,OLIMPIA,4870,2026,Abril,4,5046141.27,2096701.03,39181.18,0.0,6307676.587499999
Olímpia,OLIMPIA,4870,2026,Maio,5,5343968.8,1811925.23,36478.43,11632.81,6679960.999999999
Olímpia,OLIMPIA,4870,2026,Junho,6,6644309.47,548939.11,57349.05,20574.21,8305386.837499999
Olímpia,OLIMPIA,4870,2026,Julho,7,5399828.44,653316.21,53710.39,44803.27,6749785.55
Olímpia,OLIMPIA,4870,2026,Agosto,8,5792419.86,765039.51,50016.4,0.0,7240524.825
Olímpia,OLIMPIA,4870,2026,Setembro,9,6558277.45,0.0,39524.72,20020.3,8197846.8125
Onda Verde,ONDA VERDE,4881,2026,Janeiro,1,1113088.06,951496.83,8926.7,1823.03,1391360.075
Onda Verde,ONDA VERDE,4881,2026,Fevereiro,2,714590.04,137282.43,8660.34,148.81,893237.55
Onda Verde,ONDA VERDE,4881,2026,Março,3,1678692.11,102880.62,7755.63,4908.9,2098365.1375
Onda Verde,ONDA VERDE,4881,2026,Abril,4,1074630.4,95855.38,8344.06,0.0,1343287.9999999998
Onda Verde,ONDA VERDE,4881,2026,Maio,5,1138056.0,83876.47,7768.48,2477.33,1422570.0
Onda Verde,ONDA VERDE,4881,2026,Junho,6,1414977.62,30914.64,12213.1,4381.5,1768722.0250000001
Onda Verde,ONDA VERDE,4881,2026,Julho,7,1149951.92,33480.02,11438.21,9541.34,1437439.9
Onda Verde,ONDA VERDE,4881,2026,Agosto,8,1233558.51,44258.97,10651.53,0.0,1541948.1375
Onda Verde,ONDA VERDE,4881,2026,Setembro,9,1396656.17,0.0,8417.22,4263.54,1745820.2125
Oriente,ORIENTE,4893,2026,Janeiro,1,526252.25,663878.63,4255.68,855.53,657815.3125
Oriente,ORIENTE,4893,2026,Fevereiro,2,335349.26,254968.75,4064.2,69.84,419186.575
Oriente,ORIENTE,4893,2026,Março,3,787791.77,178563.05,3639.63,2303.69,984739.7125
Oriente,ORIENTE,4893,2026,Abril,4,504312.25,169974.29,3915.77,0.0,630390.3125
Oriente,ORIENTE,4893,2026,Maio,5,534077.18,155313.39,3645.66,1162.59,667596.475
Oriente,ORIENTE,4893,2026,Junho,6,664033.46,52818.14,5731.47,2056.19,830041.825
Oriente,ORIENTE,4893,2026,Julho,7,539659.8,56047.9,5367.83,4477.65,674574.75
Oriente,ORIENTE,4893,2026,Agosto,8,578895.46,50001.33,4998.65,0.0,723619.325
Oriente,ORIENTE,4893,2026,Setembro,9,655435.4,0.0,3950.11,2000.83,819294.25
Orindiúva,ORINDIUVA,4900,2026,Janeiro,1,1374030.02,1406790.7,10863.14,2278.66,1717537.525
Orindiúva,ORINDIUVA,4900,2026,Fevereiro,2,893185.59,317436.84,10824.8,186.0,1116481.9874999998
Orindiúva,ORINDIUVA,4900,2026,Março,3,2098243.07,259676.54,9693.97,6135.77,2622803.8374999994
Orindiúva,ORINDIUVA,4900,2026,Abril,4,1343209.87,212993.79,10429.46,0.0,1679012.3375000001
Orindiúva,ORINDIUVA,4900,2026,Maio,5,1422487.25,213932.8,9710.03,3096.49,1778109.0625
Orindiúva,ORINDIUVA,4900,2026,Junho,6,1768619.14,66415.74,15265.49,5476.56,2210773.925
Orindiúva,ORINDIUVA,4900,2026,Julho,7,1437356.28,71052.54,14296.93,11925.98,1796695.3499999999
Orindiúva,ORINDIUVA,4900,2026,Agosto,8,1541858.44,101543.39,13313.64,0.0,1927323.0499999998
Orindiúva,ORINDIUVA,4900,2026,Setembro,9,1745718.66,0.0,10520.91,5329.11,2182148.3249999997
Orlândia,ORLANDIA,4911,2026,Janeiro,1,4055252.54,6808333.65,32936.93,6566.77,5069065.675
Orlândia,ORLANDIA,4911,2026,Fevereiro,2,2574032.25,2188861.45,31195.51,536.03,3217540.3125
Orlândia,ORLANDIA,4911,2026,Março,3,6046834.41,1841349.58,27936.63,17682.41,7558543.0125
Orlândia,ORLANDIA,4911,2026,Abril,4,3870937.43,2149021.64,30056.21,0.0,4838671.7875
Orlândia,ORLANDIA,4911,2026,Maio,5,4099403.43,1501811.17,27982.91,8923.63,5124254.2875
Orlândia,ORLANDIA,4911,2026,Junho,6,5096905.7,447071.47,43992.94,15782.65,6371132.125
Orlândia,ORLANDIA,4911,2026,Julho,7,4142253.84,662806.78,41201.69,34368.96,5177817.3
Orlândia,ORLANDIA,4911,2026,Agosto,8,4443414.02,619896.86,38368.0,0.0,5554267.524999999
Orlândia,ORLANDIA,4911,2026,Setembro,9,5030909.81,0.0,30319.75,15357.74,6288637.262499999
Osasco,OSASCO,4923,2026,Janeiro,1,41267754.41,74504483.97,333740.26,67085.86,51584693.012499996
Osasco,OSASCO,4923,2026,Fevereiro,2,26296227.27,34674811.12,318692.33,5476.11,32870284.0875
Osasco,OSASCO,4923,2026,Março,3,61774257.74,29685181.53,285399.66,180642.87,77217822.175
Osasco,OSASCO,4923,2026,Abril,4,39545367.1,23009188.37,307053.27,0.0,49431708.875
Osasco,OSASCO,4923,2026,Maio,5,41879368.11,20272599.1,285872.44,91163.49,52349210.137499996
Osasco,OSASCO,4923,2026,Junho,6,52069817.89,6896408.33,449430.37,161234.99,65087272.3625
Osasco,OSASCO,4923,2026,Julho,7,42317126.4,8434281.64,420915.12,351112.18,52896407.99999999
Osasco,OSASCO,4923,2026,Agosto,8,45393768.73,8534486.6,391966.19,0.0,56742210.912499994
Osasco,OSASCO,4923,2026,Setembro,9,51395606.1,0.0,309745.52,156894.14,64244507.625
Oscar Bressane,OSCAR BRESSANE,4935,2026,Janeiro,1,450485.06,348776.4,3631.01,734.52,563106.325
Oscar Bressane,OSCAR BRESSANE,4935,2026,Fevereiro,2,287914.82,100302.22,3489.33,59.96,359893.52499999997
Oscar Bressane,OSCAR BRESSANE,4935,2026,Março,3,676360.3,84080.0,3124.81,1977.84,845450.375
Oscar Bressane,OSCAR BRESSANE,4935,2026,Abril,4,432978.35,70591.66,3361.9,0.0,541222.9374999999
Oscar Bressane,OSCAR BRESSANE,4935,2026,Maio,5,458533.1,64433.25,3129.99,998.14,573166.3749999999
Oscar Bressane,OSCAR BRESSANE,4935,2026,Junho,6,570107.34,26417.16,4920.77,1765.35,712634.1749999999
Oscar Bressane,OSCAR BRESSANE,4935,2026,Julho,7,463326.07,22722.44,4608.56,3844.29,579157.5875
Oscar Bressane,OSCAR BRESSANE,4935,2026,Agosto,8,497011.93,21966.4,4291.6,0.0,621264.9125
Oscar Bressane,OSCAR BRESSANE,4935,2026,Setembro,9,562725.46,0.0,3391.37,1717.82,703406.825
Osvaldo Cruz,OSVALDO CRUZ,4947,2026,Janeiro,1,1530150.99,3431459.13,12508.88,2463.18,1912688.7374999998
Osvaldo Cruz,OSVALDO CRUZ,4947,2026,Fevereiro,2,965513.33,1315512.76,11701.36,201.07,1206891.6624999999
Osvaldo Cruz,OSVALDO CRUZ,4947,2026,Março,3,2268153.09,1316464.11,10478.96,6632.63,2835191.3625
Osvaldo Cruz,OSVALDO CRUZ,4947,2026,Abril,4,1451979.35,900845.21,11274.01,0.0,1814974.1875
Osvaldo Cruz,OSVALDO CRUZ,4947,2026,Maio,5,1537676.4,1125979.24,10496.32,3347.23,1922095.4999999998
Osvaldo Cruz,OSVALDO CRUZ,4947,2026,Junho,6,1911837.11,262988.41,16501.65,5920.03,2389796.3875
Osvaldo Cruz,OSVALDO CRUZ,4947,2026,Julho,7,1553749.48,703467.04,15454.66,12891.72,1942186.8499999999
Osvaldo Cruz,OSVALDO CRUZ,4947,2026,Agosto,8,1666713.94,687901.12,14391.74,0.0,2083392.4249999998
Osvaldo Cruz,OSVALDO CRUZ,4947,2026,Setembro,9,1887082.21,0.0,11372.86,5760.65,2358852.7624999997
Ourinhos,OURINHOS,4959,2026,Janeiro,1,6067172.54,13011606.37,49111.04,9854.87,7583965.675
Ourinhos,OURINHOS,4959,2026,Fevereiro,2,3862899.3,4772019.03,46815.7,804.44,4828624.124999999
Ourinhos,OURINHOS,4959,2026,Março,3,9074599.74,4422620.8,41925.03,26536.32,11343249.674999999
Ourinhos,OURINHOS,4959,2026,Abril,4,5809189.64,3543177.12,45105.93,0.0,7261487.049999999
Ourinhos,OURINHOS,4959,2026,Maio,5,6152052.92,3266396.28,41994.48,13391.86,7690066.149999999
Ourinhos,OURINHOS,4959,2026,Junho,6,7649023.61,1262549.65,66021.04,23685.32,9561279.5125
Ourinhos,OURINHOS,4959,2026,Julho,7,6216359.34,1380803.26,61832.17,51578.16,7770449.175
Ourinhos,OURINHOS,4959,2026,Agosto,8,6668316.17,1435235.61,57579.59,0.0,8335395.212499999
Ourinhos,OURINHOS,4959,2026,Setembro,9,7549982.32,0.0,45501.42,23047.65,9437477.9
Ouro Verde,OURO VERDE,4960,2026,Janeiro,1,785501.08,422679.53,6343.09,1278.63,981876.3499999999
Ouro Verde,OURO VERDE,4960,2026,Fevereiro,2,501196.19,169602.0,6074.16,104.37,626495.2374999999
Ouro Verde,OURO VERDE,4960,2026,Março,3,1177394.09,178814.45,5439.61,3442.99,1471742.6125
Ouro Verde,OURO VERDE,4960,2026,Abril,4,753719.81,128479.53,5852.32,0.0,942149.7625000001
Ouro Verde,OURO VERDE,4960,2026,Maio,5,798204.99,112545.94,5448.62,1737.54,997756.2374999999
Ouro Verde,OURO VERDE,4960,2026,Junho,6,992431.12,36625.7,8565.97,3073.08,1240538.9
Ouro Verde,OURO VERDE,4960,2026,Julho,7,806548.5,47703.05,8022.48,6692.07,1008185.625
Ouro Verde,OURO VERDE,4960,2026,Agosto,8,865188.14,56695.39,7470.73,0.0,1081485.175
Ouro Verde,OURO VERDE,4960,2026,Setembro,9,979580.9,0.0,5903.63,2990.34,1224476.125
Ouroeste,OUROESTE,7912,2026,Janeiro,1,3153505.27,2282025.36,25260.46,5170.27,3941881.5875
Ouroeste,OUROESTE,7912,2026,Fevereiro,2,2026633.94,447349.87,24561.42,422.04,2533292.425
Ouroeste,OUROESTE,7912,2026,Março,3,4760903.77,364364.86,21995.58,13922.03,5951129.712499999
Ouroeste,OUROESTE,7912,2026,Abril,4,3047736.94,293719.38,23664.41,0.0,3809671.175
Ouroeste,OUROESTE,7912,2026,Maio,5,3227616.95,305095.73,22032.01,7025.91,4034521.1875
Ouroeste,OUROESTE,7912,2026,Junho,6,4012988.6,132484.58,34637.32,12426.28,5016235.75
Ouroeste,OUROESTE,7912,2026,Julho,7,3261354.71,158293.01,32439.67,27060.0,4076693.3874999997
Ouroeste,OUROESTE,7912,2026,Agosto,8,3498469.63,103090.45,30208.59,0.0,4373087.0375
Ouroeste,OUROESTE,7912,2026,Setembro,9,3961027.52,0.0,23871.9,12091.73,4951284.399999999
Pacaembu,PACAEMBU,4972,2026,Janeiro,1,855421.94,994817.16,6941.85,1386.28,1069277.4249999998
Pacaembu,PACAEMBU,4972,2026,Fevereiro,2,543390.83,394977.15,6585.53,113.16,679238.5374999999
Pacaembu,PACAEMBU,4972,2026,Março,3,1276516.4,316934.66,5897.56,3732.84,1595645.4999999998
Pacaembu,PACAEMBU,4972,2026,Abril,4,817173.88,248951.88,6345.01,0.0,1021467.35
Pacaembu,PACAEMBU,4972,2026,Maio,5,865404.17,273694.25,5907.33,1883.82,1081755.2125
Pacaembu,PACAEMBU,4972,2026,Junho,6,1075981.79,58875.39,9287.12,3331.79,1344977.2375
Pacaembu,PACAEMBU,4972,2026,Julho,7,874450.1,95047.18,8697.88,7255.46,1093062.625
Pacaembu,PACAEMBU,4972,2026,Agosto,8,938026.49,91139.88,8099.67,0.0,1172533.1124999998
Pacaembu,PACAEMBU,4972,2026,Setembro,9,1062049.74,0.0,6400.65,3242.09,1327562.1749999998
Palestina,PALESTINA,4984,2026,Janeiro,1,1873989.27,1461194.01,15207.64,3036.94,2342486.5875
Palestina,PALESTINA,4984,2026,Fevereiro,2,1190416.14,463130.17,14427.03,247.9,1488020.1749999998
Palestina,PALESTINA,4984,2026,Março,3,2796487.59,383362.68,12919.89,8177.61,3495609.4875
Palestina,PALESTINA,4984,2026,Abril,4,1790197.61,355404.77,13900.14,0.0,2237747.0125
Palestina,PALESTINA,4984,2026,Maio,5,1895856.59,281938.86,12941.29,4126.92,2369820.7375
Palestina,PALESTINA,4984,2026,Junho,6,2357172.79,81248.11,20345.47,7299.02,2946465.9875
Palestina,PALESTINA,4984,2026,Julho,7,1915673.67,91248.06,19054.6,15894.66,2394592.0875
Palestina,PALESTINA,4984,2026,Agosto,8,2054951.62,118044.06,17744.1,0.0,2568689.525
Palestina,PALESTINA,4984,2026,Setembro,9,2326651.59,0.0,14022.01,7102.51,2908314.4875
Palmares Paulista,PALMARES PAULISTA,4996,2026,Janeiro,1,455591.46,671357.85,3693.1,739.06,569489.325
Palmares Paulista,PALMARES PAULISTA,4996,2026,Fevereiro,2,289694.83,286325.72,3510.9,60.33,362118.5375
Palmares Paulista,PALMARES PAULISTA,4996,2026,Março,3,680541.85,290591.87,3144.13,1990.07,850677.3124999999
Palmares Paulista,PALMARES PAULISTA,4996,2026,Abril,4,435655.21,224807.74,3382.68,0.0,544569.0125
Palmares Paulista,PALMARES PAULISTA,4996,2026,Maio,5,461367.95,200153.08,3149.34,1004.31,576709.9375
Palmares Paulista,PALMARES PAULISTA,4996,2026,Junho,6,573631.99,36103.45,4951.19,1776.26,717039.9874999999
Palmares Paulista,PALMARES PAULISTA,4996,2026,Julho,7,466190.55,100330.71,4637.05,3868.06,582738.1875
Palmares Paulista,PALMARES PAULISTA,4996,2026,Agosto,8,500084.67,68048.61,4318.13,0.0,625105.8374999999
Palmares Paulista,PALMARES PAULISTA,4996,2026,Setembro,9,566204.47,0.0,3412.34,1728.44,707755.5874999999
Palmeira D'Oeste,PALMEIRA DOESTE,5009,2026,Janeiro,1,696910.37,1165052.5,5634.38,1133.22,871137.9624999999
Palmeira D'Oeste,PALMEIRA DOESTE,5009,2026,Fevereiro,2,444196.62,403322.85,5383.36,92.5,555245.7749999999
Palmeira D'Oeste,PALMEIRA DOESTE,5009,2026,Março,3,1043492.52,295889.5,4820.98,3051.42,1304365.65
Palmeira D'Oeste,PALMEIRA DOESTE,5009,2026,Abril,4,668001.47,226320.07,5186.75,0.0,835001.8374999999
Palmeira D'Oeste,PALMEIRA DOESTE,5009,2026,Maio,5,707427.48,254192.68,4828.97,1539.94,884284.35
Palmeira D'Oeste,PALMEIRA DOESTE,5009,2026,Junho,6,879564.85,85495.74,7591.79,2723.59,1099456.0625
Palmeira D'Oeste,PALMEIRA DOESTE,5009,2026,Julho,7,714822.11,63377.4,7110.11,5931.0,893527.6375
Palmeira D'Oeste,PALMEIRA DOESTE,5009,2026,Agosto,8,766792.84,81298.25,6621.1,0.0,958491.0499999999
Palmeira D'Oeste,PALMEIRA DOESTE,5009,2026,Setembro,9,868176.05,0.0,5232.23,2650.26,1085220.0625
Palmital,PALMITAL,5010,2026,Janeiro,1,2461642.09,2758096.24,19999.3,3985.16,3077052.6125
Palmital,PALMITAL,5010,2026,Fevereiro,2,1562096.75,1024398.2,18931.55,325.3,1952620.9375
Palmital,PALMITAL,5010,2026,Março,3,3669627.82,884782.87,16953.83,10730.88,4587034.774999999
Palmital,PALMITAL,5010,2026,Abril,4,2349146.47,713996.07,18240.14,0.0,2936433.0875
Palmital,PALMITAL,5010,2026,Maio,5,2487795.08,582880.45,16981.92,5415.46,3109743.85
Palmital,PALMITAL,5010,2026,Junho,6,3093146.88,200830.41,26697.89,9577.98,3866433.5999999996
Palmital,PALMITAL,5010,2026,Julho,7,2513799.6,223522.67,25003.97,20857.41,3142249.5
Palmital,PALMITAL,5010,2026,Agosto,8,2696563.95,270621.23,23284.3,0.0,3370704.9375
Palmital,PALMITAL,5010,2026,Setembro,9,3053096.11,0.0,18400.07,9320.11,3816370.1374999997
Panorama,PANORAMA,5022,2026,Janeiro,1,1042692.27,970995.78,8467.26,1688.73,1303365.3375
Panorama,PANORAMA,5022,2026,Fevereiro,2,661947.59,432187.66,8022.35,137.85,827434.4874999999
Panorama,PANORAMA,5022,2026,Março,3,1555026.15,416236.99,7184.29,4547.27,1943782.6874999998
Panorama,PANORAMA,5022,2026,Abril,4,995464.49,301912.09,7729.37,0.0,1244330.6124999998
Panorama,PANORAMA,5022,2026,Maio,5,1054217.65,344262.01,7196.19,2294.83,1317772.0624999998
Panorama,PANORAMA,5022,2026,Junho,6,1310738.99,91448.09,11313.39,4058.72,1638423.7374999998
Panorama,PANORAMA,5022,2026,Julho,7,1065237.21,168581.48,10595.58,8838.45,1331546.5125
Panorama,PANORAMA,5022,2026,Agosto,8,1142684.67,226043.71,9866.86,0.0,1428355.8375
Panorama,PANORAMA,5022,2026,Setembro,9,1293767.25,0.0,7797.14,3949.45,1617209.0625
Paraguaçu Paulista,PARAGUACU PAULISTA,5034,2026,Janeiro,1,3790936.12,4825507.21,30851.54,6127.65,4738670.149999999
Paraguaçu Paulista,PARAGUACU PAULISTA,5034,2026,Fevereiro,2,2401908.81,1512852.26,29109.5,500.19,3002386.0124999997
Paraguaçu Paulista,PARAGUACU PAULISTA,5034,2026,Março,3,5642487.52,1375526.5,26068.53,16500.0,7053109.399999999
Paraguaçu Paulista,PARAGUACU PAULISTA,5034,2026,Abril,4,3612091.0,1160454.62,28046.38,0.0,4515113.75
Paraguaçu Paulista,PARAGUACU PAULISTA,5034,2026,Maio,5,3825279.66,1033819.74,26111.71,8326.91,4781599.575
Paraguaçu Paulista,PARAGUACU PAULISTA,5034,2026,Junho,6,4756079.77,375141.45,41051.17,14727.27,5945099.712499999
Paraguaçu Paulista,PARAGUACU PAULISTA,5034,2026,Julho,7,3865264.7,457711.74,38446.57,32070.74,4831580.875
Paraguaçu Paulista,PARAGUACU PAULISTA,5034,2026,Agosto,8,4146286.54,570079.93,35802.36,0.0,5182858.175
Paraguaçu Paulista,PARAGUACU PAULISTA,5034,2026,Setembro,9,4694496.97,0.0,28292.29,14330.78,5868121.212499999
Paraibuna,PARAIBUNA,5046,2026,Janeiro,1,1797342.28,1182951.0,14441.6,2938.77,2246677.85
Paraibuna,PARAIBUNA,5046,2026,Fevereiro,2,1151935.56,557927.35,13960.67,239.89,1439919.45
Paraibuna,PARAIBUNA,5046,2026,Março,3,2706090.25,452662.18,12502.25,7913.26,3382612.8125
Paraibuna,PARAIBUNA,5046,2026,Abril,4,1732328.91,326257.64,13450.81,0.0,2165411.1374999997
Paraibuna,PARAIBUNA,5046,2026,Maio,5,1834572.42,329094.01,12522.96,3993.52,2293215.525
Paraibuna,PARAIBUNA,5046,2026,Junho,6,2280976.44,118866.44,19687.8,7063.08,2851220.55
Paraibuna,PARAIBUNA,5046,2026,Julho,7,1853748.91,121093.17,18438.66,15380.86,2317186.1374999997
Paraibuna,PARAIBUNA,5046,2026,Agosto,8,1988524.66,132470.28,17170.52,0.0,2485655.8249999997
Paraibuna,PARAIBUNA,5046,2026,Setembro,9,2251441.84,0.0,13568.75,6872.92,2814302.3
Paranapanema,PARANAPANEMA,5060,2026,Janeiro,1,3130231.96,2916622.6,25438.71,5066.18,3912789.9499999997
Paranapanema,PARANAPANEMA,5060,2026,Fevereiro,2,1985832.99,923101.68,24066.94,413.54,2482291.2375
Paranapanema,PARANAPANEMA,5060,2026,Março,3,4665055.47,809322.72,21552.75,13641.75,5831319.337499999
Paranapanema,PARANAPANEMA,5060,2026,Abril,4,2986378.76,596924.27,23187.98,0.0,3732973.4499999997
Paranapanema,PARANAPANEMA,5060,2026,Maio,5,3162637.36,628877.65,21588.46,6884.47,3953296.6999999997
Paranapanema,PARANAPANEMA,5060,2026,Junho,6,3932197.62,196740.37,33939.99,12176.11,4915247.024999999
Paranapanema,PARANAPANEMA,5060,2026,Julho,7,3195695.9,301706.78,31786.58,26515.22,3994619.8749999995
Paranapanema,PARANAPANEMA,5060,2026,Agosto,8,3428037.13,352391.52,29600.42,0.0,4285046.4125
Paranapanema,PARANAPANEMA,5060,2026,Setembro,9,3881282.63,0.0,23391.3,11848.3,4851603.2875
Paranapuã,PARANAPUA,5083,2026,Janeiro,1,497618.38,490892.84,4005.19,812.4,622022.975
Paranapuã,PARANAPUA,5083,2026,Fevereiro,2,318444.01,155700.17,3859.32,66.31,398055.0125
Paranapuã,PARANAPUA,5083,2026,Março,3,748078.51,127182.61,3456.15,2187.56,935098.1375
Paranapuã,PARANAPUA,5083,2026,Abril,4,478889.43,110595.88,3718.38,0.0,598611.7875
Paranapuã,PARANAPUA,5083,2026,Maio,5,507153.89,94805.13,3461.88,1103.98,633942.3624999999
Paranapuã,PARANAPUA,5083,2026,Junho,6,630558.96,18276.21,5442.55,1952.54,788198.7
Paranapuã,PARANAPUA,5083,2026,Julho,7,512455.09,34661.48,5097.23,4251.92,640568.8625
Paranapuã,PARANAPUA,5083,2026,Agosto,8,549712.84,50767.45,4746.66,0.0,687141.0499999999
Paranapuã,PARANAPUA,5083,2026,Setembro,9,622394.34,0.0,3750.98,1899.97,777992.9249999999
Parapuã,PARAPUA,5095,2026,Janeiro,1,1297751.67,1077330.63,10505.51,2107.79,1622189.5875
Parapuã,PARAPUA,5095,2026,Fevereiro,2,826207.67,367012.71,10013.07,172.06,1032759.5875
Parapuã,PARAPUA,5095,2026,Março,3,1940900.69,324205.85,8967.04,5675.66,2426125.8625
Parapuã,PARAPUA,5095,2026,Abril,4,1242485.68,261979.39,9647.38,0.0,1553107.0999999999
Parapuã,PARAPUA,5095,2026,Maio,5,1315818.23,253069.19,8981.9,2864.29,1644772.7874999999
Parapuã,PARAPUA,5095,2026,Junho,6,1635994.49,58382.78,14120.76,5065.88,2044993.1124999998
Parapuã,PARAPUA,5095,2026,Julho,7,1329572.27,93663.92,13224.84,11031.68,1661965.3375
Parapuã,PARAPUA,5095,2026,Agosto,8,1426238.05,133389.37,12315.28,0.0,1782797.5625
Parapuã,PARAPUA,5095,2026,Setembro,9,1614811.27,0.0,9731.97,4929.5,2018514.0875
Paraíso,PARAISO,5058,2026,Janeiro,1,1162856.74,1076764.54,9365.63,1897.35,1453570.9249999998
Paraíso,PARAISO,5058,2026,Fevereiro,2,743720.65,251951.61,9013.39,154.88,929650.8125
Paraíso,PARAISO,5058,2026,Março,3,1747124.81,235182.16,8071.79,5109.02,2183906.0124999997
Paraíso,PARAISO,5058,2026,Abril,4,1118438.24,167727.8,8684.21,0.0,1398047.7999999998
Paraíso,PARAISO,5058,2026,Maio,5,1184449.41,170965.12,8085.16,2578.32,1480561.7624999997
Paraíso,PARAISO,5058,2026,Junho,6,1472659.88,45109.27,12710.97,4560.11,1840824.8499999999
Paraíso,PARAISO,5058,2026,Julho,7,1196830.27,42100.6,11904.49,9930.3,1496037.8375
Paraíso,PARAISO,5058,2026,Agosto,8,1283845.13,39033.55,11085.75,0.0,1604806.4124999999
Paraíso,PARAISO,5058,2026,Setembro,9,1453591.54,0.0,8760.35,4437.34,1816989.425
Pardinho,PARDINHO,5071,2026,Janeiro,1,1084216.0,918459.2,8730.22,1769.41,1355270.0
Pardinho,PARDINHO,5071,2026,Fevereiro,2,693569.73,421659.43,8405.59,144.43,866962.1625
Pardinho,PARDINHO,5071,2026,Março,3,1629311.88,336608.65,7527.49,4764.5,2036639.8499999999
Pardinho,PARDINHO,5071,2026,Abril,4,1043019.19,305513.65,8098.61,0.0,1303773.9874999998
Pardinho,PARDINHO,5071,2026,Maio,5,1104579.07,265985.49,7539.96,2404.46,1380723.8375
Pardinho,PARDINHO,5071,2026,Junho,6,1373354.79,97105.25,11853.84,4252.61,1716693.4875
Pardinho,PARDINHO,5071,2026,Julho,7,1116125.06,110650.05,11101.74,9260.67,1395156.325
Pardinho,PARDINHO,5071,2026,Agosto,8,1197272.29,103645.31,10338.21,0.0,1496590.3625
Pardinho,PARDINHO,5071,2026,Setembro,9,1355572.28,0.0,8169.62,4138.12,1694465.3499999999
Pariquera-Açu,PARIQUERA ACU,5101,2026,Janeiro,1,1265392.15,1387079.8,10040.35,2091.97,1581740.1874999998
Pariquera-Açu,PARIQUERA ACU,5101,2026,Fevereiro,2,820006.96,589525.11,9937.92,170.76,1025008.7
Pariquera-Açu,PARIQUERA ACU,5101,2026,Março,3,1926334.19,526750.68,8899.74,5633.07,2407917.7375
Pariquera-Açu,PARIQUERA ACU,5101,2026,Abril,4,1233160.79,438202.39,9574.98,0.0,1541450.9875
Pariquera-Açu,PARIQUERA ACU,5101,2026,Maio,5,1305942.98,375686.21,8914.49,2842.79,1632428.7249999999
Pariquera-Açu,PARIQUERA ACU,5101,2026,Junho,6,1623716.32,132036.9,14014.79,5027.86,2029645.4
Pariquera-Açu,PARIQUERA ACU,5101,2026,Julho,7,1319593.8,182233.17,13125.58,10948.89,1649492.25
Pariquera-Açu,PARIQUERA ACU,5101,2026,Agosto,8,1415534.1,150068.9,12222.86,0.0,1769417.625
Pariquera-Açu,PARIQUERA ACU,5101,2026,Setembro,9,1602692.07,0.0,9658.93,4892.5,2003365.0875
Parisi,PARISI,7547,2026,Janeiro,1,373157.78,174869.14,2995.43,610.66,466447.22500000003
Parisi,PARISI,7547,2026,Fevereiro,2,239365.42,91244.02,2900.95,49.85,299206.775
Parisi,PARISI,7547,2026,Março,3,562309.61,94660.61,2597.89,1644.33,702887.0125
Parisi,PARISI,7547,2026,Abril,4,359967.74,55290.11,2795.0,0.0,449959.675
Parisi,PARISI,7547,2026,Maio,5,381213.34,55055.4,2602.2,829.83,476516.675
Parisi,PARISI,7547,2026,Junho,6,473973.47,22670.28,4091.01,1467.67,592466.8374999999
Parisi,PARISI,7547,2026,Julho,7,385198.11,18310.0,3831.44,3196.05,481497.63749999995
Parisi,PARISI,7547,2026,Agosto,8,413203.71,32316.29,3567.93,0.0,516504.6375
Parisi,PARISI,7547,2026,Setembro,9,467836.35,0.0,2819.51,1428.15,584795.4374999999
Patrocínio Paulista,PATROCINIO PAULISTA,5113,2026,Janeiro,1,2513633.39,1483322.19,20349.22,4082.43,3142041.7375
Patrocínio Paulista,PATROCINIO PAULISTA,5113,2026,Fevereiro,2,1600225.24,470385.81,19393.64,333.24,2000281.5499999998
Patrocínio Paulista,PATROCINIO PAULISTA,5113,2026,Março,3,3759198.05,387744.6,17367.65,10992.8,4698997.562499999
Patrocínio Paulista,PATROCINIO PAULISTA,5113,2026,Abril,4,2406485.68,308713.12,18685.36,0.0,3008107.1
Patrocínio Paulista,PATROCINIO PAULISTA,5113,2026,Maio,5,2548518.5,283436.74,17396.42,5547.64,3185648.125
Patrocínio Paulista,PATROCINIO PAULISTA,5113,2026,Junho,6,3168646.05,119785.15,27349.54,9811.76,3960807.5624999995
Patrocínio Paulista,PATROCINIO PAULISTA,5113,2026,Julho,7,2575157.76,138112.66,25614.28,21366.51,3218947.1999999997
Patrocínio Paulista,PATROCINIO PAULISTA,5113,2026,Agosto,8,2762383.12,126977.25,23852.63,0.0,3452978.9
Patrocínio Paulista,PATROCINIO PAULISTA,5113,2026,Setembro,9,3127617.7,0.0,18849.19,9547.6,3909522.125
Paulicéia,PAULICEIA,5125,2026,Janeiro,1,1240969.16,643446.37,10020.9,2020.07,1551211.4499999997
Paulicéia,PAULICEIA,5125,2026,Fevereiro,2,791825.04,280060.27,9596.38,164.9,989781.3
Paulicéia,PAULICEIA,5125,2026,Março,3,1860130.11,218422.72,8593.88,5439.47,2325162.6375
Paulicéia,PAULICEIA,5125,2026,Abril,4,1190779.63,159367.05,9245.91,0.0,1488474.5374999999
Paulicéia,PAULICEIA,5125,2026,Maio,5,1261060.45,165982.02,8608.12,2745.09,1576325.5624999998
Paulicéia,PAULICEIA,5125,2026,Junho,6,1567912.58,225611.66,13533.13,4855.07,1959890.725
Paulicéia,PAULICEIA,5125,2026,Julho,7,1274242.12,74262.91,12674.48,10572.6,1592802.6500000001
Paulicéia,PAULICEIA,5125,2026,Agosto,8,1366885.16,75549.1,11802.78,0.0,1708606.4499999997
Paulicéia,PAULICEIA,5125,2026,Setembro,9,1547610.89,0.0,9326.98,4724.35,1934513.6124999998
Paulistânia,PAULISTANIA,7924,2026,Janeiro,1,456967.95,144202.29,3658.27,749.61,571209.9375
Paulistânia,PAULISTANIA,7924,2026,Fevereiro,2,293829.45,83878.91,3561.01,61.19,367286.8125
Paulistânia,PAULISTANIA,7924,2026,Março,3,690254.77,77564.54,3189.01,2018.47,862818.4625
Paulistânia,PAULISTANIA,7924,2026,Abril,4,441873.03,52751.14,3430.96,0.0,552341.2875
Paulistânia,PAULISTANIA,7924,2026,Maio,5,467952.75,50164.9,3194.29,1018.64,584940.9375
Paulistânia,PAULISTANIA,7924,2026,Junho,6,581819.05,15466.73,5021.86,1801.61,727273.8125
Paulistânia,PAULISTANIA,7924,2026,Julho,7,472844.18,11644.37,4703.23,3923.27,591055.225
Paulistânia,PAULISTANIA,7924,2026,Agosto,8,507222.04,11750.11,4379.76,0.0,634027.5499999999
Paulistânia,PAULISTANIA,7924,2026,Setembro,9,574285.53,0.0,3461.04,1753.11,717856.9125
Paulo de Faria,PAULO DE FARIA,5149,2026,Janeiro,1,1507225.13,600309.46,12068.17,2472.07,1884031.4124999999
Paulo de Faria,PAULO DE FARIA,5149,2026,Fevereiro,2,968997.56,233226.26,11743.59,201.79,1211246.95
Paulo de Faria,PAULO DE FARIA,5149,2026,Março,3,2276338.13,265844.0,10516.78,6656.56,2845422.6624999996
Paulo de Faria,PAULO DE FARIA,5149,2026,Abril,4,1457219.08,204244.18,11314.7,0.0,1821523.85
Paulo de Faria,PAULO DE FARIA,5149,2026,Maio,5,1543225.38,175159.45,10534.2,3359.31,1929031.7249999999
Paulo de Faria,PAULO DE FARIA,5149,2026,Junho,6,1918736.32,51646.97,16561.19,5941.4,2398420.4
Paulo de Faria,PAULO DE FARIA,5149,2026,Julho,7,1559356.47,51074.3,15510.43,12938.24,1949195.5875
Paulo de Faria,PAULO DE FARIA,5149,2026,Agosto,8,1672728.58,54158.46,14443.68,0.0,2090910.725
Paulo de Faria,PAULO DE FARIA,5149,2026,Setembro,9,1893892.09,0.0,11413.91,5781.44,2367365.1125
Paulínia,PAULINIA,5137,2026,Janeiro,1,122253934.86,21699571.02,996402.53,197344.74,152817418.575
Paulínia,PAULINIA,5137,2026,Fevereiro,2,77354933.25,9194549.01,937489.02,16108.92,96693666.5625
Paulínia,PAULINIA,5137,2026,Março,3,181719740.05,8251191.13,839552.83,531392.47,227149675.0625
Paulínia,PAULINIA,5137,2026,Abril,4,116329586.02,6018200.8,903250.68,0.0,145411982.52499998
Paulínia,PAULINIA,5137,2026,Maio,5,123195456.58,6120198.92,840943.58,268173.29,153994320.725
Paulínia,PAULINIA,5137,2026,Junho,6,153172439.76,2209297.47,1322077.73,474300.82,191465549.7
Paulínia,PAULINIA,5137,2026,Julho,7,124483198.85,3063303.42,1238195.16,1032857.63,155603998.56249997
Paulínia,PAULINIA,5137,2026,Agosto,8,133533678.19,2553586.6,1153036.83,0.0,166917097.73749998
Paulínia,PAULINIA,5137,2026,Setembro,9,151189128.33,0.0,911170.41,461531.43,188986410.4125
Pederneiras,PEDERNEIRAS,5150,2026,Janeiro,1,6374880.32,4844771.69,50555.02,10543.93,7968600.4
Pederneiras,PEDERNEIRAS,5150,2026,Fevereiro,2,4132996.86,1720219.49,50089.1,860.68,5166246.074999999
Pederneiras,PEDERNEIRAS,5150,2026,Março,3,9709104.31,1543803.05,44856.47,28391.77,12136380.3875
Pederneiras,PEDERNEIRAS,5150,2026,Abril,4,6215373.66,1255681.95,48259.78,0.0,7769217.075
Pederneiras,PEDERNEIRAS,5150,2026,Maio,5,6582210.27,1193799.02,44930.78,14328.23,8227762.837499999
Pederneiras,PEDERNEIRAS,5150,2026,Junho,6,8183850.55,361082.05,70637.29,25341.42,10229813.1875
Pederneiras,PEDERNEIRAS,5150,2026,Julho,7,6651013.05,475886.28,66155.53,55184.55,8313766.312499999
Pederneiras,PEDERNEIRAS,5150,2026,Agosto,8,7134571.13,478911.83,61605.61,0.0,8918213.9125
Pederneiras,PEDERNEIRAS,5150,2026,Setembro,9,8077884.2,0.0,48682.93,24659.16,10097355.25
Pedra Bela,PEDRA BELA,5162,2026,Janeiro,1,631945.27,652778.97,5061.78,1036.14,789931.5875
Pedra Bela,PEDRA BELA,5162,2026,Fevereiro,2,406146.38,283380.69,4922.22,84.58,507682.975
Pedra Bela,PEDRA BELA,5162,2026,Março,3,954106.11,266884.13,4408.01,2790.04,1192632.6375
Pedra Bela,PEDRA BELA,5162,2026,Abril,4,610779.92,209438.27,4742.45,0.0,763474.9
Pedra Bela,PEDRA BELA,5162,2026,Maio,5,646828.67,180324.75,4415.31,1408.02,808535.8375
Pedra Bela,PEDRA BELA,5162,2026,Junho,6,804220.61,65802.92,6941.47,2490.28,1005275.7625
Pedra Bela,PEDRA BELA,5162,2026,Julho,7,653589.86,69871.02,6501.05,5422.94,816987.325
Pedra Bela,PEDRA BELA,5162,2026,Agosto,8,701108.74,74610.22,6053.93,0.0,876385.9249999999
Pedra Bela,PEDRA BELA,5162,2026,Setembro,9,793807.38,0.0,4784.03,2423.24,992259.225
Pedranópolis,PEDRANOPOLIS,5174,2026,Janeiro,1,688662.18,234162.07,5443.93,1142.18,860827.725
Pedranópolis,PEDRANOPOLIS,5174,2026,Fevereiro,2,447710.19,110719.36,5425.94,93.23,559637.7374999999
Pedranópolis,PEDRANOPOLIS,5174,2026,Março,3,1051746.49,95015.75,4859.11,3075.56,1314683.1124999998
Pedranópolis,PEDRANOPOLIS,5174,2026,Abril,4,673285.33,76422.6,5227.78,0.0,841606.6624999999
Pedranópolis,PEDRANOPOLIS,5174,2026,Maio,5,713023.19,68340.29,4867.16,1552.12,891278.9874999999
Pedranópolis,PEDRANOPOLIS,5174,2026,Junho,6,886522.16,19405.37,7651.84,2745.13,1108152.7
Pedranópolis,PEDRANOPOLIS,5174,2026,Julho,7,720476.31,13485.73,7166.35,5977.91,900595.3875000001
Pedranópolis,PEDRANOPOLIS,5174,2026,Agosto,8,772858.13,26618.5,6673.48,0.0,966072.6625
Pedranópolis,PEDRANOPOLIS,5174,2026,Setembro,9,875043.27,0.0,5273.62,2671.22,1093804.0875
Pedregulho,PEDREGULHO,5186,2026,Janeiro,1,2452623.43,1593986.98,20213.13,3918.65,3065779.2875
Pedregulho,PEDREGULHO,5186,2026,Fevereiro,2,1536027.37,573283.05,18615.6,319.87,1920034.2125000001
Pedregulho,PEDREGULHO,5186,2026,Março,3,3608386.47,396397.31,16670.9,10551.79,4510483.0875
Pedregulho,PEDREGULHO,5186,2026,Abril,4,2309942.24,391653.54,17935.74,0.0,2887427.8000000003
Pedregulho,PEDREGULHO,5186,2026,Maio,5,2446276.99,308479.86,16698.51,5325.08,3057846.2375000003
Pedregulho,PEDREGULHO,5186,2026,Junho,6,3041526.25,136575.58,26252.33,9418.13,3801907.8125
Pedregulho,PEDREGULHO,5186,2026,Julho,7,2471847.53,130733.03,24586.69,20509.33,3089809.4124999996
Pedregulho,PEDREGULHO,5186,2026,Agosto,8,2651561.78,193566.97,22895.71,0.0,3314452.2249999996
Pedregulho,PEDREGULHO,5186,2026,Setembro,9,3002143.87,0.0,18093.0,9164.57,3752679.8375
Pedreira,PEDREIRA,5198,2026,Janeiro,1,3325115.67,5655783.52,26822.65,5417.72,4156394.5875
Pedreira,PEDREIRA,5198,2026,Fevereiro,2,2123630.03,2100429.08,25736.95,442.24,2654537.5374999996
Pedreira,PEDREIRA,5198,2026,Março,3,4988763.89,1789525.04,23048.3,14588.35,6235954.862499999
Pedreira,PEDREIRA,5198,2026,Abril,4,3193603.72,1422266.23,24797.0,0.0,3992004.65
Pedreira,PEDREIRA,5198,2026,Maio,5,3382092.92,1301219.75,23086.48,7362.18,4227616.149999999
Pedreira,PEDREIRA,5198,2026,Junho,6,4205052.99,379111.58,36295.09,13021.01,5256316.2375
Pedreira,PEDREIRA,5198,2026,Julho,7,3417445.39,514217.18,33992.25,28355.11,4271806.7375
Pedreira,PEDREIRA,5198,2026,Agosto,8,3665908.79,510589.29,31654.4,0.0,4582385.9875
Pedreira,PEDREIRA,5198,2026,Setembro,9,4150605.01,0.0,25014.42,12670.45,5188256.262499999
Pedrinhas Paulista,PEDRINHAS PAULISTA,7559,2026,Janeiro,1,721662.51,477263.31,5885.26,1164.29,902078.1375
Pedrinhas Paulista,PEDRINHAS PAULISTA,7559,2026,Fevereiro,2,456375.54,147691.29,5530.96,95.04,570469.4249999999
Pedrinhas Paulista,PEDRINHAS PAULISTA,7559,2026,Março,3,1072102.84,114660.38,4953.16,3135.09,1340128.55
Pedrinhas Paulista,PEDRINHAS PAULISTA,7559,2026,Abril,4,686316.63,133493.41,5328.96,0.0,857895.7875
Pedrinhas Paulista,PEDRINHAS PAULISTA,7559,2026,Maio,5,726823.62,95626.04,4961.37,1582.16,908529.5249999999
Pedrinhas Paulista,PEDRINHAS PAULISTA,7559,2026,Junho,6,903680.62,39242.1,7799.94,2798.26,1129600.775
Pedrinhas Paulista,PEDRINHAS PAULISTA,7559,2026,Julho,7,734420.99,20864.08,7305.05,6093.61,918026.2374999999
Pedrinhas Paulista,PEDRINHAS PAULISTA,7559,2026,Agosto,8,787816.64,18119.64,6802.64,0.0,984770.7999999999
Pedrinhas Paulista,PEDRINHAS PAULISTA,7559,2026,Setembro,9,891979.56,0.0,5375.69,2722.92,1114974.45
Pedro de Toledo,PEDRO DE TOLEDO,5204,2026,Janeiro,1,1850308.91,406126.72,14366.98,3115.81,2312886.1374999997
Pedro de Toledo,PEDRO DE TOLEDO,5204,2026,Fevereiro,2,1221331.66,208462.8,14801.71,254.34,1526664.5749999997
Pedro de Toledo,PEDRO DE TOLEDO,5204,2026,Março,3,2869113.34,150619.75,13255.42,8389.98,3586391.675
Pedro de Toledo,PEDRO DE TOLEDO,5204,2026,Abril,4,1836689.66,138108.23,14261.13,0.0,2295862.0749999997
Pedro de Toledo,PEDRO DE TOLEDO,5204,2026,Maio,5,1945092.63,121495.41,13277.38,4234.1,2431365.7874999996
Pedro de Toledo,PEDRO DE TOLEDO,5204,2026,Junho,6,2418389.38,41426.92,20873.85,7488.58,3022986.7249999996
Pedro de Toledo,PEDRO DE TOLEDO,5204,2026,Julho,7,1965424.37,86784.99,19549.46,16307.45,2456780.4625
Pedro de Toledo,PEDRO DE TOLEDO,5204,2026,Agosto,8,2108319.42,69495.52,18204.92,0.0,2635399.275
Pedro de Toledo,PEDRO DE TOLEDO,5204,2026,Setembro,9,2387075.53,0.0,14386.17,7286.97,2983844.4124999996
Penápolis,PENAPOLIS,5216,2026,Janeiro,1,4054558.66,7861626.81,32846.69,6580.94,5068198.325
Penápolis,PENAPOLIS,5216,2026,Fevereiro,2,2579587.46,3060864.83,31262.84,537.19,3224484.3249999997
Penápolis,PENAPOLIS,5216,2026,Março,3,6059884.53,2697311.46,27996.92,17720.57,7574855.6625
Penápolis,PENAPOLIS,5216,2026,Abril,4,3879291.59,2161454.81,30121.08,0.0,4849114.4875
Penápolis,PENAPOLIS,5216,2026,Maio,5,4108250.66,1957743.58,28043.3,8942.89,5135313.325
Penápolis,PENAPOLIS,5216,2026,Junho,6,5107905.71,740392.68,44087.88,15816.71,6384882.137499999
Penápolis,PENAPOLIS,5216,2026,Julho,7,4151193.54,869590.1,41290.61,34443.14,5188991.925
Penápolis,PENAPOLIS,5216,2026,Agosto,8,4453003.68,785259.54,38450.8,0.0,5566254.6
Penápolis,PENAPOLIS,5216,2026,Setembro,9,5041767.39,0.0,30385.18,15390.88,6302209.237499999
Pereira Barreto,PEREIRA BARRETO,5228,2026,Janeiro,1,3216970.64,2501666.47,25925.55,5245.99,4021213.3
Pereira Barreto,PEREIRA BARRETO,5228,2026,Fevereiro,2,2056314.7,775857.07,24921.13,428.22,2570393.375
Pereira Barreto,PEREIRA BARRETO,5228,2026,Março,3,4830628.85,678132.27,22317.71,14125.93,6038286.062499999
Pereira Barreto,PEREIRA BARRETO,5228,2026,Abril,4,3092372.1,587602.24,24010.98,0.0,3865465.125
Pereira Barreto,PEREIRA BARRETO,5228,2026,Maio,5,3274886.52,512901.32,22354.68,7128.81,4093608.15
Pereira Barreto,PEREIRA BARRETO,5228,2026,Junho,6,4071760.21,157133.46,35144.6,12608.27,5089700.262499999
Pereira Barreto,PEREIRA BARRETO,5228,2026,Julho,7,3309118.38,195168.38,32914.76,27456.3,4136397.9749999996
Pereira Barreto,PEREIRA BARRETO,5228,2026,Agosto,8,3549705.93,210426.49,30651.01,0.0,4437132.4125
Pereira Barreto,PEREIRA BARRETO,5228,2026,Setembro,9,4019038.14,0.0,24221.51,12268.82,5023797.675
Pereiras,PEREIRAS,5230,2026,Janeiro,1,886184.55,701088.54,7120.35,1448.99,1107730.6875
Pereiras,PEREIRAS,5230,2026,Fevereiro,2,567973.61,282270.07,6883.45,118.28,709967.0125
Pereiras,PEREIRAS,5230,2026,Março,3,1334265.48,265691.58,6164.36,3901.71,1667831.8499999999
Pereiras,PEREIRAS,5230,2026,Abril,4,854142.49,181279.15,6632.06,0.0,1067678.1124999998
Pereiras,PEREIRAS,5230,2026,Maio,5,904554.7,198983.35,6174.57,1969.05,1130693.3749999998
Pereiras,PEREIRAS,5230,2026,Junho,6,1124658.76,63823.82,9707.27,3482.52,1405823.45
Pereiras,PEREIRAS,5230,2026,Julho,7,914009.86,87713.31,9091.37,7583.69,1142512.325
Pereiras,PEREIRAS,5230,2026,Agosto,8,980462.42,98058.23,8466.1,0.0,1225578.025
Pereiras,PEREIRAS,5230,2026,Setembro,9,1110096.43,0.0,6690.21,3388.76,1387620.5374999999
Peruíbe,PERUIBE,5241,2026,Janeiro,1,2959940.45,5403184.32,23929.54,4813.21,3699925.5625
Peruíbe,PERUIBE,5241,2026,Fevereiro,2,1886675.45,2579333.22,22865.22,392.89,2358344.3125
Peruíbe,PERUIBE,5241,2026,Março,3,4432117.75,2096942.92,20476.57,12960.58,5540147.1875
Peruíbe,PERUIBE,5241,2026,Abril,4,2837261.51,1668388.83,22030.15,0.0,3546576.8874999997
Peruíbe,PERUIBE,5241,2026,Maio,5,3004719.08,1499303.92,20510.49,6540.71,3755898.85
Peruíbe,PERUIBE,5241,2026,Junho,6,3735853.3,612688.94,32245.28,11568.13,4669816.624999999
Peruíbe,PERUIBE,5241,2026,Julho,7,3036126.93,632699.74,30199.4,25191.25,3795158.6625
Peruíbe,PERUIBE,5241,2026,Agosto,8,3256866.79,744767.22,28122.4,0.0,4071083.4875
Peruíbe,PERUIBE,5241,2026,Setembro,9,3687480.62,0.0,22223.31,11256.68,4609350.774999999
Piacatu,PIACATU,5253,2026,Janeiro,1,579890.4,640971.48,4735.09,934.47,724863.0
Piacatu,PIACATU,5253,2026,Fevereiro,2,366294.11,238965.87,4439.23,76.28,457867.63749999995
Piacatu,PIACATU,5253,2026,Março,3,860486.44,142730.86,3975.48,2516.27,1075608.0499999998
Piacatu,PIACATU,5253,2026,Abril,4,550848.42,122977.2,4277.11,0.0,688560.525
Piacatu,PIACATU,5253,2026,Maio,5,583359.96,114633.63,3982.07,1269.86,729199.95
Piacatu,PIACATU,5253,2026,Junho,6,725308.14,36425.05,6260.35,2245.93,906635.1749999999
Piacatu,PIACATU,5253,2026,Julho,7,589457.73,56812.07,5863.15,4890.83,736822.1625
Piacatu,PIACATU,5253,2026,Agosto,8,632313.91,46185.2,5459.91,0.0,790392.3875
Piacatu,PIACATU,5253,2026,Setembro,9,715916.69,0.0,4314.61,2185.46,894895.8624999999
Piedade,PIEDADE,5265,2026,Janeiro,1,3597116.35,5431009.65,29040.32,5856.65,4496395.4375
Piedade,PIEDADE,5265,2026,Fevereiro,2,2295680.12,2161590.09,27822.08,478.07,2869600.15
Piedade,PIEDADE,5265,2026,Março,3,5392938.47,1982122.96,24915.6,15770.26,6741173.087499999
Piedade,PIEDADE,5265,2026,Abril,4,3452339.85,1568541.4,26805.98,0.0,4315424.8125
Piedade,PIEDADE,5265,2026,Maio,5,3656099.86,1524340.79,24956.88,7958.64,4570124.824999999
Piedade,PIEDADE,5265,2026,Junho,6,4545733.68,499020.75,39235.6,14075.93,5682167.1
Piedade,PIEDADE,5265,2026,Julho,7,3694316.49,647709.89,36746.2,30652.35,4617895.6125
Piedade,PIEDADE,5265,2026,Agosto,8,3962909.64,701436.81,34218.94,0.0,4953637.05
Piedade,PIEDADE,5265,2026,Setembro,9,4486874.49,0.0,27041.01,13696.97,5608593.1125
Pilar do Sul,PILAR DO SUL,5277,2026,Janeiro,1,2656928.74,3514945.17,21633.88,4292.63,3321160.9250000003
Pilar do Sul,PILAR DO SUL,5277,2026,Fevereiro,2,1682619.35,1567616.81,20392.2,350.4,2103274.1875
Pilar do Sul,PILAR DO SUL,5277,2026,Março,3,3952755.66,1631792.11,18261.9,11558.81,4940944.575
Pilar do Sul,PILAR DO SUL,5277,2026,Abril,4,2530393.39,1134587.61,19647.45,0.0,3162991.7375
Pilar do Sul,PILAR DO SUL,5277,2026,Maio,5,2679739.35,1154723.09,18292.15,5833.29,3349674.1875
Pilar do Sul,PILAR DO SUL,5277,2026,Junho,6,3331796.69,249877.98,28757.75,10316.96,4164745.8625
Pilar do Sul,PILAR DO SUL,5277,2026,Julho,7,2707750.23,517877.97,26933.14,22466.65,3384687.7874999996
Pilar do Sul,PILAR DO SUL,5277,2026,Agosto,8,2904615.66,544101.7,25080.78,0.0,3630769.575
Pilar do Sul,PILAR DO SUL,5277,2026,Setembro,9,3288655.83,0.0,19819.72,10039.2,4110819.7875
Pindamonhangaba,PINDAMONHANGABA,5289,2026,Janeiro,1,18665707.13,14134337.96,151324.99,30276.2,23332133.912499998
Pindamonhangaba,PINDAMONHANGABA,5289,2026,Fevereiro,2,11867624.63,6461212.2,143827.51,2471.39,14834530.7875
Pindamonhangaba,PINDAMONHANGABA,5289,2026,Março,3,27879044.98,5250490.67,128802.36,81525.07,34848806.225
Pindamonhangaba,PINDAMONHANGABA,5289,2026,Abril,4,17847030.6,4164644.82,138574.74,0.0,22308788.25
Pindamonhangaba,PINDAMONHANGABA,5289,2026,Maio,5,18900377.44,3993950.71,129015.72,41142.56,23625471.8
Pindamonhangaba,PINDAMONHANGABA,5289,2026,Junho,6,23499380.62,1286021.71,202830.27,72766.19,29374225.775
Pindamonhangaba,PINDAMONHANGABA,5289,2026,Julho,7,19097940.04,1725562.49,189961.19,158458.76,23872425.049999997
Pindamonhangaba,PINDAMONHANGABA,5289,2026,Agosto,8,20486444.78,1707447.22,176896.39,0.0,25608055.975
Pindamonhangaba,PINDAMONHANGABA,5289,2026,Setembro,9,23195105.32,0.0,139789.77,70807.14,28993881.65
Pindorama,PINDORAMA,5290,2026,Janeiro,1,1155792.42,1608439.93,9276.65,1891.62,1444740.525
Pindorama,PINDORAMA,5290,2026,Fevereiro,2,741476.07,616081.84,8986.18,154.41,926845.0874999999
Pindorama,PINDORAMA,5290,2026,Março,3,1741851.92,532791.84,8047.43,5093.6,2177314.9
Pindorama,PINDORAMA,5290,2026,Abril,4,1115062.75,429925.83,8658.0,0.0,1393828.4375
Pindorama,PINDORAMA,5290,2026,Maio,5,1180874.7,388817.25,8060.76,2570.54,1476093.3749999998
Pindorama,PINDORAMA,5290,2026,Junho,6,1468215.33,106848.8,12672.61,4546.35,1835269.1625
Pindorama,PINDORAMA,5290,2026,Julho,7,1193218.19,157582.68,11868.57,9900.33,1491522.7374999998
Pindorama,PINDORAMA,5290,2026,Agosto,8,1279970.43,149088.47,11052.29,0.0,1599963.0374999999
Pindorama,PINDORAMA,5290,2026,Setembro,9,1449204.55,0.0,8733.91,4423.95,1811505.6875
Pinhalzinho,PINHALZINHO,5319,2026,Janeiro,1,833109.2,1836556.57,6728.9,1355.88,1041386.4999999999
Pinhalzinho,PINHALZINHO,5319,2026,Fevereiro,2,531475.99,691528.75,6441.13,110.68,664344.9874999999
Pinhalzinho,PINHALZINHO,5319,2026,Março,3,1248526.43,611406.66,5768.24,3650.99,1560658.0374999999
Pinhalzinho,PINHALZINHO,5319,2026,Abril,4,799255.83,467827.89,6205.89,0.0,999069.7874999999
Pinhalzinho,PINHALZINHO,5319,2026,Maio,5,846428.59,458508.26,5777.8,1842.52,1058035.7374999998
Pinhalzinho,PINHALZINHO,5319,2026,Junho,6,1052388.91,129979.01,9083.49,3258.74,1315486.1374999997
Pinhalzinho,PINHALZINHO,5319,2026,Julho,7,855276.17,131415.48,8507.16,7096.37,1069095.2125
Pinhalzinho,PINHALZINHO,5319,2026,Agosto,8,917458.53,142274.74,7922.07,0.0,1146823.1624999999
Pinhalzinho,PINHALZINHO,5319,2026,Setembro,9,1038762.34,0.0,6260.3,3171.0,1298452.9249999998
Piquerobi,PIQUEROBI,5320,2026,Janeiro,1,921000.25,311982.84,7349.96,1514.98,1151250.3125
Piquerobi,PIQUEROBI,5320,2026,Fevereiro,2,593840.05,82448.85,7196.94,123.67,742300.0625
Piquerobi,PIQUEROBI,5320,2026,Março,3,1395030.09,73811.09,6445.1,4079.41,1743787.6125
Piquerobi,PIQUEROBI,5320,2026,Abril,4,893041.52,69551.47,6934.09,0.0,1116301.9
Piquerobi,PIQUEROBI,5320,2026,Maio,5,945749.59,60533.55,6455.77,2058.72,1182186.9874999998
Piquerobi,PIQUEROBI,5320,2026,Junho,6,1175877.55,23847.87,10149.36,3641.12,1469846.9375
Piquerobi,PIQUEROBI,5320,2026,Julho,7,955635.35,19510.84,9505.4,7929.06,1194544.1875
Piquerobi,PIQUEROBI,5320,2026,Agosto,8,1025114.27,30938.37,8851.66,0.0,1281392.8375
Piquerobi,PIQUEROBI,5320,2026,Setembro,9,1160652.02,0.0,6994.89,3543.09,1450815.025
Piquete,PIQUETE,5332,2026,Janeiro,1,659706.49,758597.29,5319.33,1075.3,824633.1124999999
Piquete,PIQUETE,5332,2026,Fevereiro,2,421494.11,369100.55,5108.22,87.77,526867.6375
Piquete,PIQUETE,5332,2026,Março,3,990160.5,270976.24,4574.58,2895.47,1237700.625
Piquete,PIQUETE,5332,2026,Abril,4,633860.48,211571.43,4921.66,0.0,792325.6
Piquete,PIQUETE,5332,2026,Maio,5,671271.46,178372.62,4582.16,1461.23,839089.325
Piquete,PIQUETE,5332,2026,Junho,6,834611.03,53231.28,7203.78,2584.39,1043263.7875
Piquete,PIQUETE,5332,2026,Julho,7,678288.15,69949.06,6746.72,5627.87,847860.1875
Piquete,PIQUETE,5332,2026,Agosto,8,727602.7,54752.24,6282.71,0.0,909503.3749999999
Piquete,PIQUETE,5332,2026,Setembro,9,823804.3,0.0,4964.82,2514.81,1029755.375
Piracaia,PIRACAIA,5344,2026,Janeiro,1,1813540.25,2919976.74,14708.27,2940.57,2266925.3125
Piracaia,PIRACAIA,5344,2026,Fevereiro,2,1152642.19,1360991.21,13969.24,240.03,1440802.7374999998
Piracaia,PIRACAIA,5344,2026,Março,3,2707750.23,1039614.16,12509.92,7918.12,3384687.7874999996
Piracaia,PIRACAIA,5344,2026,Abril,4,1733391.56,900644.73,13459.06,0.0,2166739.4499999997
Piracaia,PIRACAIA,5344,2026,Maio,5,1835697.8,791494.42,12530.64,3995.97,2294622.25
Piracaia,PIRACAIA,5344,2026,Junho,6,2282375.65,270422.91,19699.88,7067.41,2852969.5624999995
Piracaia,PIRACAIA,5344,2026,Julho,7,1854886.05,334331.8,18449.97,15390.3,2318607.5625
Piracaia,PIRACAIA,5344,2026,Agosto,8,1989744.47,363042.28,17181.05,0.0,2487180.5875
Piracaia,PIRACAIA,5344,2026,Setembro,9,2252822.93,0.0,13577.07,6877.14,2816028.6625
Piracicaba,PIRACICABA,5356,2026,Janeiro,1,51109505.64,71892883.41,412687.07,83201.52,63886882.05
Piracicaba,PIRACICABA,5356,2026,Fevereiro,2,32613223.05,28801321.3,395250.01,6791.6,40766528.8125
Piracicaba,PIRACICABA,5356,2026,Março,3,76613942.59,23399711.98,353959.63,224037.7,95767428.2375
Piracicaba,PIRACICABA,5356,2026,Abril,4,49045129.73,19188881.24,380814.96,0.0,61306412.162499994
Piracicaba,PIRACICABA,5356,2026,Maio,5,51939814.77,16949450.22,354545.98,113063.19,64924768.4625
Piracicaba,PIRACICABA,5356,2026,Junho,6,64578259.37,5090102.98,557394.52,199967.58,80722824.21249999
Piracicaba,PIRACICABA,5356,2026,Julho,7,52482733.29,6156768.31,522029.21,435457.89,65603416.6125
Piracicaba,PIRACICABA,5356,2026,Agosto,8,56298460.21,6344563.28,486126.04,0.0,70373075.2625
Piracicaba,PIRACICABA,5356,2026,Setembro,9,63742085.45,0.0,384153.96,194583.94,79677606.8125
Piraju,PIRAJU,5370,2026,Janeiro,1,2313276.48,3154567.13,18669.87,3767.4,2891595.5999999996
Piraju,PIRAJU,5370,2026,Fevereiro,2,1476739.21,1195392.91,17897.07,307.53,1845924.0125
Piraju,PIRAJU,5370,2026,Março,3,3469108.62,969900.4,16027.43,10144.51,4336385.774999999
Piraju,PIRAJU,5370,2026,Abril,4,2220782.23,819091.18,17243.45,0.0,2775977.7874999996
Piraju,PIRAJU,5370,2026,Maio,5,2351854.67,800434.32,16053.98,5119.54,2939818.3375
Piraju,PIRAJU,5370,2026,Junho,6,2924128.28,187764.3,25239.04,9054.61,3655160.3499999996
Piraju,PIRAJU,5370,2026,Julho,7,2376438.23,277504.01,23637.68,19717.7,2970547.7874999996
Piraju,PIRAJU,5370,2026,Agosto,8,2549215.81,331989.29,22011.97,0.0,3186519.7624999997
Piraju,PIRAJU,5370,2026,Setembro,9,2886266.0,0.0,17394.64,8810.84,3607832.5
Pirajuí,PIRAJUI,5381,2026,Janeiro,1,2041921.91,2051808.34,16505.36,3320.85,2552402.3874999997
Pirajuí,PIRAJUI,5381,2026,Fevereiro,2,1301703.69,884845.76,15775.76,271.08,1627129.6124999998
Pirajuí,PIRAJUI,5381,2026,Março,3,3057920.75,725877.97,14127.72,8942.1,3822400.9375
Pirajuí,PIRAJUI,5381,2026,Abril,4,1957556.48,604566.58,15199.61,0.0,2446945.5999999996
Pirajuí,PIRAJUI,5381,2026,Maio,5,2073093.12,526617.77,14151.13,4512.73,2591366.4
Pirajuí,PIRAJUI,5381,2026,Junho,6,2577536.06,123888.69,22247.49,7981.38,3221920.0749999997
Pirajuí,PIRAJUI,5381,2026,Julho,7,2094762.83,207531.5,20835.95,17380.59,2618453.5375
Pirajuí,PIRAJUI,5381,2026,Agosto,8,2247061.36,215044.91,19402.93,0.0,2808826.6999999997
Pirajuí,PIRAJUI,5381,2026,Setembro,9,2544161.54,0.0,15332.88,7766.5,3180201.925
Pirangí,PIRANGI,5393,2026,Janeiro,1,989719.05,1658497.6,7967.08,1615.6,1237148.8125
Pirangí,PIRANGI,5393,2026,Fevereiro,2,633279.1,559118.1,7674.91,131.88,791598.8749999999
Pirangí,PIRANGI,5393,2026,Março,3,1487679.04,507640.56,6873.14,4350.33,1859598.8
Pirangí,PIRANGI,5393,2026,Abril,4,952351.61,368790.09,7394.61,0.0,1190439.5125
Pirangí,PIRANGI,5393,2026,Maio,5,1008560.21,412012.64,6884.53,2195.45,1260700.2625
Pirangí,PIRANGI,5393,2026,Junho,6,1253971.79,99983.55,10823.41,3882.94,1567464.7375
Pirangí,PIRANGI,5393,2026,Julho,7,1019102.52,180533.99,10136.69,8455.66,1273878.15
Pirangí,PIRANGI,5393,2026,Agosto,8,1093195.79,205826.68,9439.53,0.0,1366494.7375
Pirangí,PIRANGI,5393,2026,Setembro,9,1237735.08,0.0,7459.45,3778.4,1547168.85
Pirapora do Bom Jesus,PIRAPORA DO BOM JESUS,5400,2026,Janeiro,1,1072477.89,997187.02,8849.54,1711.59,1340597.3624999998
Pirapora do Bom Jesus,PIRAPORA DO BOM JESUS,5400,2026,Fevereiro,2,670906.34,492912.49,8130.93,139.71,838632.9249999999
Pirapora do Bom Jesus,PIRAPORA DO BOM JESUS,5400,2026,Março,3,1576071.76,454722.15,7281.52,4608.82,1970089.7
Pirapora do Bom Jesus,PIRAPORA DO BOM JESUS,5400,2026,Abril,4,1008937.04,397563.63,7833.97,0.0,1261171.3
Pirapora do Bom Jesus,PIRAPORA DO BOM JESUS,5400,2026,Maio,5,1068485.35,315756.44,7293.58,2325.89,1335606.6875
Pirapora do Bom Jesus,PIRAPORA DO BOM JESUS,5400,2026,Junho,6,1328478.44,113184.87,11466.5,4113.65,1660598.0499999998
Pirapora do Bom Jesus,PIRAPORA DO BOM JESUS,5400,2026,Julho,7,1079654.06,166561.08,10738.98,8958.07,1349567.575
Pirapora do Bom Jesus,PIRAPORA DO BOM JESUS,5400,2026,Agosto,8,1158149.69,150192.78,10000.39,0.0,1447687.1124999998
Pirapora do Bom Jesus,PIRAPORA DO BOM JESUS,5400,2026,Setembro,9,1311277.0,0.0,7902.66,4002.9,1639096.25
Pirapozinho,PIRAPOZINHO,5411,2026,Janeiro,1,2121596.14,2433983.78,17173.51,3446.07,2651995.175
Pirapozinho,PIRAPOZINHO,5411,2026,Fevereiro,2,1350786.11,970887.06,16370.61,281.3,1688482.6375
Pirapozinho,PIRAPOZINHO,5411,2026,Março,3,3173223.6,840217.58,14660.43,9279.27,3966529.5
Pirapozinho,PIRAPOZINHO,5411,2026,Abril,4,2031368.68,704754.21,15772.73,0.0,2539210.8499999996
Pirapozinho,PIRAPOZINHO,5411,2026,Maio,5,2151261.78,653512.11,14684.71,4682.89,2689077.2249999996
Pirapozinho,PIRAPOZINHO,5411,2026,Junho,6,2674725.38,197208.61,23086.37,8282.33,3343406.7249999996
Pirapozinho,PIRAPOZINHO,5411,2026,Julho,7,2173748.57,277197.32,21621.59,18035.95,2717185.7124999994
Pirapozinho,PIRAPOZINHO,5411,2026,Agosto,8,2331789.71,295470.47,20134.54,0.0,2914737.1374999997
Pirapozinho,PIRAPOZINHO,5411,2026,Setembro,9,2640092.43,0.0,15911.03,8059.35,3300115.5375
Pirassununga,PIRASSUNUNGA,5368,2026,Janeiro,1,6203010.68,10500199.31,49916.59,10128.67,7753763.35
Pirassununga,PIRASSUNUNGA,5368,2026,Fevereiro,2,3970220.94,3772124.24,48116.37,826.79,4962776.175
Pirassununga,PIRASSUNUNGA,5368,2026,Março,3,9326716.31,3173242.39,43089.82,27273.57,11658395.3875
Pirassununga,PIRASSUNUNGA,5368,2026,Abril,4,5970584.41,2669159.93,46359.1,0.0,7463230.5125
Pirassununga,PIRASSUNUNGA,5368,2026,Maio,5,6322973.35,2325078.55,43161.2,13763.92,7903716.687499999
Pirassununga,PIRASSUNUNGA,5368,2026,Junho,6,7861533.88,719688.15,67855.28,24343.36,9826917.35
Pirassununga,PIRASSUNUNGA,5368,2026,Julho,7,6389066.38,894400.06,63550.03,53011.14,7986332.975
Pirassununga,PIRASSUNUNGA,5368,2026,Agosto,8,6853579.77,830552.53,59179.3,0.0,8566974.712499999
Pirassununga,PIRASSUNUNGA,5368,2026,Setembro,9,7759740.96,0.0,46765.57,23687.98,9699676.2
Piratininga,PIRATININGA,5423,2026,Janeiro,1,1048289.63,1998071.8,8454.1,1708.4,1310362.0374999999
Piratininga,PIRATININGA,5423,2026,Fevereiro,2,669654.46,900191.09,8115.76,139.45,837068.075
Piratininga,PIRATININGA,5423,2026,Março,3,1573130.89,806987.98,7267.93,4600.22,1966413.6124999998
Piratininga,PIRATININGA,5423,2026,Abril,4,1007054.41,618290.06,7819.36,0.0,1258818.0125
Piratininga,PIRATININGA,5423,2026,Maio,5,1066491.61,582090.24,7279.97,2321.55,1333114.5125
Piratininga,PIRATININGA,5423,2026,Junho,6,1325999.57,152530.21,11445.1,4105.98,1657499.4625
Piratininga,PIRATININGA,5423,2026,Julho,7,1077639.48,231274.83,10718.94,8941.35,1347049.3499999999
Piratininga,PIRATININGA,5423,2026,Agosto,8,1155988.64,285461.41,9981.73,0.0,1444985.7999999998
Piratininga,PIRATININGA,5423,2026,Setembro,9,1308830.23,0.0,7887.92,3995.43,1636037.7874999999
Pitangueiras,PITANGUEIRAS,5435,2026,Janeiro,1,3797321.42,3958793.5,31097.15,6102.96,4746651.774999999
Pitangueiras,PITANGUEIRAS,5435,2026,Fevereiro,2,2392231.21,1089890.15,28992.21,498.17,2990289.0124999997
Pitangueiras,PITANGUEIRAS,5435,2026,Março,3,5619753.2,928962.99,25963.5,16433.52,7024691.5
Pitangueiras,PITANGUEIRAS,5435,2026,Abril,4,3597537.41,946827.05,27933.38,0.0,4496921.7625
Pitangueiras,PITANGUEIRAS,5435,2026,Maio,5,3809867.11,760449.16,26006.51,8293.36,4762333.887499999
Pitangueiras,PITANGUEIRAS,5435,2026,Junho,6,4736916.91,231272.74,40885.76,14667.94,5921146.1375
Pitangueiras,PITANGUEIRAS,5435,2026,Julho,7,3849691.04,336606.87,38291.66,31941.52,4812113.8
Pitangueiras,PITANGUEIRAS,5435,2026,Agosto,8,4129580.61,344549.12,35658.11,0.0,5161975.762499999
Pitangueiras,PITANGUEIRAS,5435,2026,Setembro,9,4675582.23,0.0,28178.3,14273.04,5844477.787500001
Planalto,PLANALTO,5447,2026,Janeiro,1,1347491.19,518707.78,10539.61,2255.2,1684363.9874999998
Planalto,PLANALTO,5447,2026,Fevereiro,2,883992.11,172312.6,10713.38,184.09,1104990.1375
Planalto,PLANALTO,5447,2026,Março,3,2076646.05,145765.7,9594.19,6072.62,2595807.5625
Planalto,PLANALTO,5447,2026,Abril,4,1329384.33,120850.88,10322.11,0.0,1661730.4125
Planalto,PLANALTO,5447,2026,Maio,5,1407845.72,134449.78,9610.09,3064.61,1759807.15
Planalto,PLANALTO,5447,2026,Junho,6,1750414.91,24943.1,15108.36,5420.19,2188018.6374999997
Planalto,PLANALTO,5447,2026,Julho,7,1422561.7,31793.59,14149.77,11803.23,1778202.1249999998
Planalto,PLANALTO,5447,2026,Agosto,8,1525988.23,45987.12,13176.61,0.0,1907485.2874999999
Planalto,PLANALTO,5447,2026,Setembro,9,1727750.14,0.0,10412.62,5274.26,2159687.675
Platina,PLATINA,5459,2026,Janeiro,1,940340.89,271471.92,7703.08,1510.86,1175426.1125
Platina,PLATINA,5459,2026,Fevereiro,2,592223.86,68465.2,7177.35,123.33,740279.825
Platina,PLATINA,5459,2026,Março,3,1391233.38,69878.95,6427.56,4068.3,1739041.7249999999
Platina,PLATINA,5459,2026,Abril,4,890611.02,74320.99,6915.22,0.0,1113263.775
Platina,PLATINA,5459,2026,Maio,5,943175.64,58624.75,6438.2,2053.12,1178969.55
Platina,PLATINA,5459,2026,Junho,6,1172677.28,26253.5,10121.73,3631.21,1465846.5999999999
Platina,PLATINA,5459,2026,Julho,7,953034.5,22547.76,9479.53,7907.48,1191293.125
Platina,PLATINA,5459,2026,Agosto,8,1022324.32,25410.71,8827.57,0.0,1277905.4
Platina,PLATINA,5459,2026,Setembro,9,1157493.19,0.0,6975.86,3533.45,1446866.4874999998
Poloni,POLONI,5472,2026,Janeiro,1,630543.26,715587.21,5214.86,1004.14,788179.075
Poloni,POLONI,5472,2026,Fevereiro,2,393600.7,279727.0,4770.17,81.97,492000.875
Poloni,POLONI,5472,2026,Março,3,924634.21,219926.35,4271.85,2703.85,1155792.7625
Poloni,POLONI,5472,2026,Abril,4,591913.21,200432.6,4595.96,0.0,739891.5125
Poloni,POLONI,5472,2026,Maio,5,626848.43,163570.59,4278.93,1364.53,783560.5375
Poloni,POLONI,5472,2026,Junho,6,779378.6,44311.74,6727.05,2413.36,974223.2499999999
Poloni,POLONI,5472,2026,Julho,7,633400.77,45575.99,6300.24,5255.43,791750.9625
Poloni,POLONI,5472,2026,Agosto,8,679451.81,59192.69,5866.93,0.0,849314.7625000001
Poloni,POLONI,5472,2026,Setembro,9,769287.03,0.0,4636.26,2348.38,961608.7875
Pompéia,POMPEIA,5484,2026,Janeiro,1,4352260.82,3256884.68,36078.44,6915.88,5440326.025
Pompéia,POMPEIA,5484,2026,Fevereiro,2,2710878.16,1002654.96,32853.99,564.53,3388597.7
Pompéia,POMPEIA,5484,2026,Março,3,6368308.45,795841.99,29421.85,18622.47,7960385.5625
Pompéia,POMPEIA,5484,2026,Abril,4,4076732.04,659560.99,31654.12,0.0,5095915.05
Pompéia,POMPEIA,5484,2026,Maio,5,4317344.21,612823.01,29470.59,9398.04,5396680.262499999
Pompéia,POMPEIA,5484,2026,Junho,6,5367877.72,195844.43,46331.78,16621.72,6709847.149999999
Pompéia,POMPEIA,5484,2026,Julho,7,4362472.71,233170.98,43392.14,36196.16,5453090.887499999
Pompéia,POMPEIA,5484,2026,Agosto,8,4679643.78,244178.7,40407.8,0.0,5849554.725
Pompéia,POMPEIA,5484,2026,Setembro,9,5298373.22,0.0,31931.67,16174.22,6622966.524999999
Pongaí,PONGAI,5496,2026,Janeiro,1,599587.1,377648.41,4884.42,968.3,749483.8749999999
Pongaí,PONGAI,5496,2026,Fevereiro,2,379551.31,164071.23,4599.9,79.04,474439.13749999995
Pongaí,PONGAI,5496,2026,Março,3,891629.81,115266.32,4119.37,2607.34,1114537.2625
Pongaí,PONGAI,5496,2026,Abril,4,570785.14,129590.86,4431.91,0.0,713481.4249999999
Pongaí,PONGAI,5496,2026,Maio,5,604473.36,95098.73,4126.19,1315.82,755591.7
Pongaí,PONGAI,5496,2026,Junho,6,751559.04,15563.6,6486.93,2327.21,939448.8
Pongaí,PONGAI,5496,2026,Julho,7,610791.82,30377.58,6075.35,5067.84,763489.7749999999
Pongaí,PONGAI,5496,2026,Agosto,8,655199.09,40562.87,5657.51,0.0,818998.8624999999
Pongaí,PONGAI,5496,2026,Setembro,9,741827.69,0.0,4470.77,2264.56,927284.6124999999
Pontal,PONTAL,5502,2026,Janeiro,1,3515589.38,3201944.59,27969.74,5798.47,4394486.725
Pontal,PONTAL,5502,2026,Fevereiro,2,2272874.92,1088555.72,27545.69,473.32,2841093.65
Pontal,PONTAL,5502,2026,Março,3,5339365.2,1060622.58,24668.09,15613.6,6674206.5
Pontal,PONTAL,5502,2026,Abril,4,3418044.42,723486.58,26539.69,0.0,4272555.524999999
Pontal,PONTAL,5502,2026,Maio,5,3619780.29,792899.9,24708.96,7879.58,4524725.3625
Pontal,PONTAL,5502,2026,Junho,6,4500576.52,280856.62,38845.84,13936.1,5625720.649999999
Pontal,PONTAL,5502,2026,Julho,7,3657617.27,447293.77,36381.17,30347.85,4572021.587499999
Pontal,PONTAL,5502,2026,Agosto,8,3923542.23,429621.82,33879.01,0.0,4904427.7875
Pontal,PONTAL,5502,2026,Setembro,9,4442302.03,0.0,26772.39,13560.91,5552877.5375
Pontalinda,PONTALINDA,7560,2026,Janeiro,1,481462.34,267297.14,3862.24,788.36,601827.925
Pontalinda,PONTALINDA,7560,2026,Fevereiro,2,309020.7,108663.74,3745.12,64.35,386275.875
Pontalinda,PONTALINDA,7560,2026,Março,3,725941.56,74620.88,3353.88,2122.83,907426.9500000001
Pontalinda,PONTALINDA,7560,2026,Abril,4,464718.26,52097.48,3608.34,0.0,580897.825
Pontalinda,PONTALINDA,7560,2026,Maio,5,492146.32,51968.17,3359.44,1071.31,615182.9
Pontalinda,PONTALINDA,7560,2026,Junho,6,611899.62,11154.52,5281.49,1894.76,764874.5249999999
Pontalinda,PONTALINDA,7560,2026,Julho,7,497290.65,17981.04,4946.39,4126.1,621613.3125
Pontalinda,PONTALINDA,7560,2026,Agosto,8,533445.88,16584.96,4606.2,0.0,666807.35
Pontalinda,PONTALINDA,7560,2026,Setembro,9,603976.6,0.0,3639.98,1843.74,754970.7499999999
Pontes Gestal,PONTES GESTAL,5514,2026,Janeiro,1,821058.06,234473.4,6694.45,1324.9,1026322.5750000001
Pontes Gestal,PONTES GESTAL,5514,2026,Fevereiro,2,519331.31,85530.24,6293.94,108.15,649164.1375
Pontes Gestal,PONTES GESTAL,5514,2026,Março,3,1219996.53,72807.79,5636.44,3567.56,1524995.6624999999
Pontes Gestal,PONTES GESTAL,5514,2026,Abril,4,780992.15,56048.75,6064.08,0.0,976240.1875
Pontes Gestal,PONTES GESTAL,5514,2026,Maio,5,827086.97,53593.31,5645.77,1800.41,1033858.7124999999
Pontes Gestal,PONTES GESTAL,5514,2026,Junho,6,1028340.92,16748.77,8875.92,3184.27,1285426.15
Pontes Gestal,PONTES GESTAL,5514,2026,Julho,7,835732.38,22521.89,8312.77,6934.21,1044665.475
Pontes Gestal,PONTES GESTAL,5514,2026,Agosto,8,896493.82,13325.97,7741.05,0.0,1120617.275
Pontes Gestal,PONTES GESTAL,5514,2026,Setembro,9,1015025.73,0.0,6117.25,3098.54,1268782.1624999999
Populina,POPULINA,5526,2026,Janeiro,1,696526.08,305574.24,5602.25,1137.84,870657.5999999999
Populina,POPULINA,5526,2026,Fevereiro,2,446008.42,150282.55,5405.32,92.88,557510.5249999999
Populina,POPULINA,5526,2026,Março,3,1047748.75,102122.66,4840.64,3063.87,1309685.9375
Populina,POPULINA,5526,2026,Abril,4,670726.13,95766.19,5207.91,0.0,838407.6625
Populina,POPULINA,5526,2026,Maio,5,710312.95,77504.16,4848.66,1546.22,887891.1874999999
Populina,POPULINA,5526,2026,Junho,6,883152.44,33869.96,7622.76,2734.7,1103940.5499999998
Populina,POPULINA,5526,2026,Julho,7,717737.74,33676.44,7139.11,5955.19,897172.1749999999
Populina,POPULINA,5526,2026,Agosto,8,769920.45,28239.51,6648.11,0.0,962400.5624999999
Populina,POPULINA,5526,2026,Setembro,9,871717.18,0.0,5253.57,2661.07,1089646.475
Porangaba,PORANGABA,5538,2026,Janeiro,1,598429.78,813771.57,4829.77,974.6,748037.225
Porangaba,PORANGABA,5538,2026,Fevereiro,2,382023.28,364024.25,4629.86,79.56,477529.10000000003
Porangaba,PORANGABA,5538,2026,Março,3,897436.89,310588.63,4146.2,2624.32,1121796.1125
Porangaba,PORANGABA,5538,2026,Abril,4,574502.59,262360.77,4460.77,0.0,718128.2374999999
Porangaba,PORANGABA,5538,2026,Maio,5,608410.22,292377.75,4153.06,1324.39,760512.7749999999
Porangaba,PORANGABA,5538,2026,Junho,6,756453.85,78800.48,6529.18,2342.37,945567.3124999999
Porangaba,PORANGABA,5538,2026,Julho,7,614769.83,83213.25,6114.92,5100.85,768462.2874999999
Porangaba,PORANGABA,5538,2026,Agosto,8,659466.32,80538.39,5694.36,0.0,824332.8999999999
Porangaba,PORANGABA,5538,2026,Setembro,9,746659.12,0.0,4499.89,2279.31,933323.8999999999
Porto Feliz,PORTO FELIZ,5540,2026,Janeiro,1,8217779.97,6330566.29,65991.31,13443.54,10272224.962499999
Porto Feliz,PORTO FELIZ,5540,2026,Fevereiro,2,5269579.8,2510384.09,63863.71,1097.37,6586974.749999999
Porto Feliz,PORTO FELIZ,5540,2026,Março,3,12379128.67,2083215.74,57192.09,36199.57,15473910.837499999
Porto Feliz,PORTO FELIZ,5540,2026,Abril,4,7924614.65,1633186.33,61531.33,0.0,9905768.3125
Porto Feliz,PORTO FELIZ,5540,2026,Maio,5,8392332.11,1450254.01,57286.84,18268.53,10490415.1375
Porto Feliz,PORTO FELIZ,5540,2026,Junho,6,10434426.88,538619.25,90062.7,32310.36,13043033.6
Porto Feliz,PORTO FELIZ,5540,2026,Julho,7,8480055.8,593701.9,84348.44,70360.42,10600069.75
Porto Feliz,PORTO FELIZ,5540,2026,Agosto,8,9096593.38,650188.68,78547.28,0.0,11370741.725
Porto Feliz,PORTO FELIZ,5540,2026,Setembro,9,10299319.56,0.0,62070.83,31440.49,12874149.45
Porto Ferreira,PORTO FERREIRA,5551,2026,Janeiro,1,4813852.07,6015472.47,38676.15,7871.51,6017315.0875
Porto Ferreira,PORTO FERREIRA,5551,2026,Fevereiro,2,3085463.53,2390939.13,37393.71,642.54,3856829.4124999996
Porto Ferreira,PORTO FERREIRA,5551,2026,Março,3,7248272.43,2135422.39,33487.32,21195.7,9060340.5375
Porto Ferreira,PORTO FERREIRA,5551,2026,Abril,4,4640049.18,1716710.14,36028.05,0.0,5800061.475
Porto Ferreira,PORTO FERREIRA,5551,2026,Maio,5,4913908.81,1701038.37,33542.8,10696.65,6142386.012499999
Porto Ferreira,PORTO FERREIRA,5551,2026,Junho,6,6109603.56,590665.37,52733.84,18918.48,7637004.449999999
Porto Ferreira,PORTO FERREIRA,5551,2026,Julho,7,4965273.1,720383.0,49388.01,41197.69,6206591.374999999
Porto Ferreira,PORTO FERREIRA,5551,2026,Agosto,8,5326270.43,843728.34,45991.29,0.0,6657838.0375
Porto Ferreira,PORTO FERREIRA,5551,2026,Setembro,9,6030495.03,0.0,36343.94,18409.15,7538118.7875
Potim,POTIM,7572,2026,Janeiro,1,597796.65,720859.06,4889.96,961.76,747245.8125
Potim,POTIM,7572,2026,Fevereiro,2,376991.31,367504.63,4568.88,78.51,471239.13749999995
Potim,POTIM,7572,2026,Março,3,885615.96,322719.85,4091.58,2589.76,1107019.95
Potim,POTIM,7572,2026,Abril,4,566935.31,250664.06,4402.02,0.0,708669.1375000001
Potim,POTIM,7572,2026,Maio,5,600396.32,227000.73,4098.36,1306.95,750495.3999999999
Potim,POTIM,7572,2026,Junho,6,746489.94,74402.76,6443.18,2311.52,933112.4249999999
Potim,POTIM,7572,2026,Julho,7,606672.16,104265.86,6034.38,5033.66,758340.2
Potim,POTIM,7572,2026,Agosto,8,650779.91,116272.06,5619.36,0.0,813474.8875
Potim,POTIM,7572,2026,Setembro,9,736824.22,0.0,4440.61,2249.29,921030.2749999999
Potirendaba,POTIRENDABA,5563,2026,Janeiro,1,2309344.5,2793289.42,18498.69,3786.2,2886680.625
Potirendaba,POTIRENDABA,5563,2026,Fevereiro,2,1484111.11,760404.84,17986.41,309.06,1855138.8875
Potirendaba,POTIRENDABA,5563,2026,Março,3,3486426.45,675285.44,16107.44,10195.15,4358033.0625
Potirendaba,POTIRENDABA,5563,2026,Abril,4,2231868.4,563252.41,17329.53,0.0,2789835.4999999995
Potirendaba,POTIRENDABA,5563,2026,Maio,5,2363595.16,503649.12,16134.12,5145.1,2954493.95
Potirendaba,POTIRENDABA,5563,2026,Junho,6,2938725.56,149964.18,25365.03,9099.81,3673406.9499999997
Potirendaba,POTIRENDABA,5563,2026,Julho,7,2388301.44,240786.21,23755.68,19816.13,2985376.8
Potirendaba,POTIRENDABA,5563,2026,Agosto,8,2561941.52,189965.8,22121.86,0.0,3202426.9
Potirendaba,POTIRENDABA,5563,2026,Setembro,9,2900674.28,0.0,17481.47,8854.82,3625842.8499999996
Poá,POA,5460,2026,Janeiro,1,4746496.7,7843732.62,38641.14,7669.86,5933120.875
Poá,POA,5460,2026,Fevereiro,2,3006421.61,4223655.34,36435.78,626.08,3758027.0124999997
Poá,POA,5460,2026,Março,3,7062589.69,3562829.4,32629.46,20652.72,8828237.1125
Poá,POA,5460,2026,Abril,4,4521182.64,2854632.87,35105.1,0.0,5651478.299999999
Poá,POA,5460,2026,Maio,5,4788026.67,2581550.86,32683.51,10422.63,5985033.337499999
Poá,POA,5460,2026,Junho,6,5953090.7,877639.65,51382.93,18433.84,7441363.375
Poá,POA,5460,2026,Julho,7,4838075.14,1208660.1,48122.81,40142.31,6047593.924999999
Poá,POA,5460,2026,Agosto,8,5189824.61,1207474.83,44813.11,0.0,6487280.7625
Poá,POA,5460,2026,Setembro,9,5876008.73,0.0,35412.9,17937.55,7345010.912500001
Pracinha,PRACINHA,7780,2026,Janeiro,1,237238.64,67551.33,1912.61,386.74,296548.3
Pracinha,PRACINHA,7780,2026,Fevereiro,2,151594.6,33817.46,1837.22,31.57,189493.25
Pracinha,PRACINHA,7780,2026,Março,3,356121.19,22518.73,1645.29,1041.38,445151.4875
Pracinha,PRACINHA,7780,2026,Abril,4,227974.3,20178.2,1770.13,0.0,284967.87499999994
Pracinha,PRACINHA,7780,2026,Maio,5,241429.54,19456.09,1648.02,525.55,301786.925
Pracinha,PRACINHA,7780,2026,Junho,6,300176.26,9096.67,2590.91,929.5,375220.325
Pracinha,PRACINHA,7780,2026,Julho,7,243953.16,6726.55,2426.53,2024.12,304941.45
Pracinha,PRACINHA,7780,2026,Agosto,8,261689.63,5794.23,2259.64,0.0,327112.0375
Pracinha,PRACINHA,7780,2026,Setembro,9,296289.51,0.0,1785.65,904.48,370361.8875
Pradópolis,PRADOPOLIS,5575,2026,Janeiro,1,2839190.92,2999894.95,22233.3,4747.04,3548988.65
Pradópolis,PRADOPOLIS,5575,2026,Fevereiro,2,1860738.11,695347.92,22550.88,387.49,2325922.6375
Pradópolis,PRADOPOLIS,5575,2026,Março,3,4371186.57,641518.53,20195.07,12782.41,5463983.2125
Pradópolis,PRADOPOLIS,5575,2026,Abril,4,2798255.84,507393.01,21727.29,0.0,3497819.8
Pradópolis,PRADOPOLIS,5575,2026,Maio,5,2963411.27,536264.35,20228.52,6450.79,3704264.0875
Pradópolis,PRADOPOLIS,5575,2026,Junho,6,3684494.11,212701.61,31801.98,11409.09,4605617.637499999
Pradópolis,PRADOPOLIS,5575,2026,Julho,7,2994387.33,285609.61,29784.23,24844.93,3742984.1625
Pradópolis,PRADOPOLIS,5575,2026,Agosto,8,3212092.53,203514.06,27735.78,0.0,4015115.6624999996
Pradópolis,PRADOPOLIS,5575,2026,Setembro,9,3636786.44,0.0,21917.79,11101.93,4545983.05
Praia Grande,PRAIA GRANDE,5587,2026,Janeiro,1,11506215.34,27430310.25,93297.05,18660.65,14382769.174999999
Praia Grande,PRAIA GRANDE,5587,2026,Fevereiro,2,7314578.7,13787112.13,88647.7,1523.24,9143223.375
Praia Grande,PRAIA GRANDE,5587,2026,Março,3,17183174.8,11567726.57,79386.99,50247.76,21478968.5
Praia Grande,PRAIA GRANDE,5587,2026,Abril,4,10999969.57,9082273.07,85410.17,0.0,13749961.9625
Praia Grande,PRAIA GRANDE,5587,2026,Maio,5,11649197.08,8251732.66,79518.5,25358.11,14561496.35
Praia Grande,PRAIA GRANDE,5587,2026,Junho,6,14483780.39,3233497.91,125013.9,44849.25,18104725.4875
Praia Grande,PRAIA GRANDE,5587,2026,Julho,7,11770964.26,3865385.11,117082.07,97665.63,14713705.325
Praia Grande,PRAIA GRANDE,5587,2026,Agosto,8,12626765.45,4217694.78,109029.62,0.0,15783456.812499998
Praia Grande,PRAIA GRANDE,5587,2026,Setembro,9,14296241.12,0.0,86159.05,43641.79,17870301.4
Pratânia,PRATANIA,7791,2026,Janeiro,1,563069.02,460917.13,4549.72,916.05,703836.275
Pratânia,PRATANIA,7791,2026,Fevereiro,2,359071.36,196583.74,4351.7,74.78,448839.19999999995
Pratânia,PRATANIA,7791,2026,Março,3,843518.99,380206.39,3897.09,2466.65,1054398.7374999998
Pratânia,PRATANIA,7791,2026,Abril,4,539986.55,143500.04,4192.77,0.0,674983.1875
Pratânia,PRATANIA,7791,2026,Maio,5,571857.01,386595.26,3903.55,1244.82,714821.2625
Pratânia,PRATANIA,7791,2026,Junho,6,711006.2,59964.14,6136.91,2201.64,888757.7499999999
Pratânia,PRATANIA,7791,2026,Julho,7,577834.54,287967.94,5747.54,4794.39,722293.175
Pratânia,PRATANIA,7791,2026,Agosto,8,619845.67,297626.92,5352.24,0.0,774807.0875
Pratânia,PRATANIA,7791,2026,Setembro,9,701799.93,0.0,4229.53,2142.37,877249.9125
Presidente Alves,PRESIDENTE ALVES,5599,2026,Janeiro,1,635804.78,320617.24,5134.83,1034.85,794755.975
Presidente Alves,PRESIDENTE ALVES,5599,2026,Fevereiro,2,405640.25,103795.49,4916.08,84.47,507050.3125
Presidente Alves,PRESIDENTE ALVES,5599,2026,Março,3,952917.12,80482.5,4402.52,2786.56,1191146.4
Presidente Alves,PRESIDENTE ALVES,5599,2026,Abril,4,610018.78,102142.62,4736.54,0.0,762523.475
Presidente Alves,PRESIDENTE ALVES,5599,2026,Maio,5,646022.6,76868.6,4409.81,1406.27,807528.2499999999
Presidente Alves,PRESIDENTE ALVES,5599,2026,Junho,6,803218.41,29594.56,6932.82,2487.18,1004023.0125
Presidente Alves,PRESIDENTE ALVES,5599,2026,Julho,7,652775.37,23448.54,6492.95,5416.19,815969.2124999999
Presidente Alves,PRESIDENTE ALVES,5599,2026,Agosto,8,700235.03,20044.55,6046.39,0.0,875293.7875
Presidente Alves,PRESIDENTE ALVES,5599,2026,Setembro,9,792818.15,0.0,4778.07,2420.22,991022.6875
Presidente Bernardes,PRESIDENTE BERNARDES,5605,2026,Janeiro,1,1562291.09,1638831.57,12481.3,2567.41,1952863.8625
Presidente Bernardes,PRESIDENTE BERNARDES,5605,2026,Fevereiro,2,1006368.07,574552.07,12196.49,209.57,1257960.0875
Presidente Bernardes,PRESIDENTE BERNARDES,5605,2026,Março,3,2364127.75,524104.96,10922.37,6913.28,2955159.6875
Presidente Bernardes,PRESIDENTE BERNARDES,5605,2026,Abril,4,1513418.42,375840.63,11751.06,0.0,1891773.025
Presidente Bernardes,PRESIDENTE BERNARDES,5605,2026,Maio,5,1602741.66,420957.97,10940.46,3488.87,2003427.0749999997
Presidente Bernardes,PRESIDENTE BERNARDES,5605,2026,Junho,6,1992734.61,97487.05,17199.9,6170.53,2490918.2625
Presidente Bernardes,PRESIDENTE BERNARDES,5605,2026,Julho,7,1619494.86,169728.32,16108.61,13437.22,2024368.575
Presidente Bernardes,PRESIDENTE BERNARDES,5605,2026,Agosto,8,1737239.3,182287.64,15000.72,0.0,2171549.125
Presidente Bernardes,PRESIDENTE BERNARDES,5605,2026,Setembro,9,1966932.23,0.0,11854.1,6004.41,2458665.2874999996
Presidente Epitácio,PRESIDENTE EPITACIO,5617,2026,Janeiro,1,3195265.18,2983356.58,25678.6,5223.61,3994081.475
Presidente Epitácio,PRESIDENTE EPITACIO,5617,2026,Fevereiro,2,2047544.22,1407682.12,24814.84,426.39,2559430.275
Presidente Epitácio,PRESIDENTE EPITACIO,5617,2026,Março,3,4810025.52,1197090.86,22222.52,14065.68,6012531.899999999
Presidente Epitácio,PRESIDENTE EPITACIO,5617,2026,Abril,4,3079182.69,1071921.57,23908.57,0.0,3848978.3625
Presidente Epitácio,PRESIDENTE EPITACIO,5617,2026,Maio,5,3260918.65,995777.93,22259.33,7098.41,4076148.3124999995
Presidente Epitácio,PRESIDENTE EPITACIO,5617,2026,Junho,6,4054393.56,273496.54,34994.7,12554.49,5067991.95
Presidente Epitácio,PRESIDENTE EPITACIO,5617,2026,Julho,7,3295004.51,405850.63,32774.37,27339.2,4118755.6374999997
Presidente Epitácio,PRESIDENTE EPITACIO,5617,2026,Agosto,8,3534565.92,405883.11,30520.28,0.0,4418207.399999999
Presidente Epitácio,PRESIDENTE EPITACIO,5617,2026,Setembro,9,4001896.36,0.0,24118.2,12216.49,5002370.449999999
Presidente Prudente,PRESIDENTE PRUDENTE,5629,2026,Janeiro,1,11874547.5,35497646.12,95852.93,19335.88,14843184.375
Presidente Prudente,PRESIDENTE PRUDENTE,5629,2026,Fevereiro,2,7579253.09,14089050.65,91855.38,1578.36,9474066.362499999
Presidente Prudente,PRESIDENTE PRUDENTE,5629,2026,Março,3,17804939.42,11445006.15,82259.57,52065.95,22256174.275000002
Presidente Prudente,PRESIDENTE PRUDENTE,5629,2026,Abril,4,11397997.99,9686175.74,88500.7,0.0,14247497.487499999
Presidente Prudente,PRESIDENTE PRUDENTE,5629,2026,Maio,5,12070717.47,8539466.57,82395.83,26275.68,15088396.8375
Presidente Prudente,PRESIDENTE PRUDENTE,5629,2026,Junho,6,15007868.77,2564229.37,129537.46,46472.1,18759835.9625
Presidente Prudente,PRESIDENTE PRUDENTE,5629,2026,Julho,7,12196890.74,3366681.45,121318.63,101199.61,15246113.424999999
Presidente Prudente,PRESIDENTE PRUDENTE,5629,2026,Agosto,8,13083658.66,3279846.73,112974.8,0.0,16354573.325
Presidente Prudente,PRESIDENTE PRUDENTE,5629,2026,Setembro,9,14813543.49,0.0,89276.67,45220.95,18516929.3625
Presidente Venceslau,PRESIDENTE VENCESLAU,5630,2026,Janeiro,1,2012787.84,4173974.43,16365.47,3256.19,2515984.8
Presidente Venceslau,PRESIDENTE VENCESLAU,5630,2026,Fevereiro,2,1276355.6,1761666.62,15468.56,265.8,1595444.5
Presidente Venceslau,PRESIDENTE VENCESLAU,5630,2026,Março,3,2998373.84,1358769.9,13852.61,8767.97,3747967.3
Presidente Venceslau,PRESIDENTE VENCESLAU,5630,2026,Abril,4,1919436.97,1150926.21,14903.63,0.0,2399296.2125
Presidente Venceslau,PRESIDENTE VENCESLAU,5630,2026,Maio,5,2032723.77,1052126.79,13875.56,4424.86,2540904.7125
Presidente Venceslau,PRESIDENTE VENCESLAU,5630,2026,Junho,6,2527343.68,320652.67,21814.27,7825.96,3159179.6
Presidente Venceslau,PRESIDENTE VENCESLAU,5630,2026,Julho,7,2053971.5,411262.23,20430.21,17042.14,2567464.375
Presidente Venceslau,PRESIDENTE VENCESLAU,5630,2026,Agosto,8,2203304.32,476720.48,19025.1,0.0,2754130.3999999994
Presidente Venceslau,PRESIDENTE VENCESLAU,5630,2026,Setembro,9,2494619.06,0.0,15034.3,7615.26,3118273.8249999997
Promissão,PROMISSAO,5642,2026,Janeiro,1,3500738.3,3043000.57,28505.99,5655.66,4375922.874999999
Promissão,PROMISSAO,5642,2026,Fevereiro,2,2216897.39,1249619.27,26867.28,461.66,2771121.7375
Promissão,PROMISSAO,5642,2026,Março,3,5207864.58,1184136.5,24060.55,15229.06,6509830.725
Promissão,PROMISSAO,5642,2026,Abril,4,3333863.07,980947.71,25886.06,0.0,4167328.8374999994
Promissão,PROMISSAO,5642,2026,Maio,5,3530630.49,903791.37,24100.41,7685.52,4413288.1125
Promissão,PROMISSAO,5642,2026,Junho,6,4389734.01,304648.84,37889.12,13592.88,5487167.512499999
Promissão,PROMISSAO,5642,2026,Julho,7,3567535.6,356593.31,35485.15,29600.43,4459419.5
Promissão,PROMISSAO,5642,2026,Agosto,8,3826911.23,364388.08,33044.62,0.0,4783639.0375
Promissão,PROMISSAO,5642,2026,Setembro,9,4332894.74,0.0,26113.02,13226.92,5416118.425
Quadra,QUADRA,7808,2026,Janeiro,1,495298.38,357984.14,4038.71,799.18,619122.975
Quadra,QUADRA,7808,2026,Fevereiro,2,313260.46,139786.85,3796.5,65.24,391575.575
Quadra,QUADRA,7808,2026,Março,3,735901.46,82453.76,3399.9,2151.95,919876.825
Quadra,QUADRA,7808,2026,Abril,4,471094.18,83537.15,3657.85,0.0,588867.725
Quadra,QUADRA,7808,2026,Maio,5,498898.56,66726.76,3405.53,1086.01,623623.2
Quadra,QUADRA,7808,2026,Junho,6,620294.87,15332.16,5353.95,1920.75,775368.5874999999
Quadra,QUADRA,7808,2026,Julho,7,504113.47,24803.03,5014.26,4182.71,630141.8374999999
Quadra,QUADRA,7808,2026,Agosto,8,540764.75,30402.5,4669.4,0.0,675955.9375
Quadra,QUADRA,7808,2026,Setembro,9,612263.15,0.0,3689.92,1869.04,765328.9375
Quatá,QUATA,5654,2026,Janeiro,1,1886072.55,1323340.34,15123.37,3089.49,2357590.6875
Quatá,QUATA,5654,2026,Fevereiro,2,1211013.44,439845.91,14676.66,252.19,1513766.7999999998
Quatá,QUATA,5654,2026,Março,3,2844874.12,372844.91,13143.44,8319.1,3556092.65
Quatá,QUATA,5654,2026,Abril,4,1821172.7,310264.31,14140.65,0.0,2276465.875
Quatá,QUATA,5654,2026,Maio,5,1928659.85,287112.93,13165.21,4198.33,2410824.8125
Quatá,QUATA,5654,2026,Junho,6,2397958.03,158734.43,20697.5,7425.31,2997447.5374999996
Quatá,QUATA,5654,2026,Julho,7,1948819.82,139141.15,19384.3,16169.68,2436024.775
Quatá,QUATA,5654,2026,Agosto,8,2090507.64,125289.18,18051.12,0.0,2613134.55
Quatá,QUATA,5654,2026,Setembro,9,2366908.73,0.0,14264.63,7225.41,2958635.9124999996
Queiroz,QUEIROZ,5666,2026,Janeiro,1,1501337.24,208776.23,12029.92,2460.8,1876671.5499999998
Queiroz,QUEIROZ,5666,2026,Fevereiro,2,964581.75,96162.83,11690.07,200.87,1205727.1875
Queiroz,QUEIROZ,5666,2026,Março,3,2265964.67,77541.74,10468.85,6626.23,2832455.8375
Queiroz,QUEIROZ,5666,2026,Abril,4,1450578.41,62695.65,11263.14,0.0,1813223.0124999997
Queiroz,QUEIROZ,5666,2026,Maio,5,1536192.77,53401.31,10486.19,3344.0,1920240.9625
Queiroz,QUEIROZ,5666,2026,Junho,6,1909992.48,18458.57,16485.72,5914.32,2387490.5999999996
Queiroz,QUEIROZ,5666,2026,Julho,7,1552250.35,22701.07,15439.75,12879.28,1940312.9375
Queiroz,QUEIROZ,5666,2026,Agosto,8,1665105.82,34559.65,14377.86,0.0,2081382.275
Queiroz,QUEIROZ,5666,2026,Setembro,9,1885261.46,0.0,11361.89,5755.09,2356576.8249999997
Queluz,QUELUZ,5678,2026,Janeiro,1,845741.36,445568.61,6848.55,1373.25,1057176.7
Queluz,QUELUZ,5678,2026,Fevereiro,2,538285.52,214659.31,6523.65,112.1,672856.9
Queluz,QUELUZ,5678,2026,Março,3,1264523.16,158119.37,5842.15,3697.77,1580653.9499999997
Queluz,QUELUZ,5678,2026,Abril,4,809496.29,149930.78,6285.4,0.0,1011870.3625
Queluz,QUELUZ,5678,2026,Maio,5,857273.45,137506.79,5851.83,1866.12,1071591.8124999998
Queluz,QUELUZ,5678,2026,Junho,6,1065872.63,75230.23,9199.87,3300.49,1332340.7874999999
Queluz,QUELUZ,5678,2026,Julho,7,866234.39,42510.87,8616.16,7187.29,1082792.9875
Queluz,QUELUZ,5678,2026,Agosto,8,929213.46,62000.77,8023.57,0.0,1161516.825
Queluz,QUELUZ,5678,2026,Setembro,9,1052071.47,0.0,6340.51,3211.63,1315089.3375
Quintana,QUINTANA,5680,2026,Janeiro,1,942264.9,692330.32,7600.35,1535.37,1177831.125
Quintana,QUINTANA,5680,2026,Fevereiro,2,601833.0,246448.79,7293.81,125.33,752291.25
Quintana,QUINTANA,5680,2026,Março,3,1413806.87,243358.27,6531.85,4134.31,1767258.5875000001
Quintana,QUINTANA,5680,2026,Abril,4,905061.65,209065.77,7027.43,0.0,1131327.0625
Quintana,QUINTANA,5680,2026,Maio,5,958479.15,193184.61,6542.67,2086.43,1198098.9375
Quintana,QUINTANA,5680,2026,Junho,6,1191704.58,67449.85,10285.96,3690.13,1489630.725
Quintana,QUINTANA,5680,2026,Julho,7,968497.98,104346.54,9633.34,8035.79,1210622.4749999999
Quintana,QUINTANA,5680,2026,Agosto,8,1038912.07,92618.78,8970.8,0.0,1298640.0875
Quintana,QUINTANA,5680,2026,Setembro,9,1176274.12,0.0,7089.04,3590.78,1470342.6500000001
Rafard,RAFARD,5691,2026,Janeiro,1,1150082.51,905976.35,9341.26,1862.31,1437603.1375
Rafard,RAFARD,5691,2026,Fevereiro,2,729986.67,331490.62,8846.94,152.02,912483.3375
Rafard,RAFARD,5691,2026,Março,3,1714861.38,291133.74,7922.73,5014.67,2143576.7249999996
Rafard,RAFARD,5691,2026,Abril,4,1097784.5,224256.85,8523.84,0.0,1372230.625
Rafard,RAFARD,5691,2026,Maio,5,1162576.67,218522.57,7935.86,2530.71,1453220.8375
Rafard,RAFARD,5691,2026,Junho,6,1445464.88,53409.62,12476.25,4475.9,1806831.0999999999
Rafard,RAFARD,5691,2026,Julho,7,1174728.9,89714.31,11684.66,9746.92,1468411.1249999998
Rafard,RAFARD,5691,2026,Agosto,8,1260136.89,81541.49,10881.03,0.0,1575171.1124999998
Rafard,RAFARD,5691,2026,Setembro,9,1426748.67,0.0,8598.58,4355.4,1783435.8375
Rancharia,RANCHARIA,5708,2026,Janeiro,1,4227977.85,2707570.75,34443.12,6827.79,5284972.312499999
Rancharia,RANCHARIA,5708,2026,Fevereiro,2,2676346.38,1148995.41,32435.49,557.34,3345432.9749999996
Rancharia,RANCHARIA,5708,2026,Março,3,6287187.49,1136509.65,29047.07,18385.26,7858984.3625
Rancharia,RANCHARIA,5708,2026,Abril,4,4024801.7,847896.07,31250.91,0.0,5031002.125
Rancharia,RANCHARIA,5708,2026,Maio,5,4262348.9,899078.32,29095.19,9278.33,5327936.125
Rancharia,RANCHARIA,5708,2026,Junho,6,5299500.47,220168.6,45741.59,16409.99,6624375.587499999
Rancharia,RANCHARIA,5708,2026,Julho,7,4306902.55,396929.08,42839.4,35735.08,5383628.187499999
Rancharia,RANCHARIA,5708,2026,Agosto,8,4620033.42,456242.85,39893.07,0.0,5775041.774999999
Rancharia,RANCHARIA,5708,2026,Setembro,9,5230881.34,0.0,31524.91,15968.19,6538601.675
Redenção da Serra,REDENCAO DA SERRA,5710,2026,Janeiro,1,443749.14,172580.41,3571.41,724.49,554686.4249999999
Redenção da Serra,REDENCAO DA SERRA,5710,2026,Fevereiro,2,283985.58,64895.82,3441.71,59.14,354981.975
Redenção da Serra,REDENCAO DA SERRA,5710,2026,Março,3,667129.87,52840.65,3082.17,1950.85,833912.3374999999
Redenção da Serra,REDENCAO DA SERRA,5710,2026,Abril,4,427069.4,52055.12,3316.02,0.0,533836.75
Redenção da Serra,REDENCAO DA SERRA,5710,2026,Maio,5,452275.4,46376.78,3087.27,984.52,565344.25
Redenção da Serra,REDENCAO DA SERRA,5710,2026,Junho,6,562326.96,17062.34,4853.61,1741.25,702908.7
Redenção da Serra,REDENCAO DA SERRA,5710,2026,Julho,7,457002.96,18949.94,4545.66,3791.83,571253.7
Redenção da Serra,REDENCAO DA SERRA,5710,2026,Agosto,8,490229.1,22163.56,4233.03,0.0,612786.3749999999
Redenção da Serra,REDENCAO DA SERRA,5710,2026,Setembro,9,555045.82,0.0,3345.09,1694.38,693807.2749999999
Regente Feijó,REGENTE FEIJO,5721,2026,Janeiro,1,1809414.98,2270915.65,14577.23,2951.53,2261768.7249999996
Regente Feijó,REGENTE FEIJO,5721,2026,Fevereiro,2,1156935.74,908449.99,14021.27,240.93,1446169.6749999998
Regente Feijó,REGENTE FEIJO,5721,2026,Março,3,2717836.5,922623.19,12556.52,7947.61,3397295.625
Regente Feijó,REGENTE FEIJO,5721,2026,Abril,4,1739848.38,705006.23,13509.2,0.0,2174810.4749999996
Regente Feijó,REGENTE FEIJO,5721,2026,Maio,5,1842535.7,636197.92,12577.32,4010.85,2303169.625
Regente Feijó,REGENTE FEIJO,5721,2026,Junho,6,2290877.42,172122.95,19773.26,7093.74,2863596.775
Regente Feijó,REGENTE FEIJO,5721,2026,Julho,7,1861795.43,271132.0,18518.69,15447.62,2327244.2874999996
Regente Feijó,REGENTE FEIJO,5721,2026,Agosto,8,1997156.2,280555.29,17245.05,0.0,2496445.25
Regente Feijó,REGENTE FEIJO,5721,2026,Setembro,9,2261214.62,0.0,13627.65,6902.76,2826518.275
Reginópolis,REGINOPOLIS,5733,2026,Janeiro,1,1192524.44,593011.35,9639.7,1939.4,1490655.5499999998
Reginópolis,REGINOPOLIS,5733,2026,Fevereiro,2,760205.34,218062.77,9213.17,158.31,950256.6749999999
Reginópolis,REGINOPOLIS,5733,2026,Março,3,1785850.12,192329.11,8250.7,5222.26,2232312.65
Reginópolis,REGINOPOLIS,5733,2026,Abril,4,1143228.61,139281.34,8876.69,0.0,1429035.7625
Reginópolis,REGINOPOLIS,5733,2026,Maio,5,1210702.93,143872.75,8264.37,2635.47,1513378.6624999999
Reginópolis,REGINOPOLIS,5733,2026,Junho,6,1505301.62,30213.73,12992.71,4661.19,1881627.0250000001
Reginópolis,REGINOPOLIS,5733,2026,Julho,7,1223358.21,38952.67,12168.36,10150.4,1529197.7625
Reginópolis,REGINOPOLIS,5733,2026,Agosto,8,1312301.76,63581.72,11331.47,0.0,1640377.2
Reginópolis,REGINOPOLIS,5733,2026,Setembro,9,1485810.64,0.0,8954.52,4535.7,1857263.2999999998
Registro,REGISTRO,5745,2026,Janeiro,1,3922888.73,5169866.07,31637.03,6393.07,4903610.9125
Registro,REGISTRO,5745,2026,Fevereiro,2,2505949.16,2420894.24,30370.39,521.86,3132436.45
Registro,REGISTRO,5745,2026,Março,3,5886895.79,2066724.05,27197.71,17214.71,7358619.7375
Registro,REGISTRO,5745,2026,Abril,4,3768551.23,1645233.43,29261.23,0.0,4710689.0375
Registro,REGISTRO,5745,2026,Maio,5,3990974.31,1521780.26,27242.76,8687.6,4988717.8875
Registro,REGISTRO,5745,2026,Junho,6,4962092.67,453171.33,42829.33,15365.2,6202615.837499999
Registro,REGISTRO,5745,2026,Julho,7,4032691.32,668516.81,40111.91,33459.91,5040864.149999999
Registro,REGISTRO,5745,2026,Agosto,8,4325885.83,618103.49,37353.17,0.0,5407357.2875
Registro,REGISTRO,5745,2026,Setembro,9,4897842.37,0.0,29517.79,14951.53,6122302.962499999
Restinga,RESTINGA,5757,2026,Janeiro,1,809219.16,939757.39,6554.54,1313.64,1011523.95
Restinga,RESTINGA,5757,2026,Fevereiro,2,514917.95,195361.68,6240.45,107.23,643647.4375
Restinga,RESTINGA,5757,2026,Março,3,1209628.8,149029.31,5588.54,3537.25,1512036.0
Restinga,RESTINGA,5757,2026,Abril,4,774355.16,124150.05,6012.54,0.0,967943.95
Restinga,RESTINGA,5757,2026,Maio,5,820058.25,162035.49,5597.79,1785.11,1025072.8125
Restinga,RESTINGA,5757,2026,Junho,6,1019601.92,44918.78,8800.49,3157.21,1274502.4
Restinga,RESTINGA,5757,2026,Julho,7,828630.19,66177.21,8242.12,6875.28,1035787.7374999999
Restinga,RESTINGA,5757,2026,Agosto,8,888875.27,71869.26,7675.26,0.0,1111094.0875
Restinga,RESTINGA,5757,2026,Setembro,9,1006399.88,0.0,6065.26,3072.21,1257999.8499999999
Ribeira,RIBEIRA,5769,2026,Janeiro,1,687060.28,95508.26,5484.16,1129.96,858825.35
Ribeira,RIBEIRA,5769,2026,Fevereiro,2,442920.29,32836.71,5367.89,92.24,553650.3624999999
Ribeira,RIBEIRA,5769,2026,Março,3,1040494.21,33742.71,4807.13,3042.66,1300617.7625
Ribeira,RIBEIRA,5769,2026,Abril,4,666082.07,39983.72,5171.85,0.0,832602.5874999999
Ribeira,RIBEIRA,5769,2026,Maio,5,705394.8,31963.18,4815.09,1535.51,881743.5
Ribeira,RIBEIRA,5769,2026,Junho,6,877037.56,10294.46,7569.98,2715.76,1096296.95
Ribeira,RIBEIRA,5769,2026,Julho,7,712768.18,6346.92,7089.68,5913.96,890960.225
Ribeira,RIBEIRA,5769,2026,Agosto,8,764589.58,10254.99,6602.08,0.0,955736.9749999999
Ribeira,RIBEIRA,5769,2026,Setembro,9,865681.48,0.0,5217.2,2642.65,1082101.8499999999
Ribeirão Bonito,RIBEIRAO BONITO,5770,2026,Janeiro,1,904473.42,1110698.47,7336.78,1466.33,1130591.775
Ribeirão Bonito,RIBEIRAO BONITO,5770,2026,Fevereiro,2,574770.92,334434.93,6965.83,119.69,718463.65
Ribeirão Bonito,RIBEIRAO BONITO,5770,2026,Março,3,1350233.49,305568.86,6238.14,3948.41,1687791.8624999998
Ribeirão Bonito,RIBEIRAO BONITO,5770,2026,Abril,4,864364.56,243823.46,6711.43,0.0,1080455.7
Ribeirão Bonito,RIBEIRAO BONITO,5770,2026,Maio,5,915380.09,244532.44,6248.47,1992.61,1144225.1124999998
Ribeirão Bonito,RIBEIRAO BONITO,5770,2026,Junho,6,1138118.28,93092.93,9823.44,3524.2,1422647.8499999999
Ribeirão Bonito,RIBEIRAO BONITO,5770,2026,Julho,7,924948.41,92866.26,9200.17,7674.45,1156185.5125
Ribeirão Bonito,RIBEIRAO BONITO,5770,2026,Agosto,8,992196.25,96010.86,8567.42,0.0,1240245.3125
Ribeirão Bonito,RIBEIRAO BONITO,5770,2026,Setembro,9,1123381.67,0.0,6770.28,3429.32,1404227.0875
Ribeirão Branco,RIBEIRAO BRANCO,5782,2026,Janeiro,1,1682263.63,1036538.75,13346.69,2781.39,2102829.5374999996
Ribeirão Branco,RIBEIRAO BRANCO,5782,2026,Fevereiro,2,1090246.34,381822.73,13213.04,227.04,1362807.925
Ribeirão Branco,RIBEIRAO BRANCO,5782,2026,Março,3,2561171.9,333029.13,11832.72,7489.49,3201464.8749999995
Ribeirão Branco,RIBEIRAO BRANCO,5782,2026,Abril,4,1639558.07,288121.3,12730.48,0.0,2049447.5875
Ribeirão Branco,RIBEIRAO BRANCO,5782,2026,Maio,5,1736326.18,279167.25,11852.32,3779.65,2170407.7249999996
Ribeirão Branco,RIBEIRAO BRANCO,5782,2026,Junho,6,2158824.07,123971.14,18633.46,6684.83,2698530.0874999994
Ribeirão Branco,RIBEIRAO BRANCO,5782,2026,Julho,7,1754475.72,139646.43,17451.22,14557.17,2193094.65
Ribeirão Branco,RIBEIRAO BRANCO,5782,2026,Agosto,8,1882033.86,141087.93,16250.99,0.0,2352542.325
Ribeirão Branco,RIBEIRAO BRANCO,5782,2026,Setembro,9,2130871.13,0.0,12842.11,6504.86,2663588.9124999996
Ribeirão Corrente,RIBEIRAO CORRENTE,5794,2026,Janeiro,1,745782.61,639804.24,5904.91,1235.21,932228.2625
Ribeirão Corrente,RIBEIRAO CORRENTE,5794,2026,Fevereiro,2,484176.03,142393.43,5867.88,100.83,605220.0375
Ribeirão Corrente,RIBEIRAO CORRENTE,5794,2026,Março,3,1137410.87,112698.92,5254.89,3326.06,1421763.5875000001
Ribeirão Corrente,RIBEIRAO CORRENTE,5794,2026,Abril,4,728124.18,89487.71,5653.58,0.0,910155.225
Ribeirão Corrente,RIBEIRAO CORRENTE,5794,2026,Maio,5,771098.68,78795.26,5263.59,1678.54,963873.35
Ribeirão Corrente,RIBEIRAO CORRENTE,5794,2026,Junho,6,958729.08,39721.2,8275.08,2968.72,1198411.3499999999
Ribeirão Corrente,RIBEIRAO CORRENTE,5794,2026,Julho,7,779158.85,59402.51,7750.05,6464.81,973948.5624999999
Ribeirão Corrente,RIBEIRAO CORRENTE,5794,2026,Agosto,8,835807.15,59608.67,7217.03,0.0,1044758.9375
Ribeirão Corrente,RIBEIRAO CORRENTE,5794,2026,Setembro,9,946315.23,0.0,5703.15,2888.79,1182894.0374999999
Ribeirão Grande,RIBEIRAO GRANDE,7584,2026,Janeiro,1,811524.9,360731.09,6339.47,1359.64,1014406.125
Ribeirão Grande,RIBEIRAO GRANDE,7584,2026,Fevereiro,2,532950.37,135149.3,6458.99,110.99,666187.9624999999
Ribeirão Grande,RIBEIRAO GRANDE,7584,2026,Março,3,1251989.99,120802.03,5784.25,3661.12,1564987.4874999998
Ribeirão Grande,RIBEIRAO GRANDE,7584,2026,Abril,4,801473.07,105661.08,6223.1,0.0,1001841.3374999999
Ribeirão Grande,RIBEIRAO GRANDE,7584,2026,Maio,5,848776.69,82643.91,5793.83,1847.63,1060970.8624999998
Ribeirão Grande,RIBEIRAO GRANDE,7584,2026,Junho,6,1055308.37,26192.64,9108.69,3267.78,1319135.4625000001
Ribeirão Grande,RIBEIRAO GRANDE,7584,2026,Julho,7,857648.81,34179.21,8530.76,7116.05,1072061.0125
Ribeirão Grande,RIBEIRAO GRANDE,7584,2026,Agosto,8,920003.68,42384.42,7944.05,0.0,1150004.6
Ribeirão Grande,RIBEIRAO GRANDE,7584,2026,Setembro,9,1041643.99,0.0,6277.67,3179.8,1302054.9874999998
Ribeirão Pires,RIBEIRAO PIRES,5812,2026,Janeiro,1,6938572.95,9656509.98,56144.64,11273.9,8673216.1875
Ribeirão Pires,RIBEIRAO PIRES,5812,2026,Fevereiro,2,4419126.78,4742527.43,53556.8,920.27,5523908.475
Ribeirão Pires,RIBEIRAO PIRES,5812,2026,Março,3,10381271.57,3871591.33,47961.91,30357.35,12976589.4625
Ribeirão Pires,RIBEIRAO PIRES,5812,2026,Abril,4,6645667.79,3018902.45,51600.84,0.0,8307084.7375
Ribeirão Pires,RIBEIRAO PIRES,5812,2026,Maio,5,7037900.73,2921929.88,48041.36,15320.18,8797375.9125
Ribeirão Pires,RIBEIRAO PIRES,5812,2026,Junho,6,8750423.56,950799.35,75527.56,27095.82,10938029.45
Ribeirão Pires,RIBEIRAO PIRES,5812,2026,Julho,7,7111466.77,1314303.74,70735.52,59005.01,8889333.462499999
Ribeirão Pires,RIBEIRAO PIRES,5812,2026,Agosto,8,7628501.87,1190459.0,65870.6,0.0,9535627.3375
Ribeirão Pires,RIBEIRAO PIRES,5812,2026,Setembro,9,8637121.09,0.0,52053.27,26366.33,10796401.362499999
Ribeirão Preto,RIBEIRAO PRETO,5824,2026,Janeiro,1,52302777.44,130951568.96,422859.17,85046.98,65378471.8
Ribeirão Preto,RIBEIRAO PRETO,5824,2026,Fevereiro,2,33336603.13,53487164.18,404016.89,6942.24,41670753.912499994
Ribeirão Preto,RIBEIRAO PRETO,5824,2026,Março,3,78313283.98,44244887.88,361810.66,229006.98,97891604.975
Ribeirão Preto,RIBEIRAO PRETO,5824,2026,Abril,4,50132978.96,34696882.63,389261.66,0.0,62666223.699999996
Ribeirão Preto,RIBEIRAO PRETO,5824,2026,Maio,5,53091869.78,32434908.61,362410.01,115570.99,66364837.225
Ribeirão Preto,RIBEIRAO PRETO,5824,2026,Junho,6,66010642.37,11189231.43,569757.85,204402.97,82513302.96249999
Ribeirão Preto,RIBEIRAO PRETO,5824,2026,Julho,7,53646830.55,13406379.55,533608.12,445116.6,67058538.18749999
Ribeirão Preto,RIBEIRAO PRETO,5824,2026,Agosto,8,57547192.49,13727354.44,496908.6,0.0,71933990.6125
Ribeirão Preto,RIBEIRAO PRETO,5824,2026,Setembro,9,65155921.63,0.0,392674.71,198899.92,81444902.0375
Ribeirão do Sul,RIBEIRAO DO SUL,5800,2026,Janeiro,1,804702.35,489312.36,6599.6,1291.54,1005877.9374999999
Ribeirão do Sul,RIBEIRAO DO SUL,5800,2026,Fevereiro,2,506257.49,135767.6,6135.5,105.43,632821.8624999999
Ribeirão do Sul,RIBEIRAO DO SUL,5800,2026,Março,3,1189283.94,135077.89,5494.54,3477.75,1486604.9249999998
Ribeirão do Sul,RIBEIRAO DO SUL,5800,2026,Abril,4,761331.21,110385.59,5911.42,0.0,951664.0125
Ribeirão do Sul,RIBEIRAO DO SUL,5800,2026,Maio,5,806265.62,82715.75,5503.64,1755.09,1007832.0249999999
Ribeirão do Sul,RIBEIRAO DO SUL,5800,2026,Junho,6,1002453.14,38937.17,8652.48,3104.11,1253066.425
Ribeirão do Sul,RIBEIRAO DO SUL,5800,2026,Julho,7,814693.38,46974.45,8103.5,6759.65,1018366.725
Ribeirão do Sul,RIBEIRAO DO SUL,5800,2026,Agosto,8,873925.2,34301.87,7546.17,0.0,1092406.4999999998
Ribeirão do Sul,RIBEIRAO DO SUL,5800,2026,Setembro,9,989473.15,0.0,5963.25,3020.54,1236841.4375
Ribeirão dos Índios,RIBEIRAO DOS INDIOS,7936,2026,Janeiro,1,427336.88,205230.85,3435.81,698.33,534171.1
Ribeirão dos Índios,RIBEIRAO DOS INDIOS,7936,2026,Fevereiro,2,273730.94,62108.12,3317.43,57.0,342163.675
Ribeirão dos Índios,RIBEIRAO DOS INDIOS,7936,2026,Março,3,643039.99,66431.19,2970.87,1880.4,803799.9874999999
Ribeirão dos Índios,RIBEIRAO DOS INDIOS,7936,2026,Abril,4,411648.05,38387.91,3196.28,0.0,514560.06249999994
Ribeirão dos Índios,RIBEIRAO DOS INDIOS,7936,2026,Maio,5,435943.86,30305.39,2975.79,948.97,544929.825
Ribeirão dos Índios,RIBEIRAO DOS INDIOS,7936,2026,Junho,6,542021.49,6366.23,4678.35,1678.38,677526.8624999999
Ribeirão dos Índios,RIBEIRAO DOS INDIOS,7936,2026,Julho,7,440500.71,15266.92,4381.52,3654.91,550625.8875
Ribeirão dos Índios,RIBEIRAO DOS INDIOS,7936,2026,Agosto,8,472527.06,14770.5,4080.18,0.0,590658.825
Ribeirão dos Índios,RIBEIRAO DOS INDIOS,7936,2026,Setembro,9,535003.27,0.0,3224.3,1633.19,668754.0875
Rifaina,RIFAINA,5848,2026,Janeiro,1,1374916.67,504392.73,11095.74,2239.34,1718645.8375
Rifaina,RIFAINA,5848,2026,Fevereiro,2,877774.29,201696.16,10638.03,182.79,1097217.8625
Rifaina,RIFAINA,5848,2026,Março,3,2062039.33,182059.35,9526.71,6029.9,2577549.1625
Rifaina,RIFAINA,5848,2026,Abril,4,1320033.71,138798.49,10249.51,0.0,1650042.1375
Rifaina,RIFAINA,5848,2026,Maio,5,1397943.21,134840.16,9542.49,3043.06,1747429.0125
Rifaina,RIFAINA,5848,2026,Junho,6,1738102.84,77153.57,15002.09,5382.06,2172628.55
Rifaina,RIFAINA,5848,2026,Julho,7,1412555.69,49555.71,14050.25,11720.21,1765694.6124999998
Rifaina,RIFAINA,5848,2026,Agosto,8,1515254.74,63569.62,13083.92,0.0,1894068.4249999998
Rifaina,RIFAINA,5848,2026,Setembro,9,1715597.49,0.0,10339.38,5237.16,2144496.8625
Rincão,RINCAO,5850,2026,Janeiro,1,961251.77,647023.41,7707.71,1574.59,1201564.7125
Rincão,RINCAO,5850,2026,Fevereiro,2,617205.18,249429.58,7480.11,128.53,771506.475
Rincão,RINCAO,5850,2026,Março,3,1449918.7,252630.06,6698.69,4239.91,1812398.3749999998
Rincão,RINCAO,5850,2026,Abril,4,928178.98,195596.7,7206.92,0.0,1160223.7249999999
Rincão,RINCAO,5850,2026,Maio,5,982960.89,191025.15,6709.78,2139.72,1228701.1125
Rincão,RINCAO,5850,2026,Junho,6,1222143.42,49547.19,10548.69,3784.39,1527679.275
Rincão,RINCAO,5850,2026,Julho,7,993235.62,108591.51,9879.4,8241.04,1241544.525
Rincão,RINCAO,5850,2026,Agosto,8,1065448.24,82196.89,9199.93,0.0,1331810.2999999998
Rincão,RINCAO,5850,2026,Setembro,9,1206318.83,0.0,7270.11,3682.5,1507898.5375
Rinópolis,RINOPOLIS,5861,2026,Janeiro,1,978851.45,1277546.1,7963.92,1582.61,1223564.3124999998
Rinópolis,RINOPOLIS,5861,2026,Fevereiro,2,620349.54,324429.09,7518.21,129.19,775436.925
Rinópolis,RINOPOLIS,5861,2026,Março,3,1457305.35,498258.36,6732.81,4261.51,1821631.6875
Rinópolis,RINOPOLIS,5861,2026,Abril,4,932907.61,229658.81,7243.64,0.0,1166134.5125
Rinópolis,RINOPOLIS,5861,2026,Maio,5,987968.6,433623.77,6743.97,2150.62,1234960.75
Rinópolis,RINOPOLIS,5861,2026,Junho,6,1228369.66,166778.99,10602.43,3803.67,1535462.0749999997
Rinópolis,RINOPOLIS,5861,2026,Julho,7,998295.68,316301.29,9929.73,8283.02,1247869.6
Rinópolis,RINOPOLIS,5861,2026,Agosto,8,1070876.19,251730.99,9246.8,0.0,1338595.2374999998
Rinópolis,RINOPOLIS,5861,2026,Setembro,9,1212464.45,0.0,7307.15,3701.26,1515580.5624999998
Rio Claro,RIO CLARO,5873,2026,Janeiro,1,20565271.23,29496081.8,166688.13,33364.0,25706589.037499998
Rio Claro,RIO CLARO,5873,2026,Fevereiro,2,13077975.46,11443301.19,158496.14,2723.45,16347469.325000001
Rio Claro,RIO CLARO,5873,2026,Março,3,30722362.51,9495909.93,141938.6,89839.62,38402953.1375
Rio Claro,RIO CLARO,5873,2026,Abril,4,19667206.83,7684517.15,152707.65,0.0,24584008.537499998
Rio Claro,RIO CLARO,5873,2026,Maio,5,20827982.01,6915365.85,142173.73,45338.59,26034977.5125
Rio Claro,RIO CLARO,5873,2026,Junho,6,25896026.59,2116825.24,223516.45,80187.45,32370033.237499997
Rio Claro,RIO CLARO,5873,2026,Julho,7,21045693.55,2634392.34,209334.88,174619.59,26307116.9375
Rio Claro,RIO CLARO,5873,2026,Agosto,8,22575808.59,2629386.62,194937.63,0.0,28219760.737499997
Rio Claro,RIO CLARO,5873,2026,Setembro,9,25560718.98,0.0,154046.6,78028.6,31950898.724999998
Rio Grande da Serra,RIO GRANDE DA SERRA,5897,2026,Janeiro,1,1001779.01,1801827.13,8047.39,1638.31,1252223.7625
Rio Grande da Serra,RIO GRANDE DA SERRA,5897,2026,Fevereiro,2,642184.06,1015983.06,7782.83,133.73,802730.0750000001
Rio Grande da Serra,RIO GRANDE DA SERRA,5897,2026,Março,3,1508598.29,832776.43,6969.79,4411.51,1885747.8625
Rio Grande da Serra,RIO GRANDE DA SERRA,5897,2026,Abril,4,965743.26,678049.45,7498.59,0.0,1207179.075
Rio Grande da Serra,RIO GRANDE DA SERRA,5897,2026,Maio,5,1022742.24,590343.79,6981.33,2226.32,1278427.7999999998
Rio Grande da Serra,RIO GRANDE DA SERRA,5897,2026,Junho,6,1271604.73,271601.21,10975.61,3937.54,1589505.9124999999
Rio Grande da Serra,RIO GRANDE DA SERRA,5897,2026,Julho,7,1033432.8,279278.45,10279.23,8574.56,1291791.0
Rio Grande da Serra,RIO GRANDE DA SERRA,5897,2026,Agosto,8,1108567.94,291077.76,9572.26,0.0,1385709.9249999998
Rio Grande da Serra,RIO GRANDE DA SERRA,5897,2026,Setembro,9,1255139.7,0.0,7564.34,3831.53,1568924.6249999998
Rio das Pedras,RIO DAS PEDRAS,5885,2026,Janeiro,1,3457342.85,3679880.91,28221.93,5573.02,4321678.5625
Rio das Pedras,RIO DAS PEDRAS,5885,2026,Fevereiro,2,2184505.05,1317262.09,26474.71,454.92,2730631.3124999995
Rio das Pedras,RIO DAS PEDRAS,5885,2026,Março,3,5131769.53,1623886.97,23708.99,15006.54,6414711.9125
Rio das Pedras,RIO DAS PEDRAS,5885,2026,Abril,4,3285150.11,1104688.98,25507.82,0.0,4106437.6374999997
Rio das Pedras,RIO DAS PEDRAS,5885,2026,Maio,5,3479042.45,882451.25,23748.27,7573.22,4348803.0625
Rio das Pedras,RIO DAS PEDRAS,5885,2026,Junho,6,4325593.13,305021.32,37335.5,13394.27,5406991.4125
Rio das Pedras,RIO DAS PEDRAS,5885,2026,Julho,7,3515408.32,401328.27,34966.66,29167.92,4394260.399999999
Rio das Pedras,RIO DAS PEDRAS,5885,2026,Agosto,8,3770994.06,461553.36,32561.79,0.0,4713742.575
Rio das Pedras,RIO DAS PEDRAS,5885,2026,Setembro,9,4269584.37,0.0,25731.47,13033.66,5336980.462499999
Riolândia,RIOLANDIA,5903,2026,Janeiro,1,1619990.54,680342.08,12981.57,2655.12,2024988.175
Riolândia,RIOLANDIA,5903,2026,Fevereiro,2,1040750.7,337576.37,12613.19,216.73,1300938.3749999998
Riolândia,RIOLANDIA,5903,2026,Março,3,2444898.33,263222.82,11295.53,7149.47,3056122.9125
Riolândia,RIOLANDIA,5903,2026,Abril,4,1565124.46,223303.06,12152.54,0.0,1956405.575
Riolândia,RIOLANDIA,5903,2026,Maio,5,1657499.43,204633.21,11314.24,3608.06,2071874.2874999999
Riolândia,RIOLANDIA,5903,2026,Junho,6,2060816.52,48411.36,17787.53,6381.35,2576020.65
Riolândia,RIOLANDIA,5903,2026,Julho,7,1674825.01,90383.82,16658.96,13896.3,2093531.2625
Riolândia,RIOLANDIA,5903,2026,Agosto,8,1796592.2,111532.9,15513.22,0.0,2245740.25
Riolândia,RIOLANDIA,5903,2026,Setembro,9,2034132.6,0.0,12259.09,6209.55,2542665.75
Riversul,RIVERSUL,5836,2026,Janeiro,1,710228.52,355119.75,5770.65,1149.7,887785.65
Riversul,RIVERSUL,5836,2026,Fevereiro,2,450658.95,110367.89,5461.68,93.85,563323.6875
Riversul,RIVERSUL,5836,2026,Março,3,1058673.63,110137.33,4891.12,3095.82,1323342.0374999999
Riversul,RIVERSUL,5836,2026,Abril,4,677719.79,63117.98,5262.21,0.0,847149.7375
Riversul,RIVERSUL,5836,2026,Maio,5,717719.39,60775.26,4899.22,1562.34,897149.2374999999
Riversul,RIVERSUL,5836,2026,Junho,6,892361.07,28088.34,7702.24,2763.21,1115451.3375
Riversul,RIVERSUL,5836,2026,Julho,7,725221.59,20598.85,7213.55,6017.28,906526.9874999999
Riversul,RIVERSUL,5836,2026,Agosto,8,777948.41,40580.32,6717.43,0.0,972435.5125
Riversul,RIVERSUL,5836,2026,Setembro,9,880806.58,0.0,5308.35,2688.82,1101008.2249999999
Rosana,ROSANA,7304,2026,Janeiro,1,4463046.02,1236474.11,35847.76,7299.67,5578807.524999999
Rosana,ROSANA,7304,2026,Fevereiro,2,2861313.8,519136.54,34677.17,595.86,3576642.2499999995
Rosana,ROSANA,7304,2026,Março,3,6721707.04,384657.35,31054.57,19655.9,8402133.799999999
Rosana,ROSANA,7304,2026,Abril,4,4302963.44,371664.86,33410.72,0.0,5378704.3
Rosana,ROSANA,7304,2026,Maio,5,4556927.98,298607.06,31106.01,9919.57,5696159.975000001
Rosana,ROSANA,7304,2026,Junho,6,5665759.08,121566.74,48902.88,17544.11,7082198.85
Rosana,ROSANA,7304,2026,Julho,7,4604560.81,120683.29,45800.12,38204.8,5755701.012499999
Rosana,ROSANA,7304,2026,Agosto,8,4939332.76,121588.42,42650.16,0.0,6174165.949999999
Rosana,ROSANA,7304,2026,Setembro,9,5592397.55,0.0,33703.66,17071.78,6990496.937499999
Roseira,ROSEIRA,5915,2026,Janeiro,1,754666.08,740097.46,6106.11,1226.27,943332.5999999999
Roseira,ROSEIRA,5915,2026,Fevereiro,2,480669.79,364373.92,5825.39,100.1,600837.2374999999
Roseira,ROSEIRA,5915,2026,Março,3,1129174.13,298193.02,5216.83,3301.98,1411467.6624999999
Roseira,ROSEIRA,5915,2026,Abril,4,722851.35,240051.36,5612.64,0.0,903564.1874999999
Roseira,ROSEIRA,5915,2026,Maio,5,765514.65,213694.97,5225.47,1666.38,956893.3125
Roseira,ROSEIRA,5915,2026,Junho,6,951786.29,79395.17,8215.16,2947.22,1189732.8625
Roseira,ROSEIRA,5915,2026,Julho,7,773516.45,87413.91,7693.92,6417.99,966895.5624999999
Roseira,ROSEIRA,5915,2026,Agosto,8,829754.52,82361.5,7164.77,0.0,1037193.15
Roseira,ROSEIRA,5915,2026,Setembro,9,939462.34,0.0,5661.85,2867.87,1174327.9249999998
Rubinéia,RUBINEIA,5939,2026,Janeiro,1,719308.59,293502.01,5707.67,1189.13,899135.7374999999
Rubinéia,RUBINEIA,5939,2026,Fevereiro,2,466111.82,135452.28,5648.96,97.07,582639.775
Rubinéia,RUBINEIA,5939,2026,Março,3,1094975.01,99107.94,5058.83,3201.97,1368718.7625
Rubinéia,RUBINEIA,5939,2026,Abril,4,700958.46,97803.46,5442.65,0.0,876198.075
Rubinéia,RUBINEIA,5939,2026,Maio,5,742329.63,82814.85,5067.21,1615.91,927912.0375
Rubinéia,RUBINEIA,5939,2026,Junho,6,922959.69,13726.11,7966.34,2857.96,1153699.6124999998
Rubinéia,RUBINEIA,5939,2026,Julho,7,750089.08,31986.66,7460.9,6223.61,937611.3499999999
Rubinéia,RUBINEIA,5939,2026,Agosto,8,804623.87,28636.59,6947.77,0.0,1005779.8374999999
Rubinéia,RUBINEIA,5939,2026,Setembro,9,911008.99,0.0,5490.37,2781.02,1138761.2374999998
Rubiácea,RUBIACEA,5927,2026,Janeiro,1,533959.0,176652.89,4320.43,867.62,667448.75
Rubiácea,RUBIACEA,5927,2026,Fevereiro,2,340087.81,53986.15,4121.63,70.82,425109.76249999995
Rubiácea,RUBIACEA,5927,2026,Março,3,798923.43,51773.83,3691.06,2336.25,998654.2875
Rubiácea,RUBIACEA,5927,2026,Abril,4,511438.28,46023.86,3971.1,0.0,639297.85
Rubiácea,RUBIACEA,5927,2026,Maio,5,541623.8,43480.57,3697.17,1179.01,677029.75
Rubiácea,RUBIACEA,5927,2026,Junho,6,673416.38,16030.36,5812.46,2085.24,841770.475
Rubiácea,RUBIACEA,5927,2026,Julho,7,547285.31,19410.39,5443.67,4540.92,684106.6375000001
Rubiácea,RUBIACEA,5927,2026,Agosto,8,587075.37,34817.04,5069.28,0.0,733844.2124999999
Rubiácea,RUBIACEA,5927,2026,Setembro,9,664696.84,0.0,4005.92,2029.1,830871.0499999999
Sabino,SABINO,5940,2026,Janeiro,1,850653.28,436649.83,7106.36,1341.81,1063316.5999999999
Sabino,SABINO,5940,2026,Fevereiro,2,525959.9,144116.46,6374.28,109.53,657449.875
Sabino,SABINO,5940,2026,Março,3,1235568.21,134666.33,5708.38,3613.1,1544460.2625
Sabino,SABINO,5940,2026,Abril,4,790960.51,111086.17,6141.48,0.0,988700.6375
Sabino,SABINO,5940,2026,Maio,5,837643.67,110805.52,5717.83,1823.39,1047054.5875
Sabino,SABINO,5940,2026,Junho,6,1041466.37,40623.35,8989.21,3224.92,1301832.9625
Sabino,SABINO,5940,2026,Julho,7,846399.42,49298.88,8418.87,7022.72,1057999.275
Sabino,SABINO,5940,2026,Agosto,8,907936.41,38261.88,7839.85,0.0,1134920.5125
Sabino,SABINO,5940,2026,Setembro,9,1027981.22,0.0,6195.33,3138.09,1284976.525
Sagres,SAGRES,5952,2026,Janeiro,1,333140.59,93912.87,2679.95,544.13,416425.7375
Sagres,SAGRES,5952,2026,Fevereiro,2,213288.71,41648.29,2584.91,44.42,266610.88749999995
Sagres,SAGRES,5952,2026,Março,3,501051.03,30722.89,2314.88,1465.19,626313.7875
Sagres,SAGRES,5952,2026,Abril,4,320752.49,31235.71,2490.51,0.0,400940.6125
Sagres,SAGRES,5952,2026,Maio,5,339683.57,27840.3,2318.71,739.43,424604.46249999997
Sagres,SAGRES,5952,2026,Junho,6,422338.31,8438.84,3645.33,1307.78,527922.8875
Sagres,SAGRES,5952,2026,Julho,7,343234.23,12753.4,3414.04,2847.87,429042.7875
Sagres,SAGRES,5952,2026,Agosto,8,368188.87,16652.74,3179.24,0.0,460236.08749999997
Sagres,SAGRES,5952,2026,Setembro,9,416869.78,0.0,2512.35,1272.57,521087.22500000003
Sales,SALES,5964,2026,Janeiro,1,1100806.56,554092.57,8843.91,1800.08,1376008.2
Sales,SALES,5964,2026,Fevereiro,2,705592.16,203181.41,8551.3,146.94,881990.2
Sales,SALES,5964,2026,Março,3,1657554.59,200200.52,7657.97,4847.09,2071943.2375
Sales,SALES,5964,2026,Abril,4,1061099.03,149454.77,8238.99,0.0,1326373.7874999999
Sales,SALES,5964,2026,Maio,5,1123725.99,136435.92,7670.66,2446.14,1404657.4874999998
Sales,SALES,5964,2026,Junho,6,1397160.71,50117.63,12059.32,4326.33,1746450.8875
Sales,SALES,5964,2026,Julho,7,1135472.11,48176.62,11294.18,9421.2,1419340.1375
Sales,SALES,5964,2026,Agosto,8,1218025.96,56318.82,10517.41,0.0,1522532.45
Sales,SALES,5964,2026,Setembro,9,1379069.95,0.0,8311.23,4209.85,1723837.4374999998
Sales Oliveira,SALES OLIVEIRA,5976,2026,Janeiro,1,1179729.9,1590941.81,9583.62,1910.04,1474662.3749999998
Sales Oliveira,SALES OLIVEIRA,5976,2026,Fevereiro,2,748693.93,515770.26,9073.66,155.91,935867.4125
Sales Oliveira,SALES OLIVEIRA,5976,2026,Março,3,1758807.89,461583.32,8125.77,5143.18,2198509.8625
Sales Oliveira,SALES OLIVEIRA,5976,2026,Abril,4,1125917.27,371392.9,8742.28,0.0,1407396.5875
Sales Oliveira,SALES OLIVEIRA,5976,2026,Maio,5,1192369.86,326850.84,8139.23,2595.56,1490462.325
Sales Oliveira,SALES OLIVEIRA,5976,2026,Junho,6,1482507.6,102770.36,12795.97,4590.61,1853134.5
Sales Oliveira,SALES OLIVEIRA,5976,2026,Julho,7,1204833.51,153510.47,11984.1,9996.7,1506041.8875
Sales Oliveira,SALES OLIVEIRA,5976,2026,Agosto,8,1292430.23,139472.63,11159.88,0.0,1615537.7874999999
Sales Oliveira,SALES OLIVEIRA,5976,2026,Setembro,9,1463311.75,0.0,8818.93,4467.02,1829139.6875
Salesópolis,SALESOPOLIS,5988,2026,Janeiro,1,1337311.5,1323165.02,10676.96,2198.94,1671639.375
Salesópolis,SALESOPOLIS,5988,2026,Fevereiro,2,861937.54,539188.29,10446.09,179.5,1077421.925
Salesópolis,SALESOPOLIS,5988,2026,Março,3,2024836.16,424112.49,9354.83,5921.11,2531045.1999999997
Salesópolis,SALESOPOLIS,5988,2026,Abril,4,1296217.75,343058.88,10064.59,0.0,1620272.1875
Salesópolis,SALESOPOLIS,5988,2026,Maio,5,1372721.61,320541.45,9370.32,2988.16,1715902.0125
Salesópolis,SALESOPOLIS,5988,2026,Junho,6,1706744.1,105367.51,14731.43,5284.96,2133430.125
Salesópolis,SALESOPOLIS,5988,2026,Julho,7,1387070.45,116134.77,13796.75,11508.75,1733838.0624999998
Salesópolis,SALESOPOLIS,5988,2026,Agosto,8,1487916.61,151978.3,12847.86,0.0,1859895.7625
Salesópolis,SALESOPOLIS,5988,2026,Setembro,9,1684644.79,0.0,10152.84,5142.67,2105805.9875
Salmourão,SALMOURAO,5990,2026,Janeiro,1,459259.9,274745.76,3699.89,749.16,574074.875
Salmourão,SALMOURAO,5990,2026,Fevereiro,2,293653.41,98806.82,3558.88,61.15,367066.76249999995
Salmourão,SALMOURAO,5990,2026,Março,3,689841.21,66235.65,3187.1,2017.26,862301.5125
Salmourão,SALMOURAO,5990,2026,Abril,4,441608.28,53446.43,3428.9,0.0,552010.35
Salmourão,SALMOURAO,5990,2026,Maio,5,467672.38,50232.5,3192.37,1018.03,584590.475
Salmourão,SALMOURAO,5990,2026,Junho,6,581470.46,16101.88,5018.85,1800.53,726838.075
Salmourão,SALMOURAO,5990,2026,Julho,7,472560.88,17507.59,4700.41,3920.92,590701.1
Salmourão,SALMOURAO,5990,2026,Agosto,8,506918.15,35949.78,4377.14,0.0,633647.6875
Salmourão,SALMOURAO,5990,2026,Setembro,9,573941.45,0.0,3458.97,1752.06,717426.8124999999
Saltinho,SALTINHO,7596,2026,Janeiro,1,1142716.08,1547123.59,9216.14,1862.19,1428395.1
Saltinho,SALTINHO,7596,2026,Fevereiro,2,729937.77,535145.74,8846.35,152.01,912422.2125
Saltinho,SALTINHO,7596,2026,Março,3,1714746.5,473090.79,7922.2,5014.33,2143433.125
Saltinho,SALTINHO,7596,2026,Abril,4,1097710.96,444541.19,8523.27,0.0,1372138.7
Saltinho,SALTINHO,7596,2026,Maio,5,1162498.79,375939.12,7935.32,2530.54,1453123.4875
Saltinho,SALTINHO,7596,2026,Junho,6,1445368.05,113557.35,12475.41,4475.6,1806710.0625
Saltinho,SALTINHO,7596,2026,Julho,7,1174650.21,151371.73,11683.88,9746.27,1468312.7625
Saltinho,SALTINHO,7596,2026,Agosto,8,1260052.47,166886.88,10880.3,0.0,1575065.5875
Saltinho,SALTINHO,7596,2026,Setembro,9,1426653.09,0.0,8598.0,4355.11,1783316.3625
Salto,SALTO,6002,2026,Janeiro,1,12594544.59,16026113.34,100781.69,20667.96,15743180.737499999
Salto,SALTO,6002,2026,Fevereiro,2,8101398.67,6703186.67,98183.42,1687.09,10126748.337499999
Salto,SALTO,6002,2026,Março,3,19031547.17,5403430.57,87926.55,55652.85,23789433.962500002
Salto,SALTO,6002,2026,Abril,4,12183222.38,5471150.06,94597.64,0.0,15229027.975
Salto,SALTO,6002,2026,Maio,5,12902286.47,4218734.21,88072.2,28085.85,16127858.0875
Salto,SALTO,6002,2026,Junho,6,16041782.31,1336298.33,138461.48,49673.63,20052227.8875
Salto,SALTO,6002,2026,Julho,7,13037151.99,1915323.66,129676.44,108171.4,16296439.987499999
Salto,SALTO,6002,2026,Agosto,8,13985010.62,1766660.76,120757.79,0.0,17481263.275
Salto,SALTO,6002,2026,Setembro,9,15834069.68,0.0,95427.07,48336.29,19792587.099999998
Salto Grande,SALTO GRANDE,6014,2026,Janeiro,1,952236.19,668020.89,7692.46,1549.51,1190295.2374999998
Salto Grande,SALTO GRANDE,6014,2026,Fevereiro,2,607373.54,239190.24,7360.95,126.48,759216.925
Salto Grande,SALTO GRANDE,6014,2026,Março,3,1426822.52,217895.17,6591.98,4172.37,1783528.15
Salto Grande,SALTO GRANDE,6014,2026,Abril,4,913393.74,151367.9,7092.12,0.0,1141742.1749999998
Salto Grande,SALTO GRANDE,6014,2026,Maio,5,967303.01,174584.2,6602.9,2105.64,1209128.7625
Salto Grande,SALTO GRANDE,6014,2026,Junho,6,1202675.54,46412.81,10380.66,3724.1,1503344.425
Salto Grande,SALTO GRANDE,6014,2026,Julho,7,977414.08,82732.48,9722.03,8109.77,1221767.5999999999
Salto Grande,SALTO GRANDE,6014,2026,Agosto,8,1048476.4,84472.48,9053.39,0.0,1310595.5
Salto Grande,SALTO GRANDE,6014,2026,Setembro,9,1187103.03,0.0,7154.31,3623.84,1483878.7874999999
Salto de Pirapora,SALTO DE PIRAPORA,6026,2026,Janeiro,1,4345527.94,3909744.29,34697.76,7144.71,5431909.925
Salto de Pirapora,SALTO DE PIRAPORA,6026,2026,Fevereiro,2,2800575.71,1653629.13,33941.07,583.21,3500719.6374999997
Salto de Pirapora,SALTO DE PIRAPORA,6026,2026,Março,3,6579023.06,1449761.92,30395.36,19238.65,8223778.824999999
Salto de Pirapora,SALTO DE PIRAPORA,6026,2026,Abril,4,4211622.96,1067102.56,32701.49,0.0,5264528.699999999
Salto de Pirapora,SALTO DE PIRAPORA,6026,2026,Maio,5,4460196.51,927678.64,30445.71,9709.01,5575245.637499999
Salto de Pirapora,SALTO DE PIRAPORA,6026,2026,Junho,6,5545490.07,311103.85,47864.8,17171.7,6931862.5875
Salto de Pirapora,SALTO DE PIRAPORA,6026,2026,Julho,7,4506818.23,415663.49,44827.9,37393.81,5633522.787500001
Salto de Pirapora,SALTO DE PIRAPORA,6026,2026,Agosto,8,4834483.85,489537.75,41744.81,0.0,6043104.812499999
Salto de Pirapora,SALTO DE PIRAPORA,6026,2026,Setembro,9,5473685.81,0.0,32988.22,16709.39,6842107.262499999
Sandovalina,SANDOVALINA,6038,2026,Janeiro,1,2094697.37,445917.15,16699.28,3448.75,2618371.7125
Sandovalina,SANDOVALINA,6038,2026,Fevereiro,2,1351837.49,82544.62,16383.35,281.52,1689796.8624999998
Sandovalina,SANDOVALINA,6038,2026,Março,3,3175693.48,75840.84,14671.84,9286.5,3969616.8499999996
Sandovalina,SANDOVALINA,6038,2026,Abril,4,2032949.79,82647.47,15785.01,0.0,2541187.2375
Sandovalina,SANDOVALINA,6038,2026,Maio,5,2152936.21,55393.76,14696.14,4686.54,2691170.2624999997
Sandovalina,SANDOVALINA,6038,2026,Junho,6,2676807.25,25309.36,23104.33,8288.78,3346009.0625
Sandovalina,SANDOVALINA,6038,2026,Julho,7,2175440.5,29016.2,21638.42,18049.99,2719300.625
Sandovalina,SANDOVALINA,6038,2026,Agosto,8,2333604.65,27998.0,20150.21,0.0,2917005.8124999995
Sandovalina,SANDOVALINA,6038,2026,Setembro,9,2642147.34,0.0,15923.41,8065.62,3302684.175
Santa Adélia,SANTA ADELIA,6040,2026,Janeiro,1,1220570.51,2272710.66,9849.68,1988.04,1525713.1375
Santa Adélia,SANTA ADELIA,6040,2026,Fevereiro,2,779269.58,602252.6,9444.22,162.28,974086.9749999999
Santa Adélia,SANTA ADELIA,6040,2026,Março,3,1830635.23,597559.69,8457.61,5353.22,2288294.0374999996
Santa Adélia,SANTA ADELIA,6040,2026,Abril,4,1171898.21,558382.8,9099.3,0.0,1464872.7625
Santa Adélia,SANTA ADELIA,6040,2026,Maio,5,1241064.64,481636.21,8471.62,2701.56,1551330.7999999998
Santa Adélia,SANTA ADELIA,6040,2026,Junho,6,1543051.21,135801.25,13318.54,4778.08,1928814.0125
Santa Adélia,SANTA ADELIA,6040,2026,Julho,7,1254037.29,149460.18,12473.51,10404.95,1567546.6125
Santa Adélia,SANTA ADELIA,6040,2026,Agosto,8,1345211.34,145176.5,11615.63,0.0,1681514.175
Santa Adélia,SANTA ADELIA,6040,2026,Setembro,9,1523071.43,0.0,9179.08,4649.44,1903839.2874999999
Santa Albertina,SANTA ALBERTINA,6051,2026,Janeiro,1,1023412.9,922476.74,8209.75,1675.76,1279266.125
Santa Albertina,SANTA ALBERTINA,6051,2026,Fevereiro,2,656861.84,193164.68,7960.72,136.79,821077.2999999999
Santa Albertina,SANTA ALBERTINA,6051,2026,Março,3,1543078.86,169742.05,7129.09,4512.34,1928848.575
Santa Albertina,SANTA ALBERTINA,6051,2026,Abril,4,987816.32,218827.35,7669.98,0.0,1234770.4
Santa Albertina,SANTA ALBERTINA,6051,2026,Maio,5,1046118.07,111260.07,7140.9,2277.2,1307647.5875
Santa Albertina,SANTA ALBERTINA,6051,2026,Junho,6,1300668.56,50915.21,11226.46,4027.54,1625835.7
Santa Albertina,SANTA ALBERTINA,6051,2026,Julho,7,1057052.98,64082.22,10514.17,8770.54,1321316.2249999999
Santa Albertina,SANTA ALBERTINA,6051,2026,Agosto,8,1133905.41,37860.38,9791.05,0.0,1417381.7624999997
Santa Albertina,SANTA ALBERTINA,6051,2026,Setembro,9,1283827.21,0.0,7737.23,3919.11,1604784.0125
Santa Branca,SANTA BRANCA,6087,2026,Janeiro,1,746147.33,932764.83,6026.9,1214.28,932684.1624999999
Santa Branca,SANTA BRANCA,6087,2026,Fevereiro,2,475972.81,435618.2,5768.47,99.12,594966.0125
Santa Branca,SANTA BRANCA,6087,2026,Março,3,1118140.12,345349.67,5165.85,3269.71,1397675.1500000001
Santa Branca,SANTA BRANCA,6087,2026,Abril,4,715787.82,338840.76,5557.79,0.0,894734.7749999999
Santa Branca,SANTA BRANCA,6087,2026,Maio,5,758034.23,229223.48,5174.41,1650.1,947542.7875
Santa Branca,SANTA BRANCA,6087,2026,Junho,6,942485.67,90928.67,8134.88,2918.42,1178107.0875
Santa Branca,SANTA BRANCA,6087,2026,Julho,7,765957.84,99223.41,7618.74,6355.28,957447.2999999999
Santa Branca,SANTA BRANCA,6087,2026,Agosto,8,821646.36,126273.47,7094.75,0.0,1027057.95
Santa Branca,SANTA BRANCA,6087,2026,Setembro,9,930282.15,0.0,5606.52,2839.85,1162852.6875
Santa Bárbara D'Oeste,SANTA BARBARA DOESTE,6063,2026,Janeiro,1,11645403.38,20932142.5,94281.6,18912.43,14556754.225
Santa Bárbara D'Oeste,SANTA BARBARA DOESTE,6063,2026,Fevereiro,2,7413269.23,8651706.27,89843.77,1543.79,9266586.5375
Santa Bárbara D'Oeste,SANTA BARBARA DOESTE,6063,2026,Março,3,17415015.44,7270493.68,80458.1,50925.72,21768769.3
Santa Bárbara D'Oeste,SANTA BARBARA DOESTE,6063,2026,Abril,4,11148384.52,6100883.3,86562.55,0.0,13935480.649999999
Santa Bárbara D'Oeste,SANTA BARBARA DOESTE,6063,2026,Maio,5,11806371.6,5526623.42,80591.38,25700.25,14757964.499999998
Santa Bárbara D'Oeste,SANTA BARBARA DOESTE,6063,2026,Junho,6,14679199.97,1648217.09,126700.62,45454.37,18348999.9625
Santa Bárbara D'Oeste,SANTA BARBARA DOESTE,6063,2026,Julho,7,11929781.7,1981677.35,118661.78,98983.37,14912227.124999998
Santa Bárbara D'Oeste,SANTA BARBARA DOESTE,6063,2026,Agosto,8,12797129.62,2237336.84,110500.68,0.0,15996412.024999999
Santa Bárbara D'Oeste,SANTA BARBARA DOESTE,6063,2026,Setembro,9,14489130.37,0.0,87321.54,44230.62,18111412.9625
Santa Clara D'Oeste,SANTA CLARA DOESTE,6099,2026,Janeiro,1,678639.06,270964.5,5446.43,1110.78,848298.8250000001
Santa Clara D'Oeste,SANTA CLARA DOESTE,6099,2026,Fevereiro,2,435401.69,127459.78,5276.77,90.67,544252.1124999999
Santa Clara D'Oeste,SANTA CLARA DOESTE,6099,2026,Março,3,1022831.75,90381.22,4725.53,2991.01,1278539.6875
Santa Clara D'Oeste,SANTA CLARA DOESTE,6099,2026,Abril,4,654775.28,84996.38,5084.06,0.0,818469.1
Santa Clara D'Oeste,SANTA CLARA DOESTE,6099,2026,Maio,5,693420.67,59836.87,4733.35,1509.45,866775.8375
Santa Clara D'Oeste,SANTA CLARA DOESTE,6099,2026,Junho,6,862149.79,23795.43,7441.48,2669.66,1077687.2375
Santa Clara D'Oeste,SANTA CLARA DOESTE,6099,2026,Julho,7,700668.89,43365.88,6969.33,5813.57,875836.1124999999
Santa Clara D'Oeste,SANTA CLARA DOESTE,6099,2026,Agosto,8,751610.62,66431.99,6490.01,0.0,939513.2749999999
Santa Clara D'Oeste,SANTA CLARA DOESTE,6099,2026,Setembro,9,850986.47,0.0,5128.63,2597.79,1063733.0875
Santa Cruz da Conceição,SANTA CRUZ DA CONCEICAO,6105,2026,Janeiro,1,546847.08,642906.0,4454.57,883.16,683558.8499999999
Santa Cruz da Conceição,SANTA CRUZ DA CONCEICAO,6105,2026,Fevereiro,2,346180.93,219307.37,4195.48,72.09,432726.1625
Santa Cruz da Conceição,SANTA CRUZ DA CONCEICAO,6105,2026,Março,3,813237.2,161390.7,3757.19,2378.1,1016546.4999999999
Santa Cruz da Conceição,SANTA CRUZ DA CONCEICAO,6105,2026,Abril,4,520601.38,163595.84,4042.25,0.0,650751.725
Santa Cruz da Conceição,SANTA CRUZ DA CONCEICAO,6105,2026,Maio,5,551327.71,134299.62,3763.41,1200.14,689159.6375
Santa Cruz da Conceição,SANTA CRUZ DA CONCEICAO,6105,2026,Junho,6,685481.53,31061.47,5916.6,2122.6,856851.9125
Santa Cruz da Conceição,SANTA CRUZ DA CONCEICAO,6105,2026,Julho,7,557090.65,64586.73,5541.21,4622.27,696363.3125
Santa Cruz da Conceição,SANTA CRUZ DA CONCEICAO,6105,2026,Agosto,8,597593.61,54402.59,5160.1,0.0,746992.0125
Santa Cruz da Conceição,SANTA CRUZ DA CONCEICAO,6105,2026,Setembro,9,676605.76,0.0,4077.69,2065.46,845757.2
Santa Cruz da Esperança,SANTA CRUZ DA ESPERANCA,7810,2026,Janeiro,1,422595.86,171647.11,3438.68,683.17,528244.825
Santa Cruz da Esperança,SANTA CRUZ DA ESPERANCA,7810,2026,Fevereiro,2,267789.41,62665.2,3245.43,55.77,334736.76249999995
Santa Cruz da Esperança,SANTA CRUZ DA ESPERANCA,7810,2026,Março,3,629082.34,64000.57,2906.39,1839.59,786352.9249999999
Santa Cruz da Esperança,SANTA CRUZ DA ESPERANCA,7810,2026,Abril,4,402712.92,54120.08,3126.9,0.0,503391.14999999997
Santa Cruz da Esperança,SANTA CRUZ DA ESPERANCA,7810,2026,Maio,5,426481.38,40858.86,2911.2,928.37,533101.725
Santa Cruz da Esperança,SANTA CRUZ DA ESPERANCA,7810,2026,Junho,6,530256.52,14259.95,4576.8,1641.95,662820.65
Santa Cruz da Esperança,SANTA CRUZ DA ESPERANCA,7810,2026,Julho,7,430939.32,13301.77,4286.42,3575.57,538674.15
Santa Cruz da Esperança,SANTA CRUZ DA ESPERANCA,7810,2026,Agosto,8,462270.52,11846.19,3991.61,0.0,577838.15
Santa Cruz da Esperança,SANTA CRUZ DA ESPERANCA,7810,2026,Setembro,9,523390.64,0.0,3154.31,1597.74,654238.2999999999
Santa Cruz das Palmeiras,SANTA CRUZ DAS PALMEIRAS,6117,2026,Janeiro,1,1770944.89,3292423.35,14312.05,2880.68,2213681.1125
Santa Cruz das Palmeiras,SANTA CRUZ DAS PALMEIRAS,6117,2026,Fevereiro,2,1129167.03,977451.73,13684.73,235.15,1411458.7874999999
Santa Cruz das Palmeiras,SANTA CRUZ DAS PALMEIRAS,6117,2026,Março,3,2652603.14,848421.35,12255.14,7756.85,3315753.925
Santa Cruz das Palmeiras,SANTA CRUZ DAS PALMEIRAS,6117,2026,Abril,4,1698088.64,662919.24,13184.95,0.0,2122610.8
Santa Cruz das Palmeiras,SANTA CRUZ DAS PALMEIRAS,6117,2026,Maio,5,1798311.26,656807.61,12275.44,3914.58,2247889.0749999997
Santa Cruz das Palmeiras,SANTA CRUZ DAS PALMEIRAS,6117,2026,Junho,6,2235891.9,180939.21,19298.66,6923.47,2794864.8749999995
Santa Cruz das Palmeiras,SANTA CRUZ DAS PALMEIRAS,6117,2026,Julho,7,1817108.72,276661.52,18074.21,15076.85,2271385.9
Santa Cruz das Palmeiras,SANTA CRUZ DAS PALMEIRAS,6117,2026,Agosto,8,1949220.57,258460.37,16831.13,0.0,2436525.7125
Santa Cruz das Palmeiras,SANTA CRUZ DAS PALMEIRAS,6117,2026,Setembro,9,2206941.07,0.0,13300.56,6737.08,2758676.3374999994
Santa Cruz do Rio Pardo,SANTA CRUZ DO RIO PARDO,6129,2026,Janeiro,1,6247584.53,7303554.42,50808.51,10105.04,7809480.6625
Santa Cruz do Rio Pardo,SANTA CRUZ DO RIO PARDO,6129,2026,Fevereiro,2,3960961.45,2167723.55,48004.15,824.86,4951201.8125
Santa Cruz do Rio Pardo,SANTA CRUZ DO RIO PARDO,6129,2026,Março,3,9304964.2,1989389.85,42989.33,27209.97,11631205.249999998
Santa Cruz do Rio Pardo,SANTA CRUZ DO RIO PARDO,6129,2026,Abril,4,5956659.6,1771180.89,46250.98,0.0,7445824.499999999
Santa Cruz do Rio Pardo,SANTA CRUZ DO RIO PARDO,6129,2026,Maio,5,6308226.68,1515826.5,43060.54,13731.82,7885283.35
Santa Cruz do Rio Pardo,SANTA CRUZ DO RIO PARDO,6129,2026,Junho,6,7843198.92,412393.78,67697.03,24286.59,9803998.649999999
Santa Cruz do Rio Pardo,SANTA CRUZ DO RIO PARDO,6129,2026,Julho,7,6374165.56,639092.4,63401.82,52887.5,7967706.949999999
Santa Cruz do Rio Pardo,SANTA CRUZ DO RIO PARDO,6129,2026,Agosto,8,6837595.6,664547.59,59041.28,0.0,8546994.499999998
Santa Cruz do Rio Pardo,SANTA CRUZ DO RIO PARDO,6129,2026,Setembro,9,7741643.4,0.0,46656.51,23632.73,9677054.25
Santa Ernestina,SANTA ERNESTINA,6130,2026,Janeiro,1,425047.2,604953.78,3426.9,692.87,531309.0
Santa Ernestina,SANTA ERNESTINA,6130,2026,Fevereiro,2,271591.5,200433.16,3291.5,56.56,339489.375
Santa Ernestina,SANTA ERNESTINA,6130,2026,Março,3,638014.09,177683.36,2947.65,1865.71,797517.6124999999
Santa Ernestina,SANTA ERNESTINA,6130,2026,Abril,4,408430.67,131379.56,3171.29,0.0,510538.33749999997
Santa Ernestina,SANTA ERNESTINA,6130,2026,Maio,5,432536.59,123405.5,2952.53,941.55,540670.7375
Santa Ernestina,SANTA ERNESTINA,6130,2026,Junho,6,537785.13,69828.24,4641.79,1665.26,672231.4125
Santa Ernestina,SANTA ERNESTINA,6130,2026,Julho,7,437057.83,33354.48,4347.28,3626.34,546322.2875
Santa Ernestina,SANTA ERNESTINA,6130,2026,Agosto,8,468833.86,44435.01,4048.29,0.0,586042.325
Santa Ernestina,SANTA ERNESTINA,6130,2026,Setembro,9,530821.77,0.0,3199.1,1620.43,663527.2125
Santa Fé do Sul,SANTA FE DO SUL,6142,2026,Janeiro,1,2507622.14,4953645.22,20169.72,4096.32,3134527.675
Santa Fé do Sul,SANTA FE DO SUL,6142,2026,Fevereiro,2,1605670.42,1857424.84,19459.63,334.38,2007088.025
Santa Fé do Sul,SANTA FE DO SUL,6142,2026,Março,3,3771989.69,1550188.78,17426.75,11030.21,4714987.1125
Santa Fé do Sul,SANTA FE DO SUL,6142,2026,Abril,4,2414674.37,1157044.21,18748.94,0.0,3018342.9625
Santa Fé do Sul,SANTA FE DO SUL,6142,2026,Maio,5,2557190.5,1036548.48,17455.62,5566.52,3196488.125
Santa Fé do Sul,SANTA FE DO SUL,6142,2026,Junho,6,3179428.19,364343.75,27442.61,9845.15,3974285.2375
Santa Fé do Sul,SANTA FE DO SUL,6142,2026,Julho,7,2583920.4,471308.86,25701.44,21439.21,3229900.4999999995
Santa Fé do Sul,SANTA FE DO SUL,6142,2026,Agosto,8,2771782.84,538809.55,23933.8,0.0,3464728.55
Santa Fé do Sul,SANTA FE DO SUL,6142,2026,Setembro,9,3138260.23,0.0,18913.33,9580.09,3922825.2874999996
Santa Gertrudes,SANTA GERTRUDES,6154,2026,Janeiro,1,5853262.07,3308937.98,48069.74,9382.63,7316577.5875
Santa Gertrudes,SANTA GERTRUDES,6154,2026,Fevereiro,2,3677790.07,945433.97,44572.31,765.89,4597237.587499999
Santa Gertrudes,SANTA GERTRUDES,6154,2026,Março,3,8639747.05,866914.2,39915.99,25264.71,10799683.8125
Santa Gertrudes,SANTA GERTRUDES,6154,2026,Abril,4,5530814.63,739109.59,42944.47,0.0,6913518.2875
Santa Gertrudes,SANTA GERTRUDES,6154,2026,Maio,5,5857247.99,610547.6,39982.12,12750.12,7321559.9875
Santa Gertrudes,SANTA GERTRUDES,6154,2026,Junho,6,7282484.19,290394.9,62857.33,22550.32,9103105.2375
Santa Gertrudes,SANTA GERTRUDES,6154,2026,Julho,7,5918472.86,632819.02,58869.18,49106.55,7398091.075
Santa Gertrudes,SANTA GERTRUDES,6154,2026,Agosto,8,6348772.02,553465.76,54820.39,0.0,7935965.024999999
Santa Gertrudes,SANTA GERTRUDES,6154,2026,Setembro,9,7188188.94,0.0,43321.01,21943.21,8985236.175
Santa Isabel,SANTA ISABEL,6166,2026,Janeiro,1,3392995.77,4829026.48,27382.42,5526.11,4241244.712499999
Santa Isabel,SANTA ISABEL,6166,2026,Fevereiro,2,2166118.09,1996316.31,26251.87,451.09,2707647.6125
Santa Isabel,SANTA ISABEL,6166,2026,Março,3,5088575.47,1612306.78,23509.43,14880.23,6360719.337499999
Santa Isabel,SANTA ISABEL,6166,2026,Abril,4,3257499.04,1604251.69,25293.12,0.0,4071873.8
Santa Isabel,SANTA ISABEL,6166,2026,Maio,5,3449759.38,1314924.15,23548.38,7509.48,4312199.225
Santa Isabel,SANTA ISABEL,6166,2026,Junho,6,4289184.65,431125.39,37021.25,13281.53,5361480.8125
Santa Isabel,SANTA ISABEL,6166,2026,Julho,7,3485819.16,618804.81,34672.35,28922.42,4357273.95
Santa Isabel,SANTA ISABEL,6166,2026,Agosto,8,3739253.64,572973.16,32287.71,0.0,4674067.05
Santa Isabel,SANTA ISABEL,6166,2026,Setembro,9,4233647.32,0.0,25514.89,12923.95,5292059.15
Santa Lúcia,SANTA LUCIA,6178,2026,Janeiro,1,521488.12,524483.31,4215.09,848.16,651860.1499999999
Santa Lúcia,SANTA LUCIA,6178,2026,Fevereiro,2,332459.18,183389.7,4029.18,69.23,415573.975
Santa Lúcia,SANTA LUCIA,6178,2026,Março,3,781002.49,153160.47,3608.26,2283.84,976253.1124999999
Santa Lúcia,SANTA LUCIA,6178,2026,Abril,4,499966.03,127424.89,3882.03,0.0,624957.5375
Santa Lúcia,SANTA LUCIA,6178,2026,Maio,5,529474.44,121177.12,3614.24,1152.57,661843.0499999999
Santa Lúcia,SANTA LUCIA,6178,2026,Junho,6,658310.74,43634.51,5682.08,2038.47,822888.4249999999
Santa Lúcia,SANTA LUCIA,6178,2026,Julho,7,535008.95,49606.42,5321.57,4439.06,668761.1874999999
Santa Lúcia,SANTA LUCIA,6178,2026,Agosto,8,573906.47,58379.42,4955.57,0.0,717383.0874999999
Santa Lúcia,SANTA LUCIA,6178,2026,Setembro,9,649786.78,0.0,3916.07,1983.59,812233.475
Santa Maria da Serra,SANTA MARIA DA SERRA,6180,2026,Janeiro,1,857631.23,438987.13,6904.54,1399.84,1072039.0374999999
Santa Maria da Serra,SANTA MARIA DA SERRA,6180,2026,Fevereiro,2,548708.87,219659.78,6649.98,114.27,685886.0874999999
Santa Maria da Serra,SANTA MARIA DA SERRA,6180,2026,Março,3,1289009.37,198188.71,5955.28,3769.38,1611261.7125000001
Santa Maria da Serra,SANTA MARIA DA SERRA,6180,2026,Abril,4,825171.36,154689.39,6407.11,0.0,1031464.2
Santa Maria da Serra,SANTA MARIA DA SERRA,6180,2026,Maio,5,873873.68,183181.14,5965.14,1902.26,1092342.1
Santa Maria da Serra,SANTA MARIA DA SERRA,6180,2026,Junho,6,1086512.17,40939.4,9378.02,3364.4,1358140.2125
Santa Maria da Serra,SANTA MARIA DA SERRA,6180,2026,Julho,7,883008.14,89969.29,8783.0,7326.46,1103760.175
Santa Maria da Serra,SANTA MARIA DA SERRA,6180,2026,Agosto,8,947206.74,90834.26,8178.94,0.0,1184008.4249999998
Santa Maria da Serra,SANTA MARIA DA SERRA,6180,2026,Setembro,9,1072443.77,0.0,6463.29,3273.82,1340554.7125
Santa Mercedes,SANTA MERCEDES,6191,2026,Janeiro,1,457139.21,338898.88,3691.28,744.17,571424.0125
Santa Mercedes,SANTA MERCEDES,6191,2026,Fevereiro,2,291697.35,108621.81,3535.17,60.75,364621.68749999994
Santa Mercedes,SANTA MERCEDES,6191,2026,Março,3,685246.1,266886.93,3165.87,2003.83,856557.6249999999
Santa Mercedes,SANTA MERCEDES,6191,2026,Abril,4,438666.68,77103.77,3406.06,0.0,548333.35
Santa Mercedes,SANTA MERCEDES,6191,2026,Maio,5,464557.16,96595.34,3171.11,1011.25,580696.45
Santa Mercedes,SANTA MERCEDES,6191,2026,Junho,6,577597.22,27113.54,4985.42,1788.54,721996.5249999999
Santa Mercedes,SANTA MERCEDES,6191,2026,Julho,7,469413.1,31920.6,4669.1,3894.8,586766.3749999999
Santa Mercedes,SANTA MERCEDES,6191,2026,Agosto,8,503541.51,35893.23,4347.98,0.0,629426.8875
Santa Mercedes,SANTA MERCEDES,6191,2026,Setembro,9,570118.36,0.0,3435.93,1740.39,712647.95
Santa Rita D'Oeste,SANTA RITA DOESTE,6208,2026,Janeiro,1,475518.89,314787.88,3784.61,784.04,594398.6124999999
Santa Rita D'Oeste,SANTA RITA DOESTE,6208,2026,Fevereiro,2,307328.71,87592.81,3724.61,64.0,384160.8875
Santa Rita D'Oeste,SANTA RITA DOESTE,6208,2026,Março,3,721966.79,65079.89,3335.52,2111.21,902458.4875
Santa Rita D'Oeste,SANTA RITA DOESTE,6208,2026,Abril,4,462173.77,57880.38,3588.59,0.0,577717.2125
Santa Rita D'Oeste,SANTA RITA DOESTE,6208,2026,Maio,5,489451.66,44898.04,3341.04,1065.44,611814.575
Santa Rita D'Oeste,SANTA RITA DOESTE,6208,2026,Junho,6,608549.26,17049.7,5252.57,1884.38,760686.575
Santa Rita D'Oeste,SANTA RITA DOESTE,6208,2026,Julho,7,494567.82,18576.45,4919.31,4103.51,618209.775
Santa Rita D'Oeste,SANTA RITA DOESTE,6208,2026,Agosto,8,530525.08,11732.99,4580.98,0.0,663156.3499999999
Santa Rita D'Oeste,SANTA RITA DOESTE,6208,2026,Setembro,9,600669.63,0.0,3620.05,1833.65,750837.0375
Santa Rita do Passa Quatro,SANTA RITA DO PASSA QUATRO,6210,2026,Janeiro,1,2286305.41,3465747.39,18435.81,3726.43,2857881.7625
Santa Rita do Passa Quatro,SANTA RITA DO PASSA QUATRO,6210,2026,Fevereiro,2,1460682.41,1178633.83,17702.47,304.18,1825853.0124999997
Santa Rita do Passa Quatro,SANTA RITA DO PASSA QUATRO,6210,2026,Março,3,3431388.49,957041.26,15853.16,10034.21,4289235.6125
Santa Rita do Passa Quatro,SANTA RITA DO PASSA QUATRO,6210,2026,Abril,4,2196635.34,818460.77,17055.96,0.0,2745794.175
Santa Rita do Passa Quatro,SANTA RITA DO PASSA QUATRO,6210,2026,Maio,5,2326282.61,758372.27,15879.42,5063.88,2907853.2624999997
Santa Rita do Passa Quatro,SANTA RITA DO PASSA QUATRO,6210,2026,Junho,6,2892333.8,189555.5,24964.61,8956.16,3615417.2499999995
Santa Rita do Passa Quatro,SANTA RITA DO PASSA QUATRO,6210,2026,Julho,7,2350598.87,225063.38,23380.67,19503.31,2938248.5875
Santa Rita do Passa Quatro,SANTA RITA DO PASSA QUATRO,6210,2026,Agosto,8,2521497.81,243364.11,21772.63,0.0,3151872.2624999997
Santa Rita do Passa Quatro,SANTA RITA DO PASSA QUATRO,6210,2026,Setembro,9,2854883.21,0.0,17205.5,8715.03,3568604.0124999997
Santa Rosa do Vitérbo,SANTA ROSA DO VITERBO,6221,2026,Janeiro,1,2177830.22,2330564.3,17555.11,3550.72,2722287.775
Santa Rosa do Vitérbo,SANTA ROSA DO VITERBO,6221,2026,Fevereiro,2,1391804.67,1030872.28,16867.72,289.84,1739755.8375
Santa Rosa do Vitérbo,SANTA ROSA DO VITERBO,6221,2026,Março,3,3269583.11,900334.69,15105.61,9561.05,4086978.8874999997
Santa Rosa do Vitérbo,SANTA ROSA DO VITERBO,6221,2026,Abril,4,2093054.11,727126.98,16251.69,0.0,2616317.6375
Santa Rosa do Vitérbo,SANTA ROSA DO VITERBO,6221,2026,Maio,5,2216587.94,655710.77,15130.63,4825.09,2770734.925
Santa Rosa do Vitérbo,SANTA ROSA DO VITERBO,6221,2026,Junho,6,2755947.27,201774.47,23787.42,8533.83,3444934.0875
Santa Rosa do Vitérbo,SANTA ROSA DO VITERBO,6221,2026,Julho,7,2239757.57,254355.14,22278.16,18583.64,2799696.9624999994
Santa Rosa do Vitérbo,SANTA ROSA DO VITERBO,6221,2026,Agosto,8,2402597.86,190861.25,20745.96,0.0,3003247.3249999997
Santa Rosa do Vitérbo,SANTA ROSA DO VITERBO,6221,2026,Setembro,9,2720262.64,0.0,16394.19,8304.08,3400328.3
Santa Salete,SANTA SALETE,7821,2026,Janeiro,1,262596.87,250644.63,2121.09,427.35,328246.08749999997
Santa Salete,SANTA SALETE,7821,2026,Fevereiro,2,167512.03,71172.49,2030.13,34.88,209390.03749999998
Santa Salete,SANTA SALETE,7821,2026,Março,3,393513.91,75575.72,1818.05,1150.73,491892.38749999995
Santa Salete,SANTA SALETE,7821,2026,Abril,4,251911.6,45093.89,1955.99,0.0,314889.5
Santa Salete,SANTA SALETE,7821,2026,Maio,5,266779.64,49825.06,1821.06,580.73,333474.55
Santa Salete,SANTA SALETE,7821,2026,Junho,6,331694.76,10031.15,2862.96,1027.1,414618.45
Santa Salete,SANTA SALETE,7821,2026,Julho,7,269568.24,32576.56,2681.31,2236.65,336960.3
Santa Salete,SANTA SALETE,7821,2026,Agosto,8,289167.05,28101.26,2496.9,0.0,361458.81249999994
Santa Salete,SANTA SALETE,7821,2026,Setembro,9,327399.91,0.0,1973.14,999.45,409249.88749999995
Santana da Ponte Pensa,SANTANA DA PONTE PENSA,6245,2026,Janeiro,1,334740.08,173587.56,2730.72,539.89,418425.1
Santana da Ponte Pensa,SANTANA DA PONTE PENSA,6245,2026,Fevereiro,2,211626.06,68322.76,2564.76,44.07,264532.57499999995
Santana da Ponte Pensa,SANTANA DA PONTE PENSA,6245,2026,Março,3,497145.18,48802.71,2296.83,1453.77,621431.475
Santana da Ponte Pensa,SANTANA DA PONTE PENSA,6245,2026,Abril,4,318252.12,40211.13,2471.09,0.0,397815.14999999997
Santana da Ponte Pensa,SANTANA DA PONTE PENSA,6245,2026,Maio,5,337035.63,28190.68,2300.64,733.66,421294.5375
Santana da Ponte Pensa,SANTANA DA PONTE PENSA,6245,2026,Junho,6,419046.06,7028.17,3616.91,1297.58,523807.57499999995
Santana da Ponte Pensa,SANTANA DA PONTE PENSA,6245,2026,Julho,7,340558.61,11856.97,3387.43,2825.67,425698.26249999995
Santana da Ponte Pensa,SANTANA DA PONTE PENSA,6245,2026,Agosto,8,365318.73,13948.63,3154.45,0.0,456648.4125
Santana da Ponte Pensa,SANTANA DA PONTE PENSA,6245,2026,Setembro,9,413620.15,0.0,2492.76,1262.65,517025.1875
Santana do Parnaíba,SANTANA DO PARNAIBA,6233,2026,Janeiro,1,16257479.96,39243224.5,130678.62,26572.96,20321849.95
Santana do Parnaíba,SANTANA DO PARNAIBA,6233,2026,Fevereiro,2,10416035.45,17169288.73,126235.24,2169.11,13020044.312499998
Santana do Parnaíba,SANTANA DO PARNAIBA,6233,2026,Março,3,24469018.01,12870980.07,113047.89,71553.33,30586272.5125
Santana do Parnaíba,SANTANA DO PARNAIBA,6233,2026,Abril,4,15664070.04,9759844.22,121624.97,0.0,19580087.549999997
Santana do Parnaíba,SANTANA DO PARNAIBA,6233,2026,Maio,5,16588576.7,8894285.56,113235.16,36110.2,20735720.874999996
Santana do Parnaíba,SANTANA DO PARNAIBA,6233,2026,Junho,6,20625052.55,3491419.66,178021.08,63865.79,25781315.6875
Santana do Parnaíba,SANTANA DO PARNAIBA,6233,2026,Julho,7,16761974.42,3342688.29,166726.08,139076.87,20952468.025
Santana do Parnaíba,SANTANA DO PARNAIBA,6233,2026,Agosto,8,17980644.13,3091880.67,155259.3,0.0,22475805.162499998
Santana do Parnaíba,SANTANA DO PARNAIBA,6233,2026,Setembro,9,20357994.7,0.0,122691.38,62146.36,25447493.374999996
Santo Anastácio,SANTO ANASTACIO,6257,2026,Janeiro,1,1263715.21,2314463.92,10296.38,2040.5,1579644.0125
Santo Anastácio,SANTO ANASTACIO,6257,2026,Fevereiro,2,799832.66,732524.67,9693.43,166.56,999790.825
Santo Anastácio,SANTO ANASTACIO,6257,2026,Março,3,1878941.35,587332.54,8680.79,5494.48,2348676.6875
Santo Anastácio,SANTO ANASTACIO,6257,2026,Abril,4,1202821.82,511884.78,9339.41,0.0,1503527.275
Santo Anastácio,SANTO ANASTACIO,6257,2026,Maio,5,1273813.39,437154.86,8695.17,2772.85,1592266.7374999998
Santo Anastácio,SANTO ANASTACIO,6257,2026,Junho,6,1583768.67,138367.81,13669.99,4904.16,1979710.8375
Santo Anastácio,SANTO ANASTACIO,6257,2026,Julho,7,1287128.35,202563.58,12802.66,10679.52,1608910.4375
Santo Anastácio,SANTO ANASTACIO,6257,2026,Agosto,8,1380708.28,221962.0,11922.14,0.0,1725885.3499999999
Santo Anastácio,SANTO ANASTACIO,6257,2026,Setembro,9,1563261.67,0.0,9421.3,4772.13,1954077.0875
Santo André,SANTO ANDRE,6269,2026,Janeiro,1,41384589.01,100874198.4,336609.35,66927.89,51730736.262499996
Santo André,SANTO ANDRE,6269,2026,Fevereiro,2,26234308.21,42151494.34,317941.92,5463.21,32792885.2625
Santo André,SANTO ANDRE,6269,2026,Março,3,61628799.46,34068324.65,284727.64,180217.51,77035999.325
Santo André,SANTO ANDRE,6269,2026,Abril,4,39452250.63,27485035.13,306330.26,0.0,49315313.2875
Santo André,SANTO ANDRE,6269,2026,Maio,5,41780755.83,24676907.27,285199.3,90948.83,52225944.787499994
Santo André,SANTO ANDRE,6269,2026,Junho,6,51947210.42,7198014.34,448372.11,160855.34,64934013.025
Santo André,SANTO ANDRE,6269,2026,Julho,7,42217483.34,8445509.07,419924.01,350285.42,52771854.175000004
Santo André,SANTO ANDRE,6269,2026,Agosto,8,45286881.17,8228192.66,391043.24,0.0,56608601.4625
Santo André,SANTO ANDRE,6269,2026,Setembro,9,51274586.17,0.0,309016.17,156524.7,64093232.7125
Santo Antônio da Alegria,SANTO ANTONIO DA ALEGRIA,6270,2026,Janeiro,1,736128.65,657363.7,5938.84,1199.27,920160.8125
Santo Antônio da Alegria,SANTO ANTONIO DA ALEGRIA,6270,2026,Fevereiro,2,470087.51,248565.33,5697.14,97.89,587609.3875
Santo Antônio da Alegria,SANTO ANTONIO DA ALEGRIA,6270,2026,Março,3,1104314.58,168586.09,5101.98,3229.28,1380393.225
Santo Antônio da Alegria,SANTO ANTONIO DA ALEGRIA,6270,2026,Abril,4,706937.27,165722.7,5489.07,0.0,883671.5875
Santo Antônio da Alegria,SANTO ANTONIO DA ALEGRIA,6270,2026,Maio,5,748661.31,136965.61,5110.43,1629.69,935826.6375000001
Santo Antônio da Alegria,SANTO ANTONIO DA ALEGRIA,6270,2026,Junho,6,930832.05,55260.51,8034.29,2882.34,1163540.0625
Santo Antônio da Alegria,SANTO ANTONIO DA ALEGRIA,6270,2026,Julho,7,756486.95,55608.23,7524.54,6276.7,945608.6874999999
Santo Antônio da Alegria,SANTO ANTONIO DA ALEGRIA,6270,2026,Agosto,8,811486.89,54173.37,7007.03,0.0,1014358.6124999999
Santo Antônio da Alegria,SANTO ANTONIO DA ALEGRIA,6270,2026,Setembro,9,918779.43,0.0,5537.2,2804.74,1148474.2875
Santo Antônio da Posse,SANTO ANTONIO DA POSSE,6300,2026,Janeiro,1,3088104.8,2444963.05,25152.06,4987.92,3860130.9999999995
Santo Antônio da Posse,SANTO ANTONIO DA POSSE,6300,2026,Fevereiro,2,1955159.54,871866.13,23695.2,407.16,2443949.425
Santo Antônio da Posse,SANTO ANTONIO DA POSSE,6300,2026,Março,3,4592998.37,875112.8,21219.85,13431.04,5741247.962499999
Santo Antônio da Posse,SANTO ANTONIO DA POSSE,6300,2026,Abril,4,2940250.74,678601.49,22829.82,0.0,3675313.4250000003
Santo Antônio da Posse,SANTO ANTONIO DA POSSE,6300,2026,Maio,5,3113786.82,652340.76,21255.0,6778.13,3892233.5249999994
Santo Antônio da Posse,SANTO ANTONIO DA POSSE,6300,2026,Junho,6,3871460.34,216641.98,33415.75,11988.04,4839325.425
Santo Antônio da Posse,SANTO ANTONIO DA POSSE,6300,2026,Julho,7,3146334.73,271932.27,31295.6,26105.66,3932918.4124999996
Santo Antônio da Posse,SANTO ANTONIO DA POSSE,6300,2026,Agosto,8,3375087.19,346735.1,29143.21,0.0,4218858.9875
Santo Antônio da Posse,SANTO ANTONIO DA POSSE,6300,2026,Setembro,9,3821331.8,0.0,23029.99,11665.29,4776664.749999999
Santo Antônio do Aracanguá,SANTO ANTONIO DO ARACANGUA,7602,2026,Janeiro,1,2497040.83,622842.01,20332.99,4034.13,3121301.0375
Santo Antônio do Aracanguá,SANTO ANTONIO DO ARACANGUA,7602,2026,Fevereiro,2,1581293.03,253257.81,19164.19,329.3,1976616.2874999999
Santo Antônio do Aracanguá,SANTO ANTONIO DO ARACANGUA,7602,2026,Março,3,3714723.1,210489.7,17162.18,10862.75,4643403.875
Santo Antônio do Aracanguá,SANTO ANTONIO DO ARACANGUA,7602,2026,Abril,4,2378014.63,181992.83,18464.29,0.0,2972518.2874999996
Santo Antônio do Aracanguá,SANTO ANTONIO DO ARACANGUA,7602,2026,Maio,5,2518367.07,183310.67,17190.61,5482.01,3147958.8374999994
Santo Antônio do Aracanguá,SANTO ANTONIO DO ARACANGUA,7602,2026,Junho,6,3131157.91,51711.55,27025.97,9695.68,3913947.3875
Santo Antônio do Aracanguá,SANTO ANTONIO DO ARACANGUA,7602,2026,Julho,7,2544691.15,71470.34,25311.24,21113.72,3180863.9374999995
Santo Antônio do Aracanguá,SANTO ANTONIO DO ARACANGUA,7602,2026,Agosto,8,2729701.46,61996.99,23570.43,0.0,3412126.8249999997
Santo Antônio do Aracanguá,SANTO ANTONIO DO ARACANGUA,7602,2026,Setembro,9,3090614.97,0.0,18626.19,9434.65,3863268.7125
Santo Antônio do Jardim,SANTO ANTONIO DO JARDIM,6282,2026,Janeiro,1,568873.69,850468.12,4558.78,932.34,711092.1124999999
Santo Antônio do Jardim,SANTO ANTONIO DO JARDIM,6282,2026,Fevereiro,2,365455.45,254317.2,4429.07,76.1,456819.3125
Santo Antônio do Jardim,SANTO ANTONIO DO JARDIM,6282,2026,Março,3,858516.29,213568.62,3966.38,2510.51,1073145.3625
Santo Antônio do Jardim,SANTO ANTONIO DO JARDIM,6282,2026,Abril,4,549587.21,177588.8,4267.32,0.0,686984.0125
Santo Antônio do Jardim,SANTO ANTONIO DO JARDIM,6282,2026,Maio,5,582024.31,137594.37,3972.95,1266.96,727530.3875000001
Santo Antônio do Jardim,SANTO ANTONIO DO JARDIM,6282,2026,Junho,6,723647.49,49926.63,6246.02,2240.79,904559.3624999999
Santo Antônio do Jardim,SANTO ANTONIO DO JARDIM,6282,2026,Julho,7,588108.11,71245.77,5849.73,4879.63,735135.1375
Santo Antônio do Jardim,SANTO ANTONIO DO JARDIM,6282,2026,Agosto,8,630866.18,68900.38,5447.4,0.0,788582.725
Santo Antônio do Jardim,SANTO ANTONIO DO JARDIM,6282,2026,Setembro,9,714277.54,0.0,4304.73,2180.46,892846.925
Santo Antônio do Pinhal,SANTO ANTONIO DO PINHAL,6294,2026,Janeiro,1,571237.78,814999.45,4552.47,940.77,714047.225
Santo Antônio do Pinhal,SANTO ANTONIO DO PINHAL,6294,2026,Fevereiro,2,368763.64,339205.45,4469.16,76.79,460954.55
Santo Antônio do Pinhal,SANTO ANTONIO DO PINHAL,6294,2026,Março,3,866287.77,250023.92,4002.29,2533.23,1082859.7125
Santo Antônio do Pinhal,SANTO ANTONIO DO PINHAL,6294,2026,Abril,4,554562.19,217361.2,4305.94,0.0,693202.7374999999
Santo Antônio do Pinhal,SANTO ANTONIO DO PINHAL,6294,2026,Maio,5,587292.92,152447.85,4008.92,1278.43,734116.15
Santo Antônio do Pinhal,SANTO ANTONIO DO PINHAL,6294,2026,Junho,6,730198.11,68549.64,6302.56,2261.07,912747.6375
Santo Antônio do Pinhal,SANTO ANTONIO DO PINHAL,6294,2026,Julho,7,593431.8,75494.68,5902.68,4923.8,741789.75
Santo Antônio do Pinhal,SANTO ANTONIO DO PINHAL,6294,2026,Agosto,8,636576.92,88100.22,5496.72,0.0,795721.15
Santo Antônio do Pinhal,SANTO ANTONIO DO PINHAL,6294,2026,Setembro,9,720743.34,0.0,4343.7,2200.2,900929.1749999999
Santo Expedito,SANTO EXPEDITO,6312,2026,Janeiro,1,287820.13,190117.74,2325.65,468.25,359775.1625
Santo Expedito,SANTO EXPEDITO,6312,2026,Fevereiro,2,183544.38,75191.77,2224.43,38.22,229430.475
Santo Expedito,SANTO EXPEDITO,6312,2026,Março,3,431176.6,52709.25,1992.05,1260.86,538970.7499999999
Santo Expedito,SANTO EXPEDITO,6312,2026,Abril,4,276021.72,48326.5,2143.19,0.0,345027.14999999997
Santo Expedito,SANTO EXPEDITO,6312,2026,Maio,5,292312.76,44835.29,1995.35,636.31,365390.95
Santo Expedito,SANTO EXPEDITO,6312,2026,Junho,6,363440.82,14192.87,3136.97,1125.4,454301.02499999997
Santo Expedito,SANTO EXPEDITO,6312,2026,Julho,7,295368.26,9383.01,2937.93,2450.72,369210.325
Santo Expedito,SANTO EXPEDITO,6312,2026,Agosto,8,316842.84,14610.25,2735.88,0.0,396053.55
Santo Expedito,SANTO EXPEDITO,6312,2026,Setembro,9,358734.91,0.0,2161.99,1095.1,448418.63749999995
Santos,SANTOS,6336,2026,Janeiro,1,55295371.73,60032401.72,453254.25,88792.06,69119214.6625
Santos,SANTOS,6336,2026,Fevereiro,2,34804596.31,25950196.99,421807.96,7247.95,43505745.3875
Santos,SANTOS,6336,2026,Março,3,81761846.7,21224338.36,377743.16,239091.41,102202308.375
Santos,SANTOS,6336,2026,Abril,4,52340608.55,16936198.53,406402.98,0.0,65425760.68749999
Santos,SANTOS,6336,2026,Maio,5,55429795.53,15879666.67,378368.91,120660.22,69287244.4125
Santos,SANTOS,6336,2026,Junho,6,68917452.42,5152216.29,594847.41,213403.96,86146815.52499999
Santos,SANTOS,6336,2026,Julho,7,56009194.26,6355119.19,557105.81,464717.52,70011492.82499999
Santos,SANTOS,6336,2026,Agosto,8,60081310.5,5765216.4,518790.2,0.0,75101638.125
Santos,SANTOS,6336,2026,Setembro,9,68025093.64,0.0,409966.33,207658.58,85031367.05
Santópolis do Aguapeí,SANTOPOLIS DO AGUAPEI,6324,2026,Janeiro,1,354537.22,226010.81,2868.55,576.1,443171.52499999997
Santópolis do Aguapeí,SANTOPOLIS DO AGUAPEI,6324,2026,Fevereiro,2,225819.71,102706.7,2736.78,47.03,282274.63749999995
Santópolis do Aguapeí,SANTOPOLIS DO AGUAPEI,6324,2026,Março,3,530488.46,84947.77,2450.88,1551.28,663110.575
Santópolis do Aguapeí,SANTOPOLIS DO AGUAPEI,6324,2026,Abril,4,339597.14,84285.56,2636.83,0.0,424496.425
Santópolis do Aguapeí,SANTOPOLIS DO AGUAPEI,6324,2026,Maio,5,359640.45,63681.6,2454.94,782.87,449550.5625
Santópolis do Aguapeí,SANTOPOLIS DO AGUAPEI,6324,2026,Junho,6,447151.27,13591.3,3859.5,1384.61,558939.0875
Santópolis do Aguapeí,SANTOPOLIS DO AGUAPEI,6324,2026,Julho,7,363399.71,21724.06,3614.62,3015.19,454249.6375
Santópolis do Aguapeí,SANTOPOLIS DO AGUAPEI,6324,2026,Agosto,8,389820.48,25027.76,3366.02,0.0,487275.6
Santópolis do Aguapeí,SANTOPOLIS DO AGUAPEI,6324,2026,Setembro,9,441361.45,0.0,2659.95,1347.33,551701.8125
Sarapuí,SARAPUI,6580,2026,Janeiro,1,917224.62,690983.26,7393.92,1495.38,1146530.775
Sarapuí,SARAPUI,6580,2026,Fevereiro,2,586155.18,331313.98,7103.8,122.06,732693.975
Sarapuí,SARAPUI,6580,2026,Março,3,1376977.04,298755.48,6361.69,4026.61,1721221.3
Sarapuí,SARAPUI,6580,2026,Abril,4,881484.69,222872.58,6844.36,0.0,1101855.8624999998
Sarapuí,SARAPUI,6580,2026,Maio,5,933510.67,209519.43,6372.23,2032.08,1166888.3375
Sarapuí,SARAPUI,6580,2026,Junho,6,1160660.55,53697.29,10018.01,3594.0,1450825.6875
Sarapuí,SARAPUI,6580,2026,Julho,7,943268.5,65321.62,9382.39,7826.45,1179085.625
Sarapuí,SARAPUI,6580,2026,Agosto,8,1011848.3,88671.38,8737.11,0.0,1264810.375
Sarapuí,SARAPUI,6580,2026,Setembro,9,1145632.05,0.0,6904.37,3497.24,1432040.0625
Sarutaiá,SARUTAIA,6592,2026,Janeiro,1,465354.93,226025.9,3771.18,755.09,581693.6625
Sarutaiá,SARUTAIA,6592,2026,Fevereiro,2,295978.67,94151.85,3587.06,61.64,369973.33749999997
Sarutaiá,SARUTAIA,6592,2026,Março,3,695303.65,90695.67,3212.33,2033.24,869129.5625
Sarutaiá,SARUTAIA,6592,2026,Abril,4,445105.11,70316.93,3456.06,0.0,556381.3875
Sarutaiá,SARUTAIA,6592,2026,Maio,5,471375.59,63099.75,3217.65,1026.1,589219.4875
Sarutaiá,SARUTAIA,6592,2026,Junho,6,586074.78,20359.77,5058.59,1814.79,732593.475
Sarutaiá,SARUTAIA,6592,2026,Julho,7,476302.81,23890.25,4737.63,3951.96,595378.5125
Sarutaiá,SARUTAIA,6592,2026,Agosto,8,510932.13,32647.98,4411.8,0.0,638665.1625
Sarutaiá,SARUTAIA,6592,2026,Setembro,9,578486.15,0.0,3486.36,1765.93,723107.6875
Sebastianópolis do Sul,SEBASTIANOPOLIS DO SUL,6609,2026,Janeiro,1,1263299.43,1176765.68,10129.57,2069.38,1579124.2874999999
Sebastianópolis do Sul,SEBASTIANOPOLIS DO SUL,6609,2026,Fevereiro,2,811150.91,161426.26,9830.6,168.92,1013938.6375
Sebastianópolis do Sul,SEBASTIANOPOLIS DO SUL,6609,2026,Março,3,1905529.82,164041.93,8803.63,5572.23,2381912.275
Sebastianópolis do Sul,SEBASTIANOPOLIS DO SUL,6609,2026,Abril,4,1219842.68,96731.85,9471.57,0.0,1524803.3499999999
Sebastianópolis do Sul,SEBASTIANOPOLIS DO SUL,6609,2026,Maio,5,1291838.83,117869.93,8818.21,2812.09,1614798.5375
Sebastianópolis do Sul,SEBASTIANOPOLIS DO SUL,6609,2026,Junho,6,1606180.21,99122.91,13863.43,4973.56,2007725.2625
Sebastianópolis do Sul,SEBASTIANOPOLIS DO SUL,6609,2026,Julho,7,1305342.21,65043.25,12983.83,10830.64,1631677.7625
Sebastianópolis do Sul,SEBASTIANOPOLIS DO SUL,6609,2026,Agosto,8,1400246.36,31536.3,12090.85,0.0,1750307.95
Sebastianópolis do Sul,SEBASTIANOPOLIS DO SUL,6609,2026,Setembro,9,1585383.03,0.0,9554.62,4839.66,1981728.7874999999
Serra Azul,SERRA AZUL,6610,2026,Janeiro,1,745286.61,449357.28,5973.45,1221.29,931608.2625
Serra Azul,SERRA AZUL,6610,2026,Fevereiro,2,478718.62,219948.38,5801.74,99.69,598398.2749999999
Serra Azul,SERRA AZUL,6610,2026,Março,3,1124590.51,208270.7,5195.66,3288.57,1405738.1375
Serra Azul,SERRA AZUL,6610,2026,Abril,4,719917.1,158321.71,5589.86,0.0,899896.3749999999
Serra Azul,SERRA AZUL,6610,2026,Maio,5,762407.22,164381.33,5204.26,1659.62,953009.0249999999
Serra Azul,SERRA AZUL,6610,2026,Junho,6,947922.73,57174.87,8181.81,2935.26,1184903.4124999999
Serra Azul,SERRA AZUL,6610,2026,Julho,7,770376.54,107283.83,7662.69,6391.94,962970.675
Serra Azul,SERRA AZUL,6610,2026,Agosto,8,826386.32,83946.77,7135.68,0.0,1032982.8999999999
Serra Azul,SERRA AZUL,6610,2026,Setembro,9,935648.81,0.0,5638.87,2856.23,1169561.0125
Serra Negra,SERRA NEGRA,6622,2026,Janeiro,1,1225891.55,3763197.06,9992.28,1978.69,1532364.4375
Serra Negra,SERRA NEGRA,6622,2026,Fevereiro,2,775604.42,1371274.45,9399.8,161.52,969505.525
Serra Negra,SERRA NEGRA,6622,2026,Março,3,1822025.14,1143470.73,8417.83,5328.04,2277531.425
Serra Negra,SERRA NEGRA,6622,2026,Abril,4,1166386.38,920007.02,9056.5,0.0,1457982.9749999999
Serra Negra,SERRA NEGRA,6622,2026,Maio,5,1235227.49,821885.05,8431.78,2688.86,1544034.3624999998
Serra Negra,SERRA NEGRA,6622,2026,Junho,6,1535793.72,229231.99,13255.9,4755.61,1919742.15
Serra Negra,SERRA NEGRA,6622,2026,Julho,7,1248139.13,304885.7,12414.85,10356.02,1560173.9124999999
Serra Negra,SERRA NEGRA,6622,2026,Agosto,8,1338884.36,295504.18,11561.0,0.0,1673605.45
Serra Negra,SERRA NEGRA,6622,2026,Setembro,9,1515907.92,0.0,9135.91,4627.58,1894884.9
Serrana,SERRANA,6634,2026,Janeiro,1,2147372.8,3219560.3,17200.37,3520.8,2684215.9999999995
Serrana,SERRANA,6634,2026,Fevereiro,2,1380080.54,1539032.82,16725.63,287.4,1725100.675
Serrana,SERRANA,6634,2026,Março,3,3242041.15,1349336.44,14978.37,9480.51,4052551.4374999995
Serrana,SERRANA,6634,2026,Abril,4,2075422.87,1054467.24,16114.79,0.0,2594278.5875
Serrana,SERRANA,6634,2026,Maio,5,2197916.09,972813.61,15003.18,4784.45,2747395.1125
Serrana,SERRANA,6634,2026,Junho,6,2732732.02,334297.31,23587.04,8461.95,3415915.025
Serrana,SERRANA,6634,2026,Julho,7,2220890.55,439372.31,22090.5,18427.1,2776113.1874999995
Serrana,SERRANA,6634,2026,Agosto,8,2382359.12,482809.08,20571.2,0.0,2977948.9
Serrana,SERRANA,6634,2026,Setembro,9,2697347.99,0.0,16256.09,8234.13,3371684.9875000003
Sertãozinho,SERTAOZINHO,6646,2026,Janeiro,1,12458849.59,18398854.83,99226.07,20530.21,15573561.987499999
Sertãozinho,SERTAOZINHO,6646,2026,Fevereiro,2,8047406.54,7138400.36,97529.08,1675.85,10059258.174999999
Sertãozinho,SERTAOZINHO,6646,2026,Março,3,18904710.58,6593183.05,87340.56,55281.95,23630888.224999998
Sertãozinho,SERTAOZINHO,6646,2026,Abril,4,12102026.76,5054231.43,93967.19,0.0,15127533.45
Sertãozinho,SERTAOZINHO,6646,2026,Maio,5,12816298.61,5204533.34,87485.24,27898.67,16020373.2625
Sertãozinho,SERTAOZINHO,6646,2026,Junho,6,15934871.15,1514391.7,137538.7,49342.57,19918588.9375
Sertãozinho,SERTAOZINHO,6646,2026,Julho,7,12950265.32,2107360.6,128812.21,107450.49,16187831.65
Sertãozinho,SERTAOZINHO,6646,2026,Agosto,8,13891806.9,1956557.84,119953.0,0.0,17364758.625
Sertãozinho,SERTAOZINHO,6646,2026,Setembro,9,15728542.83,0.0,94791.09,48014.15,19660678.537499998
Sete Barras,SETE BARRAS,6658,2026,Janeiro,1,2608421.86,711629.75,19936.8,4449.68,3260527.3249999997
Sete Barras,SETE BARRAS,6658,2026,Fevereiro,2,1744178.98,348232.29,21138.26,363.22,2180223.7249999996
Sete Barras,SETE BARRAS,6658,2026,Março,3,4097369.58,257787.67,18930.02,11981.7,5121711.975
Sete Barras,SETE BARRAS,6658,2026,Abril,4,2622969.34,240342.17,20366.26,0.0,3278711.675
Sete Barras,SETE BARRAS,6658,2026,Maio,5,2777779.21,192519.68,18961.38,6046.7,3472224.0124999997
Sete Barras,SETE BARRAS,6658,2026,Junho,6,3453692.45,88247.41,29809.87,10694.41,4317115.5625
Sete Barras,SETE BARRAS,6658,2026,Julho,7,2806814.89,74806.6,27918.5,23288.61,3508518.6125
Sete Barras,SETE BARRAS,6658,2026,Agosto,8,3010882.75,77250.76,25998.38,0.0,3763603.4375
Sete Barras,SETE BARRAS,6658,2026,Setembro,9,3408973.26,0.0,20544.83,10406.49,4261216.574999999
Severínia,SEVERINIA,6660,2026,Janeiro,1,837263.96,1047068.38,6803.86,1355.16,1046579.95
Severínia,SEVERINIA,6660,2026,Fevereiro,2,531192.36,439968.95,6437.69,110.62,663990.45
Severínia,SEVERINIA,6660,2026,Março,3,1247860.14,422094.48,5765.17,3649.04,1559825.1749999998
Severínia,SEVERINIA,6660,2026,Abril,4,798829.3,343669.46,6202.58,0.0,998536.625
Severínia,SEVERINIA,6660,2026,Maio,5,845976.88,363100.63,5774.72,1841.53,1057471.0999999999
Severínia,SEVERINIA,6660,2026,Junho,6,1051827.29,112111.16,9078.64,3257.0,1314784.1125
Severínia,SEVERINIA,6660,2026,Julho,7,854819.74,164935.03,8502.62,7092.58,1068524.6749999998
Severínia,SEVERINIA,6660,2026,Agosto,8,916968.92,173838.39,7917.84,0.0,1146211.15
Severínia,SEVERINIA,6660,2026,Setembro,9,1038207.99,0.0,6256.96,3169.31,1297759.9874999998
Silveiras,SILVEIRAS,6671,2026,Janeiro,1,783375.3,352439.01,6217.87,1294.71,979219.125
Silveiras,SILVEIRAS,6671,2026,Fevereiro,2,507497.15,140497.48,6150.52,105.68,634371.4375
Silveiras,SILVEIRAS,6671,2026,Março,3,1192196.1,118887.14,5508.0,3486.27,1490245.125
Silveiras,SILVEIRAS,6671,2026,Abril,4,763195.45,100460.34,5925.89,0.0,953994.3124999999
Silveiras,SILVEIRAS,6671,2026,Maio,5,808239.89,90103.66,5517.12,1759.39,1010299.8624999999
Silveiras,SILVEIRAS,6671,2026,Junho,6,1004907.8,23282.38,8673.66,3111.71,1256134.75
Silveiras,SILVEIRAS,6671,2026,Julho,7,816688.29,30688.72,8123.34,6776.2,1020860.3625
Silveiras,SILVEIRAS,6671,2026,Agosto,8,876065.14,25082.13,7564.65,0.0,1095081.425
Silveiras,SILVEIRAS,6671,2026,Setembro,9,991896.03,0.0,5977.85,3027.94,1239870.0374999999
Socorro,SOCORRO,6683,2026,Janeiro,1,2136901.23,5549783.35,17279.12,3474.23,2671126.5374999996
Socorro,SOCORRO,6683,2026,Fevereiro,2,1361825.62,2218165.92,16504.4,283.6,1702282.0250000001
Socorro,SOCORRO,6683,2026,Março,3,3199157.27,1808580.61,14780.24,9355.11,3998946.5875
Socorro,SOCORRO,6683,2026,Abril,4,2047970.36,1443982.24,15901.64,0.0,2559962.95
Socorro,SOCORRO,6683,2026,Maio,5,2168843.3,1284224.42,14804.72,4721.16,2711054.1249999995
Socorro,SOCORRO,6683,2026,Junho,6,2696584.99,437256.33,23275.04,8350.02,3370731.2375000003
Socorro,SOCORRO,6683,2026,Julho,7,2191513.87,487468.74,21798.3,18183.35,2739392.3375
Socorro,SOCORRO,6683,2026,Agosto,8,2350846.62,419687.7,20299.09,0.0,2938558.275
Socorro,SOCORRO,6683,2026,Setembro,9,2661669.0,0.0,16041.06,8125.21,3327086.25
Sorocaba,SOROCABA,6695,2026,Janeiro,1,64419780.39,100736045.45,517937.34,105271.58,80524725.4875
Sorocaba,SOROCABA,6695,2026,Fevereiro,2,41264215.71,47018975.8,500094.14,8593.14,51580269.637499996
Sorocaba,SOROCABA,6695,2026,Março,3,96936578.41,38106195.5,447851.06,283466.0,121170723.01249999
Sorocaba,SOROCABA,6695,2026,Abril,4,62054854.54,30093107.46,481830.04,0.0,77568568.175
Sorocaba,SOROCABA,6695,2026,Maio,5,65717384.54,26671144.62,448592.94,143054.36,82146730.675
Sorocaba,SOROCABA,6695,2026,Junho,6,81708306.5,9247181.83,705249.15,253011.03,102135383.125
Sorocaba,SOROCABA,6695,2026,Julho,7,66404317.78,10157223.44,660502.83,550967.58,83005397.225
Sorocaba,SOROCABA,6695,2026,Agosto,8,71232205.5,10286681.44,615075.97,0.0,89040256.875
Sorocaba,SOROCABA,6695,2026,Setembro,9,80650328.85,0.0,486054.74,246199.33,100812911.06249999
Sud Menucci,SUD MENUCCI,6701,2026,Janeiro,1,1321710.41,621370.19,10725.31,2142.03,1652138.0124999997
Sud Menucci,SUD MENUCCI,6701,2026,Fevereiro,2,839628.68,224324.9,10175.73,174.85,1049535.85
Sud Menucci,SUD MENUCCI,6701,2026,Março,3,1972428.9,200170.78,9112.7,5767.86,2465536.1249999995
Sud Menucci,SUD MENUCCI,6701,2026,Abril,4,1262668.75,156914.35,9804.1,0.0,1578335.9375
Sud Menucci,SUD MENUCCI,6701,2026,Maio,5,1337192.53,154088.53,9127.8,2910.82,1671490.6624999999
Sud Menucci,SUD MENUCCI,6701,2026,Junho,6,1662569.78,46360.54,14350.14,5148.17,2078212.2249999999
Sud Menucci,SUD MENUCCI,6701,2026,Julho,7,1351169.99,66720.07,13439.66,11210.88,1688962.4874999998
Sud Menucci,SUD MENUCCI,6701,2026,Agosto,8,1449406.03,69525.1,12515.33,0.0,1811757.5374999999
Sud Menucci,SUD MENUCCI,6701,2026,Setembro,9,1641042.45,0.0,9890.06,5009.57,2051303.0624999998
Sumaré,SUMARE,6713,2026,Janeiro,1,23035453.77,28293548.05,185646.64,37563.69,28794317.2125
Sumaré,SUMARE,6713,2026,Fevereiro,2,14724168.09,13925366.43,178446.87,3066.26,18405210.112499997
Sumaré,SUMARE,6713,2026,Março,3,34589545.69,11739201.32,159805.15,101148.2,43236932.1125
Sumaré,SUMARE,6713,2026,Abril,4,22142820.2,9188353.2,171929.76,0.0,27678525.249999996
Sumaré,SUMARE,6713,2026,Maio,5,23449708.18,8720346.74,160069.88,51045.59,29312135.224999998
Sumaré,SUMARE,6713,2026,Junho,6,29155693.83,3675079.59,251651.63,90281.06,36444617.287499994
Sumaré,SUMARE,6713,2026,Julho,7,23694824.2,4224875.94,235684.95,196599.86,29618530.249999996
Sumaré,SUMARE,6713,2026,Agosto,8,25417542.76,4329483.71,219475.44,0.0,31771928.45
Sumaré,SUMARE,6713,2026,Setembro,9,28778179.3,0.0,173437.24,87850.46,35972724.125
Suzano,SUZANO,6725,2026,Janeiro,1,27213139.76,23307607.24,219776.94,44292.75,34016424.7
Suzano,SUZANO,6725,2026,Fevereiro,2,17361813.84,11628626.08,210413.34,3615.54,21702267.299999997
Suzano,SUZANO,6725,2026,Março,3,40785818.89,9962458.83,188432.2,119267.6,50982273.6125
Suzano,SUZANO,6725,2026,Abril,4,26109422.27,8008689.32,202728.77,0.0,32636777.8375
Suzano,SUZANO,6725,2026,Maio,5,27650422.45,7182261.34,188744.34,60189.76,34563028.0625
Suzano,SUZANO,6725,2026,Junho,6,34378562.2,2495107.82,296731.79,106453.75,42973202.75
Suzano,SUZANO,6725,2026,Julho,7,27939447.86,3050726.12,277904.88,231818.21,34924309.824999996
Suzano,SUZANO,6725,2026,Agosto,8,29970769.34,3223461.51,258791.65,0.0,37463461.675
Suzano,SUZANO,6725,2026,Setembro,9,33933420.8,0.0,204506.3,103587.74,42416775.99999999
Suzanápolis,SUZANAPOLIS,7626,2026,Janeiro,1,1149308.07,462889.22,9094.11,1904.6,1436635.0875
Suzanápolis,SUZANAPOLIS,7626,2026,Fevereiro,2,746564.27,102486.66,9047.85,155.47,933205.3375
Suzanápolis,SUZANAPOLIS,7626,2026,Março,3,1753804.96,130095.07,8102.65,5128.55,2192256.1999999997
Suzanápolis,SUZANAPOLIS,7626,2026,Abril,4,1122714.6,68625.16,8717.41,0.0,1403393.25
Suzanápolis,SUZANAPOLIS,7626,2026,Maio,5,1188978.16,70794.4,8116.07,2588.18,1486222.6999999997
Suzanápolis,SUZANAPOLIS,7626,2026,Junho,6,1478290.6,26947.4,12759.57,4577.55,1847863.25
Suzanápolis,SUZANAPOLIS,7626,2026,Julho,7,1201406.36,28933.61,11950.01,9968.27,1501757.95
Suzanápolis,SUZANAPOLIS,7626,2026,Agosto,8,1288753.92,20207.37,11128.13,0.0,1610942.4
Suzanápolis,SUZANAPOLIS,7626,2026,Setembro,9,1459149.36,0.0,8793.84,4454.31,1823936.7
São Bento do Sapucaí,SAO BENTO DO SAPUCAI,6348,2026,Janeiro,1,921922.71,1208845.65,7362.72,1515.52,1152403.3875
São Bento do Sapucaí,SAO BENTO DO SAPUCAI,6348,2026,Fevereiro,2,594052.77,475857.74,7199.51,123.71,742565.9625
São Bento do Sapucaí,SAO BENTO DO SAPUCAI,6348,2026,Março,3,1395529.81,326159.83,6447.41,4080.87,1744412.2625
São Bento do Sapucaí,SAO BENTO DO SAPUCAI,6348,2026,Abril,4,893361.42,304660.34,6936.58,0.0,1116701.775
São Bento do Sapucaí,SAO BENTO DO SAPUCAI,6348,2026,Maio,5,946088.37,228336.89,6458.09,2059.46,1182610.4625
São Bento do Sapucaí,SAO BENTO DO SAPUCAI,6348,2026,Junho,6,1176298.76,90134.2,10152.99,3642.43,1470373.45
São Bento do Sapucaí,SAO BENTO DO SAPUCAI,6348,2026,Julho,7,955977.68,110252.15,9508.81,7931.9,1194972.1
São Bento do Sapucaí,SAO BENTO DO SAPUCAI,6348,2026,Agosto,8,1025481.48,106041.21,8854.83,0.0,1281851.8499999999
São Bento do Sapucaí,SAO BENTO DO SAPUCAI,6348,2026,Setembro,9,1161067.78,0.0,6997.4,3544.36,1451334.7249999999
São Bernardo do Campo,SAO BERNARDO DO CAMPO,6350,2026,Janeiro,1,95668588.13,110049604.45,768269.65,156501.2,119585735.1625
São Bernardo do Campo,SAO BERNARDO DO CAMPO,6350,2026,Fevereiro,2,61345135.39,46900585.12,743461.19,12774.93,76681419.2375
São Bernardo do Campo,SAO BERNARDO DO CAMPO,6350,2026,Março,3,144110033.94,39714285.87,665794.41,421412.59,180137542.42499998
São Bernardo do Campo,SAO BERNARDO DO CAMPO,6350,2026,Abril,4,92253381.97,30948467.1,716309.0,0.0,115316727.46249999
São Bernardo do Campo,SAO BERNARDO DO CAMPO,6350,2026,Maio,5,97698254.6,29359856.07,666897.32,212670.69,122122818.24999999
São Bernardo do Campo,SAO BERNARDO DO CAMPO,6350,2026,Junho,6,121471038.24,8854526.21,1048453.33,376136.94,151838797.79999998
São Bernardo do Campo,SAO BERNARDO DO CAMPO,6350,2026,Julho,7,98719478.72,12396770.52,981931.55,819091.8,123399348.39999999
São Bernardo do Campo,SAO BERNARDO DO CAMPO,6350,2026,Agosto,8,105896821.62,11757711.67,914398.06,0.0,132371027.025
São Bernardo do Campo,SAO BERNARDO DO CAMPO,6350,2026,Setembro,9,119898203.74,0.0,722589.62,366010.38,149872754.67499998
São Caetano do Sul,SAO CAETANO DO SUL,6361,2026,Janeiro,1,36611962.16,43439770.74,297046.75,59343.95,45764952.699999996
São Caetano do Sul,SAO CAETANO DO SUL,6361,2026,Fevereiro,2,23261562.61,16220466.68,281914.27,4844.15,29076953.2625
São Caetano do Sul,SAO CAETANO DO SUL,6361,2026,Março,3,54645320.37,12392331.66,252463.67,159796.13,68306650.46249999
São Caetano do Sul,SAO CAETANO DO SUL,6361,2026,Abril,4,34981711.37,9854789.79,271618.39,0.0,43727139.21249999
São Caetano do Sul,SAO CAETANO DO SUL,6361,2026,Maio,5,37046361.56,9459796.94,252881.89,80642.95,46307951.95
São Caetano do Sul,SAO CAETANO DO SUL,6361,2026,Junho,6,46060802.42,3181165.82,397564.74,142627.99,57576003.025
São Caetano do Sul,SAO CAETANO DO SUL,6361,2026,Julho,7,37433601.22,3243324.39,372340.24,310592.76,46792001.525
São Caetano do Sul,SAO CAETANO DO SUL,6361,2026,Agosto,8,40155189.65,3071204.85,346732.1,0.0,50193987.06249999
São Caetano do Sul,SAO CAETANO DO SUL,6361,2026,Setembro,9,45464396.73,0.0,273999.95,138788.08,56830495.912499994
São Carlos,SAO CARLOS,6373,2026,Janeiro,1,18932635.35,41625152.11,152647.21,30861.36,23665794.1875
São Carlos,SAO CARLOS,6373,2026,Fevereiro,2,12096994.59,14865394.97,146607.32,2519.16,15121243.237499999
São Carlos,SAO CARLOS,6373,2026,Março,3,28417873.57,11523726.08,131291.77,83100.73,35522341.9625
São Carlos,SAO CARLOS,6373,2026,Abril,4,18191966.75,9864249.1,141253.03,0.0,22739958.4375
São Carlos,SAO CARLOS,6373,2026,Maio,5,19265672.01,8726847.42,131509.26,41937.74,24082090.0125
São Carlos,SAO CARLOS,6373,2026,Junho,6,23953561.82,2631293.13,206750.45,74172.57,29941952.275
São Carlos,SAO CARLOS,6373,2026,Julho,7,19467052.98,2997198.81,193632.64,161521.35,24333816.224999998
São Carlos,SAO CARLOS,6373,2026,Agosto,8,20882393.86,2982642.27,180315.33,0.0,26102992.325
São Carlos,SAO CARLOS,6373,2026,Setembro,9,23643405.68,0.0,142491.54,72175.66,29554257.099999998
São Francisco,SAO FRANCISCO,6385,2026,Janeiro,1,291440.27,309843.74,2357.35,473.7,364300.3375
São Francisco,SAO FRANCISCO,6385,2026,Fevereiro,2,185678.93,83361.15,2250.3,38.67,232098.66249999998
São Francisco,SAO FRANCISCO,6385,2026,Março,3,436191.02,61778.06,2015.22,1275.53,545238.775
São Francisco,SAO FRANCISCO,6385,2026,Abril,4,279231.75,49890.58,2168.12,0.0,349039.6875
São Francisco,SAO FRANCISCO,6385,2026,Maio,5,295712.24,51432.18,2018.56,643.71,369640.3
São Francisco,SAO FRANCISCO,6385,2026,Junho,6,367667.5,9001.93,3173.45,1138.49,459584.375
São Francisco,SAO FRANCISCO,6385,2026,Julho,7,298803.27,13086.63,2972.1,2479.22,373504.0875
São Francisco,SAO FRANCISCO,6385,2026,Agosto,8,320527.59,15413.07,2767.69,0.0,400659.4875
São Francisco,SAO FRANCISCO,6385,2026,Setembro,9,362906.86,0.0,2187.13,1107.84,453633.57499999995
São Joaquim da Barra,SAO JOAQUIM DA BARRA,6427,2026,Janeiro,1,5049194.34,7122871.09,40883.14,8199.17,6311492.925
São Joaquim da Barra,SAO JOAQUIM DA BARRA,6427,2026,Fevereiro,2,3213900.83,2113425.19,38950.29,669.28,4017376.0375
São Joaquim da Barra,SAO JOAQUIM DA BARRA,6427,2026,Março,3,7549993.23,1689499.44,34881.29,22078.01,9437491.5375
São Joaquim da Barra,SAO JOAQUIM DA BARRA,6427,2026,Abril,4,4833198.57,1366048.16,37527.77,0.0,6041498.2125
São Joaquim da Barra,SAO JOAQUIM DA BARRA,6427,2026,Maio,5,5118458.03,1316355.3,34939.07,11141.92,6398072.5375
São Joaquim da Barra,SAO JOAQUIM DA BARRA,6427,2026,Junho,6,6363925.48,403898.1,54928.97,19705.99,7954906.850000001
São Joaquim da Barra,SAO JOAQUIM DA BARRA,6427,2026,Julho,7,5171960.45,519492.6,51443.86,42912.61,6464950.5625
São Joaquim da Barra,SAO JOAQUIM DA BARRA,6427,2026,Agosto,8,5547984.86,555865.21,47905.75,0.0,6934981.075
São Joaquim da Barra,SAO JOAQUIM DA BARRA,6427,2026,Setembro,9,6281523.93,0.0,37856.81,19175.46,7851904.9125
São José da Bela Vista,SAO JOSE DA BELA VISTA,6440,2026,Janeiro,1,756441.62,425675.85,6113.52,1230.41,945552.0249999999
São José da Bela Vista,SAO JOSE DA BELA VISTA,6440,2026,Fevereiro,2,482293.32,177803.87,5845.07,100.44,602866.65
São José da Bela Vista,SAO JOSE DA BELA VISTA,6440,2026,Março,3,1132988.08,117230.6,5234.45,3313.13,1416235.1
São José da Bela Vista,SAO JOSE DA BELA VISTA,6440,2026,Abril,4,725292.88,116269.59,5631.6,0.0,906616.1
São José da Bela Vista,SAO JOSE DA BELA VISTA,6440,2026,Maio,5,768100.28,98726.12,5243.12,1672.01,960125.35
São José da Bela Vista,SAO JOSE DA BELA VISTA,6440,2026,Junho,6,955001.08,35750.61,8242.9,2957.18,1193751.3499999999
São José da Bela Vista,SAO JOSE DA BELA VISTA,6440,2026,Julho,7,776129.11,38445.25,7719.91,6439.67,970161.3875
São José da Bela Vista,SAO JOSE DA BELA VISTA,6440,2026,Agosto,8,832557.13,55382.09,7188.97,0.0,1040696.4125
São José da Bela Vista,SAO JOSE DA BELA VISTA,6440,2026,Setembro,9,942635.51,0.0,5680.97,2877.56,1178294.3875
São José do Barreiro,SAO JOSE DO BARREIRO,6439,2026,Janeiro,1,923409.39,227730.48,6966.95,1591.67,1154261.7375
São José do Barreiro,SAO JOSE DO BARREIRO,6439,2026,Fevereiro,2,623899.79,83762.91,7561.24,129.93,779874.7375
São José do Barreiro,SAO JOSE DO BARREIRO,6439,2026,Março,3,1465645.48,61956.2,6771.34,4285.9,1832056.8499999999
São José do Barreiro,SAO JOSE DO BARREIRO,6439,2026,Abril,4,938246.62,45478.82,7285.09,0.0,1172808.275
São José do Barreiro,SAO JOSE DO BARREIRO,6439,2026,Maio,5,993622.73,48697.81,6782.56,2162.93,1242028.4124999999
São José do Barreiro,SAO JOSE DO BARREIRO,6439,2026,Junho,6,1235399.6,12485.43,10663.11,3825.43,1544249.5
São José do Barreiro,SAO JOSE DO BARREIRO,6439,2026,Julho,7,1004008.9,10937.86,9986.56,8330.43,1255011.125
São José do Barreiro,SAO JOSE DO BARREIRO,6439,2026,Agosto,8,1077004.79,24608.98,9299.72,0.0,1346255.9875
São José do Barreiro,SAO JOSE DO BARREIRO,6439,2026,Setembro,9,1219403.36,0.0,7348.97,3722.44,1524254.2
São José do Rio Pardo,SAO JOSE DO RIO PARDO,6464,2026,Janeiro,1,3524218.02,7600103.96,28574.81,5715.72,4405272.524999999
São José do Rio Pardo,SAO JOSE DO RIO PARDO,6464,2026,Fevereiro,2,2240438.56,2734001.53,27152.59,466.56,2800548.1999999997
São José do Rio Pardo,SAO JOSE DO RIO PARDO,6464,2026,Março,3,5263166.76,2403500.83,24316.05,15390.77,6578958.449999999
São José do Rio Pardo,SAO JOSE DO RIO PARDO,6464,2026,Abril,4,3369265.28,1876581.76,26160.94,0.0,4211581.6
São José do Rio Pardo,SAO JOSE DO RIO PARDO,6464,2026,Maio,5,3568122.16,1769529.69,24356.33,7767.13,4460152.7
São José do Rio Pardo,SAO JOSE DO RIO PARDO,6464,2026,Junho,6,4436348.48,621980.38,38291.47,13737.22,5545435.600000001
São José do Rio Pardo,SAO JOSE DO RIO PARDO,6464,2026,Julho,7,3605419.17,863557.04,35861.97,29914.76,4506773.962499999
São José do Rio Pardo,SAO JOSE DO RIO PARDO,6464,2026,Agosto,8,3867549.09,760684.67,33395.52,0.0,4834436.3625
São José do Rio Pardo,SAO JOSE DO RIO PARDO,6464,2026,Setembro,9,4378905.64,0.0,26390.32,13367.38,5473632.049999999
São José do Rio Preto,SAO JOSE DO RIO PRETO,6476,2026,Janeiro,1,26632630.85,85969337.89,215355.22,43299.71,33290788.5625
São José do Rio Preto,SAO JOSE DO RIO PRETO,6476,2026,Fevereiro,2,16972562.92,39640838.6,205695.88,3534.48,21215703.650000002
São José do Rio Preto,SAO JOSE DO RIO PRETO,6476,2026,Março,3,39871403.06,31236696.21,184207.56,116593.63,49839253.825
São José do Rio Preto,SAO JOSE DO RIO PRETO,6476,2026,Abril,4,25524050.45,25526382.42,198183.6,0.0,31905063.062499996
São José do Rio Preto,SAO JOSE DO RIO PRETO,6476,2026,Maio,5,27030501.49,23431536.0,184512.7,58840.31,33788126.8625
São José do Rio Preto,SAO JOSE DO RIO PRETO,6476,2026,Junho,6,33607796.72,7379071.0,290079.08,104067.06,42009745.9
São José do Rio Preto,SAO JOSE DO RIO PRETO,6476,2026,Julho,7,27313046.97,8898893.43,271674.27,226620.86,34141308.7125
São José do Rio Preto,SAO JOSE DO RIO PRETO,6476,2026,Agosto,8,29298826.34,8323433.37,252989.56,0.0,36623532.925
São José do Rio Preto,SAO JOSE DO RIO PRETO,6476,2026,Setembro,9,33172635.36,0.0,199921.28,101265.31,41465794.199999996
São José dos Campos,SAO JOSE DOS CAMPOS,6452,2026,Janeiro,1,89796877.18,95632212.08,730566.9,145187.28,112246096.47500001
São José dos Campos,SAO JOSE DOS CAMPOS,6452,2026,Fevereiro,2,56910321.02,41727542.28,689714.26,11851.39,71137901.275
São José dos Campos,SAO JOSE DOS CAMPOS,6452,2026,Março,3,133691909.57,30394053.89,617662.23,390947.48,167114886.96249998
São José dos Campos,SAO JOSE DOS CAMPOS,6452,2026,Abril,4,85584122.51,24985629.4,664524.99,0.0,106980153.1375
São José dos Campos,SAO JOSE DOS CAMPOS,6452,2026,Maio,5,90635369.81,22312355.34,618685.42,197296.12,113294212.2625
São José dos Campos,SAO JOSE DOS CAMPOS,6452,2026,Junho,6,112689551.28,7534101.14,972657.66,348944.93,140861939.1
São José dos Campos,SAO JOSE DOS CAMPOS,6452,2026,Julho,7,91582766.74,8442858.25,910944.93,759877.32,114478458.42499998
São José dos Campos,SAO JOSE DOS CAMPOS,6452,2026,Agosto,8,98241239.09,8336843.74,848293.62,0.0,122801548.8625
São José dos Campos,SAO JOSE DOS CAMPOS,6452,2026,Setembro,9,111230421.46,0.0,670351.56,339550.45,139038026.825
São João da Boa Vista,SAO JOAO DA BOA VISTA,6397,2026,Janeiro,1,6357862.57,14526765.36,51418.14,10335.33,7947328.2125
São João da Boa Vista,SAO JOAO DA BOA VISTA,6397,2026,Fevereiro,2,4051231.14,5190035.86,49098.16,843.66,5064038.925
São João da Boa Vista,SAO JOAO DA BOA VISTA,6397,2026,Março,3,9517022.88,4268420.96,43969.05,27830.08,11896278.6
São João da Boa Vista,SAO JOAO DA BOA VISTA,6397,2026,Abril,4,6092410.94,3498497.45,47305.03,0.0,7615513.675
São João da Boa Vista,SAO JOAO DA BOA VISTA,6397,2026,Maio,5,6451990.18,3172566.54,44041.88,14044.77,8064987.725
São João da Boa Vista,SAO JOAO DA BOA VISTA,6397,2026,Junho,6,8021944.19,935537.83,69239.83,24840.07,10027430.2375
São João da Boa Vista,SAO JOAO DA BOA VISTA,6397,2026,Julho,7,6519431.8,1037804.41,64846.73,54092.8,8149289.749999999
São João da Boa Vista,SAO JOAO DA BOA VISTA,6397,2026,Agosto,8,6993423.34,1147054.31,60386.82,0.0,8741779.174999999
São João da Boa Vista,SAO JOAO DA BOA VISTA,6397,2026,Setembro,9,7918074.24,0.0,47719.8,24171.32,9897592.799999999
São João das Duas Pontes,SAO JOAO DAS DUAS PONTES,6403,2026,Janeiro,1,315489.55,192337.14,2553.93,512.41,394361.93749999994
São João das Duas Pontes,SAO JOAO DAS DUAS PONTES,6403,2026,Fevereiro,2,200855.51,92956.99,2434.23,41.83,251069.3875
São João das Duas Pontes,SAO JOAO DAS DUAS PONTES,6403,2026,Março,3,471843.34,59537.52,2179.94,1379.78,589804.175
São João das Duas Pontes,SAO JOAO DAS DUAS PONTES,6403,2026,Abril,4,302054.92,60151.23,2345.33,0.0,377568.64999999997
São João das Duas Pontes,SAO JOAO DAS DUAS PONTES,6403,2026,Maio,5,319882.45,47371.09,2183.55,696.32,399853.0625
São João das Duas Pontes,SAO JOAO DAS DUAS PONTES,6403,2026,Junho,6,397719.02,13626.34,3432.83,1231.54,497148.775
São João das Duas Pontes,SAO JOAO DAS DUAS PONTES,6403,2026,Julho,7,323226.13,13864.83,3215.03,2681.86,404032.6625
São João das Duas Pontes,SAO JOAO DAS DUAS PONTES,6403,2026,Agosto,8,346726.1,8246.36,2993.91,0.0,433407.62499999994
São João das Duas Pontes,SAO JOAO DAS DUAS PONTES,6403,2026,Setembro,9,392569.26,0.0,2365.89,1198.39,490711.575
São João de Iracema,SAO JOAO DE IRACEMA,7614,2026,Janeiro,1,356351.51,138920.76,2890.08,577.81,445439.3875
São João de Iracema,SAO JOAO DE IRACEMA,7614,2026,Fevereiro,2,226489.66,67270.3,2744.9,47.17,283112.075
São João de Iracema,SAO JOAO DE IRACEMA,7614,2026,Março,3,532062.29,57022.48,2458.15,1555.88,665077.8625
São João de Iracema,SAO JOAO DE IRACEMA,7614,2026,Abril,4,340604.64,52412.06,2644.65,0.0,425755.8
São João de Iracema,SAO JOAO DE IRACEMA,7614,2026,Maio,5,360707.41,45192.29,2462.22,785.19,450884.26249999995
São João de Iracema,SAO JOAO DE IRACEMA,7614,2026,Junho,6,448477.85,11817.47,3870.95,1388.72,560597.3124999999
São João de Iracema,SAO JOAO DE IRACEMA,7614,2026,Julho,7,364477.83,27626.22,3625.35,3024.13,455597.2875
São João de Iracema,SAO JOAO DE IRACEMA,7614,2026,Agosto,8,390976.98,12636.28,3376.01,0.0,488721.225
São João de Iracema,SAO JOAO DE IRACEMA,7614,2026,Setembro,9,442670.86,0.0,2667.84,1351.33,553338.575
São João do Pau D'Alho,SAO JOAO DO PAU DALHO,6415,2026,Janeiro,1,353257.02,219774.97,2847.17,576.01,441571.275
São João do Pau D'Alho,SAO JOAO DO PAU DALHO,6415,2026,Fevereiro,2,225785.48,62565.76,2736.37,47.02,282231.85
São João do Pau D'Alho,SAO JOAO DO PAU DALHO,6415,2026,Março,3,530408.05,60559.18,2450.51,1551.04,663010.0625
São João do Pau D'Alho,SAO JOAO DO PAU DALHO,6415,2026,Abril,4,339545.66,48191.92,2636.43,0.0,424432.07499999995
São João do Pau D'Alho,SAO JOAO DO PAU DALHO,6415,2026,Maio,5,359585.93,40844.96,2454.57,782.75,449482.4125
São João do Pau D'Alho,SAO JOAO DO PAU DALHO,6415,2026,Junho,6,447083.49,4934.38,3858.91,1384.4,558854.3624999999
São João do Pau D'Alho,SAO JOAO DO PAU DALHO,6415,2026,Julho,7,363344.62,13890.43,3614.07,3014.73,454180.77499999997
São João do Pau D'Alho,SAO JOAO DO PAU DALHO,6415,2026,Agosto,8,389761.39,20851.92,3365.51,0.0,487201.7375
São João do Pau D'Alho,SAO JOAO DO PAU DALHO,6415,2026,Setembro,9,441294.55,0.0,2659.55,1347.13,551618.1875
São Lourenço da Serra,SAO LOURENCO DA SERRA,7729,2026,Janeiro,1,799001.11,895080.66,6362.88,1316.74,998751.3875
São Lourenço da Serra,SAO LOURENCO DA SERRA,7729,2026,Fevereiro,2,516133.15,416407.0,6255.18,107.48,645166.4375
São Lourenço da Serra,SAO LOURENCO DA SERRA,7729,2026,Março,3,1212483.52,403685.59,5601.72,3545.6,1515604.4
São Lourenço da Serra,SAO LOURENCO DA SERRA,7729,2026,Abril,4,776182.63,323053.72,6026.73,0.0,970228.2875
São Lourenço da Serra,SAO LOURENCO DA SERRA,7729,2026,Maio,5,821993.58,296107.43,5611.0,1789.33,1027491.9749999999
São Lourenço da Serra,SAO LOURENCO DA SERRA,7729,2026,Junho,6,1022008.17,110690.62,8821.26,3164.66,1277510.2125
São Lourenço da Serra,SAO LOURENCO DA SERRA,7729,2026,Julho,7,830585.75,117890.11,8261.57,6891.51,1038232.1875
São Lourenço da Serra,SAO LOURENCO DA SERRA,7729,2026,Agosto,8,890973.01,158846.16,7693.38,0.0,1113716.2625
São Lourenço da Serra,SAO LOURENCO DA SERRA,7729,2026,Setembro,9,1008774.97,0.0,6079.58,3079.46,1260968.7125
São Luiz do Paraitinga,SAO LUIZ DO PARAITINGA,6488,2026,Janeiro,1,959421.94,1023337.75,7750.7,1561.16,1199277.4249999998
São Luiz do Paraitinga,SAO LUIZ DO PARAITINGA,6488,2026,Fevereiro,2,611943.38,344991.76,7416.34,127.44,764929.225
São Luiz do Paraitinga,SAO LUIZ DO PARAITINGA,6488,2026,Março,3,1437557.85,277076.96,6641.58,4203.77,1796947.3125
São Luiz do Paraitinga,SAO LUIZ DO PARAITINGA,6488,2026,Abril,4,920266.06,210095.03,7145.48,0.0,1150332.575
São Luiz do Paraitinga,SAO LUIZ DO PARAITINGA,6488,2026,Maio,5,974580.95,188783.49,6652.58,2121.48,1218226.1874999998
São Luiz do Paraitinga,SAO LUIZ DO PARAITINGA,6488,2026,Junho,6,1211724.4,60265.62,10458.76,3752.12,1514655.4999999998
São Luiz do Paraitinga,SAO LUIZ DO PARAITINGA,6488,2026,Julho,7,984768.08,77821.65,9795.18,8170.78,1230960.0999999999
São Luiz do Paraitinga,SAO LUIZ DO PARAITINGA,6488,2026,Agosto,8,1056365.08,67100.73,9121.5,0.0,1320456.35
São Luiz do Paraitinga,SAO LUIZ DO PARAITINGA,6488,2026,Setembro,9,1196034.72,0.0,7208.13,3651.11,1495043.4
São Manuel,SAO MANUEL,6490,2026,Janeiro,1,3153211.59,3963330.19,25423.98,5139.79,3941514.4875
São Manuel,SAO MANUEL,6490,2026,Fevereiro,2,2014689.76,1511481.96,24416.67,419.55,2518362.1999999997
São Manuel,SAO MANUEL,6490,2026,Março,3,4732844.87,1365788.58,21865.94,13839.98,5916056.087499999
São Manuel,SAO MANUEL,6490,2026,Abril,4,3029774.77,1065335.99,23524.94,0.0,3787218.4625
São Manuel,SAO MANUEL,6490,2026,Maio,5,3208594.64,1156201.56,21902.16,6984.51,4010743.3
São Manuel,SAO MANUEL,6490,2026,Junho,6,3989337.62,270366.63,34433.18,12353.05,4986672.024999999
São Manuel,SAO MANUEL,6490,2026,Julho,7,3242133.57,414492.29,32248.48,26900.52,4052666.9624999994
São Manuel,SAO MANUEL,6490,2026,Agosto,8,3477851.02,410110.11,30030.55,0.0,4347313.774999999
São Manuel,SAO MANUEL,6490,2026,Setembro,9,3937682.77,0.0,23731.2,12020.47,4922103.462499999
São Miguel Arcanjo,SAO MIGUEL ARCANJO,6506,2026,Janeiro,1,2547066.96,2458156.8,20457.42,4166.1,3183833.6999999997
São Miguel Arcanjo,SAO MIGUEL ARCANJO,6506,2026,Fevereiro,2,1633023.46,1014886.87,19791.13,340.07,2041279.325
São Miguel Arcanjo,SAO MIGUEL ARCANJO,6506,2026,Março,3,3836246.59,888444.21,17723.62,11218.11,4795308.2375
São Miguel Arcanjo,SAO MIGUEL ARCANJO,6506,2026,Abril,4,2455809.02,714096.89,19068.33,0.0,3069761.275
São Miguel Arcanjo,SAO MIGUEL ARCANJO,6506,2026,Maio,5,2600752.95,668203.29,17752.98,5661.35,3250941.1875
São Miguel Arcanjo,SAO MIGUEL ARCANJO,6506,2026,Junho,6,3233590.63,204303.85,27910.1,10012.86,4041988.2874999996
São Miguel Arcanjo,SAO MIGUEL ARCANJO,6506,2026,Julho,7,2627938.2,310687.01,26139.27,21804.44,3284922.75
São Miguel Arcanjo,SAO MIGUEL ARCANJO,6506,2026,Agosto,8,2819000.94,285359.5,24341.51,0.0,3523751.175
São Miguel Arcanjo,SAO MIGUEL ARCANJO,6506,2026,Setembro,9,3191721.37,0.0,19235.52,9743.29,3989651.7125
São Paulo,SAO PAULO,1004,2026,Janeiro,1,668931738.03,1775338828.13,5390304.34,1090952.63,836164672.5374999
São Paulo,SAO PAULO,1004,2026,Fevereiro,2,427630195.15,762837703.53,5182586.22,89052.62,534537743.93749994
São Paulo,SAO PAULO,1004,2026,Março,3,1004575204.64,559310825.63,4641179.62,2937620.85,1255719005.8
São Paulo,SAO PAULO,1004,2026,Abril,4,643088184.33,444558343.65,4993311.32,0.0,803860230.4125
São Paulo,SAO PAULO,1004,2026,Maio,5,681043792.88,388340935.57,4648867.92,1482503.97,851304741.0999999
São Paulo,SAO PAULO,1004,2026,Junho,6,846761254.3,140488309.53,7308652.92,2622009.29,1058451567.8749999
São Paulo,SAO PAULO,1004,2026,Julho,7,688162633.99,153363325.28,6844936.9,5709798.88,860203292.4875
São Paulo,SAO PAULO,1004,2026,Agosto,8,738195102.3,146855172.98,6374168.33,0.0,922743877.8749999
São Paulo,SAO PAULO,1004,2026,Setembro,9,835797197.89,0.0,5037092.83,2551418.11,1044746497.3625
São Pedro,SAO PEDRO,6518,2026,Janeiro,1,2355447.96,4441694.94,18984.6,3840.71,2944309.9499999997
São Pedro,SAO PEDRO,6518,2026,Fevereiro,2,1505476.17,1732557.94,18245.34,313.51,1881845.2125
São Pedro,SAO PEDRO,6518,2026,Março,3,3536616.56,1542093.2,16339.32,10341.92,4420770.7
São Pedro,SAO PEDRO,6518,2026,Abril,4,2263998.07,1164320.75,17579.0,0.0,2829997.5874999994
São Pedro,SAO PEDRO,6518,2026,Maio,5,2397621.15,1074021.43,16366.38,5219.17,2997026.4374999995
São Pedro,SAO PEDRO,6518,2026,Junho,6,2981031.05,321984.39,25730.18,9230.81,3726288.8124999995
São Pedro,SAO PEDRO,6518,2026,Julho,7,2422683.1,439547.4,24097.67,20101.4,3028353.875
São Pedro,SAO PEDRO,6518,2026,Agosto,8,2598822.88,413812.94,22440.32,0.0,3248528.5999999996
São Pedro,SAO PEDRO,6518,2026,Setembro,9,2942431.98,0.0,17733.13,8982.29,3678039.9749999996
São Pedro do Turvo,SAO PEDRO DO TURVO,6520,2026,Janeiro,1,1497740.35,572445.17,12181.4,2422.31,1872175.4375
São Pedro do Turvo,SAO PEDRO DO TURVO,6520,2026,Fevereiro,2,949493.2,219398.68,11507.21,197.73,1186866.4999999998
São Pedro do Turvo,SAO PEDRO DO TURVO,6520,2026,Março,3,2230519.12,174443.92,10305.09,6522.58,2788148.9
São Pedro do Turvo,SAO PEDRO DO TURVO,6520,2026,Abril,4,1427887.61,154734.97,11086.95,0.0,1784859.5125
São Pedro do Turvo,SAO PEDRO DO TURVO,6520,2026,Maio,5,1512162.75,155818.7,10322.16,3291.69,1890203.4375
São Pedro do Turvo,SAO PEDRO DO TURVO,6520,2026,Junho,6,1880115.26,38518.86,16227.84,5821.81,2350144.0749999997
São Pedro do Turvo,SAO PEDRO DO TURVO,6520,2026,Julho,7,1527969.14,50830.48,15198.23,12677.81,1909961.4249999998
São Pedro do Turvo,SAO PEDRO DO TURVO,6520,2026,Agosto,8,1639059.26,66670.42,14152.95,0.0,2048824.075
São Pedro do Turvo,SAO PEDRO DO TURVO,6520,2026,Setembro,9,1855771.1,0.0,11184.16,5665.07,2319713.875
São Roque,SAO ROQUE,6531,2026,Janeiro,1,5527785.1,9790270.16,44350.94,9049.98,6909731.374999999
São Roque,SAO ROQUE,6531,2026,Fevereiro,2,3547399.16,4531481.54,42992.06,738.73,4434248.95
São Roque,SAO ROQUE,6531,2026,Março,3,8333436.87,3996453.53,38500.83,24368.98,10416796.0875
São Roque,SAO ROQUE,6531,2026,Abril,4,5334727.32,2995252.52,41421.93,0.0,6668409.15
São Roque,SAO ROQUE,6531,2026,Maio,5,5649587.44,2819549.72,38564.61,12298.09,7061984.3
São Roque,SAO ROQUE,6531,2026,Junho,6,7024293.88,780976.6,60628.81,21750.83,8780367.35
São Roque,SAO ROQUE,6531,2026,Julho,7,5708641.67,1109993.98,56782.06,47365.54,7135802.087499999
São Roque,SAO ROQUE,6531,2026,Agosto,8,6123685.17,1067586.17,52876.81,0.0,7654606.462499999
São Roque,SAO ROQUE,6531,2026,Setembro,9,6933341.73,0.0,41785.12,21165.25,8666677.1625
São Sebastião,SAO SEBASTIAO,6543,2026,Janeiro,1,5074689.63,8346961.53,41121.94,8234.72,6343362.0375
São Sebastião,SAO SEBASTIAO,6543,2026,Fevereiro,2,3227835.3,3848624.7,39119.16,672.19,4034794.1249999995
São Sebastião,SAO SEBASTIAO,6543,2026,Março,3,7582727.66,3046608.04,35032.52,22173.73,9478409.575
São Sebastião,SAO SEBASTIAO,6543,2026,Abril,4,4854153.82,2459888.72,37690.48,0.0,6067692.275
São Sebastião,SAO SEBASTIAO,6543,2026,Maio,5,5140650.08,2121293.07,35090.55,11190.23,6425812.6
São Sebastião,SAO SEBASTIAO,6543,2026,Junho,6,6391517.49,729900.42,55167.12,19791.43,7989396.8625
São Sebastião,SAO SEBASTIAO,6543,2026,Julho,7,5194384.47,864575.29,51666.91,43098.66,6492980.587499999
São Sebastião,SAO SEBASTIAO,6543,2026,Agosto,8,5572039.2,903715.33,48113.45,0.0,6965049.0
São Sebastião,SAO SEBASTIAO,6543,2026,Setembro,9,6308758.67,0.0,38020.95,19258.6,7885948.337499999
São Sebastião da Grama,SAO SEBASTIAO DA GRAMA,6555,2026,Janeiro,1,811065.36,1049266.6,6528.17,1324.1,1013831.7
São Sebastião da Grama,SAO SEBASTIAO DA GRAMA,6555,2026,Fevereiro,2,519020.78,416503.13,6290.18,108.08,648775.975
São Sebastião da Grama,SAO SEBASTIAO DA GRAMA,6555,2026,Março,3,1219267.05,322821.97,5633.06,3565.43,1524083.8125
São Sebastião da Grama,SAO SEBASTIAO DA GRAMA,6555,2026,Abril,4,780525.17,258578.5,6060.45,0.0,975656.4625
São Sebastião da Grama,SAO SEBASTIAO DA GRAMA,6555,2026,Maio,5,826592.43,207912.07,5642.4,1799.34,1033240.5375
São Sebastião da Grama,SAO SEBASTIAO DA GRAMA,6555,2026,Junho,6,1027726.04,64749.5,8870.61,3182.37,1284657.55
São Sebastião da Grama,SAO SEBASTIAO DA GRAMA,6555,2026,Julho,7,835232.67,102550.1,8307.8,6930.06,1044040.8375
São Sebastião da Grama,SAO SEBASTIAO DA GRAMA,6555,2026,Agosto,8,895957.78,87124.47,7736.42,0.0,1119947.2249999999
São Sebastião da Grama,SAO SEBASTIAO DA GRAMA,6555,2026,Setembro,9,1014418.81,0.0,6113.59,3096.69,1268023.5125
São Simão,SAO SIMAO,6567,2026,Janeiro,1,1559081.34,1451333.88,12586.71,2538.44,1948851.675
São Simão,SAO SIMAO,6567,2026,Fevereiro,2,995013.15,543660.68,12058.88,207.21,1243766.4375
São Simão,SAO SIMAO,6567,2026,Março,3,2337453.12,523434.44,10799.13,6835.28,2921816.4
São Simão,SAO SIMAO,6567,2026,Abril,4,1496342.41,425574.73,11618.47,0.0,1870428.0124999997
São Simão,SAO SIMAO,6567,2026,Maio,5,1584657.81,403730.64,10817.02,3449.5,1980822.2625
São Simão,SAO SIMAO,6567,2026,Junho,6,1970250.44,105257.47,17005.83,6100.91,2462813.05
São Simão,SAO SIMAO,6567,2026,Julho,7,1601221.98,151770.21,15926.85,13285.6,2001527.4749999999
São Simão,SAO SIMAO,6567,2026,Agosto,8,1717637.9,156102.18,14831.46,0.0,2147047.3749999995
São Simão,SAO SIMAO,6567,2026,Setembro,9,1944739.19,0.0,11720.35,5936.66,2430923.9875
São Vicente,SAO VICENTE,6579,2026,Janeiro,1,8930949.48,15179764.76,72225.03,14518.6,11163686.85
São Vicente,SAO VICENTE,6579,2026,Fevereiro,2,5690981.0,7915481.22,68970.81,1185.13,7113726.25
São Vicente,SAO VICENTE,6579,2026,Março,3,13369070.91,6860689.31,61765.67,39094.4,16711338.6375
São Vicente,SAO VICENTE,6579,2026,Abril,4,8558335.4,5469096.54,66451.9,0.0,10697919.25
São Vicente,SAO VICENTE,6579,2026,Maio,5,9063455.6,5003730.68,61867.99,19729.43,11329319.499999998
São Vicente,SAO VICENTE,6579,2026,Junho,6,11268853.94,2058288.94,97264.89,34894.18,14086067.424999999
São Vicente,SAO VICENTE,6579,2026,Julho,7,9158194.44,2451097.56,91093.67,75987.05,11447743.049999999
São Vicente,SAO VICENTE,6579,2026,Agosto,8,9824035.69,2480407.21,84828.6,0.0,12280044.612499999
São Vicente,SAO VICENTE,6579,2026,Setembro,9,11122942.27,0.0,67034.55,33954.74,13903677.837499999
Tabapuã,TABAPUA,6737,2026,Janeiro,1,1066626.11,1528275.5,8560.53,1745.77,1333282.6375
Tabapuã,TABAPUA,6737,2026,Fevereiro,2,684305.35,463930.48,8293.31,142.5,855381.6874999999
Tabapuã,TABAPUA,6737,2026,Março,3,1607548.28,471231.62,7426.94,4700.86,2009435.3499999999
Tabapuã,TABAPUA,6737,2026,Abril,4,1029087.02,292695.75,7990.43,0.0,1286358.775
Tabapuã,TABAPUA,6737,2026,Maio,5,1089824.61,380001.51,7439.24,2372.34,1362280.7625
Tabapuã,TABAPUA,6737,2026,Junho,6,1355010.15,89769.84,11695.5,4195.81,1693762.6874999998
Tabapuã,TABAPUA,6737,2026,Julho,7,1101216.37,189241.47,10953.45,9136.97,1376520.4625000001
Tabapuã,TABAPUA,6737,2026,Agosto,8,1181279.67,191068.12,10200.12,0.0,1476599.5875
Tabapuã,TABAPUA,6737,2026,Setembro,9,1337465.17,0.0,8060.49,4082.85,1671831.4625
Tabatinga,TABATINGA,6749,2026,Janeiro,1,1222956.13,1774203.72,9935.76,1979.84,1528695.1624999999
Tabatinga,TABATINGA,6749,2026,Fevereiro,2,776056.76,592526.34,9405.28,161.61,970070.95
Tabatinga,TABATINGA,6749,2026,Março,3,1823087.76,456408.63,8422.74,5331.15,2278859.6999999997
Tabatinga,TABATINGA,6749,2026,Abril,4,1167066.63,369608.65,9061.79,0.0,1458833.2874999999
Tabatinga,TABATINGA,6749,2026,Maio,5,1235947.89,329475.57,8436.69,2690.43,1544934.8624999998
Tabatinga,TABATINGA,6749,2026,Junho,6,1536689.41,115651.24,13263.63,4758.38,1920861.7624999997
Tabatinga,TABATINGA,6749,2026,Julho,7,1248867.05,138821.27,12422.09,10362.06,1561083.8125
Tabatinga,TABATINGA,6749,2026,Agosto,8,1339665.21,184465.6,11567.74,0.0,1674581.5125
Tabatinga,TABATINGA,6749,2026,Setembro,9,1516792.01,0.0,9141.24,4630.27,1895990.0125
Taboão da Serra,TABOAO DA SERRA,6750,2026,Janeiro,1,14461663.01,20728148.24,117575.85,23396.84,18077078.7625
Taboão da Serra,TABOAO DA SERRA,6750,2026,Fevereiro,2,9171064.82,10272235.91,111147.05,1909.84,11463831.025
Taboão da Serra,TABOAO DA SERRA,6750,2026,Março,3,21544372.74,8791269.29,99535.91,63000.96,26930465.924999997
Taboão da Serra,TABOAO DA SERRA,6750,2026,Abril,4,13791831.1,6859253.64,107087.81,0.0,17239788.875
Taboão da Serra,TABOAO DA SERRA,6750,2026,Maio,5,14605836.64,6103222.35,99700.79,31794.15,18257295.8
Taboão da Serra,TABOAO DA SERRA,6750,2026,Junho,6,18159855.03,2262436.48,156743.21,56232.27,22699818.7875
Taboão da Serra,TABOAO DA SERRA,6750,2026,Julho,7,14758509.1,2711429.51,146798.24,122453.78,18448136.375
Taboão da Serra,TABOAO DA SERRA,6750,2026,Agosto,8,15831518.01,2558587.27,136702.02,0.0,19789397.5125
Taboão da Serra,TABOAO DA SERRA,6750,2026,Setembro,9,17924717.12,0.0,108026.76,54718.36,22405896.4
Taciba,TACIBA,6762,2026,Janeiro,1,2242884.34,480934.04,18061.47,3660.04,2803605.425
Taciba,TACIBA,6762,2026,Fevereiro,2,1434657.04,191506.53,17387.06,298.76,1793321.3
Taciba,TACIBA,6762,2026,Março,3,3370250.52,163954.55,15570.7,9855.43,4212813.149999999
Taciba,TACIBA,6762,2026,Abril,4,2157497.3,118922.98,16752.07,0.0,2696871.6249999995
Taciba,TACIBA,6762,2026,Maio,5,2284834.61,103694.51,15596.49,4973.65,2856043.2624999997
Taciba,TACIBA,6762,2026,Junho,6,2840800.32,26803.57,24519.81,8796.58,3551000.3999999994
Taciba,TACIBA,6762,2026,Julho,7,2308717.62,58804.73,22964.09,19155.81,2885897.025
Taciba,TACIBA,6762,2026,Agosto,8,2476571.61,46517.53,21384.7,0.0,3095714.5124999997
Taciba,TACIBA,6762,2026,Setembro,9,2804016.99,0.0,16898.95,8559.76,3505021.2375000003
Taguaí,TAGUAI,6774,2026,Janeiro,1,935122.95,1107192.94,7580.08,1516.98,1168903.6874999998
Taguaí,TAGUAI,6774,2026,Fevereiro,2,594624.92,436869.01,7206.45,123.83,743281.15
Taguaí,TAGUAI,6774,2026,Março,3,1396873.88,441723.28,6453.62,4084.8,1746092.3499999999
Taguaí,TAGUAI,6774,2026,Abril,4,894221.84,353050.45,6943.26,0.0,1117777.2999999998
Taguaí,TAGUAI,6774,2026,Maio,5,946999.57,324173.04,6464.31,2061.44,1183749.4625
Taguaí,TAGUAI,6774,2026,Junho,6,1177431.69,122102.12,10162.77,3645.94,1471789.6124999998
Taguaí,TAGUAI,6774,2026,Julho,7,956898.4,135272.97,9517.97,7939.54,1196123.0
Taguaí,TAGUAI,6774,2026,Agosto,8,1026469.15,179548.14,8863.36,0.0,1283086.4375
Taguaí,TAGUAI,6774,2026,Setembro,9,1162186.03,0.0,7004.14,3547.78,1452732.5374999999
Taiaçu,TAIACU,6786,2026,Janeiro,1,449881.76,524452.92,3654.48,728.41,562352.2
Taiaçu,TAIACU,6786,2026,Fevereiro,2,285521.09,177974.89,3460.32,59.46,356901.3625
Taiaçu,TAIACU,6786,2026,Março,3,670737.03,132731.31,3098.83,1961.4,838421.2875
Taiaçu,TAIACU,6786,2026,Abril,4,429378.56,112311.35,3333.95,0.0,536723.2
Taiaçu,TAIACU,6786,2026,Maio,5,454720.85,114638.74,3103.97,989.84,568401.0624999999
Taiaçu,TAIACU,6786,2026,Junho,6,565367.46,33297.48,4879.86,1750.67,706709.325
Taiaçu,TAIACU,6786,2026,Julho,7,459473.97,45801.33,4570.24,3812.33,574342.4624999999
Taiaçu,TAIACU,6786,2026,Agosto,8,492879.76,35656.51,4255.92,0.0,616099.7
Taiaçu,TAIACU,6786,2026,Setembro,9,558046.95,0.0,3363.18,1703.54,697558.6874999999
Taiúva,TAIUVA,6798,2026,Janeiro,1,589995.44,645830.2,4748.86,963.19,737494.2999999999
Taiúva,TAIUVA,6798,2026,Fevereiro,2,377548.79,212957.25,4575.63,78.62,471935.98749999993
Taiúva,TAIUVA,6798,2026,Março,3,886925.57,203484.21,4097.63,2593.58,1108656.9625
Taiúva,TAIUVA,6798,2026,Abril,4,567773.67,165786.24,4408.53,0.0,709717.0875
Taiúva,TAIUVA,6798,2026,Maio,5,601284.15,152715.54,4104.42,1308.88,751605.1875
Taiúva,TAIUVA,6798,2026,Junho,6,747593.81,41056.57,6452.71,2314.94,934492.2625000001
Taiúva,TAIUVA,6798,2026,Julho,7,607569.28,56197.26,6043.3,5041.1,759461.6
Taiúva,TAIUVA,6798,2026,Agosto,8,651742.26,32186.4,5627.67,0.0,814677.825
Taiúva,TAIUVA,6798,2026,Setembro,9,737913.8,0.0,4447.18,2252.61,922392.25
Tambaú,TAMBAU,6804,2026,Janeiro,1,1860020.1,2429949.48,15019.65,3027.8,2325025.125
Tambaú,TAMBAU,6804,2026,Fevereiro,2,1186831.66,875920.38,14383.59,247.15,1483539.5749999997
Tambaú,TAMBAU,6804,2026,Março,3,2788067.05,733974.41,12880.99,8152.98,3485083.8124999995
Tambaú,TAMBAU,6804,2026,Abril,4,1784807.12,584983.23,13858.28,0.0,2231008.9
Tambaú,TAMBAU,6804,2026,Maio,5,1890147.94,549001.25,12902.32,4114.5,2362684.925
Tambaú,TAMBAU,6804,2026,Junho,6,2350075.08,131204.18,20284.21,7277.04,2937593.85
Tambaú,TAMBAU,6804,2026,Julho,7,1909905.36,205045.65,18997.23,15846.8,2387381.7
Tambaú,TAMBAU,6804,2026,Agosto,8,2048763.93,212960.86,17690.67,0.0,2560954.9124999996
Tambaú,TAMBAU,6804,2026,Setembro,9,2319645.77,0.0,13979.79,7081.13,2899557.2125
Tanabi,TANABI,6816,2026,Janeiro,1,2975378.96,2642148.81,23983.37,4851.15,3719223.6999999997
Tanabi,TANABI,6816,2026,Fevereiro,2,1901546.39,1127039.11,23045.45,395.99,2376932.9875
Tanabi,TANABI,6816,2026,Março,3,4467052.09,937513.11,20637.97,13062.74,5583815.1125
Tanabi,TANABI,6816,2026,Abril,4,2859625.05,800834.26,22203.79,0.0,3574531.3124999995
Tanabi,TANABI,6816,2026,Maio,5,3028402.54,731726.35,20672.16,6592.26,3785503.175
Tanabi,TANABI,6816,2026,Junho,6,3765299.62,223467.0,32499.44,11659.31,4706624.524999999
Tanabi,TANABI,6816,2026,Julho,7,3060057.94,244150.07,30437.43,25389.81,3825072.425
Tanabi,TANABI,6816,2026,Agosto,8,3282537.7,252140.1,28344.06,0.0,4103172.125
Tanabi,TANABI,6816,2026,Setembro,9,3716545.67,0.0,22398.48,11345.41,4645682.087499999
Tapiratiba,TAPIRATIBA,6830,2026,Janeiro,1,918171.55,936640.34,7349.51,1506.33,1147714.4375
Tapiratiba,TAPIRATIBA,6830,2026,Fevereiro,2,590448.73,355597.78,7155.84,122.96,738060.9125
Tapiratiba,TAPIRATIBA,6830,2026,Março,3,1387063.31,323083.8,6408.29,4056.11,1733829.1375
Tapiratiba,TAPIRATIBA,6830,2026,Abril,4,887941.51,223730.1,6894.5,0.0,1109926.8875
Tapiratiba,TAPIRATIBA,6830,2026,Maio,5,940348.57,237610.9,6418.91,2046.96,1175435.7125
Tapiratiba,TAPIRATIBA,6830,2026,Junho,6,1169162.31,74651.77,10091.39,3620.33,1461452.8875
Tapiratiba,TAPIRATIBA,6830,2026,Julho,7,950177.89,107677.79,9451.12,7883.78,1187722.3625
Tapiratiba,TAPIRATIBA,6830,2026,Agosto,8,1019260.02,90376.67,8801.11,0.0,1274075.025
Tapiratiba,TAPIRATIBA,6830,2026,Setembro,9,1154023.74,0.0,6954.95,3522.86,1442529.6749999998
Tapiraí,TAPIRAI,6828,2026,Janeiro,1,1892492.44,447347.98,14397.83,3240.49,2365615.55
Tapiraí,TAPIRAI,6828,2026,Fevereiro,2,1270201.35,189211.83,15393.97,264.52,1587751.6875
Tapiraí,TAPIRAI,6828,2026,Março,3,2983916.47,184758.81,13785.82,8725.69,3729895.5875
Tapiraí,TAPIRAI,6828,2026,Abril,4,1910181.95,170697.89,14831.77,0.0,2387727.4375
Tapiraí,TAPIRAI,6828,2026,Maio,5,2022922.51,132848.98,13808.66,4403.52,2528653.1374999997
Tapiraí,TAPIRAI,6828,2026,Junho,6,2515157.49,50665.24,21709.09,7788.22,3143946.8625000003
Tapiraí,TAPIRAI,6828,2026,Julho,7,2044067.79,46605.98,20331.7,16959.97,2555084.7375
Tapiraí,TAPIRAI,6828,2026,Agosto,8,2192680.56,58682.64,18933.36,0.0,2740850.6999999997
Tapiraí,TAPIRAI,6828,2026,Setembro,9,2482590.67,0.0,14961.81,7578.55,3103238.3375
Taquaral,TAQUARAL,7857,2026,Janeiro,1,329390.08,267015.85,2660.54,536.06,411737.6
Taquaral,TAQUARAL,7857,2026,Fevereiro,2,210124.78,81238.98,2546.57,43.76,262655.975
Taquaral,TAQUARAL,7857,2026,Março,3,493618.43,78288.42,2280.54,1443.46,617023.0375
Taquaral,TAQUARAL,7857,2026,Abril,4,315994.44,81722.8,2453.56,0.0,394993.05
Taquaral,TAQUARAL,7857,2026,Maio,5,334644.7,66160.88,2284.32,728.46,418305.875
Taquaral,TAQUARAL,7857,2026,Junho,6,416073.34,19760.97,3591.26,1288.38,520091.675
Taquaral,TAQUARAL,7857,2026,Julho,7,338142.69,33140.8,3363.4,2805.63,422678.3625
Taquaral,TAQUARAL,7857,2026,Agosto,8,362727.16,35862.56,3132.08,0.0,453408.94999999995
Taquaral,TAQUARAL,7857,2026,Setembro,9,410685.93,0.0,2475.08,1253.69,513357.4125
Taquaritinga,TAQUARITINGA,6841,2026,Janeiro,1,3500821.62,7220460.84,28342.77,5685.42,4376027.024999999
Taquaritinga,TAQUARITINGA,6841,2026,Fevereiro,2,2228565.28,2570569.62,27008.69,464.09,2785706.5999999996
Taquaritinga,TAQUARITINGA,6841,2026,Março,3,5235274.43,2212688.28,24187.19,15309.21,6544093.0375
Taquaritinga,TAQUARITINGA,6841,2026,Abril,4,3351409.74,1915727.44,26022.3,0.0,4189262.1750000003
Taquaritinga,TAQUARITINGA,6841,2026,Maio,5,3549212.78,1624214.96,24227.25,7725.97,4436515.975
Taquaritinga,TAQUARITINGA,6841,2026,Junho,6,4412837.9,515218.2,38088.54,13664.42,5516047.375
Taquaritinga,TAQUARITINGA,6841,2026,Julho,7,3586312.13,503845.9,35671.92,29756.22,4482890.1625
Taquaritinga,TAQUARITINGA,6841,2026,Agosto,8,3847052.89,575976.4,33218.54,0.0,4808816.1125
Taquaritinga,TAQUARITINGA,6841,2026,Setembro,9,4355699.48,0.0,26250.46,13296.54,5444624.350000001
Taquarituba,TAQUARITUBA,6853,2026,Janeiro,1,2521976.43,2881860.34,20487.71,4083.15,3152470.5375
Taquarituba,TAQUARITUBA,6853,2026,Fevereiro,2,1600508.86,1185210.26,19397.08,333.3,2000636.075
Taquarituba,TAQUARITUBA,6853,2026,Março,3,3759864.34,1132434.32,17370.73,10994.75,4699830.425
Taquarituba,TAQUARITUBA,6853,2026,Abril,4,2406912.21,831302.46,18688.67,0.0,3008640.2624999997
Taquarituba,TAQUARITUBA,6853,2026,Maio,5,2548970.21,878930.31,17399.51,5548.63,3186212.7624999997
Taquarituba,TAQUARITUBA,6853,2026,Junho,6,3169207.67,234439.06,27354.39,9813.5,3961509.5875
Taquarituba,TAQUARITUBA,6853,2026,Julho,7,2575614.18,421706.98,25618.82,21370.3,3219517.725
Taquarituba,TAQUARITUBA,6853,2026,Agosto,8,2762872.73,517093.94,23856.86,0.0,3453590.9124999996
Taquarituba,TAQUARITUBA,6853,2026,Setembro,9,3128172.05,0.0,18852.53,9549.3,3910215.0624999995
Taquarivaí,TAQUARIVAI,7638,2026,Janeiro,1,1201375.72,585962.38,9809.71,1936.0,1501719.65
Taquarivaí,TAQUARIVAI,7638,2026,Fevereiro,2,758870.33,162156.07,9196.99,158.03,948587.9124999999
Taquarivaí,TAQUARIVAI,7638,2026,Março,3,1782713.96,140043.74,8236.21,5213.09,2228392.4499999997
Taquarivaí,TAQUARIVAI,7638,2026,Abril,4,1141220.96,104747.05,8861.1,0.0,1426526.2
Taquarivaí,TAQUARIVAI,7638,2026,Maio,5,1208576.79,104573.44,8249.86,2630.84,1510720.9875
Taquarivaí,TAQUARIVAI,7638,2026,Junho,6,1502658.14,24600.96,12969.9,4653.0,1878322.6749999998
Taquarivaí,TAQUARIVAI,7638,2026,Julho,7,1221209.85,45149.12,12146.99,10132.58,1526512.3125
Taquarivaí,TAQUARIVAI,7638,2026,Agosto,8,1309997.21,47344.65,11311.57,0.0,1637496.5125
Taquarivaí,TAQUARIVAI,7638,2026,Setembro,9,1483201.38,0.0,8938.8,4527.73,1854001.7249999999
Tarabaí,TARABAI,6865,2026,Janeiro,1,543014.58,346554.51,4380.69,884.68,678768.2249999999
Tarabaí,TARABAI,6865,2026,Fevereiro,2,346777.53,162199.31,4202.71,72.22,433471.91250000003
Tarabaí,TARABAI,6865,2026,Março,3,814638.71,130337.37,3763.67,2382.2,1018298.3875
Tarabaí,TARABAI,6865,2026,Abril,4,521498.57,95399.1,4049.22,0.0,651873.2125
Tarabaí,TARABAI,6865,2026,Maio,5,552277.85,99108.65,3769.9,1202.2,690347.3124999999
Tarabaí,TARABAI,6865,2026,Junho,6,686662.87,36050.65,5926.8,2126.26,858328.5874999999
Tarabaí,TARABAI,6865,2026,Julho,7,558050.72,43073.07,5550.75,4630.24,697563.3999999999
Tarabaí,TARABAI,6865,2026,Agosto,8,598623.48,50702.91,5169.0,0.0,748279.35
Tarabaí,TARABAI,6865,2026,Setembro,9,677771.81,0.0,4084.72,2069.02,847214.7625000001
Tarumã,TARUMA,7316,2026,Janeiro,1,2491639.45,1339807.59,20088.62,4061.63,3114549.3125
Tarumã,TARUMA,7316,2026,Fevereiro,2,1592073.36,444619.19,19294.84,331.54,1990091.7
Tarumã,TARUMA,7316,2026,Março,3,3740047.92,474368.21,17279.18,10936.8,4675059.899999999
Tarumã,TARUMA,7316,2026,Abril,4,2394226.55,352840.28,18590.17,0.0,2992783.1874999995
Tarumã,TARUMA,7316,2026,Maio,5,2535535.82,358608.87,17307.8,5519.38,3169419.7749999994
Tarumã,TARUMA,7316,2026,Junho,6,3152504.31,134403.63,27210.22,9761.78,3940630.3874999997
Tarumã,TARUMA,7316,2026,Julho,7,2562039.37,205800.87,25483.8,21257.66,3202549.2125
Tarumã,TARUMA,7316,2026,Agosto,8,2748310.97,169064.84,23731.12,0.0,3435388.7125
Tarumã,TARUMA,7316,2026,Setembro,9,3111684.97,0.0,18753.17,9498.97,3889606.2125
Tatui,TATUI,6877,2026,Janeiro,1,9027966.75,15660652.85,72522.0,14764.47,11284958.4375
Tatui,TATUI,6877,2026,Fevereiro,2,5787358.49,5655339.35,70138.84,1205.2,7234198.1125
Tatui,TATUI,6877,2026,Março,3,13595477.83,4881531.52,62811.68,39756.47,16994347.287499998
Tatui,TATUI,6877,2026,Abril,4,8703271.9,3687303.92,67577.27,0.0,10879089.875
Tatui,TATUI,6877,2026,Maio,5,9216946.37,3421062.26,62915.73,20063.56,11521182.962499999
Tatui,TATUI,6877,2026,Junho,6,11459693.42,1331804.02,98912.09,35485.12,14324616.774999999
Tatui,TATUI,6877,2026,Julho,7,9313289.63,1336785.75,92636.36,77273.9,11641612.0375
Tatui,TATUI,6877,2026,Agosto,8,9990406.99,1385763.69,86265.18,0.0,12488008.737499999
Tatui,TATUI,6877,2026,Setembro,9,11311310.71,0.0,68169.79,34529.77,14139138.387500001
Taubaté,TAUBATE,6889,2026,Janeiro,1,24789544.57,34298950.0,197208.72,40889.53,30986930.7125
Taubaté,TAUBATE,6889,2026,Fevereiro,2,16027822.95,15657138.15,194246.28,3337.74,20034778.687499996
Taubaté,TAUBATE,6889,2026,Março,3,37652050.07,11948868.92,173954.05,110103.7,47065062.5875
Taubaté,TAUBATE,6889,2026,Abril,4,24103310.93,9590405.92,187152.15,0.0,30129138.662499998
Taubaté,TAUBATE,6889,2026,Maio,5,25525908.73,8728036.44,174242.21,55565.09,31907385.912499998
Taubaté,TAUBATE,6889,2026,Junho,6,31737093.44,2854270.05,273932.47,98274.4,39671366.8
Taubaté,TAUBATE,6889,2026,Julho,7,25792726.94,3097557.81,256552.13,214006.51,32240908.675
Taubaté,TAUBATE,6889,2026,Agosto,8,27667972.31,3096889.81,238907.45,0.0,34584965.387499996
Taubaté,TAUBATE,6889,2026,Setembro,9,31326154.37,0.0,188793.1,95628.6,39157692.9625
Tejupa,TEJUPA,6890,2026,Janeiro,1,740207.08,266438.12,5961.12,1207.83,925258.8499999999
Tejupa,TEJUPA,6890,2026,Fevereiro,2,473444.6,90533.7,5737.83,98.59,591805.7499999999
Tejupa,TEJUPA,6890,2026,Março,3,1112200.94,86815.29,5138.42,3252.34,1390251.1749999998
Tejupa,TEJUPA,6890,2026,Abril,4,711985.8,65016.84,5528.27,0.0,889982.25
Tejupa,TEJUPA,6890,2026,Maio,5,754007.81,53250.81,5146.93,1641.33,942509.7625000001
Tejupa,TEJUPA,6890,2026,Junho,6,937479.5,17740.12,8091.67,2902.92,1171849.375
Tejupa,TEJUPA,6890,2026,Julho,7,761889.33,29056.73,7578.27,6321.52,952361.6624999999
Tejupa,TEJUPA,6890,2026,Agosto,8,817282.05,24418.41,7057.07,0.0,1021602.5625
Tejupa,TEJUPA,6890,2026,Setembro,9,925340.8,0.0,5576.74,2824.77,1156676.0
Teodoro Sampaio,TEODORO SAMPAIO,6907,2026,Janeiro,1,2967493.11,1536342.02,24087.13,4808.04,3709366.3874999997
Teodoro Sampaio,TEODORO SAMPAIO,6907,2026,Fevereiro,2,1884648.49,681905.72,22840.65,392.47,2355810.6125
Teodoro Sampaio,TEODORO SAMPAIO,6907,2026,Março,3,4427356.07,631590.24,20454.57,12946.66,5534195.0875
Teodoro Sampaio,TEODORO SAMPAIO,6907,2026,Abril,4,2834213.27,504354.75,22006.48,0.0,3542766.5875
Teodoro Sampaio,TEODORO SAMPAIO,6907,2026,Maio,5,3001490.93,619804.95,20488.45,6533.68,3751863.6625
Teodoro Sampaio,TEODORO SAMPAIO,6907,2026,Junho,6,3731839.65,207509.4,32210.64,11555.7,4664799.5625
Teodoro Sampaio,TEODORO SAMPAIO,6907,2026,Julho,7,3032865.04,256959.96,30166.95,25164.18,3791081.3
Teodoro Sampaio,TEODORO SAMPAIO,6907,2026,Agosto,8,3253367.74,219840.92,28092.19,0.0,4066709.6750000003
Teodoro Sampaio,TEODORO SAMPAIO,6907,2026,Setembro,9,3683518.94,0.0,22199.44,11244.59,4604398.675
Terra Roxa,TERRA ROXA,6919,2026,Janeiro,1,797970.62,807209.83,6451.3,1297.57,997463.2749999999
Terra Roxa,TERRA ROXA,6919,2026,Fevereiro,2,508619.44,286049.78,6164.12,105.92,635774.2999999999
Terra Roxa,TERRA ROXA,6919,2026,Março,3,1194832.54,246336.85,5520.18,3493.98,1493540.675
Terra Roxa,TERRA ROXA,6919,2026,Abril,4,764883.19,211758.24,5939.0,0.0,956103.9874999999
Terra Roxa,TERRA ROXA,6919,2026,Maio,5,810027.25,226224.13,5529.32,1763.28,1012534.0625
Terra Roxa,TERRA ROXA,6919,2026,Junho,6,1007130.08,53347.1,8692.84,3118.59,1258912.5999999999
Terra Roxa,TERRA ROXA,6919,2026,Julho,7,818494.33,73421.93,8141.31,6791.18,1023117.9124999999
Terra Roxa,TERRA ROXA,6919,2026,Agosto,8,878002.49,75817.06,7581.38,0.0,1097503.1124999998
Terra Roxa,TERRA ROXA,6919,2026,Setembro,9,994089.53,0.0,5991.07,3034.63,1242611.9124999999
Tietê,TIETE,6920,2026,Janeiro,1,4296425.11,6476304.53,34568.06,7016.55,5370531.3875
Tietê,TIETE,6920,2026,Fevereiro,2,2750336.77,2001249.58,33332.21,572.75,3437920.9625
Tietê,TIETE,6920,2026,Março,3,6461003.35,1508895.24,29850.11,18893.54,8076254.187499999
Tietê,TIETE,6920,2026,Abril,4,4136071.54,1316770.0,32114.87,0.0,5170089.425
Tietê,TIETE,6920,2026,Maio,5,4380185.98,1205296.89,29899.55,9534.84,5475232.475000001
Tietê,TIETE,6920,2026,Junho,6,5446010.69,351588.4,47006.17,16863.66,6807513.3625
Tietê,TIETE,6920,2026,Julho,7,4425971.36,442068.99,44023.74,36723.01,5532464.2
Tietê,TIETE,6920,2026,Agosto,8,4747759.06,448799.98,40995.96,0.0,5934698.824999999
Tietê,TIETE,6920,2026,Setembro,9,5375494.51,0.0,32396.45,16409.64,6719368.137499999
Timburi,TIMBURI,6932,2026,Janeiro,1,651884.93,185079.69,5241.09,1065.29,814856.1625
Timburi,TIMBURI,6932,2026,Fevereiro,2,417572.21,54442.01,5060.69,86.96,521965.2625
Timburi,TIMBURI,6932,2026,Março,3,980947.3,55824.49,4532.02,2868.53,1226184.125
Timburi,TIMBURI,6932,2026,Abril,4,627962.56,42344.12,4875.87,0.0,784953.2000000001
Timburi,TIMBURI,6932,2026,Maio,5,665025.45,34307.73,4539.53,1447.64,831281.8124999999
Timburi,TIMBURI,6932,2026,Junho,6,826845.18,20773.97,7136.75,2560.34,1033556.475
Timburi,TIMBURI,6932,2026,Julho,7,671976.85,18459.39,6683.94,5575.5,839971.0624999999
Timburi,TIMBURI,6932,2026,Agosto,8,720832.54,17950.62,6224.25,0.0,901040.675
Timburi,TIMBURI,6932,2026,Setembro,9,816139.01,0.0,4918.62,2491.41,1020173.7625
Torre de Pedra,TORRE DE PEDRA,7730,2026,Janeiro,1,308633.13,169201.55,2472.99,505.88,385791.4125
Torre de Pedra,TORRE DE PEDRA,7730,2026,Fevereiro,2,198293.07,58066.2,2403.18,41.29,247866.3375
Torre de Pedra,TORRE DE PEDRA,7730,2026,Março,3,465823.75,59157.59,2152.13,1362.18,582279.6875
Torre de Pedra,TORRE DE PEDRA,7730,2026,Abril,4,298201.42,55640.35,2315.41,0.0,372751.77499999997
Torre de Pedra,TORRE DE PEDRA,7730,2026,Maio,5,315801.52,44405.81,2155.69,687.44,394751.9
Torre de Pedra,TORRE DE PEDRA,7730,2026,Junho,6,392645.07,15853.77,3389.04,1215.83,490806.33749999997
Torre de Pedra,TORRE DE PEDRA,7730,2026,Julho,7,319102.54,10872.37,3174.01,2647.65,398878.17499999993
Torre de Pedra,TORRE DE PEDRA,7730,2026,Agosto,8,342302.7,15905.65,2955.72,0.0,427878.375
Torre de Pedra,TORRE DE PEDRA,7730,2026,Setembro,9,387561.01,0.0,2335.71,1183.1,484451.2625
Torrinha,TORRINHA,6944,2026,Janeiro,1,1100008.77,1153509.76,8907.47,1786.12,1375010.9625
Torrinha,TORRINHA,6944,2026,Fevereiro,2,700122.53,482317.4,8485.01,145.8,875153.1625
Torrinha,TORRINHA,6944,2026,Março,3,1644705.51,413404.63,7598.61,4809.52,2055881.8875
Torrinha,TORRINHA,6944,2026,Abril,4,1052873.57,313115.3,8175.12,0.0,1316091.9625
Torrinha,TORRINHA,6944,2026,Maio,5,1115015.05,326251.73,7611.2,2427.18,1393768.8125
Torrinha,TORRINHA,6944,2026,Junho,6,1386330.15,105433.17,11965.84,4292.79,1732912.6874999998
Torrinha,TORRINHA,6944,2026,Julho,7,1126670.13,156900.14,11206.63,9348.17,1408337.6624999999
Torrinha,TORRINHA,6944,2026,Agosto,8,1208584.03,173290.19,10435.88,0.0,1510730.0374999999
Torrinha,TORRINHA,6944,2026,Setembro,9,1368379.64,0.0,8246.8,4177.22,1710474.5499999998
Trabiju,TRABIJU,7948,2026,Janeiro,1,272663.53,100544.4,2196.28,444.84,340829.41250000003
Trabiju,TRABIJU,7948,2026,Fevereiro,2,174368.02,50258.86,2113.22,36.31,217960.02499999997
Trabiju,TRABIJU,7948,2026,Março,3,409619.78,38191.14,1892.46,1197.83,512024.72500000003
Trabiju,TRABIJU,7948,2026,Abril,4,262221.92,40043.89,2036.04,0.0,327777.39999999997
Trabiju,TRABIJU,7948,2026,Maio,5,277698.48,31605.43,1895.6,604.5,347123.1
Trabiju,TRABIJU,7948,2026,Junho,6,345270.48,6742.73,2980.13,1069.14,431588.1
Trabiju,TRABIJU,7948,2026,Julho,7,280601.22,15347.57,2791.05,2328.19,350751.52499999997
Trabiju,TRABIJU,7948,2026,Agosto,8,301002.17,15685.67,2599.09,0.0,376252.71249999997
Trabiju,TRABIJU,7948,2026,Setembro,9,340799.84,0.0,2053.9,1040.35,425999.8
Tremembé,TREMEMBE,6956,2026,Janeiro,1,1737786.64,4557340.6,14078.42,2820.54,2172233.3
Tremembé,TREMEMBE,6956,2026,Fevereiro,2,1105591.63,2085959.4,13399.02,230.24,1381989.5374999999
Tremembé,TREMEMBE,6956,2026,Março,3,2597220.56,1574353.84,11999.27,7594.9,3246525.6999999997
Tremembé,TREMEMBE,6956,2026,Abril,4,1662634.96,1255766.35,12909.67,0.0,2078293.7
Tremembé,TREMEMBE,6956,2026,Maio,5,1760765.08,1100709.4,12019.15,3832.85,2200956.35
Tremembé,TREMEMBE,6956,2026,Junho,6,2189209.65,397718.15,18895.73,6778.92,2736512.0624999995
Tremembé,TREMEMBE,6956,2026,Julho,7,1779170.07,429406.0,17696.84,14762.07,2223962.5875
Tremembé,TREMEMBE,6956,2026,Agosto,8,1908523.61,465461.07,16479.72,0.0,2385654.5125
Tremembé,TREMEMBE,6956,2026,Setembro,9,2160863.27,0.0,13022.86,6596.42,2701079.0875
Três Fronteiras,TRES FRONTEIRAS,6968,2026,Janeiro,1,464084.58,574375.43,3754.73,754.14,580105.725
Três Fronteiras,TRES FRONTEIRAS,6968,2026,Fevereiro,2,295607.02,186980.75,3582.56,61.56,369508.775
Três Fronteiras,TRES FRONTEIRAS,6968,2026,Março,3,694430.58,169791.26,3208.3,2030.68,868038.2249999999
Três Fronteiras,TRES FRONTEIRAS,6968,2026,Abril,4,444546.21,127111.41,3451.72,0.0,555682.7625
Três Fronteiras,TRES FRONTEIRAS,6968,2026,Maio,5,470783.7,132197.54,3213.61,1024.81,588479.625
Três Fronteiras,TRES FRONTEIRAS,6968,2026,Junho,6,585338.86,44253.42,5052.24,1812.51,731673.575
Três Fronteiras,TRES FRONTEIRAS,6968,2026,Julho,7,475704.73,67679.4,4731.69,3947.0,594630.9125
Três Fronteiras,TRES FRONTEIRAS,6968,2026,Agosto,8,510290.57,69780.75,4406.26,0.0,637863.2125
Três Fronteiras,TRES FRONTEIRAS,6968,2026,Setembro,9,577759.76,0.0,3481.98,1763.71,722199.7
Tuiuti,TUIUTI,7640,2026,Janeiro,1,500457.68,584382.39,4049.65,813.13,625572.1
Tuiuti,TUIUTI,7640,2026,Fevereiro,2,318730.09,227556.0,3862.79,66.37,398412.6125
Tuiuti,TUIUTI,7640,2026,Março,3,748750.55,172670.68,3459.26,2189.53,935938.1875
Tuiuti,TUIUTI,7640,2026,Abril,4,479319.64,142774.41,3721.72,0.0,599149.5499999999
Tuiuti,TUIUTI,7640,2026,Maio,5,507609.49,134622.75,3464.99,1104.97,634511.8624999999
Tuiuti,TUIUTI,7640,2026,Junho,6,631125.42,34367.02,5447.43,1954.29,788906.775
Tuiuti,TUIUTI,7640,2026,Julho,7,512915.45,31691.5,5101.81,4255.74,641144.3125
Tuiuti,TUIUTI,7640,2026,Agosto,8,550206.68,47190.93,4750.93,0.0,687758.35
Tuiuti,TUIUTI,7640,2026,Setembro,9,622953.47,0.0,3754.35,1901.68,778691.8374999999
Tupi Paulista,TUPI PAULISTA,6981,2026,Janeiro,1,886122.84,1916997.41,7160.49,1441.54,1107653.5499999998
Tupi Paulista,TUPI PAULISTA,6981,2026,Fevereiro,2,565054.19,766342.29,6848.07,117.67,706317.7374999999
Tupi Paulista,TUPI PAULISTA,6981,2026,Março,3,1327407.27,579231.39,6132.68,3881.66,1659259.0875
Tupi Paulista,TUPI PAULISTA,6981,2026,Abril,4,849752.14,478241.3,6597.97,0.0,1062190.175
Tupi Paulista,TUPI PAULISTA,6981,2026,Maio,5,899905.23,440289.84,6142.84,1958.92,1124881.5374999999
Tupi Paulista,TUPI PAULISTA,6981,2026,Junho,6,1118877.95,157513.87,9657.37,3464.62,1398597.4374999998
Tupi Paulista,TUPI PAULISTA,6981,2026,Julho,7,909311.8,150833.88,9044.64,7544.71,1136639.75
Tupi Paulista,TUPI PAULISTA,6981,2026,Agosto,8,975422.79,152977.67,8422.58,0.0,1219278.4875
Tupi Paulista,TUPI PAULISTA,6981,2026,Setembro,9,1104390.47,0.0,6655.82,3371.35,1380488.0875
Tupã,TUPA,6970,2026,Janeiro,1,3946855.22,9181055.66,32093.92,6384.47,4933569.025
Tupã,TUPA,6970,2026,Fevereiro,2,2502577.41,3263967.09,30329.53,521.15,3128221.7625
Tupã,TUPA,6970,2026,Março,3,5878974.96,2804642.91,27161.11,17191.54,7348718.699999999
Tupã,TUPA,6970,2026,Abril,4,3763480.64,2201852.71,29221.86,0.0,4704350.8
Tupã,TUPA,6970,2026,Maio,5,3985604.45,2202829.72,27206.1,8675.91,4982005.5625
Tupã,TUPA,6970,2026,Junho,6,4955416.17,547512.12,42771.7,15344.52,6194270.212499999
Tupã,TUPA,6970,2026,Julho,7,4027265.33,864517.98,40057.94,33414.88,5034081.6625
Tupã,TUPA,6970,2026,Agosto,8,4320065.34,903617.35,37302.91,0.0,5400081.675
Tupã,TUPA,6970,2026,Setembro,9,4891252.32,0.0,29478.07,14931.41,6114065.4
Turiuba,TURIUBA,6993,2026,Janeiro,1,420192.19,185635.83,3620.51,642.88,525240.2374999999
Turiuba,TURIUBA,6993,2026,Fevereiro,2,251994.23,67963.1,3054.0,52.48,314992.7875
Turiuba,TURIUBA,6993,2026,Março,3,591976.81,53662.72,2734.96,1731.08,739971.0125000001
Turiuba,TURIUBA,6993,2026,Abril,4,378959.47,40717.5,2942.46,0.0,473699.33749999997
Turiuba,TURIUBA,6993,2026,Maio,5,401325.98,51019.34,2739.49,873.61,501657.475
Turiuba,TURIUBA,6993,2026,Junho,6,498980.09,14169.39,4306.85,1545.1,623725.1125
Turiuba,TURIUBA,6993,2026,Julho,7,405520.98,15565.89,4033.59,3364.67,506901.225
Turiuba,TURIUBA,6993,2026,Agosto,8,435004.15,15618.02,3756.17,0.0,543755.1875
Turiuba,TURIUBA,6993,2026,Setembro,9,492519.18,0.0,2968.26,1503.5,615648.975
Turmalina,TURMALINA,7006,2026,Janeiro,1,407880.79,231180.86,3276.24,667.1,509850.98749999993
Turmalina,TURMALINA,7006,2026,Fevereiro,2,261490.9,80304.59,3169.09,54.45,326863.625
Turmalina,TURMALINA,7006,2026,Março,3,614286.08,52317.68,2838.03,1796.32,767857.5999999999
Turmalina,TURMALINA,7006,2026,Abril,4,393240.96,54545.54,3053.35,0.0,491551.2
Turmalina,TURMALINA,7006,2026,Maio,5,416450.37,56349.67,2842.73,906.53,520562.96249999997
Turmalina,TURMALINA,7006,2026,Junho,6,517784.68,17121.29,4469.16,1603.33,647230.85
Turmalina,TURMALINA,7006,2026,Julho,7,420803.46,13677.48,4185.6,3491.48,526004.325
Turmalina,TURMALINA,7006,2026,Agosto,8,451397.74,10330.68,3897.73,0.0,564247.1749999999
Turmalina,TURMALINA,7006,2026,Setembro,9,511080.28,0.0,3080.12,1560.16,638850.35
Ubarana,UBARANA,7651,2026,Janeiro,1,1149731.69,531080.04,9237.63,1879.97,1437164.6124999998
Ubarana,UBARANA,7651,2026,Fevereiro,2,736906.23,122746.81,8930.8,153.46,921132.7875
Ubarana,UBARANA,7651,2026,Março,3,1731116.59,111818.09,7997.83,5062.2,2163895.7375
Ubarana,UBARANA,7651,2026,Abril,4,1108190.43,104681.79,8604.64,0.0,1385238.0374999999
Ubarana,UBARANA,7651,2026,Maio,5,1173596.76,92109.07,8011.08,2554.7,1466995.95
Ubarana,UBARANA,7651,2026,Junho,6,1459166.47,56363.46,12594.51,4518.33,1823958.0875
Ubarana,UBARANA,7651,2026,Julho,7,1185864.18,30539.1,11795.42,9839.31,1482330.2249999999
Ubarana,UBARANA,7651,2026,Agosto,8,1272081.75,40686.45,10984.17,0.0,1590102.1875
Ubarana,UBARANA,7651,2026,Setembro,9,1440272.85,0.0,8680.08,4396.69,1800341.0625
Ubatuba,UBATUBA,7018,2026,Janeiro,1,4819427.95,11721871.63,38878.16,7852.2,6024284.9375
Ubatuba,UBATUBA,7018,2026,Fevereiro,2,3077896.02,4997158.78,37302.0,640.96,3847370.025
Ubatuba,UBATUBA,7018,2026,Março,3,7230495.09,3418426.22,33405.19,21143.72,9038118.862499999
Ubatuba,UBATUBA,7018,2026,Abril,4,4628668.85,2849019.31,35939.68,0.0,5785836.062499999
Ubatuba,UBATUBA,7018,2026,Maio,5,4901856.8,2455786.28,33460.53,10670.42,6127320.999999999
Ubatuba,UBATUBA,7018,2026,Junho,6,6094618.96,972218.58,52604.5,18872.08,7618273.699999999
Ubatuba,UBATUBA,7018,2026,Julho,7,4953095.12,1112966.43,49266.88,41096.65,6191368.899999999
Ubatuba,UBATUBA,7018,2026,Agosto,8,5313207.05,1252933.65,45878.49,0.0,6641508.812499999
Ubatuba,UBATUBA,7018,2026,Setembro,9,6015704.45,0.0,36254.8,18364.0,7519630.5625
Ubirajara,UBIRAJARA,7020,2026,Janeiro,1,773720.87,394272.86,6230.46,1262.62,967151.0874999999
Ubirajara,UBIRAJARA,7020,2026,Fevereiro,2,494919.68,146477.82,5998.09,103.07,618649.6
Ubirajara,UBIRAJARA,7020,2026,Março,3,1162649.53,129701.98,5371.49,3399.87,1453311.9124999999
Ubirajara,UBIRAJARA,7020,2026,Abril,4,744280.94,121846.03,5779.03,0.0,930351.1749999999
Ubirajara,UBIRAJARA,7020,2026,Maio,5,788209.03,94611.25,5380.39,1715.78,985261.2875
Ubirajara,UBIRAJARA,7020,2026,Junho,6,980002.86,27202.99,8458.7,3034.59,1225003.575
Ubirajara,UBIRAJARA,7020,2026,Julho,7,796448.05,59534.83,7922.02,6608.26,995560.0625
Ubirajara,UBIRAJARA,7020,2026,Agosto,8,854353.34,52512.66,7377.17,0.0,1067941.6749999998
Ubirajara,UBIRAJARA,7020,2026,Setembro,9,967313.56,0.0,5829.7,2952.9,1209141.95
Uchoa,UCHOA,7031,2026,Janeiro,1,865655.31,1096974.13,6858.93,1432.87,1082069.1375
Uchoa,UCHOA,7031,2026,Fevereiro,2,561653.09,430218.79,6806.85,116.96,702066.3624999999
Uchoa,UCHOA,7031,2026,Março,3,1319417.52,345308.42,6095.76,3858.3,1649271.9
Uchoa,UCHOA,7031,2026,Abril,4,844637.43,269264.95,6558.26,0.0,1055796.7875
Uchoa,UCHOA,7031,2026,Maio,5,894488.64,239691.47,6105.86,1947.13,1118110.8
Uchoa,UCHOA,7031,2026,Junho,6,1112143.35,94189.98,9599.25,3443.77,1390179.1875
Uchoa,UCHOA,7031,2026,Julho,7,903838.59,96027.85,8990.2,7499.3,1129798.2374999998
Uchoa,UCHOA,7031,2026,Agosto,8,969551.65,114905.52,8371.89,0.0,1211939.5625
Uchoa,UCHOA,7031,2026,Setembro,9,1097743.07,0.0,6615.76,3351.05,1372178.8375
União Paulista,UNIAO PAULISTA,7043,2026,Janeiro,1,289730.48,121727.47,2357.62,468.37,362163.1
União Paulista,UNIAO PAULISTA,7043,2026,Fevereiro,2,183590.84,40047.88,2225.0,38.23,229488.55
União Paulista,UNIAO PAULISTA,7043,2026,Março,3,431285.74,39687.93,1992.56,1261.18,539107.1749999999
União Paulista,UNIAO PAULISTA,7043,2026,Abril,4,276091.59,31056.14,2143.74,0.0,345114.4875
União Paulista,UNIAO PAULISTA,7043,2026,Maio,5,292386.74,29425.39,1995.86,636.47,365483.425
União Paulista,UNIAO PAULISTA,7043,2026,Junho,6,363532.81,17595.33,3137.76,1125.69,454416.01249999995
União Paulista,UNIAO PAULISTA,7043,2026,Julho,7,295443.02,11509.04,2938.68,2451.34,369303.775
União Paulista,UNIAO PAULISTA,7043,2026,Agosto,8,316923.03,12913.28,2736.57,0.0,396153.78750000003
União Paulista,UNIAO PAULISTA,7043,2026,Setembro,9,358825.71,0.0,2162.53,1095.38,448532.1375
Uru,URU,7067,2026,Janeiro,1,471555.03,111858.91,3799.27,769.15,589443.7875
Uru,URU,7067,2026,Fevereiro,2,301492.31,38694.67,3653.88,62.78,376865.38749999995
Uru,URU,7067,2026,Março,3,708256.12,30207.11,3272.17,2071.11,885320.1499999999
Uru,URU,7067,2026,Abril,4,453396.76,39498.35,3520.44,0.0,566745.95
Uru,URU,7067,2026,Maio,5,480156.62,20367.69,3277.59,1045.21,600195.7749999999
Uru,URU,7067,2026,Junho,6,596992.48,9266.17,5152.82,1848.6,746240.6
Uru,URU,7067,2026,Julho,7,485175.62,6854.52,4825.89,4025.58,606469.5249999999
Uru,URU,7067,2026,Agosto,8,520450.03,10232.48,4493.98,0.0,650562.5375
Uru,URU,7067,2026,Setembro,9,589262.48,0.0,3551.3,1798.83,736578.1
Urupês,URUPES,7079,2026,Janeiro,1,1345201.92,2150035.23,10903.25,2182.39,1681502.4
Urupês,URUPES,7079,2026,Fevereiro,2,855450.76,1136633.95,10367.48,178.14,1069313.45
Urupês,URUPES,7079,2026,Março,3,2009597.62,911466.56,9284.43,5876.55,2511997.025
Urupês,URUPES,7079,2026,Abril,4,1286462.65,505597.23,9988.85,0.0,1608078.3124999998
Urupês,URUPES,7079,2026,Maio,5,1362390.77,517851.58,9299.81,2965.67,1702988.4625
Urupês,URUPES,7079,2026,Junho,6,1693899.46,169929.08,14620.56,5245.19,2117374.3249999997
Urupês,URUPES,7079,2026,Julho,7,1376631.62,317164.06,13692.92,11422.14,1720789.5250000001
Urupês,URUPES,7079,2026,Agosto,8,1476718.83,285366.21,12751.17,0.0,1845898.5375
Urupês,URUPES,7079,2026,Setembro,9,1671966.47,0.0,10076.43,5103.97,2089958.0875
Urânia,URANIA,7055,2026,Janeiro,1,691625.37,983304.56,5602.05,1122.74,864531.7124999999
Urânia,URANIA,7055,2026,Fevereiro,2,440091.34,354328.88,5333.61,91.65,550114.175
Urânia,URANIA,7055,2026,Março,3,1033848.53,325132.38,4776.42,3023.22,1292310.6624999999
Urânia,URANIA,7055,2026,Abril,4,661827.78,269300.69,5138.82,0.0,827284.725
Urânia,URANIA,7055,2026,Maio,5,700889.41,286258.77,4784.34,1525.7,876111.7625
Urânia,URANIA,7055,2026,Junho,6,871435.88,86420.98,7521.63,2698.41,1089294.8499999999
Urânia,URANIA,7055,2026,Julho,7,708215.7,89986.31,7044.4,5876.18,885269.6249999999
Urânia,URANIA,7055,2026,Agosto,8,759706.11,82043.81,6559.91,0.0,949632.6375
Urânia,URANIA,7055,2026,Setembro,9,860152.33,0.0,5183.87,2625.77,1075190.4124999999
Valentim Gentil,VALENTIM GENTIL,7092,2026,Janeiro,1,1049228.97,1411841.75,8403.63,1720.42,1311536.2125
Valentim Gentil,VALENTIM GENTIL,7092,2026,Fevereiro,2,674368.57,652501.73,8172.89,140.44,842960.7124999999
Valentim Gentil,VALENTIM GENTIL,7092,2026,Março,3,1584205.11,513709.72,7319.09,4632.6,1980256.3875
Valentim Gentil,VALENTIM GENTIL,7092,2026,Abril,4,1014143.67,425856.5,7874.4,0.0,1267679.5875
Valentim Gentil,VALENTIM GENTIL,7092,2026,Maio,5,1073999.29,409009.76,7331.22,2337.89,1342499.1125
Valentim Gentil,VALENTIM GENTIL,7092,2026,Junho,6,1335334.08,118815.01,11525.67,4134.88,1669167.6
Valentim Gentil,VALENTIM GENTIL,7092,2026,Julho,7,1085225.63,168366.17,10794.4,9004.3,1356532.0374999999
Valentim Gentil,VALENTIM GENTIL,7092,2026,Agosto,8,1164126.34,171919.11,10052.0,0.0,1455157.925
Valentim Gentil,VALENTIM GENTIL,7092,2026,Setembro,9,1318043.87,0.0,7943.45,4023.56,1647554.8375000001
Valinhos,VALINHOS,7080,2026,Janeiro,1,14252588.52,29130081.03,114866.51,23241.11,17815735.65
Valinhos,VALINHOS,7080,2026,Fevereiro,2,9110021.1,12887840.71,110407.24,1897.13,11387526.374999998
Valinhos,VALINHOS,7080,2026,Março,3,21400970.78,10347890.4,98873.38,62581.61,26751213.475
Valinhos,VALINHOS,7080,2026,Abril,4,13700031.0,7934926.7,106375.02,0.0,17125038.75
Valinhos,VALINHOS,7080,2026,Maio,5,14508618.41,7666982.89,99037.17,31582.53,18135773.0125
Valinhos,VALINHOS,7080,2026,Junho,6,18038980.83,2274916.12,155699.91,55857.98,22548726.037499998
Valinhos,VALINHOS,7080,2026,Julho,7,14660274.67,2790750.86,145821.13,121638.72,18325343.3375
Valinhos,VALINHOS,7080,2026,Agosto,8,15726141.5,2611942.97,135792.11,0.0,19657676.875
Valinhos,VALINHOS,7080,2026,Setembro,9,17805408.03,0.0,107307.72,54354.14,22256760.0375
Valparaiso,VALPARAISO,7109,2026,Janeiro,1,3299818.76,2012758.85,26040.39,5481.04,4124773.4499999997
Valparaiso,VALPARAISO,7109,2026,Fevereiro,2,2148449.98,784314.27,26037.75,447.41,2685562.4749999996
Valparaiso,VALPARAISO,7109,2026,Março,3,5047070.12,593577.78,23317.68,14758.85,6308837.649999999
Valparaiso,VALPARAISO,7109,2026,Abril,4,3230929.0,563242.84,25086.82,0.0,4038661.25
Valparaiso,VALPARAISO,7109,2026,Maio,5,3421621.16,573534.71,23356.3,7448.22,4277026.45
Valparaiso,VALPARAISO,7109,2026,Junho,6,4254199.59,192205.47,36719.29,13173.19,5317749.4875
Valparaiso,VALPARAISO,7109,2026,Julho,7,3457386.82,192791.21,34389.54,28686.51,4321733.524999999
Valparaiso,VALPARAISO,7109,2026,Agosto,8,3708754.14,198744.78,32024.36,0.0,4635942.675
Valparaiso,VALPARAISO,7109,2026,Setembro,9,4199115.25,0.0,25306.78,12818.54,5248894.0625
Vargem,VARGEM,7663,2026,Janeiro,1,673996.48,1046671.01,5486.9,1089.13,842495.6
Vargem,VARGEM,7663,2026,Fevereiro,2,426914.84,444373.64,5173.92,88.9,533643.55
Vargem,VARGEM,7663,2026,Março,3,1002894.71,394106.25,4633.42,2932.71,1253618.3875
Vargem,VARGEM,7663,2026,Abril,4,642012.4,319869.79,4984.96,0.0,802515.5
Vargem,VARGEM,7663,2026,Maio,5,679904.51,280692.01,4641.09,1480.02,849880.6375
Vargem,VARGEM,7663,2026,Junho,6,845344.76,124342.17,7296.43,2617.62,1056680.95
Vargem,VARGEM,7663,2026,Julho,7,687011.45,138116.15,6833.49,5700.25,858764.3124999999
Vargem,VARGEM,7663,2026,Agosto,8,736960.22,120471.51,6363.51,0.0,921200.2749999999
Vargem,VARGEM,7663,2026,Setembro,9,834399.04,0.0,5028.67,2547.15,1042998.8
Vargem Grande Paulista,VARGEM GRANDE PAULISTA,7201,2026,Janeiro,1,4819389.2,6454054.07,38978.21,7833.99,6024236.5
Vargem Grande Paulista,VARGEM GRANDE PAULISTA,7201,2026,Fevereiro,2,3070758.85,3282446.05,37215.5,639.48,3838448.5625
Vargem Grande Paulista,VARGEM GRANDE PAULISTA,7201,2026,Março,3,7213728.67,2826771.02,33327.73,21094.69,9017160.837499999
Vargem Grande Paulista,VARGEM GRANDE PAULISTA,7201,2026,Abril,4,4617935.67,2572638.05,35856.34,0.0,5772419.587499999
Vargem Grande Paulista,VARGEM GRANDE PAULISTA,7201,2026,Maio,5,4890490.14,2160449.86,33382.94,10645.68,6113112.674999999
Vargem Grande Paulista,VARGEM GRANDE PAULISTA,7201,2026,Junho,6,6080486.47,847041.5,52482.52,18828.32,7600608.087499999
Vargem Grande Paulista,VARGEM GRANDE PAULISTA,7201,2026,Julho,7,4941609.65,1017623.34,49152.63,41001.35,6177012.0625
Vargem Grande Paulista,VARGEM GRANDE PAULISTA,7201,2026,Agosto,8,5300886.53,1149003.39,45772.1,0.0,6626108.1625
Vargem Grande Paulista,VARGEM GRANDE PAULISTA,7201,2026,Setembro,9,6001754.95,0.0,36170.73,18321.41,7502193.6875
Vargem Grande do Sul,VARGEM GRANDE DO SUL,7110,2026,Janeiro,1,2207254.79,5302657.25,17952.69,3569.69,2759068.4875
Vargem Grande do Sul,VARGEM GRANDE DO SUL,7110,2026,Fevereiro,2,1399242.59,1651636.73,16957.87,291.39,1749053.2375
Vargem Grande do Sul,VARGEM GRANDE DO SUL,7110,2026,Março,3,3287056.02,1271305.16,15186.34,9612.15,4108820.025
Vargem Grande do Sul,VARGEM GRANDE DO SUL,7110,2026,Abril,4,2104239.56,1052440.13,16338.54,0.0,2630299.4499999997
Vargem Grande do Sul,VARGEM GRANDE DO SUL,7110,2026,Maio,5,2228433.56,942450.28,15211.49,4850.88,2785541.9499999997
Vargem Grande do Sul,VARGEM GRANDE DO SUL,7110,2026,Junho,6,2770675.27,317111.16,23914.54,8579.44,3463344.0875
Vargem Grande do Sul,VARGEM GRANDE DO SUL,7110,2026,Julho,7,2251727.02,376517.63,22397.22,18682.95,2814658.775
Vargem Grande do Sul,VARGEM GRANDE DO SUL,7110,2026,Agosto,8,2415437.53,431291.45,20856.82,0.0,3019296.9124999996
Vargem Grande do Sul,VARGEM GRANDE DO SUL,7110,2026,Setembro,9,2734799.94,0.0,16481.8,8348.46,3418499.925
Vera Cruz,VERA CRUZ,7134,2026,Janeiro,1,801313.7,857724.67,6385.61,1319.77,1001642.1249999999
Vera Cruz,VERA CRUZ,7134,2026,Fevereiro,2,517321.45,351788.17,6269.58,107.73,646651.8125
Vera Cruz,VERA CRUZ,7134,2026,Março,3,1215275.05,258296.81,5614.62,3553.76,1519093.8125
Vera Cruz,VERA CRUZ,7134,2026,Abril,4,777969.65,234824.44,6040.61,0.0,972462.0625
Vera Cruz,VERA CRUZ,7134,2026,Maio,5,823886.08,188474.5,5623.92,1793.44,1029857.5999999999
Vera Cruz,VERA CRUZ,7134,2026,Junho,6,1024361.16,53558.24,8841.57,3171.95,1280451.45
Vera Cruz,VERA CRUZ,7134,2026,Julho,7,832498.03,91356.96,8280.6,6907.37,1040622.5375
Vera Cruz,VERA CRUZ,7134,2026,Agosto,8,893024.32,77117.66,7711.09,0.0,1116280.4
Vera Cruz,VERA CRUZ,7134,2026,Setembro,9,1011097.5,0.0,6093.57,3086.55,1263871.875
Vinhedo,VINHEDO,7146,2026,Janeiro,1,21341984.26,18732408.06,172028.08,34796.86,26677480.325
Vinhedo,VINHEDO,7146,2026,Fevereiro,2,13639626.11,7557407.8,165302.96,2840.41,17049532.6375
Vinhedo,VINHEDO,7146,2026,Março,3,32041774.28,5951208.36,148034.34,93697.9,40052217.85
Vinhedo,VINHEDO,7146,2026,Abril,4,20511840.58,4791030.66,159265.88,0.0,25639800.724999998
Vinhedo,VINHEDO,7146,2026,Maio,5,21722466.76,4300283.83,148279.57,47285.72,27153083.45
Vinhedo,VINHEDO,7146,2026,Junho,6,27008165.1,1358413.02,233115.66,83631.2,33760206.375
Vinhedo,VINHEDO,7146,2026,Julho,7,21949528.21,1585753.93,218325.04,182118.86,27436910.2625
Vinhedo,VINHEDO,7146,2026,Agosto,8,23545356.02,1511721.81,203309.48,0.0,29431695.025
Vinhedo,VINHEDO,7146,2026,Setembro,9,26658457.26,0.0,160662.33,81379.63,33323071.575
Viradouro,VIRADOURO,7158,2026,Janeiro,1,1133769.03,1833338.72,9173.95,1842.19,1417211.2874999999
Viradouro,VIRADOURO,7158,2026,Fevereiro,2,722098.86,635764.86,8751.35,150.37,902623.575
Viradouro,VIRADOURO,7158,2026,Março,3,1696331.59,532801.65,7837.12,4960.48,2120414.4875
Viradouro,VIRADOURO,7158,2026,Abril,4,1085922.49,463762.77,8431.73,0.0,1357403.1124999998
Viradouro,VIRADOURO,7158,2026,Maio,5,1150014.55,385199.66,7850.11,2503.36,1437518.1875
Viradouro,VIRADOURO,7158,2026,Junho,6,1429846.03,115830.21,12341.43,4427.54,1787307.5374999999
Viradouro,VIRADOURO,7158,2026,Julho,7,1162035.47,145170.65,11558.4,9641.6,1452544.3375
Viradouro,VIRADOURO,7158,2026,Agosto,8,1246520.59,160980.52,10763.46,0.0,1558150.7375
Viradouro,VIRADOURO,7158,2026,Setembro,9,1411332.06,0.0,8505.66,4308.34,1764165.075
Vista Alegre do Alto,VISTA ALEGRE DO ALTO,7160,2026,Janeiro,1,1609454.01,1326150.24,13084.53,2603.97,2011817.5125
Vista Alegre do Alto,VISTA ALEGRE DO ALTO,7160,2026,Fevereiro,2,1020701.1,358253.92,12370.2,212.56,1275876.375
Vista Alegre do Alto,VISTA ALEGRE DO ALTO,7160,2026,Março,3,2397798.43,338531.65,11077.93,7011.74,2997248.0375
Vista Alegre do Alto,VISTA ALEGRE DO ALTO,7160,2026,Abril,4,1534973.03,251668.4,11918.42,0.0,1918716.2874999999
Vista Alegre do Alto,VISTA ALEGRE DO ALTO,7160,2026,Maio,5,1625568.43,259547.03,11096.28,3538.56,2031960.5374999999
Vista Alegre do Alto,VISTA ALEGRE DO ALTO,7160,2026,Junho,6,2021115.79,63575.08,17444.86,6258.42,2526394.7375
Vista Alegre do Alto,VISTA ALEGRE DO ALTO,7160,2026,Julho,7,1642560.24,103211.16,16338.03,13628.59,2053200.2999999998
Vista Alegre do Alto,VISTA ALEGRE DO ALTO,7160,2026,Agosto,8,1761981.63,81762.43,15214.36,0.0,2202477.0374999996
Vista Alegre do Alto,VISTA ALEGRE DO ALTO,7160,2026,Setembro,9,1994945.93,0.0,12022.93,6089.92,2493682.4124999996
Vitória Brasil,VITORIA BRASIL,7833,2026,Janeiro,1,250349.48,200887.1,2020.78,407.67,312936.85
Vitória Brasil,VITORIA BRASIL,7833,2026,Fevereiro,2,159797.82,57997.69,1936.64,33.28,199747.275
Vitória Brasil,VITORIA BRASIL,7833,2026,Março,3,375391.94,49657.37,1734.33,1097.74,469239.925
Vitória Brasil,VITORIA BRASIL,7833,2026,Abril,4,240310.65,42930.1,1865.91,0.0,300388.3125
Vitória Brasil,VITORIA BRASIL,7833,2026,Maio,5,254493.99,39733.0,1737.2,553.99,318117.4875
Vitória Brasil,VITORIA BRASIL,7833,2026,Junho,6,316419.67,20197.88,2731.11,979.8,395524.58749999997
Vitória Brasil,VITORIA BRASIL,7833,2026,Julho,7,257154.17,12950.83,2557.83,2133.65,321442.7125
Vitória Brasil,VITORIA BRASIL,7833,2026,Agosto,8,275850.42,17204.58,2381.91,0.0,344813.02499999997
Vitória Brasil,VITORIA BRASIL,7833,2026,Setembro,9,312322.59,0.0,1882.27,953.42,390403.2375
Votorantim,VOTORANTIM,7171,2026,Janeiro,1,6749060.61,11782215.02,54409.64,11002.41,8436325.7625
Votorantim,VOTORANTIM,7171,2026,Fevereiro,2,4312709.81,6186021.48,52267.1,898.11,5390887.262499999
Votorantim,VOTORANTIM,7171,2026,Março,3,10131280.24,5084594.3,46806.94,29626.31,12664100.299999999
Votorantim,VOTORANTIM,7171,2026,Abril,4,6485633.51,4131465.43,50358.24,0.0,8107041.887499999
Votorantim,VOTORANTIM,7171,2026,Maio,5,6868421.09,3701609.95,46884.48,14951.26,8585526.362499999
Votorantim,VOTORANTIM,7171,2026,Junho,6,8539704.66,1448275.14,73708.78,26443.33,10674630.825
Votorantim,VOTORANTIM,7171,2026,Julho,7,6940215.59,1472319.55,69032.14,57584.11,8675269.487499999
Votorantim,VOTORANTIM,7171,2026,Agosto,8,7444799.97,1588312.69,64284.37,0.0,9305999.962499999
Votorantim,VOTORANTIM,7171,2026,Setembro,9,8429130.64,0.0,50799.78,25731.41,10536413.3
Votuporanga,VOTUPORANGA,7183,2026,Janeiro,1,5469757.35,13566479.28,44446.02,8853.61,6837196.687499999
Votuporanga,VOTUPORANGA,7183,2026,Fevereiro,2,3470428.23,5825523.24,42059.22,722.71,4338035.2875
Votuporanga,VOTUPORANGA,7183,2026,Março,3,8152619.21,4850583.12,37665.44,23840.23,10190774.0125
Votuporanga,VOTUPORANGA,7183,2026,Abril,4,5218975.21,4101272.38,40523.16,0.0,6523719.012499999
Votuporanga,VOTUPORANGA,7183,2026,Maio,5,5527003.54,3667197.92,37727.84,12031.24,6908754.425
Votuporanga,VOTUPORANGA,7183,2026,Junho,6,6871881.8,1061501.17,59313.29,21278.89,8589852.25
Votuporanga,VOTUPORANGA,7183,2026,Julho,7,5584776.42,1535089.32,55550.01,46337.81,6980970.524999999
Votuporanga,VOTUPORANGA,7183,2026,Agosto,8,5990814.37,1446041.98,51729.49,0.0,7488517.962499999
Votuporanga,VOTUPORANGA,7183,2026,Setembro,9,6782903.12,0.0,40878.47,20706.01,8478628.9
Várzea Paulista,VARZEA PAULISTA,7122,2026,Janeiro,1,6651609.65,9222667.84,54179.88,10743.04,8314512.0625
Várzea Paulista,VARZEA PAULISTA,7122,2026,Fevereiro,2,4211043.63,4491409.24,51034.98,876.94,5263804.5375
Várzea Paulista,VARZEA PAULISTA,7122,2026,Março,3,9892449.28,3836506.25,45703.53,28927.91,12365561.599999998
Várzea Paulista,VARZEA PAULISTA,7122,2026,Abril,4,6332743.65,3128364.36,49171.11,0.0,7915929.5625
Várzea Paulista,VARZEA PAULISTA,7122,2026,Maio,5,6706507.54,2769652.11,45779.24,14598.8,8383134.425
Várzea Paulista,VARZEA PAULISTA,7122,2026,Junho,6,8338392.91,932201.21,71971.2,25819.96,10422991.1375
Várzea Paulista,VARZEA PAULISTA,7122,2026,Julho,7,6776609.58,1071561.55,67404.8,56226.65,8470761.975
Várzea Paulista,VARZEA PAULISTA,7122,2026,Agosto,8,7269299.08,1193173.0,62768.96,0.0,9086623.85
Várzea Paulista,VARZEA PAULISTA,7122,2026,Setembro,9,8230425.51,0.0,49602.24,25124.82,10288031.8875
Zacarias,ZACARIAS,7742,2026,Janeiro,1,894473.66,276223.8,7226.69,1455.36,1118092.075
Zacarias,ZACARIAS,7742,2026,Fevereiro,2,570470.03,99318.85,6913.71,118.8,713087.5375
Zacarias,ZACARIAS,7742,2026,Março,3,1340129.99,68323.54,6191.46,3918.86,1675162.4874999998
Zacarias,ZACARIAS,7742,2026,Abril,4,857896.71,87705.17,6661.21,0.0,1072370.8875
Zacarias,ZACARIAS,7742,2026,Maio,5,908530.5,72728.77,6201.71,1977.7,1135663.125
Zacarias,ZACARIAS,7742,2026,Junho,6,1129601.99,19152.14,9749.94,3497.83,1412002.4874999998
Zacarias,ZACARIAS,7742,2026,Julho,7,918027.22,54805.78,9131.33,7617.02,1147534.025
Zacarias,ZACARIAS,7742,2026,Agosto,8,984771.86,43018.1,8503.31,0.0,1230964.825
Zacarias,ZACARIAS,7742,2026,Setembro,9,1114975.65,0.0,6719.62,3403.66,1393719.5624999998
Águas da Prata,AGUAS DA PRATA,1545,2026,Janeiro,1,725864.26,899450.3,5816.11,1189.76,907330.325
Águas da Prata,AGUAS DA PRATA,1545,2026,Fevereiro,2,466361.22,327963.06,5651.98,97.12,582951.5249999999
Águas da Prata,AGUAS DA PRATA,1545,2026,Março,3,1095560.89,264199.51,5061.54,3203.69,1369451.1124999998
Águas da Prata,AGUAS DA PRATA,1545,2026,Abril,4,701333.52,237344.28,5445.56,0.0,876666.9
Águas da Prata,AGUAS DA PRATA,1545,2026,Maio,5,742726.82,175095.93,5069.92,1616.78,928408.5249999999
Águas da Prata,AGUAS DA PRATA,1545,2026,Junho,6,923453.52,67896.34,7970.61,2859.49,1154316.9
Águas da Prata,AGUAS DA PRATA,1545,2026,Julho,7,750490.42,59655.76,7464.89,6226.94,938113.025
Águas da Prata,AGUAS DA PRATA,1545,2026,Agosto,8,805054.39,79473.89,6951.49,0.0,1006317.9874999999
Águas da Prata,AGUAS DA PRATA,1545,2026,Setembro,9,911496.44,0.0,5493.31,2782.5,1139370.5499999998
Águas de Lindóia,AGUAS DE LINDOIA,1533,2026,Janeiro,1,805464.32,2525765.72,6496.62,1312.51,1006830.3999999999
Águas de Lindóia,AGUAS DE LINDOIA,1533,2026,Fevereiro,2,514477.83,1149639.84,6235.12,107.14,643097.2875
Águas de Lindóia,AGUAS DE LINDOIA,1533,2026,Março,3,1208594.9,813574.1,5583.76,3534.22,1510743.6249999998
Águas de Lindóia,AGUAS DE LINDOIA,1533,2026,Abril,4,773693.3,677141.9,6007.41,0.0,967116.625
Águas de Lindóia,AGUAS DE LINDOIA,1533,2026,Maio,5,819357.33,633929.56,5593.01,1783.59,1024196.6624999999
Águas de Lindóia,AGUAS DE LINDOIA,1533,2026,Junho,6,1018730.44,180905.85,8792.97,3154.51,1273413.0499999998
Águas de Lindóia,AGUAS DE LINDOIA,1533,2026,Julho,7,827921.94,244748.04,8235.08,6869.4,1034902.4249999999
Águas de Lindóia,AGUAS DE LINDOIA,1533,2026,Agosto,8,888115.53,244423.46,7668.7,0.0,1110144.4124999999
Águas de Lindóia,AGUAS DE LINDOIA,1533,2026,Setembro,9,1005539.68,0.0,6060.08,3069.59,1256924.6
Águas de Santa Bárbara,AGUAS DE SANTA BARBARA,6075,2026,Janeiro,1,1129949.46,860384.4,9014.42,1859.24,1412436.825
Águas de Santa Bárbara,AGUAS DE SANTA BARBARA,6075,2026,Fevereiro,2,728781.25,336610.03,8832.33,151.77,910976.5625
Águas de Santa Bárbara,AGUAS DE SANTA BARBARA,6075,2026,Março,3,1712029.64,322066.13,7909.65,5006.39,2140037.05
Águas de Santa Bárbara,AGUAS DE SANTA BARBARA,6075,2026,Abril,4,1095971.74,212973.64,8509.76,0.0,1369964.6749999998
Águas de Santa Bárbara,AGUAS DE SANTA BARBARA,6075,2026,Maio,5,1160656.92,220901.01,7922.75,2526.53,1450821.15
Águas de Santa Bárbara,AGUAS DE SANTA BARBARA,6075,2026,Junho,6,1443077.99,83072.78,12455.64,4468.51,1803847.4874999998
Águas de Santa Bárbara,AGUAS DE SANTA BARBARA,6075,2026,Julho,7,1172789.08,78036.06,11665.36,9730.82,1465986.35
Águas de Santa Bárbara,AGUAS DE SANTA BARBARA,6075,2026,Agosto,8,1258056.03,109379.56,10863.06,0.0,1572570.0374999999
Águas de Santa Bárbara,AGUAS DE SANTA BARBARA,6075,2026,Setembro,9,1424392.69,0.0,8584.38,4348.21,1780490.8624999998
Águas de São Pedro,AGUAS DE SAO PEDRO,1557,2026,Janeiro,1,297179.46,750098.14,2407.41,482.37,371474.325
Águas de São Pedro,AGUAS DE SAO PEDRO,1557,2026,Fevereiro,2,189077.58,278241.27,2291.49,39.37,236346.97499999998
Águas de São Pedro,AGUAS DE SAO PEDRO,1557,2026,Março,3,444175.03,200776.35,2052.11,1298.88,555218.7875
Águas de São Pedro,AGUAS DE SAO PEDRO,1557,2026,Abril,4,284342.78,188618.39,2207.8,0.0,355428.47500000003
Águas de São Pedro,AGUAS DE SAO PEDRO,1557,2026,Maio,5,301124.94,145366.82,2055.51,655.49,376406.175
Águas de São Pedro,AGUAS DE SAO PEDRO,1557,2026,Junho,6,374397.26,39465.24,3231.54,1159.33,467996.575
Águas de São Pedro,AGUAS DE SAO PEDRO,1557,2026,Julho,7,304272.55,55623.45,3026.5,2524.6,380340.68749999994
Águas de São Pedro,AGUAS DE SAO PEDRO,1557,2026,Agosto,8,326394.51,38432.81,2818.35,0.0,407993.1375
Águas de São Pedro,AGUAS DE SAO PEDRO,1557,2026,Setembro,9,369549.48,0.0,2227.16,1128.11,461936.85
Álvaro de Carvalho,ALVARO DE CARVALHO,1636,2026,Janeiro,1,343801.13,161398.49,2804.6,554.51,429751.4125
Álvaro de Carvalho,ALVARO DE CARVALHO,1636,2026,Fevereiro,2,217357.31,96582.59,2634.22,45.26,271696.63749999995
Álvaro de Carvalho,ALVARO DE CARVALHO,1636,2026,Março,3,510608.86,65334.11,2359.03,1493.14,638261.075
Álvaro de Carvalho,ALVARO DE CARVALHO,1636,2026,Abril,4,326871.02,50524.24,2538.02,0.0,408588.775
Álvaro de Carvalho,ALVARO DE CARVALHO,1636,2026,Maio,5,346163.23,34342.22,2362.94,753.53,432704.0375
Álvaro de Carvalho,ALVARO DE CARVALHO,1636,2026,Junho,6,430394.65,27222.59,3714.87,1332.72,537993.3125
Álvaro de Carvalho,ALVARO DE CARVALHO,1636,2026,Julho,7,349781.62,18889.61,3479.17,2902.2,437227.02499999997
Álvaro de Carvalho,ALVARO DE CARVALHO,1636,2026,Agosto,8,375212.29,30505.59,3239.88,0.0,469015.36249999993
Álvaro de Carvalho,ALVARO DE CARVALHO,1636,2026,Setembro,9,424821.81,0.0,2560.27,1296.84,531027.2625
Óleo,OLEO,4868,2026,Janeiro,1,486599.19,175124.96,3981.61,782.64,608248.9874999999
Óleo,OLEO,4868,2026,Fevereiro,2,306778.56,103056.63,3717.95,63.89,383473.19999999995
Óleo,OLEO,4868,2026,Março,3,720674.41,60454.29,3329.55,2107.43,900843.0125
Óleo,OLEO,4868,2026,Abril,4,461346.44,45025.09,3582.16,0.0,576683.0499999999
Óleo,OLEO,4868,2026,Maio,5,488575.5,54431.68,3335.06,1063.54,610719.375
Óleo,OLEO,4868,2026,Junho,6,607459.91,11133.93,5243.17,1881.01,759324.8875
Óleo,OLEO,4868,2026,Julho,7,493682.5,19123.43,4910.5,4096.17,617103.125
Óleo,OLEO,4868,2026,Agosto,8,529575.4,13589.05,4572.78,0.0,661969.25
Óleo,OLEO,4868,2026,Setembro,9,599594.39,0.0,3613.57,1830.37,749492.9874999999
