municipio,municipio_chave,codigo_repasse_sefaz,ano,mes_nome,mes,icms_liquido_reais,ipva_reais,fundo_exportacao_ipi_reais,compensacao_financeira_reais,icms_bruto_reais
Adamantina,ADAMANTINA,1508,2025,Janeiro,1,1875587.66,5158042.69,11812.45,4252.37,2344484.5749999997
Adamantina,ADAMANTINA,1508,2025,Fevereiro,2,1992065.78,1961278.39,13714.84,4569.71,2490082.225
Adamantina,ADAMANTINA,1508,2025,Março,3,2035362.33,1648252.55,15820.73,104.11,2544202.9125
Adamantina,ADAMANTINA,1508,2025,Abril,4,2192142.01,1366228.46,16852.29,5993.1,2740177.5124999997
Adamantina,ADAMANTINA,1508,2025,Maio,5,2029291.12,1278594.79,13371.82,9919.55,2536613.9
Adamantina,ADAMANTINA,1508,2025,Junho,6,1538205.77,296748.19,17214.34,123.99,1922757.2125
Adamantina,ADAMANTINA,1508,2025,Julho,7,2785113.97,581909.82,15903.39,8836.32,3481392.4625
Adamantina,ADAMANTINA,1508,2025,Agosto,8,2055076.07,483355.15,14048.8,0.0,2568845.0875
Adamantina,ADAMANTINA,1508,2025,Setembro,9,2481475.12,541415.19,17103.92,8567.72,3101843.9
Adamantina,ADAMANTINA,1508,2025,Outubro,10,2044870.82,402663.67,17040.54,107.18,2556088.525
Adamantina,ADAMANTINA,1508,2025,Novembro,11,1883971.54,269681.31,15682.81,4364.88,2354964.425
Adamantina,ADAMANTINA,1508,2025,Dezembro,12,2953475.92,472975.65,18014.6,8134.42,3691844.9
Adolfo,ADOLFO,1510,2025,Janeiro,1,699859.17,349151.9,4424.48,1592.77,874823.9625
Adolfo,ADOLFO,1510,2025,Fevereiro,2,746149.24,145017.83,5137.04,1711.63,932686.5499999999
Adolfo,ADOLFO,1510,2025,Março,3,762366.42,119727.33,5925.82,39.0,952958.025
Adolfo,ADOLFO,1510,2025,Abril,4,821089.9,114327.88,6312.2,2244.78,1026362.375
Adolfo,ADOLFO,1510,2025,Maio,5,760092.39,95548.18,5008.56,3715.47,950115.4874999999
Adolfo,ADOLFO,1510,2025,Junho,6,576151.19,11035.68,6447.81,46.44,720188.9874999999
Adolfo,ADOLFO,1510,2025,Julho,7,1043193.8,28722.87,5956.78,3309.74,1303992.25
Adolfo,ADOLFO,1510,2025,Agosto,8,769750.41,35388.42,5262.13,0.0,962188.0125
Adolfo,ADOLFO,1510,2025,Setembro,9,929462.67,48174.76,6406.45,3209.13,1161828.3375
Adolfo,ADOLFO,1510,2025,Outubro,10,765927.93,24260.32,6382.71,40.14,957409.9125
Adolfo,ADOLFO,1510,2025,Novembro,11,705661.41,15858.57,5874.16,1634.91,882076.7625
Adolfo,ADOLFO,1510,2025,Dezembro,12,1106255.55,53380.33,6747.56,3046.83,1382819.4375
Aguaí,AGUAI,1521,2025,Janeiro,1,2739817.7,3402512.46,17353.53,6247.11,3424772.125
Aguaí,AGUAI,1521,2025,Fevereiro,2,2926519.51,1052595.07,20148.3,6713.3,3658149.3874999997
Aguaí,AGUAI,1521,2025,Março,3,2990125.95,809443.24,23242.05,152.94,3737657.4375
Aguaí,AGUAI,1521,2025,Abril,4,3220449.05,825543.99,24757.49,8804.38,4025561.3124999995
Aguaí,AGUAI,1521,2025,Maio,5,2981206.8,672125.92,19644.38,14572.69,3726508.4999999995
Aguaí,AGUAI,1521,2025,Junho,6,2259759.31,283567.5,25289.38,182.15,2824699.1374999997
Aguaí,AGUAI,1521,2025,Julho,7,4091576.92,380294.92,23363.47,12981.34,5114471.149999999
Aguaí,AGUAI,1521,2025,Agosto,8,3019087.16,329767.9,20638.92,0.0,3773858.95
Aguaí,AGUAI,1521,2025,Setembro,9,3645504.8,325427.14,25127.16,12586.73,4556880.999999999
Aguaí,AGUAI,1521,2025,Outubro,10,3004094.75,239734.84,25034.05,157.45,3755118.4375
Aguaí,AGUAI,1521,2025,Novembro,11,2767719.59,195778.04,23039.42,6412.39,3459649.4875
Aguaí,AGUAI,1521,2025,Dezembro,12,4338915.41,304310.24,26465.02,11950.18,5423644.2625
Agudos,AGUDOS,1569,2025,Janeiro,1,5431236.29,3199394.28,34392.79,12381.09,6789045.3625
Agudos,AGUDOS,1569,2025,Fevereiro,2,5800041.75,1338696.71,39931.73,13305.04,7250052.1875
Agudos,AGUDOS,1569,2025,Março,3,5926102.76,1330968.83,46063.2,303.12,7407628.449999999
Agudos,AGUDOS,1569,2025,Abril,4,6382577.98,1052340.43,49066.65,17449.33,7978222.475000001
Agudos,AGUDOS,1569,2025,Maio,5,5908425.99,1166661.83,38933.02,28881.49,7385532.4875
Agudos,AGUDOS,1569,2025,Junho,6,4478595.92,275500.75,50120.79,360.99,5598244.899999999
Agudos,AGUDOS,1569,2025,Julho,7,8109058.18,592495.08,46303.85,25727.59,10136322.725
Agudos,AGUDOS,1569,2025,Agosto,8,5983500.71,652221.62,40904.09,0.0,7479375.887499999
Agudos,AGUDOS,1569,2025,Setembro,9,7224992.0,524840.8,49799.28,24945.52,9031240.0
Agudos,AGUDOS,1569,2025,Outubro,10,5953787.39,427050.47,49614.75,312.05,7442234.237499999
Agudos,AGUDOS,1569,2025,Novembro,11,5485317.67,315479.01,45661.61,12708.66,6856647.087499999
Agudos,AGUDOS,1569,2025,Dezembro,12,8599256.04,464112.13,52450.78,23683.95,10749070.049999999
Alambari,ALAMBARI,7328,2025,Janeiro,1,455606.86,462191.59,2863.96,1031.0,569508.575
Alambari,ALAMBARI,7328,2025,Fevereiro,2,482980.9,150688.74,3325.19,1107.94,603726.125
Alambari,ALAMBARI,7328,2025,Março,3,493478.25,125277.3,3835.77,25.24,616847.8125
Alambari,ALAMBARI,7328,2025,Abril,4,531489.84,108274.77,4085.88,1453.04,664362.2999999999
Alambari,ALAMBARI,7328,2025,Maio,5,492006.27,96856.19,3242.03,2405.02,615007.8375
Alambari,ALAMBARI,7328,2025,Junho,6,372941.5,34856.59,4173.66,30.06,466176.875
Alambari,ALAMBARI,7328,2025,Julho,7,675257.24,33829.48,3855.81,2142.39,844071.5499999999
Alambari,ALAMBARI,7328,2025,Agosto,8,498257.89,42627.3,3406.16,0.0,622822.3624999999
Alambari,ALAMBARI,7328,2025,Setembro,9,601639.31,46221.6,4146.88,2077.26,752049.1375000001
Alambari,ALAMBARI,7328,2025,Outubro,10,495783.6,44889.42,4131.52,25.99,619729.4999999999
Alambari,ALAMBARI,7328,2025,Novembro,11,456773.2,42743.06,3802.33,1058.28,570966.5
Alambari,ALAMBARI,7328,2025,Dezembro,12,716076.98,63467.39,4367.68,1972.21,895096.225
Alfredo Marcondes,ALFREDO MARCONDES,1570,2025,Janeiro,1,439624.96,466519.71,2757.98,992.85,549531.2
Alfredo Marcondes,ALFREDO MARCONDES,1570,2025,Fevereiro,2,465109.51,156642.84,3202.15,1066.94,581386.8875
Alfredo Marcondes,ALFREDO MARCONDES,1570,2025,Março,3,475218.44,117697.33,3693.84,24.31,594023.0499999999
Alfredo Marcondes,ALFREDO MARCONDES,1570,2025,Abril,4,511823.51,108694.23,3934.69,1399.27,639779.3875
Alfredo Marcondes,ALFREDO MARCONDES,1570,2025,Maio,5,473800.93,80892.85,3122.07,2316.03,592251.1625
Alfredo Marcondes,ALFREDO MARCONDES,1570,2025,Junho,6,359141.82,16415.72,4019.22,28.95,448927.27499999997
Alfredo Marcondes,ALFREDO MARCONDES,1570,2025,Julho,7,650271.2,33954.36,3713.14,2063.11,812838.9999999999
Alfredo Marcondes,ALFREDO MARCONDES,1570,2025,Agosto,8,479821.22,37298.75,3280.13,0.0,599776.5249999999
Alfredo Marcondes,ALFREDO MARCONDES,1570,2025,Setembro,9,579377.3,33440.84,3993.44,2000.4,724221.625
Alfredo Marcondes,ALFREDO MARCONDES,1570,2025,Outubro,10,477438.49,37731.17,3978.64,25.02,596798.1124999999
Alfredo Marcondes,ALFREDO MARCONDES,1570,2025,Novembro,11,439871.56,17147.08,3661.64,1019.12,549839.45
Alfredo Marcondes,ALFREDO MARCONDES,1570,2025,Dezembro,12,689580.52,40340.84,4206.07,1899.23,861975.65
Altair,ALTAIR,1582,2025,Janeiro,1,667171.63,187504.34,4234.39,1524.34,833964.5375
Altair,ALTAIR,1582,2025,Fevereiro,2,714093.24,78299.76,4916.34,1638.1,892616.5499999999
Altair,ALTAIR,1582,2025,Março,3,729613.7,50360.13,5671.24,37.32,912017.1249999999
Altair,ALTAIR,1582,2025,Abril,4,785814.31,61792.56,6041.02,2148.34,982267.8875000001
Altair,ALTAIR,1582,2025,Maio,5,727437.36,49907.8,4793.38,3555.85,909296.7
Altair,ALTAIR,1582,2025,Junho,6,551398.63,18582.27,6170.8,44.44,689248.2875
Altair,ALTAIR,1582,2025,Julho,7,998376.2,24375.32,5700.87,3167.55,1247970.2499999998
Altair,ALTAIR,1582,2025,Agosto,8,736680.46,16458.71,5036.06,0.0,920850.575
Altair,ALTAIR,1582,2025,Setembro,9,889531.18,21644.28,6131.22,3071.26,1111913.975
Altair,ALTAIR,1582,2025,Outubro,10,733022.2,13102.1,6108.5,38.42,916277.7499999999
Altair,ALTAIR,1582,2025,Novembro,11,675344.84,20310.21,5621.8,1564.67,844181.0499999999
Altair,ALTAIR,1582,2025,Dezembro,12,1058728.7,32045.38,6457.67,2915.94,1323410.8749999998
Altinópolis,ALTINOPOLIS,1594,2025,Janeiro,1,1771063.79,2062574.75,11203.6,4033.19,2213829.7375
Altinópolis,ALTINOPOLIS,1594,2025,Fevereiro,2,1889387.88,651067.84,13007.93,4334.17,2361734.8499999996
Altinópolis,ALTINOPOLIS,1594,2025,Março,3,1930452.79,522429.45,15005.28,98.74,2413065.9875
Altinópolis,ALTINOPOLIS,1594,2025,Abril,4,2079151.5,472223.5,15983.67,5684.19,2598939.375
Altinópolis,ALTINOPOLIS,1594,2025,Maio,5,1924694.5,426604.11,12682.59,9408.27,2405868.125
Altinópolis,ALTINOPOLIS,1594,2025,Junho,6,1458921.37,185793.5,16327.06,117.59,1823651.7125000001
Altinópolis,ALTINOPOLIS,1594,2025,Julho,7,2641559.65,180365.53,15083.67,8380.87,3301949.5624999995
Altinópolis,ALTINOPOLIS,1594,2025,Agosto,8,1949150.41,169188.93,13324.68,0.0,2436438.0124999997
Altinópolis,ALTINOPOLIS,1594,2025,Setembro,9,2353571.39,172818.32,16222.33,8126.11,2941964.2375
Altinópolis,ALTINOPOLIS,1594,2025,Outubro,10,1939471.17,109483.52,16162.21,101.65,2424338.9625
Altinópolis,ALTINOPOLIS,1594,2025,Novembro,11,1786865.2,133877.43,14874.46,4139.9,2233581.5
Altinópolis,ALTINOPOLIS,1594,2025,Dezembro,12,2801243.66,180902.17,17086.06,7715.14,3501554.575
Alto Alegre,ALTO ALEGRE,1600,2025,Janeiro,1,713089.69,558272.54,4501.36,1620.45,891362.1124999999
Alto Alegre,ALTO ALEGRE,1600,2025,Fevereiro,2,759114.61,142979.65,5226.3,1741.37,948893.2625
Alto Alegre,ALTO ALEGRE,1600,2025,Março,3,775613.59,124698.71,6028.79,39.67,969516.9874999999
Alto Alegre,ALTO ALEGRE,1600,2025,Abril,4,835357.47,99200.68,6421.89,2283.78,1044196.8374999999
Alto Alegre,ALTO ALEGRE,1600,2025,Maio,5,773300.04,112465.98,5095.59,3780.03,966625.05
Alto Alegre,ALTO ALEGRE,1600,2025,Junho,6,586162.61,19061.99,6559.85,47.25,732703.2625
Alto Alegre,ALTO ALEGRE,1600,2025,Julho,7,1061320.73,69596.4,6060.29,3367.25,1326650.9124999999
Alto Alegre,ALTO ALEGRE,1600,2025,Agosto,8,783125.88,42801.08,5353.56,0.0,978907.35
Alto Alegre,ALTO ALEGRE,1600,2025,Setembro,9,945613.36,72286.01,6517.77,3264.89,1182016.7
Alto Alegre,ALTO ALEGRE,1600,2025,Outubro,10,779236.98,38935.68,6493.62,40.84,974046.225
Alto Alegre,ALTO ALEGRE,1600,2025,Novembro,11,717923.24,30337.52,5976.23,1663.32,897404.0499999999
Alto Alegre,ALTO ALEGRE,1600,2025,Dezembro,12,1125478.26,64223.2,6864.81,3099.78,1406847.825
Alumínio,ALUMINIO,7330,2025,Janeiro,1,3482129.32,1149023.12,21709.71,7815.3,4352661.649999999
Alumínio,ALUMINIO,7330,2025,Fevereiro,2,3661151.23,511050.29,25206.04,8398.52,4576439.0375
Alumínio,ALUMINIO,7330,2025,Março,3,3740724.53,474517.74,29076.4,191.34,4675905.6625
Alumínio,ALUMINIO,7330,2025,Abril,4,4028864.66,334257.05,30972.26,11014.51,5036080.825
Alumínio,ALUMINIO,7330,2025,Maio,5,3729566.45,322270.29,24575.63,18230.82,4661958.0625
Alumínio,ALUMINIO,7330,2025,Junho,6,2827017.06,126518.94,31637.67,227.87,3533771.3249999997
Alumínio,ALUMINIO,7330,2025,Julho,7,5118668.04,137126.06,29228.31,16239.99,6398335.05
Alumínio,ALUMINIO,7330,2025,Agosto,8,3776955.74,192909.91,25819.82,0.0,4721194.675
Alumínio,ALUMINIO,7330,2025,Setembro,9,4560620.34,145314.48,31434.72,15746.32,5700775.425
Alumínio,ALUMINIO,7330,2025,Outubro,10,3758199.85,133790.7,31318.24,196.98,4697749.8125
Alumínio,ALUMINIO,7330,2025,Novembro,11,3462488.44,107740.83,28822.91,8022.07,4328110.55
Alumínio,ALUMINIO,7330,2025,Dezembro,12,5428094.86,188652.32,33108.43,14949.98,6785118.575
Alvares Florence,ALVARES FLORENCE,1612,2025,Janeiro,1,739657.24,345097.59,4672.36,1682.01,924571.5499999999
Alvares Florence,ALVARES FLORENCE,1612,2025,Fevereiro,2,787951.94,128797.23,5424.84,1807.53,984939.9249999999
Alvares Florence,ALVARES FLORENCE,1612,2025,Março,3,805077.69,84370.57,6257.81,41.18,1006347.1124999999
Alvares Florence,ALVARES FLORENCE,1612,2025,Abril,4,867091.13,86032.38,6665.84,2370.54,1083863.9124999999
Alvares Florence,ALVARES FLORENCE,1612,2025,Maio,5,802676.25,67224.14,5289.16,3923.63,1003345.3125
Alvares Florence,ALVARES FLORENCE,1612,2025,Junho,6,608429.82,21586.78,6809.05,49.04,760537.2749999999
Alvares Florence,ALVARES FLORENCE,1612,2025,Julho,7,1101638.31,31217.9,6290.51,3495.17,1377047.8875
Alvares Florence,ALVARES FLORENCE,1612,2025,Agosto,8,812875.36,36609.47,5556.94,0.0,1016094.2
Alvares Florence,ALVARES FLORENCE,1612,2025,Setembro,9,981535.43,36187.33,6765.37,3388.92,1226919.2875
Alvares Florence,ALVARES FLORENCE,1612,2025,Outubro,10,808838.72,33062.6,6740.3,42.39,1011048.3999999999
Alvares Florence,ALVARES FLORENCE,1612,2025,Novembro,11,745195.8,33599.25,6203.26,1726.51,931494.75
Alvares Florence,ALVARES FLORENCE,1612,2025,Dezembro,12,1168233.06,46053.54,7125.59,3217.53,1460291.325
Alvares Machado,ALVARES MACHADO,1624,2025,Janeiro,1,1157286.99,2628523.81,7326.28,2637.39,1446608.7374999998
Alvares Machado,ALVARES MACHADO,1624,2025,Fevereiro,2,1235513.03,1017318.09,8506.18,2834.21,1544391.2874999999
Alvares Machado,ALVARES MACHADO,1624,2025,Março,3,1262366.29,724127.65,9812.29,64.57,1577957.8625
Alvares Machado,ALVARES MACHADO,1624,2025,Abril,4,1359603.71,704671.19,10452.08,3717.02,1699504.6375
Alvares Machado,ALVARES MACHADO,1624,2025,Maio,5,1258600.82,562738.71,8293.43,6152.28,1573251.025
Alvares Machado,ALVARES MACHADO,1624,2025,Junho,6,954021.35,196711.15,10676.63,76.9,1192526.6875
Alvares Machado,ALVARES MACHADO,1624,2025,Julho,7,1727374.99,207305.04,9863.55,5480.44,2159218.7375
Alvares Machado,ALVARES MACHADO,1624,2025,Agosto,8,1274593.09,253148.6,8713.31,0.0,1593241.3625
Alvares Machado,ALVARES MACHADO,1624,2025,Setembro,9,1539053.02,275252.4,10608.14,5313.84,1923816.275
Alvares Machado,ALVARES MACHADO,1624,2025,Outubro,10,1268263.62,198676.19,10568.83,66.47,1585329.5250000001
Alvares Machado,ALVARES MACHADO,1624,2025,Novembro,11,1168471.15,204929.71,9726.74,2707.17,1460588.9374999998
Alvares Machado,ALVARES MACHADO,1624,2025,Dezembro,12,1831795.94,312654.52,11172.96,5045.11,2289744.925
Alvinlândia,ALVINLANDIA,1648,2025,Janeiro,1,286829.91,186947.92,1822.09,655.93,358537.38749999995
Alvinlândia,ALVINLANDIA,1648,2025,Fevereiro,2,307278.91,83589.34,2115.53,704.88,384098.63749999995
Alvinlândia,ALVINLANDIA,1648,2025,Março,3,313957.46,74533.11,2440.37,16.06,392446.825
Alvinlândia,ALVINLANDIA,1648,2025,Abril,4,338140.94,60989.12,2599.49,924.44,422676.175
Alvinlândia,ALVINLANDIA,1648,2025,Maio,5,313020.97,55416.52,2062.62,1530.1,391276.21249999997
Alvinlândia,ALVINLANDIA,1648,2025,Junho,6,237270.37,13807.63,2655.34,19.12,296587.96249999997
Alvinlândia,ALVINLANDIA,1648,2025,Julho,7,429607.69,14741.78,2453.12,1363.02,537009.6124999999
Alvinlândia,ALVINLANDIA,1648,2025,Agosto,8,316998.33,50822.97,2167.05,0.0,396247.9125
Alvinlândia,ALVINLANDIA,1648,2025,Setembro,9,382770.97,26857.07,2638.3,1321.58,478463.71249999997
Alvinlândia,ALVINLANDIA,1648,2025,Outubro,10,315424.16,22692.75,2628.53,16.53,394280.19999999995
Alvinlândia,ALVINLANDIA,1648,2025,Novembro,11,290605.22,14667.98,2419.09,673.29,363256.52499999997
Alvinlândia,ALVINLANDIA,1648,2025,Dezembro,12,455577.75,31059.23,2778.78,1254.75,569472.1875
Americana,AMERICANA,1650,2025,Janeiro,1,16085626.53,40938951.89,101740.13,36625.52,20107033.162499998
Americana,AMERICANA,1650,2025,Fevereiro,2,17157578.84,16351616.75,118125.32,39358.72,21446973.549999997
Americana,AMERICANA,1650,2025,Março,3,17530490.25,12573356.05,136263.32,896.68,21913112.8125
Americana,AMERICANA,1650,2025,Abril,4,18880827.01,11570669.99,145148.07,51618.29,23601033.7625
Americana,AMERICANA,1650,2025,Maio,5,17478199.16,10213238.48,115170.95,85436.7,21847748.95
Americana,AMERICANA,1650,2025,Junho,6,13248501.65,2870962.12,148266.42,1067.88,16560627.0625
Americana,AMERICANA,1650,2025,Julho,7,23988069.6,3592109.38,136975.21,76106.89,29985087.0
Americana,AMERICANA,1650,2025,Agosto,8,17700283.84,3680398.72,121001.74,0.0,22125354.799999997
Americana,AMERICANA,1650,2025,Setembro,9,21372840.96,3841566.81,147315.34,73793.39,26716051.2
Americana,AMERICANA,1650,2025,Outubro,10,17612386.44,3427575.96,146769.45,923.12,22015483.05
Americana,AMERICANA,1650,2025,Novembro,11,16226567.75,2442929.46,135075.36,37594.54,20283209.6875
Americana,AMERICANA,1650,2025,Dezembro,12,25438164.04,4553904.88,155158.96,70061.42,31797705.049999997
Amparo,AMPARO,1685,2025,Janeiro,1,8124114.33,11467167.51,51395.56,18501.93,10155142.9125
Amparo,AMPARO,1685,2025,Fevereiro,2,8667409.7,3330695.05,59672.79,19882.65,10834262.124999998
Amparo,AMPARO,1685,2025,Março,3,8855791.53,2601429.14,68835.47,452.97,11069739.412499998
Amparo,AMPARO,1685,2025,Abril,4,9537934.5,2221363.6,73323.74,26075.76,11922418.125
Amparo,AMPARO,1685,2025,Maio,5,8829375.89,1974924.17,58180.34,43159.64,11036719.8625
Amparo,AMPARO,1685,2025,Junho,6,6692680.4,598982.8,74899.02,539.46,8365850.5
Amparo,AMPARO,1685,2025,Julho,7,12117935.12,692307.58,69195.09,38446.54,15147418.899999999
Amparo,AMPARO,1685,2025,Agosto,8,8941565.32,667160.37,61125.85,0.0,11176956.65
Amparo,AMPARO,1685,2025,Setembro,9,10796812.93,676015.42,74418.57,37277.84,13496016.1625
Amparo,AMPARO,1685,2025,Outubro,10,8897162.62,650016.11,74142.8,466.33,11121453.274999999
Amparo,AMPARO,1685,2025,Novembro,11,8197095.41,501609.84,68235.36,18991.45,10246369.2625
Amparo,AMPARO,1685,2025,Dezembro,12,12850472.2,933083.88,78380.89,35392.58,16063090.249999998
Américo Brasiliense,AMERICO BRASILIENSE,1661,2025,Janeiro,1,1587631.28,3113532.87,10001.79,3600.55,1984539.0999999999
Américo Brasiliense,AMERICO BRASILIENSE,1661,2025,Fevereiro,2,1686713.71,1155777.4,11612.57,3869.25,2108392.1374999997
Américo Brasiliense,AMERICO BRASILIENSE,1661,2025,Março,3,1723373.59,1177423.09,13395.67,88.15,2154216.9875
Américo Brasiliense,AMERICO BRASILIENSE,1661,2025,Abril,4,1856121.43,858706.09,14269.1,5074.45,2320151.7874999996
Américo Brasiliense,AMERICO BRASILIENSE,1661,2025,Maio,5,1718233.0,1008565.45,11322.13,8399.04,2147791.25
Américo Brasiliense,AMERICO BRASILIENSE,1661,2025,Junho,6,1302423.24,266965.65,14575.66,104.98,1628029.0499999998
Américo Brasiliense,AMERICO BRASILIENSE,1661,2025,Julho,7,2358200.21,567726.41,13465.65,7481.86,2947750.2624999997
Américo Brasiliense,AMERICO BRASILIENSE,1661,2025,Agosto,8,1740065.53,557464.98,11895.34,0.0,2175081.9125
Américo Brasiliense,AMERICO BRASILIENSE,1661,2025,Setembro,9,2101104.37,563850.91,14482.16,7254.42,2626380.4625
Américo Brasiliense,AMERICO BRASILIENSE,1661,2025,Outubro,10,1731424.58,396371.49,14428.5,90.75,2164280.725
Américo Brasiliense,AMERICO BRASILIENSE,1661,2025,Novembro,11,1595188.61,302927.81,13278.88,3695.81,1993985.7625
Américo Brasiliense,AMERICO BRASILIENSE,1661,2025,Dezembro,12,2500754.95,481409.43,15253.24,6887.54,3125943.6875
Américo de Campos,AMERICO DE CAMPOS,1673,2025,Janeiro,1,664672.41,569225.25,4217.59,1518.29,830840.5125
Américo de Campos,AMERICO DE CAMPOS,1673,2025,Fevereiro,2,711259.22,207826.33,4896.83,1631.6,889074.0249999999
Américo de Campos,AMERICO DE CAMPOS,1673,2025,Março,3,726718.09,132432.16,5648.73,37.17,908397.6124999999
Américo de Campos,AMERICO DE CAMPOS,1673,2025,Abril,4,782695.65,160729.33,6017.04,2139.81,978369.5625
Américo de Campos,AMERICO DE CAMPOS,1673,2025,Maio,5,724550.38,103182.88,4774.36,3541.74,905687.975
Américo de Campos,AMERICO DE CAMPOS,1673,2025,Junho,6,549210.3,39485.23,6146.31,44.27,686512.875
Américo de Campos,AMERICO DE CAMPOS,1673,2025,Julho,7,994413.95,44767.03,5678.24,3154.97,1243017.4374999998
Américo de Campos,AMERICO DE CAMPOS,1673,2025,Agosto,8,733756.8,30719.64,5016.07,0.0,917196.0
Américo de Campos,AMERICO DE CAMPOS,1673,2025,Setembro,9,886000.9,42116.47,6106.89,3059.07,1107501.125
Américo de Campos,AMERICO DE CAMPOS,1673,2025,Outubro,10,730113.05,54735.27,6084.26,38.27,912641.3125
Américo de Campos,AMERICO DE CAMPOS,1673,2025,Novembro,11,672664.6,34089.36,5599.48,1558.46,840830.7499999999
Américo de Campos,AMERICO DE CAMPOS,1673,2025,Dezembro,12,1054526.92,54478.28,6432.04,2904.36,1318158.65
Analândia,ANALANDIA,1697,2025,Janeiro,1,1218860.51,499275.26,7731.28,2783.19,1523575.6375
Analândia,ANALANDIA,1697,2025,Fevereiro,2,1303812.55,154535.97,8976.4,2990.89,1629765.6875
Analândia,ANALANDIA,1697,2025,Março,3,1332150.27,178482.4,10354.71,68.14,1665187.8375
Analândia,ANALANDIA,1697,2025,Abril,4,1434763.0,114900.46,11029.87,3922.5,1793453.75
Analândia,ANALANDIA,1697,2025,Maio,5,1328176.64,160156.85,8751.9,6492.38,1660220.7999999998
Analândia,ANALANDIA,1697,2025,Junho,6,1006759.92,29911.51,11266.84,81.15,1258449.9
Analândia,ANALANDIA,1697,2025,Julho,7,1822864.79,108616.37,10408.81,5783.4,2278580.9875
Analândia,ANALANDIA,1697,2025,Agosto,8,1345052.97,79964.43,9194.98,0.0,1681316.2125
Analândia,ANALANDIA,1697,2025,Setembro,9,1624132.32,83635.84,11194.56,5607.59,2030165.4
Analândia,ANALANDIA,1697,2025,Outubro,10,1338373.6,41196.1,11153.08,70.15,1672967.0
Analândia,ANALANDIA,1697,2025,Novembro,11,1233064.58,34349.99,10264.44,2856.83,1541330.725
Analândia,ANALANDIA,1697,2025,Dezembro,12,1933058.15,47946.26,11790.6,5324.0,2416322.6874999995
Andradina,ANDRADINA,1703,2025,Janeiro,1,4932859.4,6085156.45,31145.29,11212.02,6166074.25
Andradina,ANDRADINA,1703,2025,Fevereiro,2,5252379.15,2527242.47,36161.22,12048.72,6565473.9375
Andradina,ANDRADINA,1703,2025,Março,3,5366536.99,2063939.16,41713.73,274.5,6708171.2375
Andradina,ANDRADINA,1703,2025,Abril,4,5779910.03,2059662.99,44433.58,15801.69,7224887.5375
Andradina,ANDRADINA,1703,2025,Maio,5,5350529.33,1645887.66,35256.81,26154.39,6688161.6625
Andradina,ANDRADINA,1703,2025,Junho,6,4055709.4,535110.03,45388.19,326.91,5069636.75
Andradina,ANDRADINA,1703,2025,Julho,7,7343369.23,843020.69,41931.66,23298.29,9179211.5375
Andradina,ANDRADINA,1703,2025,Agosto,8,5418515.2,900787.65,37041.76,0.0,6773144.0
Andradina,ANDRADINA,1703,2025,Setembro,9,6542780.03,905756.94,45097.04,22590.07,8178475.0375
Andradina,ANDRADINA,1703,2025,Outubro,10,5391607.53,978027.53,44929.93,282.59,6739509.4125
Andradina,ANDRADINA,1703,2025,Novembro,11,4967372.55,778394.25,41350.07,11508.66,6209215.687499999
Andradina,ANDRADINA,1703,2025,Dezembro,12,7787280.69,1096241.91,47498.17,21447.61,9734100.8625
Angatuba,ANGATUBA,1715,2025,Janeiro,1,2777218.53,1807365.2,17510.43,6303.59,3471523.1624999996
Angatuba,ANGATUBA,1715,2025,Fevereiro,2,2952980.04,778580.3,20330.47,6774.0,3691225.05
Angatuba,ANGATUBA,1715,2025,Março,3,3017161.58,596779.75,23452.19,154.33,3771451.975
Angatuba,ANGATUBA,1715,2025,Abril,4,3249567.19,569015.25,24981.34,8883.99,4061958.9875
Angatuba,ANGATUBA,1715,2025,Maio,5,3008161.8,494034.88,19822.0,14704.46,3760202.2499999995
Angatuba,ANGATUBA,1715,2025,Junho,6,2280191.24,149651.82,25518.04,183.79,2850239.0500000003
Angatuba,ANGATUBA,1715,2025,Julho,7,4128571.48,202581.86,23574.72,13098.71,5160714.35
Angatuba,ANGATUBA,1715,2025,Agosto,8,3046384.65,172522.94,20825.53,0.0,3807980.8124999995
Angatuba,ANGATUBA,1715,2025,Setembro,9,3678466.13,195264.29,25354.35,12700.53,4598082.6625
Angatuba,ANGATUBA,1715,2025,Outubro,10,3031256.69,177772.11,25260.4,158.88,3789070.8625
Angatuba,ANGATUBA,1715,2025,Novembro,11,2792744.31,152284.49,23247.74,6470.37,3490930.3874999997
Angatuba,ANGATUBA,1715,2025,Dezembro,12,4378146.32,187705.71,26704.31,12058.23,5472682.9
Anhembi,ANHEMBI,1727,2025,Janeiro,1,1127882.03,328852.98,7137.3,2569.36,1409852.5374999999
Anhembi,ANHEMBI,1727,2025,Fevereiro,2,1203642.1,159391.03,8286.75,2761.1,1504552.625
Anhembi,ANHEMBI,1727,2025,Março,3,1229802.66,117605.42,9559.17,62.9,1537253.3249999997
Anhembi,ANHEMBI,1727,2025,Abril,4,1324531.77,98769.09,10182.46,3621.14,1655664.7125
Anhembi,ANHEMBI,1727,2025,Maio,5,1226134.32,102171.98,8079.5,5993.57,1532667.9
Anhembi,ANHEMBI,1727,2025,Junho,6,929411.69,27980.93,10401.22,74.91,1161764.6124999998
Anhembi,ANHEMBI,1727,2025,Julho,7,1682816.13,27087.59,9609.11,5339.07,2103520.1624999996
Anhembi,ANHEMBI,1727,2025,Agosto,8,1241714.06,21181.83,8488.54,0.0,1552142.575
Anhembi,ANHEMBI,1727,2025,Setembro,9,1499352.06,42817.31,10334.5,5176.77,1874190.075
Anhembi,ANHEMBI,1727,2025,Outubro,10,1235547.86,45140.67,10296.2,64.76,1544434.825
Anhembi,ANHEMBI,1727,2025,Novembro,11,1138329.61,26622.44,9475.84,2637.34,1422912.0125
Anhembi,ANHEMBI,1727,2025,Dezembro,12,1784543.46,53117.74,10884.74,4914.96,2230679.3249999997
Anhumas,ANHUMAS,1739,2025,Janeiro,1,536663.19,331470.11,3397.48,1223.06,670828.9874999999
Anhumas,ANHUMAS,1739,2025,Fevereiro,2,572954.69,119816.7,3944.64,1314.33,716193.3624999999
Anhumas,ANHUMAS,1739,2025,Março,3,585407.57,91383.61,4550.33,29.94,731759.4624999999
Anhumas,ANHUMAS,1739,2025,Abril,4,630500.28,92737.61,4847.03,1723.72,788125.35
Anhumas,ANHUMAS,1739,2025,Maio,5,583661.38,74692.19,3845.98,2853.05,729576.725
Anhumas,ANHUMAS,1739,2025,Junho,6,442416.22,15916.33,4951.16,35.66,553020.2749999999
Anhumas,ANHUMAS,1739,2025,Julho,7,801049.9,18484.75,4574.11,2541.49,1001312.375
Anhumas,ANHUMAS,1739,2025,Agosto,8,591077.6,29421.03,4040.69,0.0,738846.9999999999
Anhumas,ANHUMAS,1739,2025,Setembro,9,713717.8,27007.67,4919.4,2464.23,892147.25
Anhumas,ANHUMAS,1739,2025,Outubro,10,588142.38,42003.75,4901.17,30.83,735177.975
Anhumas,ANHUMAS,1739,2025,Novembro,11,541864.8,25094.89,4510.66,1255.42,677331.0
Anhumas,ANHUMAS,1739,2025,Dezembro,12,849473.89,32397.54,5181.33,2339.61,1061842.3625
Aparecida,APARECIDA,1740,2025,Janeiro,1,1284434.54,4075215.02,8136.45,2929.05,1605543.175
Aparecida,APARECIDA,1740,2025,Fevereiro,2,1372141.11,1281617.21,9446.82,3147.63,1715176.3875
Aparecida,APARECIDA,1740,2025,Março,3,1401963.91,945382.86,10897.37,71.71,1752454.8874999997
Aparecida,APARECIDA,1740,2025,Abril,4,1509954.24,848969.4,11607.91,4128.06,1887442.7999999998
Aparecida,APARECIDA,1740,2025,Maio,5,1397782.04,759985.01,9210.55,6832.62,1747227.55
Aparecida,APARECIDA,1740,2025,Junho,6,1059520.92,220277.99,11857.29,85.4,1324401.15
Aparecida,APARECIDA,1740,2025,Julho,7,1918395.17,321020.62,10954.3,6086.49,2397993.9625
Aparecida,APARECIDA,1740,2025,Agosto,8,1415542.79,321278.37,9676.86,0.0,1769428.4875
Aparecida,APARECIDA,1740,2025,Setembro,9,1709247.79,394524.01,11781.23,5901.47,2136559.7375
Aparecida,APARECIDA,1740,2025,Outubro,10,1408513.38,379157.19,11737.58,73.82,1760641.7249999999
Aparecida,APARECIDA,1740,2025,Novembro,11,1297685.46,317314.26,10802.37,3006.54,1622106.825
Aparecida,APARECIDA,1740,2025,Dezembro,12,2034363.41,375245.85,12408.51,5603.01,2542954.2624999997
Aparecida D'Oeste,APARECIDA DOESTE,1752,2025,Janeiro,1,476192.78,431235.46,3014.1,1085.05,595240.975
Aparecida D'Oeste,APARECIDA DOESTE,1752,2025,Fevereiro,2,508302.01,147327.78,3499.52,1166.02,635377.5125
Aparecida D'Oeste,APARECIDA DOESTE,1752,2025,Março,3,519349.7,115280.27,4036.87,26.56,649187.125
Aparecida D'Oeste,APARECIDA DOESTE,1752,2025,Abril,4,559354.12,99711.94,4300.09,1529.22,699192.6499999999
Aparecida D'Oeste,APARECIDA DOESTE,1752,2025,Maio,5,517800.55,88583.27,3412.0,2531.11,647250.6875
Aparecida D'Oeste,APARECIDA DOESTE,1752,2025,Junho,6,392493.61,14655.53,4392.47,31.64,490617.01249999995
Aparecida D'Oeste,APARECIDA DOESTE,1752,2025,Julho,7,710658.78,36583.94,4057.96,2254.71,888323.475
Aparecida D'Oeste,APARECIDA DOESTE,1752,2025,Agosto,8,524379.93,21052.8,3584.74,0.0,655474.9125
Aparecida D'Oeste,APARECIDA DOESTE,1752,2025,Setembro,9,633181.3,31858.96,4364.29,2186.17,791476.625
Aparecida D'Oeste,APARECIDA DOESTE,1752,2025,Outubro,10,521775.92,23108.27,4348.12,27.35,652219.8999999999
Aparecida D'Oeste,APARECIDA DOESTE,1752,2025,Novembro,11,480720.34,16262.17,4001.68,1113.76,600900.425
Aparecida D'Oeste,APARECIDA DOESTE,1752,2025,Dezembro,12,753618.57,41331.22,4596.66,2075.61,942023.2124999999
Apiaí,APIAI,1764,2025,Janeiro,1,2121586.73,1548004.34,13508.14,4862.81,2651983.4124999996
Apiaí,APIAI,1764,2025,Fevereiro,2,2278029.66,645437.5,15683.62,5225.7,2847537.075
Apiaí,APIAI,1764,2025,Março,3,2327541.49,593702.32,18091.82,119.05,2909426.8625000003
Apiaí,APIAI,1764,2025,Abril,4,2506827.12,494359.89,19271.46,6853.41,3133533.9
Apiaí,APIAI,1764,2025,Maio,5,2320598.75,441185.57,15291.37,11343.52,2900748.4375
Apiaí,APIAI,1764,2025,Junho,6,1759017.4,142792.81,19685.49,141.78,2198771.7499999995
Apiaí,APIAI,1764,2025,Julho,7,3184921.05,280835.6,18186.34,10104.79,3981151.3124999995
Apiaí,APIAI,1764,2025,Agosto,8,2350085.17,222848.99,16065.53,0.0,2937606.4625
Apiaí,APIAI,1764,2025,Setembro,9,2837694.41,244526.09,19559.21,9797.63,3547118.0125
Apiaí,APIAI,1764,2025,Outubro,10,2338414.94,162560.45,19486.73,122.56,2923018.675
Apiaí,APIAI,1764,2025,Novembro,11,2154418.34,139637.71,17934.1,4991.47,2693022.925
Apiaí,APIAI,1764,2025,Dezembro,12,3377451.6,235214.4,20600.62,9302.13,4221814.5
Aramina,ARAMINA,1790,2025,Janeiro,1,635246.66,421286.27,4019.63,1447.03,794058.325
Aramina,ARAMINA,1790,2025,Fevereiro,2,677875.12,179353.64,4666.99,1555.02,847343.8999999999
Aramina,ARAMINA,1790,2025,Março,3,692608.4,138416.59,5383.6,35.43,865760.5
Aramina,ARAMINA,1790,2025,Abril,4,745958.56,135474.03,5734.62,2039.38,932448.2000000001
Aramina,ARAMINA,1790,2025,Maio,5,690542.44,113970.23,4550.26,3375.5,863178.0499999999
Aramina,ARAMINA,1790,2025,Junho,6,523432.22,44770.95,5857.83,42.19,654290.2749999999
Aramina,ARAMINA,1790,2025,Julho,7,947739.52,51003.75,5411.72,3006.89,1184674.4
Aramina,ARAMINA,1790,2025,Agosto,8,699316.73,48609.72,4780.63,0.0,874145.9125
Aramina,ARAMINA,1790,2025,Setembro,9,844415.01,58872.05,5820.25,2915.49,1055518.7625
Aramina,ARAMINA,1790,2025,Outubro,10,695844.02,85657.59,5798.68,36.47,869805.025
Aramina,ARAMINA,1790,2025,Novembro,11,641092.0,47222.94,5336.66,1485.31,801365.0
Aramina,ARAMINA,1790,2025,Dezembro,12,1005030.99,48679.95,6130.14,2768.04,1256288.7374999998
Arandu,ARANDU,1806,2025,Janeiro,1,870755.47,413002.08,5503.96,1981.37,1088444.3375
Arandu,ARANDU,1806,2025,Fevereiro,2,928194.21,184040.57,6390.37,2129.24,1160242.7625
Arandu,ARANDU,1806,2025,Março,3,948368.05,161507.82,7371.6,48.51,1185460.0625
Arandu,ARANDU,1806,2025,Abril,4,1021418.84,120569.61,7852.25,2792.46,1276773.5499999998
Arandu,ARANDU,1806,2025,Maio,5,945539.19,109642.64,6230.54,4621.97,1181923.9874999998
Arandu,ARANDU,1806,2025,Junho,6,716720.15,22232.46,8020.95,57.77,895900.1875
Arandu,ARANDU,1806,2025,Julho,7,1297711.5,41951.84,7410.11,4117.25,1622139.375
Arandu,ARANDU,1806,2025,Agosto,8,957553.58,44510.88,6545.98,0.0,1196941.9749999999
Arandu,ARANDU,1806,2025,Setembro,9,1156232.32,56414.56,7969.5,3992.09,1445290.4
Arandu,ARANDU,1806,2025,Outubro,10,952798.49,45749.21,7939.96,49.94,1190998.1124999998
Arandu,ARANDU,1806,2025,Novembro,11,877828.18,29377.79,7307.33,2033.8,1097285.225
Arandu,ARANDU,1806,2025,Dezembro,12,1376159.0,59086.67,8393.82,3790.2,1720198.75
Arapei,ARAPEI,7353,2025,Janeiro,1,308383.39,95007.09,1963.48,706.83,385479.2375
Arapei,ARAPEI,7353,2025,Fevereiro,2,331123.14,45846.61,2279.69,759.58,413903.925
Arapei,ARAPEI,7353,2025,Março,3,338319.94,26424.92,2629.74,17.31,422899.925
Arapei,ARAPEI,7353,2025,Abril,4,364380.01,21473.16,2801.2,996.18,455475.0125
Arapei,ARAPEI,7353,2025,Maio,5,337310.77,15526.47,2222.68,1648.84,421638.4625
Arapei,ARAPEI,7353,2025,Junho,6,255682.08,5444.34,2861.39,20.61,319602.6
Arapei,ARAPEI,7353,2025,Julho,7,462944.39,3668.3,2643.48,1468.78,578680.4874999999
Arapei,ARAPEI,7353,2025,Agosto,8,341596.77,4117.43,2335.21,0.0,426995.9625
Arapei,ARAPEI,7353,2025,Setembro,9,412473.24,5104.02,2843.03,1424.13,515591.55
Arapei,ARAPEI,7353,2025,Outubro,10,339900.44,3491.15,2832.5,17.82,424875.55
Arapei,ARAPEI,7353,2025,Novembro,11,313155.61,4481.44,2606.81,725.53,391444.51249999995
Arapei,ARAPEI,7353,2025,Dezembro,12,490929.68,11037.8,2994.4,1352.11,613662.1
Araraquara,ARARAQUARA,1818,2025,Janeiro,1,16464119.25,35453478.7,103777.07,37358.8,20580149.0625
Araraquara,ARARAQUARA,1818,2025,Fevereiro,2,17501090.38,12993206.04,120490.3,40146.72,21876362.974999998
Araraquara,ARARAQUARA,1818,2025,Março,3,17881467.85,10655331.4,138991.45,914.64,22351834.8125
Araraquara,ARARAQUARA,1818,2025,Abril,4,19258839.67,9280087.16,148054.07,52651.74,24073549.587500002
Araraquara,ARARAQUARA,1818,2025,Maio,5,17828129.83,8299535.25,117476.78,87147.22,22285162.287499998
Araraquara,ARARAQUARA,1818,2025,Junho,6,13513749.63,2356205.51,151234.86,1089.26,16892187.0375
Araraquara,ARARAQUARA,1818,2025,Julho,7,24468334.26,3221046.71,139717.59,77630.63,30585417.825
Araraquara,ARARAQUARA,1818,2025,Agosto,8,18054660.87,3256982.47,123424.31,0.0,22568326.0875
Araraquara,ARARAQUARA,1818,2025,Setembro,9,21800746.18,3496174.72,150264.74,75270.81,27250932.724999998
Araraquara,ARARAQUARA,1818,2025,Outubro,10,17965003.67,3090869.81,149707.92,941.6,22456254.587500002
Araraquara,ARARAQUARA,1818,2025,Novembro,11,16551439.54,2338583.35,137779.71,38347.22,20689299.424999997
Araraquara,ARARAQUARA,1818,2025,Dezembro,12,25947461.02,4651521.75,158265.39,71464.12,32434326.275
Araras,ARARAS,1820,2025,Janeiro,1,8886602.28,18310309.63,56129.01,20205.93,11108252.849999998
Araras,ARARAS,1820,2025,Fevereiro,2,9465663.54,7683377.29,65168.55,21713.81,11832079.424999999
Araras,ARARAS,1820,2025,Março,3,9671395.02,5669243.45,75175.1,494.69,12089243.774999999
Araras,ARARAS,1820,2025,Abril,4,10416362.21,5108467.1,80076.73,28477.29,13020452.762500001
Araras,ARARAS,1820,2025,Maio,5,9642546.55,4457640.07,63538.65,47134.57,12053183.1875
Araras,ARARAS,1820,2025,Junho,6,7309065.0,1225117.38,81797.09,589.14,9136331.25
Araras,ARARAS,1820,2025,Julho,7,13233976.54,1454350.16,75567.85,41987.41,16542470.674999999
Araras,ARARAS,1820,2025,Agosto,8,9765068.43,1524373.39,66755.44,0.0,12206335.5375
Araras,ARARAS,1820,2025,Setembro,9,11791181.23,1613265.22,81272.39,40711.07,14738976.5375
Araras,ARARAS,1820,2025,Outubro,10,9716576.32,1593608.22,80971.23,509.27,12145720.4
Araras,ARARAS,1820,2025,Novembro,11,8952034.1,1201308.0,74519.72,20740.53,11190042.624999998
Araras,ARARAS,1820,2025,Dezembro,12,14033979.05,2201501.18,85599.64,38652.18,17542473.8125
Araçariguama,ARACARIGUAMA,7341,2025,Janeiro,1,5057000.53,1935435.4,32027.18,11529.49,6321250.6625
Araçariguama,ARACARIGUAMA,7341,2025,Fevereiro,2,5401101.7,864587.17,37185.13,12389.88,6751377.125
Araçariguama,ARACARIGUAMA,7341,2025,Março,3,5518491.95,775623.05,42894.87,282.27,6898114.9375
Araçariguama,ARACARIGUAMA,7341,2025,Abril,4,5943569.77,621372.83,45691.73,16249.12,7429462.212499999
Araçariguama,ARACARIGUAMA,7341,2025,Maio,5,5502031.03,567879.17,36255.12,26894.95,6877538.7875
Araçariguama,ARACARIGUAMA,7341,2025,Junho,6,4170547.92,229419.67,46673.37,336.16,5213184.899999999
Araçariguama,ARACARIGUAMA,7341,2025,Julho,7,7551298.75,268664.21,43118.97,23957.99,9439123.4375
Araçariguama,ARACARIGUAMA,7341,2025,Agosto,8,5571941.94,284104.79,38090.61,0.0,6964927.425
Araçariguama,ARACARIGUAMA,7341,2025,Setembro,9,6728040.64,268488.71,46373.98,23229.71,8410050.799999999
Araçariguama,ARACARIGUAMA,7341,2025,Outubro,10,5544272.38,244189.11,46202.13,290.59,6930340.475
Araçariguama,ARACARIGUAMA,7341,2025,Novembro,11,5108025.06,180376.63,42520.9,11834.53,6385031.324999999
Araçariguama,ARACARIGUAMA,7341,2025,Dezembro,12,8007779.68,249974.43,48843.1,22054.91,10009724.6
Araçatuba,ARACATUBA,1776,2025,Janeiro,1,10827498.24,27267884.89,68378.43,24615.61,13534372.799999999
Araçatuba,ARACATUBA,1776,2025,Fevereiro,2,11531421.1,11800560.13,79390.74,26452.56,14414276.374999998
Araçatuba,ARACATUBA,1776,2025,Março,3,11782050.78,9376638.47,91581.09,602.65,14727563.474999998
Araçatuba,ARACATUBA,1776,2025,Abril,4,12689597.35,8159113.66,97552.43,34692.09,15861996.687499998
Araçatuba,ARACATUBA,1776,2025,Maio,5,11746906.51,7494094.89,77405.13,57421.07,14683633.1375
Araçatuba,ARACATUBA,1776,2025,Junho,6,8904173.07,2685928.12,99648.24,717.71,11130216.3375
Araçatuba,ARACATUBA,1776,2025,Julho,7,16122119.24,3026042.02,92059.54,51150.61,20152649.05
Araçatuba,ARACATUBA,1776,2025,Agosto,8,11896167.2,3187525.85,81323.94,0.0,14870208.999999998
Araçatuba,ARACATUBA,1776,2025,Setembro,9,14364452.67,3479725.39,99009.03,49595.73,17955565.8375
Araçatuba,ARACATUBA,1776,2025,Outubro,10,11837092.31,3210427.72,98642.14,620.42,14796365.3875
Araçatuba,ARACATUBA,1776,2025,Novembro,11,10905698.73,2345398.43,90782.67,25266.88,13632123.4125
Araçatuba,ARACATUBA,1776,2025,Dezembro,12,17096711.86,3801801.44,104280.64,47087.51,21370889.825
Araçoiaba da Serra,ARACOIABA DA SERRA,1788,2025,Janeiro,1,1636701.78,4270902.9,10370.12,3733.15,2045877.2249999999
Araçoiaba da Serra,ARACOIABA DA SERRA,1788,2025,Fevereiro,2,1748829.92,1922605.05,12040.22,4011.74,2186037.4
Araçoiaba da Serra,ARACOIABA DA SERRA,1788,2025,Março,3,1786839.86,1485161.95,13888.99,91.4,2233549.825
Araçoiaba da Serra,ARACOIABA DA SERRA,1788,2025,Abril,4,1924476.38,1338066.0,14794.59,5261.33,2405595.4749999996
Araçoiaba da Serra,ARACOIABA DA SERRA,1788,2025,Maio,5,1781509.96,1166690.55,11739.09,8708.35,2226887.4499999997
Araçoiaba da Serra,ARACOIABA DA SERRA,1788,2025,Junho,6,1350387.27,374202.44,15112.43,108.85,1687984.0875
Araçoiaba da Serra,ARACOIABA DA SERRA,1788,2025,Julho,7,2445045.09,384561.09,13961.55,7757.39,3056306.3625
Araçoiaba da Serra,ARACOIABA DA SERRA,1788,2025,Agosto,8,1804146.51,429167.64,12333.41,0.0,2255183.1374999997
Araçoiaba da Serra,ARACOIABA DA SERRA,1788,2025,Setembro,9,2178481.25,480433.58,15015.49,7521.58,2723101.5625
Araçoiaba da Serra,ARACOIABA DA SERRA,1788,2025,Outubro,10,1795187.34,451448.52,14959.85,94.09,2243984.175
Araçoiaba da Serra,ARACOIABA DA SERRA,1788,2025,Novembro,11,1653934.24,371328.43,13767.9,3831.92,2067417.7999999998
Araçoiaba da Serra,ARACOIABA DA SERRA,1788,2025,Dezembro,12,2592849.65,538665.15,15814.97,7141.19,3241062.0624999995
Arco-Íris,ARCO IRIS,7754,2025,Janeiro,1,527517.92,203263.02,3338.69,1201.9,659397.4
Arco-Íris,ARCO IRIS,7754,2025,Fevereiro,2,563041.06,49217.1,3876.39,1291.59,703801.3250000001
Arco-Íris,ARCO IRIS,7754,2025,Março,3,575278.47,50638.46,4471.6,29.43,719098.0874999999
Arco-Íris,ARCO IRIS,7754,2025,Abril,4,619590.96,38159.06,4763.16,1693.9,774488.7
Arco-Íris,ARCO IRIS,7754,2025,Maio,5,573562.5,34776.15,3779.44,2803.68,716953.125
Arco-Íris,ARCO IRIS,7754,2025,Junho,6,434761.25,10180.0,4865.49,35.04,543451.5625
Arco-Íris,ARCO IRIS,7754,2025,Julho,7,787189.63,21540.82,4494.96,2497.51,983987.0375
Arco-Íris,ARCO IRIS,7754,2025,Agosto,8,580850.4,16262.07,3970.78,0.0,726063.0
Arco-Íris,ARCO IRIS,7754,2025,Setembro,9,701368.6,17243.44,4834.28,2421.6,876710.7499999999
Arco-Íris,ARCO IRIS,7754,2025,Outubro,10,577965.97,18796.01,4816.37,30.29,722457.4624999999
Arco-Íris,ARCO IRIS,7754,2025,Novembro,11,532489.11,9038.66,4432.62,1233.7,665611.3875
Arco-Íris,ARCO IRIS,7754,2025,Dezembro,12,834775.75,17174.16,5091.68,2299.13,1043469.6875
Arealva,AREALVA,1831,2025,Janeiro,1,919715.65,714187.27,5813.7,2092.88,1149644.5625
Arealva,AREALVA,1831,2025,Fevereiro,2,980429.45,339688.93,6749.99,2249.06,1225536.8124999998
Arealva,AREALVA,1831,2025,Março,3,1001738.59,242765.39,7786.45,51.24,1252173.2374999998
Arealva,AREALVA,1831,2025,Abril,4,1078900.41,223641.66,8294.14,2949.61,1348625.5124999997
Arealva,AREALVA,1831,2025,Maio,5,998750.54,167687.19,6581.17,4882.08,1248438.175
Arealva,AREALVA,1831,2025,Junho,6,757054.43,48035.61,8472.34,61.02,946318.0375
Arealva,AREALVA,1831,2025,Julho,7,1370741.76,89546.5,7827.13,4348.95,1713427.2
Arealva,AREALVA,1831,2025,Agosto,8,1011441.05,73539.0,6914.36,0.0,1264301.3125
Arealva,AREALVA,1831,2025,Setembro,9,1221300.68,95231.33,8417.99,4216.75,1526625.8499999999
Arealva,AREALVA,1831,2025,Outubro,10,1006418.36,65273.58,8386.79,52.75,1258022.95
Arealva,AREALVA,1831,2025,Novembro,11,927229.01,49419.72,7718.56,2148.25,1159036.2625
Arealva,AREALVA,1831,2025,Dezembro,12,1453603.99,105567.81,8866.19,4003.5,1817004.9874999998
Areias,AREIAS,1843,2025,Janeiro,1,468795.09,172177.64,2984.82,1074.51,585993.8625
Areias,AREIAS,1843,2025,Fevereiro,2,503363.34,74492.49,3465.52,1154.69,629204.175
Areias,AREIAS,1843,2025,Março,3,514303.69,56760.46,3997.65,26.31,642879.6124999999
Areias,AREIAS,1843,2025,Abril,4,553919.43,66300.02,4258.31,1514.36,692399.2875
Areias,AREIAS,1843,2025,Maio,5,512769.6,47860.06,3378.85,2506.51,640961.9999999999
Areias,AREIAS,1843,2025,Junho,6,388680.14,17030.62,4349.79,31.33,485850.175
Areias,AREIAS,1843,2025,Julho,7,703754.01,15370.4,4018.53,2232.8,879692.5125
Areias,AREIAS,1843,2025,Agosto,8,519285.04,13204.77,3549.91,0.0,649106.2999999999
Areias,AREIAS,1843,2025,Setembro,9,627029.3,18223.32,4321.89,2164.93,783786.625
Areias,AREIAS,1843,2025,Outubro,10,516706.34,16467.34,4305.87,27.08,645882.925
Areias,AREIAS,1843,2025,Novembro,11,476049.65,16504.23,3962.8,1102.94,595062.0625
Areias,AREIAS,1843,2025,Dezembro,12,746296.4,20686.32,4552.0,2055.44,932870.5
Areiópolis,AREIOPOLIS,1855,2025,Janeiro,1,496444.94,603692.72,3148.33,1133.37,620556.1749999999
Areiópolis,AREIOPOLIS,1855,2025,Fevereiro,2,530937.89,281035.77,3655.36,1217.95,663672.3624999999
Areiópolis,AREIOPOLIS,1855,2025,Março,3,542477.56,242835.4,4216.64,27.75,678096.9500000001
Areiópolis,AREIOPOLIS,1855,2025,Abril,4,584263.46,212473.12,4491.58,1597.32,730329.325
Areiópolis,AREIOPOLIS,1855,2025,Maio,5,540859.42,192216.27,3563.94,2643.82,676074.275
Areiópolis,AREIOPOLIS,1855,2025,Junho,6,409972.27,49672.72,4588.08,33.05,512465.3375
Areiópolis,AREIOPOLIS,1855,2025,Julho,7,742306.07,72769.82,4238.67,2355.11,927882.5874999999
Areiópolis,AREIOPOLIS,1855,2025,Agosto,8,547731.79,50967.02,3744.37,0.0,684664.7375
Areiópolis,AREIOPOLIS,1855,2025,Setembro,9,661378.34,65661.56,4558.64,2283.52,826722.9249999999
Areiópolis,AREIOPOLIS,1855,2025,Outubro,10,545011.82,64336.53,4541.75,28.57,681264.7749999999
Areiópolis,AREIOPOLIS,1855,2025,Novembro,11,502127.93,65143.68,4179.88,1163.36,627659.9125
Areiópolis,AREIOPOLIS,1855,2025,Dezembro,12,787178.96,86869.82,4801.36,2168.04,983973.7
Ariranha,ARIRANHA,1867,2025,Janeiro,1,1676199.62,970138.96,10591.11,3812.7,2095249.5250000001
Ariranha,ARIRANHA,1867,2025,Fevereiro,2,1786096.74,275212.87,12296.8,4097.23,2232620.925
Ariranha,ARIRANHA,1867,2025,Março,3,1824916.66,227607.03,14184.95,93.34,2281145.8249999997
Ariranha,ARIRANHA,1867,2025,Abril,4,1965486.15,207437.08,15109.85,5373.44,2456857.6874999995
Ariranha,ARIRANHA,1867,2025,Maio,5,1819473.18,220836.77,11989.25,8893.92,2274341.4749999996
Ariranha,ARIRANHA,1867,2025,Junho,6,1379163.45,40452.72,15434.47,111.17,1723954.3124999998
Ariranha,ARIRANHA,1867,2025,Julho,7,2497147.95,72761.09,14259.06,7922.7,3121434.9375
Ariranha,ARIRANHA,1867,2025,Agosto,8,1842592.1,96625.36,12596.23,0.0,2303240.125
Ariranha,ARIRANHA,1867,2025,Setembro,9,2224903.75,67987.61,15335.47,7681.86,2781129.6875
Ariranha,ARIRANHA,1867,2025,Outubro,10,1833442.02,61550.18,15278.64,96.1,2291802.525
Ariranha,ARIRANHA,1867,2025,Novembro,11,1689178.88,39362.56,14061.29,3913.58,2111473.5999999996
Ariranha,ARIRANHA,1867,2025,Dezembro,12,2648102.18,99379.22,16151.98,7293.36,3310127.725
Artur Nogueira,ARTUR NOGUEIRA,1879,2025,Janeiro,1,2625827.11,5779361.58,16629.75,5986.56,3282283.8874999997
Artur Nogueira,ARTUR NOGUEIRA,1879,2025,Fevereiro,2,2804460.69,2525331.85,19307.96,6433.31,3505575.8625
Artur Nogueira,ARTUR NOGUEIRA,1879,2025,Março,3,2865414.24,1943312.38,22272.67,146.57,3581767.8000000003
Artur Nogueira,ARTUR NOGUEIRA,1879,2025,Abril,4,3086131.07,1715876.21,23724.91,8437.17,3857663.8374999994
Artur Nogueira,ARTUR NOGUEIRA,1879,2025,Maio,5,2856867.1,1472367.36,18825.06,13964.9,3571083.875
Artur Nogueira,ARTUR NOGUEIRA,1879,2025,Junho,6,2165509.62,492164.21,24234.62,174.55,2706887.025
Artur Nogueira,ARTUR NOGUEIRA,1879,2025,Julho,7,3920926.07,695697.66,22389.03,12439.91,4901157.587499999
Artur Nogueira,ARTUR NOGUEIRA,1879,2025,Agosto,8,2893167.54,581659.7,19778.12,0.0,3616459.425
Artur Nogueira,ARTUR NOGUEIRA,1879,2025,Setembro,9,3493458.66,670682.13,24079.16,12061.76,4366823.325
Artur Nogueira,ARTUR NOGUEIRA,1879,2025,Outubro,10,2878800.43,638554.97,23989.93,150.89,3598500.5375
Artur Nogueira,ARTUR NOGUEIRA,1879,2025,Novembro,11,2652283.97,471090.65,22078.5,6144.95,3315354.9625
Artur Nogueira,ARTUR NOGUEIRA,1879,2025,Dezembro,12,4157948.61,814686.0,25361.22,11451.76,5197435.762499999
Arujá,ARUJA,1880,2025,Janeiro,1,10200437.65,11886183.49,64516.55,23225.37,12750547.0625
Arujá,ARUJA,1880,2025,Fevereiro,2,10880148.03,5479537.41,74906.9,24958.57,13600185.037499998
Arujá,ARUJA,1880,2025,Março,3,11116622.62,4065911.34,86408.76,568.62,13895778.274999999
Arujá,ARUJA,1880,2025,Abril,4,11972912.66,3990795.27,92042.85,32732.74,14966140.825
Arujá,ARUJA,1880,2025,Maio,5,11083463.23,3380803.36,73033.44,54178.04,13854329.0375
Arujá,ARUJA,1880,2025,Junho,6,8401282.05,1080106.54,94020.29,677.18,10501602.5625
Arujá,ARUJA,1880,2025,Julho,7,15211572.14,1616688.1,86860.19,48261.72,19014465.175
Arujá,ARUJA,1880,2025,Agosto,8,11224293.95,1494504.82,76730.92,0.0,14030367.437499998
Arujá,ARUJA,1880,2025,Setembro,9,13553175.29,1646572.32,93417.19,46794.66,16941469.112499997
Arujá,ARUJA,1880,2025,Outubro,10,11168555.51,1395446.84,93071.02,585.38,13960694.3875
Arujá,ARUJA,1880,2025,Novembro,11,10289765.29,950048.47,85655.44,23839.85,12862206.612499999
Arujá,ARUJA,1880,2025,Dezembro,12,16131121.59,1351531.58,98391.06,44428.1,20163901.987499997
Aspásia,ASPASIA,7365,2025,Janeiro,1,207794.57,179371.8,1309.46,471.39,259743.2125
Aspásia,ASPASIA,7365,2025,Fevereiro,2,220828.59,46817.87,1520.35,506.57,276035.7375
Aspásia,ASPASIA,7365,2025,Março,3,225628.19,44310.34,1753.79,11.54,282035.2375
Aspásia,ASPASIA,7365,2025,Abril,4,243007.85,29282.85,1868.14,664.36,303759.8125
Aspásia,ASPASIA,7365,2025,Maio,5,224955.17,24571.85,1482.32,1099.62,281193.9625
Aspásia,ASPASIA,7365,2025,Junho,6,170516.36,6560.9,1908.28,13.74,213145.44999999998
Aspásia,ASPASIA,7365,2025,Julho,7,308741.21,13647.67,1762.96,979.54,385926.5125
Aspásia,ASPASIA,7365,2025,Agosto,8,227813.54,14203.98,1557.37,0.0,284766.925
Aspásia,ASPASIA,7365,2025,Setembro,9,275081.61,8274.91,1896.04,949.77,343852.01249999995
Aspásia,ASPASIA,7365,2025,Outubro,10,226682.24,13973.46,1889.01,11.88,283352.8
Aspásia,ASPASIA,7365,2025,Novembro,11,208845.91,5558.77,1738.5,483.86,261057.38749999998
Aspásia,ASPASIA,7365,2025,Dezembro,12,327404.81,13226.62,1996.99,901.73,409256.01249999995
Assis,ASSIS,1892,2025,Janeiro,1,4171663.42,14250590.63,26347.27,9484.78,5214579.274999999
Assis,ASSIS,1892,2025,Fevereiro,2,4443235.55,5430610.48,30590.48,10192.58,5554044.437499999
Assis,ASSIS,1892,2025,Março,3,4539807.06,4502539.03,35287.62,232.21,5674758.824999999
Assis,ASSIS,1892,2025,Abril,4,4889498.84,4219792.71,37588.47,13367.4,6111873.55
Assis,ASSIS,1892,2025,Maio,5,4526265.43,3483368.57,29825.4,22125.23,5657831.7875
Assis,ASSIS,1892,2025,Junho,6,3430916.11,1023652.27,38396.01,276.55,4288645.137499999
Assis,ASSIS,1892,2025,Julho,7,6212102.81,1487830.9,35471.97,19709.12,7765128.512499999
Assis,ASSIS,1892,2025,Agosto,8,4583777.89,1420295.86,31335.38,0.0,5729722.362499999
Assis,ASSIS,1892,2025,Setembro,9,5534846.6,1410825.62,38149.72,19110.01,6918558.249999999
Assis,ASSIS,1892,2025,Outubro,10,4561015.42,1194998.02,38008.35,239.06,5701269.274999999
Assis,ASSIS,1892,2025,Novembro,11,4202135.01,830406.35,34979.97,9735.72,5252668.762499999
Assis,ASSIS,1892,2025,Dezembro,12,6587628.48,1704796.05,40180.95,18143.55,8234535.600000001
Atibaia,ATIBAIA,1909,2025,Janeiro,1,10298771.48,26209975.21,65116.23,23441.25,12873464.35
Atibaia,ATIBAIA,1909,2025,Fevereiro,2,10981280.09,10341033.05,75603.16,25190.56,13726600.112499999
Atibaia,ATIBAIA,1909,2025,Março,3,11219952.74,8177669.68,87211.94,573.9,14024940.924999999
Atibaia,ATIBAIA,1909,2025,Abril,4,12084202.08,7078634.04,92898.4,33037.0,15105252.6
Atibaia,ATIBAIA,1909,2025,Maio,5,11186485.13,6473136.59,73712.29,54681.63,13983106.4125
Atibaia,ATIBAIA,1909,2025,Junho,6,8479372.81,2078215.23,94894.22,683.47,10599216.0125
Atibaia,ATIBAIA,1909,2025,Julho,7,15352965.22,2519080.1,87667.57,48710.32,19191206.525
Atibaia,ATIBAIA,1909,2025,Agosto,8,11328624.89,2521820.92,77444.14,0.0,14160781.1125
Atibaia,ATIBAIA,1909,2025,Setembro,9,13679153.41,2568092.13,94285.51,47229.62,17098941.7625
Atibaia,ATIBAIA,1909,2025,Outubro,10,11272368.35,2387947.01,93936.12,590.82,14090460.437499998
Atibaia,ATIBAIA,1909,2025,Novembro,11,10385409.68,1867533.58,86451.62,24061.45,12981762.1
Atibaia,ATIBAIA,1909,2025,Dezembro,12,16281061.98,3006758.98,99305.62,44841.06,20351327.474999998
Auriflama,AURIFLAMA,1910,2025,Janeiro,1,1279900.3,1452140.25,8112.91,2920.57,1599875.375
Auriflama,AURIFLAMA,1910,2025,Fevereiro,2,1368171.3,687916.08,9419.49,3138.52,1710214.125
Auriflama,AURIFLAMA,1910,2025,Março,3,1397907.82,552763.6,10865.84,71.5,1747384.775
Auriflama,AURIFLAMA,1910,2025,Abril,4,1505585.72,495228.42,11574.33,4116.12,1881982.15
Auriflama,AURIFLAMA,1910,2025,Maio,5,1393738.05,404697.65,9183.91,6812.85,1742172.5625
Auriflama,AURIFLAMA,1910,2025,Junho,6,1056455.57,93841.55,11822.99,85.15,1320569.4625
Auriflama,AURIFLAMA,1910,2025,Julho,7,1912844.97,120991.92,10922.61,6068.88,2391056.2125
Auriflama,AURIFLAMA,1910,2025,Agosto,8,1411447.42,159443.99,9648.86,0.0,1764309.275
Auriflama,AURIFLAMA,1910,2025,Setembro,9,1704302.68,156008.21,11747.15,5884.4,2130378.3499999996
Auriflama,AURIFLAMA,1910,2025,Outubro,10,1404438.35,142982.04,11703.62,73.61,1755547.9375
Auriflama,AURIFLAMA,1910,2025,Novembro,11,1293931.07,146471.53,10771.11,2997.85,1617413.8375
Auriflama,AURIFLAMA,1910,2025,Dezembro,12,2028477.7,184725.78,12372.61,5586.8,2535597.125
Avanhandava,AVANHANDAVA,1934,2025,Janeiro,1,1021291.03,821819.66,6469.14,2328.83,1276613.7874999999
Avanhandava,AVANHANDAVA,1934,2025,Fevereiro,2,1090963.49,279846.93,7510.99,2502.62,1363704.3624999998
Avanhandava,AVANHANDAVA,1934,2025,Março,3,1114675.04,239420.7,8664.29,57.02,1393343.8
Avanhandava,AVANHANDAVA,1934,2025,Abril,4,1200536.11,222436.33,9229.23,3282.15,1500670.1375
Avanhandava,AVANHANDAVA,1934,2025,Maio,5,1111350.11,190638.69,7323.14,5432.49,1389187.6375
Avanhandava,AVANHANDAVA,1934,2025,Junho,6,842405.08,57019.61,9427.51,67.9,1053006.3499999999
Avanhandava,AVANHANDAVA,1934,2025,Julho,7,1525279.78,85306.43,8709.56,4839.25,1906599.7249999999
Avanhandava,AVANHANDAVA,1934,2025,Agosto,8,1125471.35,88588.72,7693.89,0.0,1406839.1875
Avanhandava,AVANHANDAVA,1934,2025,Setembro,9,1358990.65,75595.35,9367.04,4692.15,1698738.3124999998
Avanhandava,AVANHANDAVA,1934,2025,Outubro,10,1119882.4,77132.64,9332.33,58.7,1399852.9999999998
Avanhandava,AVANHANDAVA,1934,2025,Novembro,11,1031765.21,63569.73,8588.76,2390.45,1289706.5125
Avanhandava,AVANHANDAVA,1934,2025,Dezembro,12,1617483.94,129199.23,9865.77,4454.85,2021854.9249999998
Avaré,AVARE,1946,2025,Janeiro,1,5505245.76,10190798.95,34866.22,12551.52,6881557.199999999
Avaré,AVARE,1946,2025,Fevereiro,2,5879880.56,4787528.5,40481.4,13488.18,7349850.699999999
Avaré,AVARE,1946,2025,Março,3,6007676.83,3499966.88,46697.27,307.29,7509596.0375
Avaré,AVARE,1946,2025,Abril,4,6470435.53,3188789.31,49742.06,17689.52,8088044.4125
Avaré,AVARE,1946,2025,Maio,5,5989756.73,2679637.66,39468.94,29279.05,7487195.912500001
Avaré,AVARE,1946,2025,Junho,6,4540244.75,874950.29,50810.71,365.96,5675305.9375
Avaré,AVARE,1946,2025,Julho,7,8220681.1,977229.83,46941.23,26081.74,10275851.374999998
Avaré,AVARE,1946,2025,Agosto,8,6065864.87,1093653.93,41467.14,0.0,7582331.087499999
Avaré,AVARE,1946,2025,Setembro,9,7324445.55,1066364.86,50484.78,25288.9,9155556.9375
Avaré,AVARE,1946,2025,Outubro,10,6035742.55,1172385.83,50297.7,316.35,7544678.187499999
Avaré,AVARE,1946,2025,Novembro,11,5560824.23,811681.65,46290.16,12883.6,6951030.287500001
Avaré,AVARE,1946,2025,Dezembro,12,8717626.63,1327280.03,53172.78,24009.96,10897033.2875
Avaí,AVAI,1922,2025,Janeiro,1,1118866.78,396817.19,7123.83,2564.51,1398583.4749999999
Avaí,AVAI,1922,2025,Fevereiro,2,1201370.53,108598.01,8271.11,2755.89,1501713.1624999999
Avaí,AVAI,1922,2025,Março,3,1227481.72,79191.79,9541.13,62.79,1534352.15
Avaí,AVAI,1922,2025,Abril,4,1322032.05,79087.14,10163.24,3614.3,1652540.0625
Avaí,AVAI,1922,2025,Maio,5,1223820.3,92120.43,8064.25,5982.26,1529775.375
Avaí,AVAI,1922,2025,Junho,6,927657.66,25297.97,10381.59,74.77,1159572.075
Avaí,AVAI,1922,2025,Julho,7,1679640.24,22953.55,9590.98,5328.99,2099550.3
Avaí,AVAI,1922,2025,Agosto,8,1239370.63,32577.75,8472.52,0.0,1549213.2874999999
Avaí,AVAI,1922,2025,Setembro,9,1496522.41,35860.03,10314.99,5167.0,1870653.0124999997
Avaí,AVAI,1922,2025,Outubro,10,1233216.07,90577.55,10276.77,64.64,1541520.0875
Avaí,AVAI,1922,2025,Novembro,11,1136181.3,15852.94,9457.95,2632.36,1420226.625
Avaí,AVAI,1922,2025,Dezembro,12,1781175.59,50026.69,10864.2,4905.69,2226469.4875
Bady Bassit,BADY BASSIT,1958,2025,Janeiro,1,998461.81,2723701.07,6324.07,2276.61,1248077.2625
Bady Bassit,BADY BASSIT,1958,2025,Fevereiro,2,1066498.75,1340984.08,7342.56,2446.5,1333123.4375
Bady Bassit,BADY BASSIT,1958,2025,Março,3,1089678.57,1036977.5,8470.0,55.74,1362098.2125
Bady Bassit,BADY BASSIT,1958,2025,Abril,4,1173614.21,1312984.74,9022.27,3208.54,1467017.7625
Bady Bassit,BADY BASSIT,1958,2025,Maio,5,1086428.2,821764.1,7158.92,5310.66,1358035.2499999998
Bady Bassit,BADY BASSIT,1958,2025,Junho,6,823514.24,276472.44,9216.1,66.38,1029392.7999999999
Bady Bassit,BADY BASSIT,1958,2025,Julho,7,1491075.54,361596.65,8514.25,4730.73,1863844.425
Bady Bassit,BADY BASSIT,1958,2025,Agosto,8,1100232.77,331989.79,7521.35,0.0,1375290.9625
Bady Bassit,BADY BASSIT,1958,2025,Setembro,9,1328515.42,355598.62,9156.98,4586.93,1660644.275
Bady Bassit,BADY BASSIT,1958,2025,Outubro,10,1094769.15,305139.1,9123.05,57.38,1368461.4374999998
Bady Bassit,BADY BASSIT,1958,2025,Novembro,11,1008627.99,231774.59,8396.16,2336.84,1260784.9874999998
Bady Bassit,BADY BASSIT,1958,2025,Dezembro,12,1581212.03,408070.26,9644.53,4354.95,1976515.0374999999
Balbinos,BALBINOS,1960,2025,Janeiro,1,370578.32,82826.05,2353.54,847.25,463222.89999999997
Balbinos,BALBINOS,1960,2025,Fevereiro,2,396904.34,37134.93,2732.58,910.48,496130.425
Balbinos,BALBINOS,1960,2025,Março,3,405530.86,28282.12,3152.16,20.74,506913.57499999995
Balbinos,BALBINOS,1960,2025,Abril,4,436768.04,26956.13,3357.69,1194.08,545960.0499999999
Balbinos,BALBINOS,1960,2025,Maio,5,404321.21,25553.12,2664.24,1976.4,505401.5125
Balbinos,BALBINOS,1960,2025,Junho,6,306476.1,9697.64,3429.83,24.7,383095.12499999994
Balbinos,BALBINOS,1960,2025,Julho,7,554913.31,11392.46,3168.63,1760.57,693641.6375000001
Balbinos,BALBINOS,1960,2025,Agosto,8,409458.67,9673.89,2799.12,0.0,511823.33749999997
Balbinos,BALBINOS,1960,2025,Setembro,9,494415.52,9821.08,3407.83,1707.05,618019.4
Balbinos,BALBINOS,1960,2025,Outubro,10,407425.35,8133.3,3395.2,21.35,509281.68749999994
Balbinos,BALBINOS,1960,2025,Novembro,11,375367.36,8014.94,3124.68,869.67,469209.19999999995
Balbinos,BALBINOS,1960,2025,Dezembro,12,588458.18,11679.46,3589.27,1620.72,735572.725
Bananal,BANANAL,1983,2025,Janeiro,1,906975.12,643852.54,5774.71,2078.84,1133718.9
Bananal,BANANAL,1983,2025,Fevereiro,2,973854.23,211836.41,6704.72,2233.98,1217317.7874999999
Bananal,BANANAL,1983,2025,Março,3,995020.47,168243.45,7734.23,50.9,1243775.5875
Bananal,BANANAL,1983,2025,Abril,4,1071664.8,150156.73,8238.52,2929.82,1339581.0
Bananal,BANANAL,1983,2025,Maio,5,992052.45,141320.99,6537.04,4849.34,1240065.5624999998
Bananal,BANANAL,1983,2025,Junho,6,751977.27,88018.42,8415.52,60.61,939971.5875
Bananal,BANANAL,1983,2025,Julho,7,1361548.93,58373.8,7774.63,4319.78,1701936.1624999999
Bananal,BANANAL,1983,2025,Agosto,8,1004657.85,58447.13,6867.99,0.0,1255822.3125
Bananal,BANANAL,1983,2025,Setembro,9,1213110.07,50042.02,8361.53,4188.47,1516387.5875
Bananal,BANANAL,1983,2025,Outubro,10,999668.85,54194.59,8330.55,52.4,1249586.0625
Bananal,BANANAL,1983,2025,Novembro,11,921010.58,50542.19,7666.8,2133.84,1151263.2249999999
Bananal,BANANAL,1983,2025,Dezembro,12,1443855.45,83997.68,8806.73,3976.65,1804819.3124999998
Barbosa,BARBOSA,2008,2025,Janeiro,1,586356.38,342177.5,3718.17,1338.51,732945.475
Barbosa,BARBOSA,2008,2025,Fevereiro,2,627036.93,133112.97,4316.98,1438.39,783796.1625
Barbosa,BARBOSA,2008,2025,Março,3,640665.27,105538.14,4979.85,32.77,800831.5875
Barbosa,BARBOSA,2008,2025,Abril,4,690014.37,122867.87,5304.55,1886.43,862517.9624999999
Barbosa,BARBOSA,2008,2025,Maio,5,638754.25,97228.74,4209.01,3122.35,798442.8125
Barbosa,BARBOSA,2008,2025,Junho,6,484176.7,22532.39,5418.51,39.03,605220.875
Barbosa,BARBOSA,2008,2025,Julho,7,876662.48,54786.79,5005.86,2781.39,1095828.0999999999
Barbosa,BARBOSA,2008,2025,Agosto,8,646870.51,44744.3,4422.1,0.0,808588.1375
Barbosa,BARBOSA,2008,2025,Setembro,9,781086.94,41519.08,5383.75,2696.84,976358.6749999999
Barbosa,BARBOSA,2008,2025,Outubro,10,643658.23,30667.01,5363.8,33.74,804572.7875
Barbosa,BARBOSA,2008,2025,Novembro,11,593012.42,46286.47,4936.43,1373.92,741265.525
Barbosa,BARBOSA,2008,2025,Dezembro,12,929657.3,55071.85,5670.4,2560.45,1162071.625
Bariri,BARIRI,2010,2025,Janeiro,1,2446251.45,4228128.69,15456.17,5564.08,3057814.3125
Bariri,BARIRI,2010,2025,Fevereiro,2,2606547.38,1347391.29,17945.38,5979.3,3258184.2249999996
Bariri,BARIRI,2010,2025,Março,3,2663199.39,1133453.04,20700.87,136.22,3328999.2375
Bariri,BARIRI,2010,2025,Abril,4,2868340.03,996610.06,22050.62,7841.75,3585425.0374999996
Bariri,BARIRI,2010,2025,Maio,5,2655255.42,841820.97,17496.56,12979.38,3319069.275
Bariri,BARIRI,2010,2025,Junho,6,2012687.67,244357.06,22524.36,162.23,2515859.5875
Bariri,BARIRI,2010,2025,Julho,7,3644222.8,368372.28,20809.02,11562.02,4555278.499999999
Bariri,BARIRI,2010,2025,Agosto,8,2688994.12,331054.79,18382.36,0.0,3361242.65
Bariri,BARIRI,2010,2025,Setembro,9,3246922.14,362937.83,22379.87,11210.55,4058652.675
Bariri,BARIRI,2010,2025,Outubro,10,2675640.91,743016.51,22296.94,140.24,3344551.1375
Bariri,BARIRI,2010,2025,Novembro,11,2465109.91,250392.75,20520.4,5711.29,3081387.3875
Bariri,BARIRI,2010,2025,Dezembro,12,3864518.45,402769.86,23571.46,10643.6,4830648.0625
Barra Bonita,BARRA BONITA,2021,2025,Janeiro,1,2910940.44,4400097.86,18247.23,6568.83,3638675.55
Barra Bonita,BARRA BONITA,2021,2025,Fevereiro,2,3077234.22,1503004.0,21185.93,7059.04,3846542.775
Barra Bonita,BARRA BONITA,2021,2025,Março,3,3144116.37,1245094.97,24439.01,160.82,3930145.4625
Barra Bonita,BARRA BONITA,2021,2025,Abril,4,3386301.04,1149641.21,26032.5,9257.81,4232876.3
Barra Bonita,BARRA BONITA,2021,2025,Maio,5,3134737.89,1021786.06,20656.06,15323.18,3918422.3625
Barra Bonita,BARRA BONITA,2021,2025,Junho,6,2376136.11,378580.4,26591.78,191.53,2970170.1374999997
Barra Bonita,BARRA BONITA,2021,2025,Julho,7,4302291.68,358611.92,24566.68,13649.87,5377864.6
Barra Bonita,BARRA BONITA,2021,2025,Agosto,8,3174569.07,394718.6,21701.82,0.0,3968211.3374999994
Barra Bonita,BARRA BONITA,2021,2025,Setembro,9,3833247.0,377442.97,26421.2,13234.94,4791558.75
Barra Bonita,BARRA BONITA,2021,2025,Outubro,10,3158804.56,302034.08,26323.29,165.56,3948505.6999999997
Barra Bonita,BARRA BONITA,2021,2025,Novembro,11,2910256.16,241597.09,24225.94,6742.63,3637820.2
Barra Bonita,BARRA BONITA,2021,2025,Dezembro,12,4562368.02,498351.58,27827.96,12565.61,5702960.024999999
Barra do Chapéu,BARRA DO CHAPEU,7377,2025,Janeiro,1,663850.0,240156.63,4226.73,1521.59,829812.5
Barra do Chapéu,BARRA DO CHAPEU,7377,2025,Fevereiro,2,712801.42,106994.88,4907.45,1635.13,891001.775
Barra do Chapéu,BARRA DO CHAPEU,7377,2025,Março,3,728293.81,77794.27,5660.98,37.25,910367.2625000001
Barra do Chapéu,BARRA DO CHAPEU,7377,2025,Abril,4,784392.75,58591.0,6030.09,2144.45,980490.9375
Barra do Chapéu,BARRA DO CHAPEU,7377,2025,Maio,5,726121.4,46430.87,4784.71,3549.42,907651.75
Barra do Chapéu,BARRA DO CHAPEU,7377,2025,Junho,6,550401.13,16759.87,6159.64,44.36,688001.4125
Barra do Chapéu,BARRA DO CHAPEU,7377,2025,Julho,7,996570.11,27934.64,5690.55,3161.82,1245712.6375
Barra do Chapéu,BARRA DO CHAPEU,7377,2025,Agosto,8,735347.78,22643.92,5026.95,0.0,919184.725
Barra do Chapéu,BARRA DO CHAPEU,7377,2025,Setembro,9,887921.98,31633.25,6120.13,3065.7,1109902.4749999999
Barra do Chapéu,BARRA DO CHAPEU,7377,2025,Outubro,10,731696.13,22017.32,6097.45,38.35,914620.1625
Barra do Chapéu,BARRA DO CHAPEU,7377,2025,Novembro,11,674123.12,20014.34,5611.63,1561.84,842653.8999999999
Barra do Chapéu,BARRA DO CHAPEU,7377,2025,Dezembro,12,1056813.42,40370.11,6445.99,2910.66,1321016.775
Barra do Turvo,BARRA DO TURVO,2033,2025,Janeiro,1,1536482.64,189479.33,9782.79,3521.71,1920603.2999999998
Barra do Turvo,BARRA DO TURVO,2033,2025,Fevereiro,2,1649780.73,86874.9,11358.3,3784.52,2062225.9124999999
Barra do Turvo,BARRA DO TURVO,2033,2025,Março,3,1685637.89,69945.14,13102.35,86.22,2107047.3625
Barra do Turvo,BARRA DO TURVO,2033,2025,Abril,4,1815479.03,104503.22,13956.66,4963.34,2269348.7875
Barra do Turvo,BARRA DO TURVO,2033,2025,Maio,5,1680609.86,69095.71,11074.22,8215.13,2100762.325
Barra do Turvo,BARRA DO TURVO,2033,2025,Junho,6,1273904.84,41447.14,14256.5,102.68,1592381.05
Barra do Turvo,BARRA DO TURVO,2033,2025,Julho,7,2306564.08,34916.62,13170.8,7318.03,2883205.1
Barra do Turvo,BARRA DO TURVO,2033,2025,Agosto,8,1701964.34,149155.91,11634.88,0.0,2127455.425
Barra do Turvo,BARRA DO TURVO,2033,2025,Setembro,9,2055097.73,22751.18,14165.05,7095.58,2568872.1624999996
Barra do Turvo,BARRA DO TURVO,2033,2025,Outubro,10,1693512.59,27061.41,14112.56,88.76,2116890.7375
Barra do Turvo,BARRA DO TURVO,2033,2025,Novembro,11,1560259.7,32766.52,12988.12,3614.89,1950324.6249999998
Barra do Turvo,BARRA DO TURVO,2033,2025,Dezembro,12,2445997.38,48154.07,14919.25,6736.73,3057496.7249999996
Barretos,BARRETOS,2045,2025,Janeiro,1,8432802.6,15772393.49,53349.74,19205.42,10541003.249999998
Barretos,BARRETOS,2045,2025,Fevereiro,2,8996965.24,6420616.46,61941.69,20638.63,11246206.549999999
Barretos,BARRETOS,2045,2025,Março,3,9192509.79,5042997.21,71452.76,470.2,11490637.237499999
Barretos,BARRETOS,2045,2025,Abril,4,9900589.46,4507056.35,76111.68,27067.22,12375736.825000001
Barretos,BARRETOS,2045,2025,Maio,5,9165089.77,4049971.86,60392.5,44800.67,11456362.212499999
Barretos,BARRETOS,2045,2025,Junho,6,6947152.04,1357477.49,77746.86,559.97,8683940.049999999
Barretos,BARRETOS,2045,2025,Julho,7,12578687.84,1911024.41,71826.06,39908.37,15723359.799999999
Barretos,BARRETOS,2045,2025,Agosto,8,9281544.9,2096895.18,63450.0,0.0,11601931.125
Barretos,BARRETOS,2045,2025,Setembro,9,11207333.45,2125036.4,77248.14,38695.24,14009166.812499998
Barretos,BARRETOS,2045,2025,Outubro,10,9235453.91,1778487.93,76961.89,484.06,11544317.3875
Barretos,BARRETOS,2045,2025,Novembro,11,8508768.48,1422785.02,70829.83,19713.55,10635960.6
Barretos,BARRETOS,2045,2025,Dezembro,12,13339077.72,2331618.78,81361.12,36738.29,16673847.15
Barrinha,BARRINHA,2057,2025,Janeiro,1,1363265.52,2388889.94,8625.28,3105.02,1704081.9
Barrinha,BARRINHA,2057,2025,Fevereiro,2,1454578.07,887685.57,10014.38,3336.74,1818222.5875
Barrinha,BARRINHA,2057,2025,Março,3,1486192.6,808558.05,11552.08,76.02,1857740.75
Barrinha,BARRINHA,2057,2025,Abril,4,1600670.89,622544.82,12305.3,4376.07,2000838.6124999998
Barrinha,BARRINHA,2057,2025,Maio,5,1481759.49,630077.44,9763.91,7243.12,1852199.3624999998
Barrinha,BARRINHA,2057,2025,Junho,6,1123175.95,201713.83,12569.67,90.53,1403969.9374999998
Barrinha,BARRINHA,2057,2025,Julho,7,2033650.57,309260.73,11612.43,6452.16,2542063.2125
Barrinha,BARRINHA,2057,2025,Agosto,8,1500587.29,273554.93,10258.23,0.0,1875734.1125
Barrinha,BARRINHA,2057,2025,Setembro,9,1811937.81,278221.32,12489.04,6256.03,2264922.2624999997
Barrinha,BARRINHA,2057,2025,Outubro,10,1493135.56,270503.54,12442.76,78.26,1866419.45
Barrinha,BARRINHA,2057,2025,Novembro,11,1375649.2,233872.8,11451.36,3187.17,1719561.4999999998
Barrinha,BARRINHA,2057,2025,Dezembro,12,2156586.07,309959.97,13154.0,5939.64,2695732.5874999994
Barueri,BARUERI,2069,2025,Janeiro,1,65340107.12,61155874.79,412773.94,148594.84,81675133.89999999
Barueri,BARUERI,2069,2025,Fevereiro,2,69610693.99,25738610.77,479250.92,159683.8,87013367.48749998
Barueri,BARUERI,2069,2025,Março,3,71123647.7,20416097.3,552839.34,3637.97,88904559.625
Barueri,BARUERI,2069,2025,Abril,4,76602152.54,16757981.77,588885.99,209422.6,95752690.675
Barueri,BARUERI,2069,2025,Maio,5,70911495.41,15744398.43,467264.62,346628.62,88639369.26249999
Barueri,BARUERI,2069,2025,Junho,6,53751021.79,5174386.71,601537.58,4332.54,67188777.2375
Barueri,BARUERI,2069,2025,Julho,7,97322949.12,6921554.95,555727.57,308776.29,121653686.4
Barueri,BARUERI,2069,2025,Agosto,8,71812524.0,6494236.91,490920.94,0.0,89765655.0
Barueri,BARUERI,2069,2025,Setembro,9,86712601.23,6397661.41,597678.92,299390.09,108390751.5375
Barueri,BARUERI,2069,2025,Outubro,10,71455911.95,4877351.97,595464.16,3745.21,89319889.9375
Barueri,BARUERI,2069,2025,Novembro,11,65833451.95,3834503.11,548019.62,152526.31,82291814.9375
Barueri,BARUERI,2069,2025,Dezembro,12,103206184.85,6116947.88,629501.57,284248.97,129007731.06249999
Barão de Antonina,BARAO DE ANTONINA,1995,2025,Janeiro,1,461249.0,159335.79,2927.3,1053.8,576561.25
Barão de Antonina,BARAO DE ANTONINA,1995,2025,Fevereiro,2,493663.81,76793.5,3398.74,1132.44,617079.7625
Barão de Antonina,BARAO DE ANTONINA,1995,2025,Março,3,504393.35,65300.93,3920.62,25.8,630491.6874999999
Barão de Antonina,BARAO DE ANTONINA,1995,2025,Abril,4,543245.7,42636.25,4176.25,1485.18,679057.1249999999
Barão de Antonina,BARAO DE ANTONINA,1995,2025,Maio,5,502888.81,37462.89,3313.74,2458.21,628611.0125
Barão de Antonina,BARAO DE ANTONINA,1995,2025,Junho,6,381190.48,12040.65,4265.97,30.73,476488.1
Barão de Antonina,BARAO DE ANTONINA,1995,2025,Julho,7,690193.06,22749.16,3941.1,2189.77,862741.3250000001
Barão de Antonina,BARAO DE ANTONINA,1995,2025,Agosto,8,509278.71,23403.2,3481.5,0.0,636598.3875
Barão de Antonina,BARAO DE ANTONINA,1995,2025,Setembro,9,614946.79,40966.66,4238.61,2123.21,768683.4875
Barão de Antonina,BARAO DE ANTONINA,1995,2025,Outubro,10,506749.69,23146.55,4222.9,26.56,633437.1124999999
Barão de Antonina,BARAO DE ANTONINA,1995,2025,Novembro,11,466876.44,10628.74,3886.44,1081.68,583595.5499999999
Barão de Antonina,BARAO DE ANTONINA,1995,2025,Dezembro,12,731915.68,16537.54,4464.29,2015.83,914894.6
Bastos,BASTOS,2070,2025,Janeiro,1,2643782.86,3280438.71,16684.62,6006.31,3304728.5749999997
Bastos,BASTOS,2070,2025,Fevereiro,2,2813713.89,852275.22,19371.66,6454.53,3517142.3625
Bastos,BASTOS,2070,2025,Março,3,2874868.56,740485.71,22346.16,147.05,3593585.6999999997
Bastos,BASTOS,2070,2025,Abril,4,3096313.63,589800.25,23803.19,8465.01,3870392.0374999996
Bastos,BASTOS,2070,2025,Maio,5,2866293.21,565950.17,18887.17,14010.98,3582866.5124999997
Bastos,BASTOS,2070,2025,Junho,6,2172654.63,207749.38,24314.58,175.12,2715818.2874999996
Bastos,BASTOS,2070,2025,Julho,7,3933863.01,322423.79,22462.9,12480.96,4917328.762499999
Bastos,BASTOS,2070,2025,Agosto,8,2902713.43,255740.47,19843.37,0.0,3628391.7875
Bastos,BASTOS,2070,2025,Setembro,9,3504985.18,248516.25,24158.61,12101.56,4381231.475
Bastos,BASTOS,2070,2025,Outubro,10,2888298.92,204063.37,24069.09,151.38,3610373.65
Bastos,BASTOS,2070,2025,Novembro,11,2661035.08,193439.83,22151.34,6165.22,3326293.85
Bastos,BASTOS,2070,2025,Dezembro,12,4171667.59,437475.99,25444.9,11489.55,5214584.4875
Batatais,BATATAIS,2082,2025,Janeiro,1,4578350.47,7799635.85,28856.73,10388.16,5722938.087499999
Batatais,BATATAIS,2082,2025,Fevereiro,2,4866433.5,2674473.2,33504.09,11163.38,6083041.875
Batatais,BATATAIS,2082,2025,Março,3,4972203.01,2108177.33,38648.6,254.33,6215253.762499999
Batatais,BATATAIS,2082,2025,Abril,4,5355201.34,1908278.04,41168.6,14640.58,6694001.675
Batatais,BATATAIS,2082,2025,Maio,5,4957371.6,1718786.27,32666.13,24232.56,6196714.499999999
Batatais,BATATAIS,2082,2025,Junho,6,3757695.24,448566.11,42053.06,302.88,4697119.05
Batatais,BATATAIS,2082,2025,Julho,7,6803777.31,587458.13,38850.51,21586.33,8504721.6375
Batatais,BATATAIS,2082,2025,Agosto,8,5020361.85,635367.45,34319.93,0.0,6275452.312499999
Batatais,BATATAIS,2082,2025,Setembro,9,6062015.53,666744.06,41783.3,20930.15,7577519.4125
Batatais,BATATAIS,2082,2025,Outubro,10,4995431.36,558747.62,41628.47,261.82,6244289.2
Batatais,BATATAIS,2082,2025,Novembro,11,4602369.23,454573.87,38311.66,10663.0,5752961.537500001
Batatais,BATATAIS,2082,2025,Dezembro,12,7215070.09,833653.25,44008.0,19871.64,9018837.612499999
Bauru,BAURU,2094,2025,Janeiro,1,19472381.44,53521234.21,123183.59,44344.96,24340476.8
Bauru,BAURU,2094,2025,Fevereiro,2,20773828.45,21708813.97,143022.23,47654.23,25967285.562499996
Bauru,BAURU,2094,2025,Março,3,21225337.24,17220160.14,164983.12,1085.68,26531671.549999997
Bauru,BAURU,2094,2025,Abril,4,22860280.29,15193964.27,175740.48,62497.71,28575350.362499997
Bauru,BAURU,2094,2025,Maio,5,21162024.92,13358700.34,139445.17,103443.92,26452531.150000002
Bauru,BAURU,2094,2025,Junho,6,16040847.2,3884963.29,179516.07,1292.96,20051058.999999996
Bauru,BAURU,2094,2025,Julho,7,29043960.53,5087940.13,165845.05,92147.71,36304950.6625
Bauru,BAURU,2094,2025,Agosto,8,21430917.7,4926378.23,146504.9,0.0,26788647.124999996
Bauru,BAURU,2094,2025,Setembro,9,25877528.28,5193650.12,178364.54,89346.59,32346910.35
Bauru,BAURU,2094,2025,Outubro,10,21324494.43,5033867.88,177703.59,1117.68,26655618.037499998
Bauru,BAURU,2094,2025,Novembro,11,19646591.04,4002042.49,163544.78,45518.23,24558238.799999997
Bauru,BAURU,2094,2025,Dezembro,12,30799686.88,6692477.11,187861.33,84828.05,38499608.599999994
Bebedouro,BEBEDOURO,2100,2025,Janeiro,1,5443332.69,10935355.49,34311.43,12351.8,6804165.8625
Bebedouro,BEBEDOURO,2100,2025,Fevereiro,2,5786321.61,3749652.56,39837.27,13273.56,7232902.0125
Bebedouro,BEBEDOURO,2100,2025,Março,3,5912084.42,3308314.38,45954.24,302.4,7390105.524999999
Bebedouro,BEBEDOURO,2100,2025,Abril,4,6367479.83,2845076.93,48950.58,17408.05,7959349.7875
Bebedouro,BEBEDOURO,2100,2025,Maio,5,5894449.47,2847457.68,38840.92,28813.17,7368061.837499999
Bebedouro,BEBEDOURO,2100,2025,Junho,6,4468001.69,863005.88,50002.23,360.14,5585002.1125
Bebedouro,BEBEDOURO,2100,2025,Julho,7,8089876.01,1380571.49,46194.32,25666.73,10112345.0125
Bebedouro,BEBEDOURO,2100,2025,Agosto,8,5969346.59,1492591.98,40807.33,0.0,7461683.2375
Bebedouro,BEBEDOURO,2100,2025,Setembro,9,7207901.1,1345927.37,49681.48,24886.51,9009876.374999998
Bebedouro,BEBEDOURO,2100,2025,Outubro,10,5939703.56,1134025.04,49497.38,311.32,7424629.449999999
Bebedouro,BEBEDOURO,2100,2025,Novembro,11,5472342.01,927678.71,45553.6,12678.6,6840427.512499999
Bebedouro,BEBEDOURO,2100,2025,Dezembro,12,8578914.29,1336541.77,52326.71,23627.92,10723642.862499999
Bento de Abreu,BENTO DE ABREU,2112,2025,Janeiro,1,705180.19,176322.14,4437.52,1597.47,881475.2374999999
Bento de Abreu,BENTO DE ABREU,2112,2025,Fevereiro,2,748348.24,60753.77,5152.18,1716.68,935435.2999999999
Bento de Abreu,BENTO DE ABREU,2112,2025,Março,3,764613.21,51815.64,5943.29,39.11,955766.5125
Bento de Abreu,BENTO DE ABREU,2112,2025,Abril,4,823509.76,42835.98,6330.81,2251.39,1029387.2
Bento de Abreu,BENTO DE ABREU,2112,2025,Maio,5,762332.47,46620.27,5023.32,3726.42,952915.5874999999
Bento de Abreu,BENTO DE ABREU,2112,2025,Junho,6,577849.18,16689.45,6466.82,46.58,722311.475
Bento de Abreu,BENTO DE ABREU,2112,2025,Julho,7,1046268.23,15458.7,5974.34,3319.49,1307835.2874999999
Bento de Abreu,BENTO DE ABREU,2112,2025,Agosto,8,772018.96,20166.09,5277.63,0.0,965023.7
Bento de Abreu,BENTO DE ABREU,2112,2025,Setembro,9,932201.91,18967.78,6425.33,3218.59,1165252.3875
Bento de Abreu,BENTO DE ABREU,2112,2025,Outubro,10,768185.21,22083.38,6401.52,40.26,960231.5125
Bento de Abreu,BENTO DE ABREU,2112,2025,Novembro,11,707741.08,15470.87,5891.47,1639.73,884676.3499999999
Bento de Abreu,BENTO DE ABREU,2112,2025,Dezembro,12,1109515.82,35932.14,6767.44,3055.81,1386894.775
Bernardino de Campos,BERNARDINO DE CAMPOS,2124,2025,Janeiro,1,1173048.14,1118191.52,7430.17,2674.79,1466310.1749999998
Bernardino de Campos,BERNARDINO DE CAMPOS,2124,2025,Fevereiro,2,1253032.43,343489.93,8626.79,2874.4,1566290.5374999999
Bernardino de Campos,BERNARDINO DE CAMPOS,2124,2025,Março,3,1280266.46,342197.6,9951.43,65.49,1600333.075
Bernardino de Campos,BERNARDINO DE CAMPOS,2124,2025,Abril,4,1378882.69,269188.85,10600.29,3769.73,1723603.3624999998
Bernardino de Campos,BERNARDINO DE CAMPOS,2124,2025,Maio,5,1276447.6,254877.0,8411.03,6239.51,1595559.5
Bernardino de Campos,BERNARDINO DE CAMPOS,2124,2025,Junho,6,967549.23,45409.42,10828.02,77.99,1209436.5374999999
Bernardino de Campos,BERNARDINO DE CAMPOS,2124,2025,Julho,7,1751868.92,101869.71,10003.42,5558.15,2189836.15
Bernardino de Campos,BERNARDINO DE CAMPOS,2124,2025,Agosto,8,1292666.63,106390.06,8836.86,0.0,1615833.2874999999
Bernardino de Campos,BERNARDINO DE CAMPOS,2124,2025,Setembro,9,1560876.57,118212.98,10758.56,5389.19,1951095.7125
Bernardino de Campos,BERNARDINO DE CAMPOS,2124,2025,Outubro,10,1286247.41,80847.78,10718.7,67.42,1607809.2624999997
Bernardino de Campos,BERNARDINO DE CAMPOS,2124,2025,Novembro,11,1185039.91,57971.68,9864.67,2745.56,1481299.8874999997
Bernardino de Campos,BERNARDINO DE CAMPOS,2124,2025,Dezembro,12,1857770.54,112362.27,11331.39,5116.64,2322213.175
Bertioga,BERTIOGA,7389,2025,Janeiro,1,3711813.61,5818818.04,23633.12,8507.71,4639767.012499999
Bertioga,BERTIOGA,7389,2025,Fevereiro,2,3985517.72,2462138.29,27439.22,9142.6,4981897.15
Bertioga,BERTIOGA,7389,2025,Março,3,4072140.96,1923340.9,31652.48,208.29,5090176.199999999
Bertioga,BERTIOGA,7389,2025,Abril,4,4385809.4,1721451.44,33716.31,11990.36,5482261.75
Bertioga,BERTIOGA,7389,2025,Maio,5,4059994.31,1484077.87,26752.95,19846.01,5074992.8875
Bertioga,BERTIOGA,7389,2025,Junho,6,3077481.88,576643.32,34440.67,248.06,3846852.3499999996
Bertioga,BERTIOGA,7389,2025,Julho,7,5572165.94,583956.17,31817.84,17678.8,6965207.425
Bertioga,BERTIOGA,7389,2025,Agosto,8,4111582.15,724779.36,28107.38,0.0,5139477.6875
Bertioga,BERTIOGA,7389,2025,Setembro,9,4964676.96,796988.49,34219.74,17141.4,6205846.199999999
Bertioga,BERTIOGA,7389,2025,Outubro,10,4091164.54,774937.0,34092.94,214.43,5113955.675
Bertioga,BERTIOGA,7389,2025,Novembro,11,3769254.03,589799.77,31376.53,8732.8,4711567.5375
Bertioga,BERTIOGA,7389,2025,Dezembro,12,5909007.0,844995.73,36041.73,16274.5,7386258.75
Bilac,BILAC,2136,2025,Janeiro,1,679103.87,1043159.01,4286.9,1543.24,848879.8374999999
Bilac,BILAC,2136,2025,Fevereiro,2,722947.29,357021.13,4977.3,1658.41,903684.1125
Bilac,BILAC,2136,2025,Março,3,738660.19,303672.09,5741.56,37.78,923325.2374999999
Bilac,BILAC,2136,2025,Abril,4,795557.63,256830.28,6115.92,2174.97,994447.0375
Bilac,BILAC,2136,2025,Maio,5,736456.86,249013.37,4852.81,3599.94,920571.075
Bilac,BILAC,2136,2025,Junho,6,558235.43,50813.22,6247.32,45.0,697794.2875
Bilac,BILAC,2136,2025,Julho,7,1010755.07,92570.57,5771.55,3206.82,1263443.8375
Bilac,BILAC,2136,2025,Agosto,8,745814.57,83626.37,5098.5,0.0,932268.2124999999
Bilac,BILAC,2136,2025,Setembro,9,900560.48,93108.36,6207.24,3109.34,1125700.5999999999
Bilac,BILAC,2136,2025,Outubro,10,742110.94,73873.61,6184.24,38.9,927638.6749999999
Bilac,BILAC,2136,2025,Novembro,11,683718.45,33210.07,5691.5,1584.07,854648.0624999999
Bilac,BILAC,2136,2025,Dezembro,12,1071855.88,102032.47,6537.74,2952.09,1339819.8499999999
Birigui,BIRIGUI,2148,2025,Janeiro,1,6768285.92,14339644.71,42883.27,15437.58,8460357.399999999
Birigui,BIRIGUI,2148,2025,Fevereiro,2,7231885.97,5337964.24,49789.59,16589.62,9039857.462499999
Birigui,BIRIGUI,2148,2025,Março,3,7389067.4,4240113.89,57434.72,377.95,9236334.25
Birigui,BIRIGUI,2148,2025,Abril,4,7958231.71,3720048.6,61179.63,21757.01,9947789.6375
Birigui,BIRIGUI,2148,2025,Maio,5,7367026.81,3251254.0,48544.33,36011.4,9208783.5125
Birigui,BIRIGUI,2148,2025,Junho,6,5584217.57,929431.93,62494.01,450.11,6980271.9625
Birigui,BIRIGUI,2148,2025,Julho,7,10110924.48,1302365.31,57734.78,32078.91,12638655.6
Birigui,BIRIGUI,2148,2025,Agosto,8,7460635.07,1382600.5,51002.0,0.0,9325793.8375
Birigui,BIRIGUI,2148,2025,Setembro,9,9008610.72,1466151.0,62093.13,31103.77,11260763.4
Birigui,BIRIGUI,2148,2025,Outubro,10,7423586.48,1461626.32,61863.04,389.09,9279483.1
Birigui,BIRIGUI,2148,2025,Novembro,11,6839466.61,1108166.46,56934.0,15846.03,8549333.2625
Birigui,BIRIGUI,2148,2025,Dezembro,12,10722136.46,1889601.73,65399.2,29530.75,13402670.575000001
Biritiba-Mirim,BIRITIBA MIRIM,2150,2025,Janeiro,1,1417354.82,1863965.01,9016.21,3245.75,1771693.525
Biritiba-Mirim,BIRITIBA MIRIM,2150,2025,Fevereiro,2,1520504.42,840643.44,10468.26,3487.97,1900630.525
Biritiba-Mirim,BIRITIBA MIRIM,2150,2025,Março,3,1553551.82,677212.26,12075.65,79.46,1941939.775
Biritiba-Mirim,BIRITIBA MIRIM,2150,2025,Abril,4,1673218.65,601799.85,12863.02,4574.41,2091523.3124999998
Biritiba-Mirim,BIRITIBA MIRIM,2150,2025,Maio,5,1548917.79,613337.9,10206.45,7571.4,1936147.2375
Biritiba-Mirim,BIRITIBA MIRIM,2150,2025,Junho,6,1174082.05,168605.53,13139.37,94.64,1467602.5625
Biritiba-Mirim,BIRITIBA MIRIM,2150,2025,Julho,7,2125822.42,224291.14,12138.74,6744.59,2657278.025
Biritiba-Mirim,BIRITIBA MIRIM,2150,2025,Agosto,8,1568598.93,244892.05,10723.17,0.0,1960748.6624999999
Biritiba-Mirim,BIRITIBA MIRIM,2150,2025,Setembro,9,1894060.9,238182.97,13055.08,6539.57,2367576.1249999995
Biritiba-Mirim,BIRITIBA MIRIM,2150,2025,Outubro,10,1560809.46,265305.77,13006.71,81.81,1951011.825
Biritiba-Mirim,BIRITIBA MIRIM,2150,2025,Novembro,11,1437998.23,158308.43,11970.38,3331.63,1797497.7874999999
Biritiba-Mirim,BIRITIBA MIRIM,2150,2025,Dezembro,12,2254329.78,236424.41,13750.19,6208.84,2817912.2249999996
Boa Esperança do Sul,BOA ESPERANCA DO SUL,2161,2025,Janeiro,1,1382512.11,939843.39,8732.7,3143.69,1728140.1375
Boa Esperança do Sul,BOA ESPERANCA DO SUL,2161,2025,Fevereiro,2,1472692.58,424461.89,10139.09,3378.29,1840865.725
Boa Esperança do Sul,BOA ESPERANCA DO SUL,2161,2025,Março,3,1504700.82,307928.34,11695.94,76.97,1880876.025
Boa Esperança do Sul,BOA ESPERANCA DO SUL,2161,2025,Abril,4,1620604.75,285466.75,12458.55,4430.57,2025755.9375
Boa Esperança do Sul,BOA ESPERANCA DO SUL,2161,2025,Maio,5,1500212.49,290616.96,9885.51,7333.32,1875265.6124999998
Boa Esperança do Sul,BOA ESPERANCA DO SUL,2161,2025,Junho,6,1137163.36,82735.5,12726.2,91.66,1421454.2
Boa Esperança do Sul,BOA ESPERANCA DO SUL,2161,2025,Julho,7,2058976.52,126604.99,11757.04,6532.51,2573720.65
Boa Esperança do Sul,BOA ESPERANCA DO SUL,2161,2025,Agosto,8,1519274.77,110001.12,10385.99,0.0,1899093.4625
Boa Esperança do Sul,BOA ESPERANCA DO SUL,2161,2025,Setembro,9,1834502.67,110776.62,12644.57,6333.93,2293128.3375
Boa Esperança do Sul,BOA ESPERANCA DO SUL,2161,2025,Outubro,10,1511730.24,90071.77,12597.71,79.23,1889662.7999999998
Boa Esperança do Sul,BOA ESPERANCA DO SUL,2161,2025,Novembro,11,1392780.77,77453.0,11593.97,3226.87,1740975.9625
Boa Esperança do Sul,BOA ESPERANCA DO SUL,2161,2025,Dezembro,12,2183443.0,159181.63,13317.81,6013.61,2729303.75
Bocaina,BOCAINA,2173,2025,Janeiro,1,1023631.01,1107380.46,6418.44,2310.58,1279538.7625
Bocaina,BOCAINA,2173,2025,Fevereiro,2,1082414.26,383133.03,7452.13,2483.01,1353017.825
Bocaina,BOCAINA,2173,2025,Março,3,1105939.99,302512.04,8596.4,56.57,1382424.9874999998
Bocaina,BOCAINA,2173,2025,Abril,4,1191128.22,270235.75,9156.91,3256.43,1488910.275
Bocaina,BOCAINA,2173,2025,Maio,5,1102641.12,255060.61,7265.75,5389.92,1378301.4000000001
Bocaina,BOCAINA,2173,2025,Junho,6,835803.65,76471.45,9353.63,67.37,1044754.5625
Bocaina,BOCAINA,2173,2025,Julho,7,1513327.07,80864.29,8641.31,4801.33,1891658.8375
Bocaina,BOCAINA,2173,2025,Agosto,8,1116651.7,78297.1,7633.59,0.0,1395814.6249999998
Bocaina,BOCAINA,2173,2025,Setembro,9,1348341.04,64240.7,9293.63,4655.38,1685426.3
Bocaina,BOCAINA,2173,2025,Outubro,10,1111106.55,101065.49,9259.19,58.24,1388883.1875
Bocaina,BOCAINA,2173,2025,Novembro,11,1023679.88,82458.48,8521.45,2371.71,1279599.8499999999
Bocaina,BOCAINA,2173,2025,Dezembro,12,1604808.68,98748.94,9788.46,4419.94,2006010.8499999999
Bofete,BOFETE,2185,2025,Janeiro,1,1596363.16,729470.85,10159.62,3657.37,1995453.9499999997
Bofete,BOFETE,2185,2025,Fevereiro,2,1713330.28,316591.37,11795.82,3930.3,2141662.85
Bofete,BOFETE,2185,2025,Março,3,1750568.66,259440.47,13607.05,89.54,2188210.8249999997
Bofete,BOFETE,2185,2025,Abril,4,1885411.28,239497.32,14494.27,5154.53,2356764.1
Bofete,BOFETE,2185,2025,Maio,5,1745346.95,181941.9,11500.8,8531.58,2181683.6875
Bofete,BOFETE,2185,2025,Junho,6,1322975.65,52022.64,14805.66,106.64,1653719.5624999998
Bofete,BOFETE,2185,2025,Julho,7,2395412.92,69954.23,13678.14,7599.92,2994266.15
Bofete,BOFETE,2185,2025,Agosto,8,1767523.99,64982.45,12083.05,0.0,2209404.9875
Bofete,BOFETE,2185,2025,Setembro,9,2134260.08,68598.45,14710.69,7368.9,2667825.1
Bofete,BOFETE,2185,2025,Outubro,10,1758746.69,77381.48,14656.18,92.18,2198433.3625
Bofete,BOFETE,2185,2025,Novembro,11,1620360.9,52855.68,13488.42,3754.13,2025451.1249999998
Bofete,BOFETE,2185,2025,Dezembro,12,2540217.19,88261.18,15493.94,6996.23,3175271.4875
Boituva,BOITUVA,2197,2025,Janeiro,1,4830710.27,10085568.74,30528.88,10990.12,6038387.837499999
Boituva,BOITUVA,2197,2025,Fevereiro,2,5148427.58,4479062.46,35445.54,11810.26,6435534.475
Boituva,BOITUVA,2197,2025,Março,3,5260326.08,3353080.71,40888.16,269.07,6575407.6
Boituva,BOITUVA,2197,2025,Abril,4,5665517.93,2857937.55,43554.18,15488.96,7081897.4125
Boituva,BOITUVA,2197,2025,Maio,5,5244635.24,2705571.88,34559.03,25636.76,6555794.05
Boituva,BOITUVA,2197,2025,Junho,6,3975441.52,793770.49,44489.9,320.44,4969301.899999999
Boituva,BOITUVA,2197,2025,Julho,7,7198034.19,1272588.41,41101.78,22837.19,8997542.7375
Boituva,BOITUVA,2197,2025,Agosto,8,5311275.58,1322351.96,36308.66,0.0,6639094.475
Boituva,BOITUVA,2197,2025,Setembro,9,6413289.71,1180390.13,44204.51,22142.98,8016612.137499999
Boituva,BOITUVA,2197,2025,Outubro,10,5284900.45,1498558.93,44040.71,277.0,6606125.5625
Boituva,BOITUVA,2197,2025,Novembro,11,4869061.64,1364810.49,40531.69,11280.89,6086327.049999999
Boituva,BOITUVA,2197,2025,Dezembro,12,7633160.05,1993766.2,46558.12,21023.14,9541450.0625
Bom Jesus dos Perdões,BOM JESUS DOS PERDOES,2203,2025,Janeiro,1,2243044.27,2383952.82,14222.65,5120.02,2803805.3375
Bom Jesus dos Perdões,BOM JESUS DOS PERDOES,2203,2025,Fevereiro,2,2398524.5,990920.26,16513.2,5502.11,2998155.625
Bom Jesus dos Perdões,BOM JESUS DOS PERDOES,2203,2025,Março,3,2450655.23,833436.8,19048.78,125.35,3063319.0374999996
Bom Jesus dos Perdões,BOM JESUS DOS PERDOES,2203,2025,Abril,4,2639424.05,702894.69,20290.81,7215.92,3299280.0624999995
Bom Jesus dos Perdões,BOM JESUS DOS PERDOES,2203,2025,Maio,5,2443345.26,650096.84,16100.19,11943.53,3054181.5749999997
Bom Jesus dos Perdões,BOM JESUS DOS PERDOES,2203,2025,Junho,6,1852059.44,231732.79,20726.74,149.28,2315074.3
Bom Jesus dos Perdões,BOM JESUS DOS PERDOES,2203,2025,Julho,7,3353385.3,273781.17,19148.3,10639.28,4191731.6249999995
Bom Jesus dos Perdões,BOM JESUS DOS PERDOES,2203,2025,Agosto,8,2474391.34,317484.72,16915.3,0.0,3092989.175
Bom Jesus dos Perdões,BOM JESUS DOS PERDOES,2203,2025,Setembro,9,2987792.34,294720.56,20593.78,10315.86,3734740.425
Bom Jesus dos Perdões,BOM JESUS DOS PERDOES,2203,2025,Outubro,10,2462103.82,278467.13,20517.47,129.05,3077629.7749999994
Bom Jesus dos Perdões,BOM JESUS DOS PERDOES,2203,2025,Novembro,11,2268374.85,240557.74,18882.71,5255.49,2835468.5625
Bom Jesus dos Perdões,BOM JESUS DOS PERDOES,2203,2025,Dezembro,12,3556099.63,322345.79,21690.27,9794.16,4445124.5375
Bom Sucesso de Itararé,BOM SUCESSO DE ITARARE,7390,2025,Janeiro,1,515036.82,163065.17,3279.24,1180.5,643796.025
Bom Sucesso de Itararé,BOM SUCESSO DE ITARARE,7390,2025,Fevereiro,2,553014.94,68781.02,3807.36,1268.59,691268.6749999999
Bom Sucesso de Itararé,BOM SUCESSO DE ITARARE,7390,2025,Março,3,565034.44,114674.48,4391.97,28.9,706293.0499999999
Bom Sucesso de Itararé,BOM SUCESSO DE ITARARE,7390,2025,Abril,4,608557.86,74606.2,4678.34,1663.74,760697.325
Bom Sucesso de Itararé,BOM SUCESSO DE ITARARE,7390,2025,Maio,5,563349.02,117583.63,3712.14,2753.76,704186.275
Bom Sucesso de Itararé,BOM SUCESSO DE ITARARE,7390,2025,Junho,6,427019.42,33329.94,4778.85,34.42,533774.2749999999
Bom Sucesso de Itararé,BOM SUCESSO DE ITARARE,7390,2025,Julho,7,773172.08,64586.43,4414.92,2453.04,966465.0999999999
Bom Sucesso de Itararé,BOM SUCESSO DE ITARARE,7390,2025,Agosto,8,570507.15,57139.91,3900.07,0.0,713133.9375
Bom Sucesso de Itararé,BOM SUCESSO DE ITARARE,7390,2025,Setembro,9,688879.27,55531.03,4748.2,2378.47,861099.0875
Bom Sucesso de Itararé,BOM SUCESSO DE ITARARE,7390,2025,Outubro,10,567674.08,37059.47,4730.6,29.75,709592.5999999999
Bom Sucesso de Itararé,BOM SUCESSO DE ITARARE,7390,2025,Novembro,11,523007.03,17539.24,4353.69,1211.73,653758.7875
Bom Sucesso de Itararé,BOM SUCESSO DE ITARARE,7390,2025,Dezembro,12,819910.83,36521.03,5001.01,2258.19,1024888.5374999999
Boracéia,BORACEIA,2227,2025,Janeiro,1,775724.86,744664.03,4919.72,1771.05,969656.075
Boracéia,BORACEIA,2227,2025,Fevereiro,2,829667.56,191671.96,5712.04,1903.22,1037084.4500000001
Boracéia,BORACEIA,2227,2025,Março,3,847699.97,139683.08,6589.11,43.36,1059624.9625
Boracéia,BORACEIA,2227,2025,Abril,4,912996.51,137927.46,7018.74,2496.04,1141245.6375
Boracéia,BORACEIA,2227,2025,Maio,5,845171.39,113232.75,5569.18,4131.36,1056464.2375
Boracéia,BORACEIA,2227,2025,Junho,6,640641.21,38697.8,7169.53,51.64,800801.5125
Boracéia,BORACEIA,2227,2025,Julho,7,1159961.05,68118.93,6623.54,3680.21,1449951.3125
Boracéia,BORACEIA,2227,2025,Agosto,8,855910.47,78828.44,5851.13,0.0,1069888.0875
Boracéia,BORACEIA,2227,2025,Setembro,9,1033499.71,58760.65,7123.54,3568.33,1291874.6375
Boracéia,BORACEIA,2227,2025,Outubro,10,851660.12,34420.27,7097.15,44.64,1064575.15
Boracéia,BORACEIA,2227,2025,Novembro,11,784647.82,48874.6,6531.67,1817.91,980809.7749999999
Boracéia,BORACEIA,2227,2025,Dezembro,12,1230081.45,112620.9,7502.83,3387.87,1537601.8124999998
Borborema,BORBOREMA,2239,2025,Janeiro,1,1754728.03,1839586.79,11092.18,3993.08,2193410.0375
Borborema,BORBOREMA,2239,2025,Fevereiro,2,1870598.44,557573.36,12878.57,4291.07,2338248.05
Borborema,BORBOREMA,2239,2025,Março,3,1911254.96,500910.19,14856.06,97.76,2389068.6999999997
Borborema,BORBOREMA,2239,2025,Abril,4,2058474.91,420097.3,15824.71,5627.66,2573093.6374999997
Borborema,BORBOREMA,2239,2025,Maio,5,1905553.95,393178.64,12556.47,9314.7,2381942.4375
Borborema,BORBOREMA,2239,2025,Junho,6,1444412.8,92531.86,16164.69,116.43,1805516.0
Borborema,BORBOREMA,2239,2025,Julho,7,2615290.07,172961.18,14933.67,8297.52,3269112.5874999994
Borborema,BORBOREMA,2239,2025,Agosto,8,1929766.64,147424.57,13192.17,0.0,2412208.3
Borborema,BORBOREMA,2239,2025,Setembro,9,2330165.77,136118.02,16061.0,8045.3,2912707.2125
Borborema,BORBOREMA,2239,2025,Outubro,10,1920183.66,132698.16,16001.48,100.64,2400229.5749999997
Borborema,BORBOREMA,2239,2025,Novembro,11,1769095.31,81100.76,14726.54,4098.73,2211369.1374999997
Borborema,BORBOREMA,2239,2025,Dezembro,12,2773386.06,148816.5,16916.15,7638.42,3466732.5749999997
Borebi,BOREBI,7213,2025,Janeiro,1,732010.32,156975.03,4586.09,1650.95,915012.8999999999
Borebi,BOREBI,7213,2025,Fevereiro,2,773404.46,62282.31,5324.68,1774.16,966755.575
Borebi,BOREBI,7213,2025,Março,3,790214.02,63145.93,6142.28,40.42,987767.525
Borebi,BOREBI,7213,2025,Abril,4,851082.54,57751.31,6542.77,2326.77,1063853.175
Borebi,BOREBI,7213,2025,Maio,5,787856.92,41878.03,5191.51,3851.19,984821.15
Borebi,BOREBI,7213,2025,Junho,6,597196.75,4168.81,6683.34,48.14,746495.9375
Borebi,BOREBI,7213,2025,Julho,7,1081299.42,7294.37,6174.37,3430.64,1351624.275
Borebi,BOREBI,7213,2025,Agosto,8,797867.73,9371.14,5454.34,0.0,997334.6625
Borebi,BOREBI,7213,2025,Setembro,9,963413.93,23122.07,6640.47,3326.35,1204267.4125
Borebi,BOREBI,7213,2025,Outubro,10,793905.62,20972.36,6615.86,41.61,992382.0249999999
Borebi,BOREBI,7213,2025,Novembro,11,731437.69,21491.71,6088.73,1694.63,914297.1124999999
Borebi,BOREBI,7213,2025,Dezembro,12,1146664.67,24080.83,6994.03,3158.13,1433330.8375
Borá,BORA,2215,2025,Janeiro,1,355682.42,93916.52,2259.02,813.23,444603.02499999997
Borá,BORA,2215,2025,Fevereiro,2,380963.43,25747.5,2622.83,873.91,476204.2875
Borá,BORA,2215,2025,Março,3,389243.48,19867.12,3025.56,19.91,486554.35
Borá,BORA,2215,2025,Abril,4,419226.08,19816.64,3222.84,1146.12,524032.6
Borá,BORA,2215,2025,Maio,5,388082.42,14428.17,2557.23,1897.02,485103.02499999997
Borá,BORA,2215,2025,Junho,6,294167.07,2765.55,3292.08,23.71,367708.83749999997
Borá,BORA,2215,2025,Julho,7,532626.27,4270.13,3041.37,1689.86,665782.8375
Borá,BORA,2215,2025,Agosto,8,393013.54,15577.61,2686.7,0.0,491266.92499999993
Borá,BORA,2215,2025,Setembro,9,474558.26,7438.59,3270.96,1638.49,593197.825
Borá,BORA,2215,2025,Outubro,10,391061.89,9964.76,3258.84,20.5,488827.3625
Borá,BORA,2215,2025,Novembro,11,360291.45,6592.95,2999.19,834.74,450364.3125
Borá,BORA,2215,2025,Dezembro,12,564823.88,19213.67,3445.12,1555.63,706029.85
Botucatu,BOTUCATU,2240,2025,Janeiro,1,9275911.11,19277439.71,58722.49,21139.56,11594888.8875
Botucatu,BOTUCATU,2240,2025,Fevereiro,2,9903031.59,7657237.84,68179.71,22717.11,12378789.487499999
Botucatu,BOTUCATU,2240,2025,Março,3,10118269.04,5782468.02,78648.63,517.55,12647836.299999999
Botucatu,BOTUCATU,2240,2025,Abril,4,10897658.01,5321246.37,83776.73,29793.1,13622072.5125
Botucatu,BOTUCATU,2240,2025,Maio,5,10088087.61,4757952.68,66474.5,49312.45,12610109.5125
Botucatu,BOTUCATU,2240,2025,Junho,6,7646785.81,1377925.81,85576.59,616.36,9558482.2625
Botucatu,BOTUCATU,2240,2025,Julho,7,13845462.31,1608062.45,79059.51,43927.47,17306827.8875
Botucatu,BOTUCATU,2240,2025,Agosto,8,10216270.71,1605940.29,69839.92,0.0,12770338.387500001
Botucatu,BOTUCATU,2240,2025,Setembro,9,12336001.56,1637502.17,85027.64,42592.16,15420001.95
Botucatu,BOTUCATU,2240,2025,Outubro,10,10165537.98,1533944.73,84712.56,532.8,12706922.475
Botucatu,BOTUCATU,2240,2025,Novembro,11,9365669.51,1187260.28,77962.96,21698.86,11707086.8875
Botucatu,BOTUCATU,2240,2025,Dezembro,12,14682429.53,2342790.06,89554.83,40438.13,18353036.912499998
Bragança Paulista,BRAGANCA PAULISTA,2252,2025,Janeiro,1,11372034.29,24798900.06,72088.41,25951.17,14215042.862499999
Bragança Paulista,BRAGANCA PAULISTA,2252,2025,Fevereiro,2,12157075.5,11108949.23,83698.2,27887.79,15196344.375
Bragança Paulista,BRAGANCA PAULISTA,2252,2025,Março,3,12421303.47,8304302.28,96549.96,635.35,15526629.3375
Bragança Paulista,BRAGANCA PAULISTA,2252,2025,Abril,4,13378090.32,7256810.16,102845.28,36574.36,16722612.9
Bragança Paulista,BRAGANCA PAULISTA,2252,2025,Maio,5,12384252.39,6455416.46,81604.87,60536.54,15480315.4875
Bragança Paulista,BRAGANCA PAULISTA,2252,2025,Junho,6,9387282.22,2029432.57,105054.8,756.65,11734102.775
Bragança Paulista,BRAGANCA PAULISTA,2252,2025,Julho,7,16996848.79,2540612.54,97054.37,53925.86,21246060.987499997
Bragança Paulista,BRAGANCA PAULISTA,2252,2025,Agosto,8,12541611.44,2310804.27,85736.29,0.0,15677014.299999999
Bragança Paulista,BRAGANCA PAULISTA,2252,2025,Setembro,9,15143817.41,2420886.16,104380.91,52286.62,18929771.7625
Bragança Paulista,BRAGANCA PAULISTA,2252,2025,Outubro,10,12479331.36,2297895.35,103994.12,654.08,15599164.2
Bragança Paulista,BRAGANCA PAULISTA,2252,2025,Novembro,11,11497403.63,1697964.27,95708.22,26637.77,14371754.5375
Bragança Paulista,BRAGANCA PAULISTA,2252,2025,Dezembro,12,18024319.38,2880349.42,109938.54,49642.32,22530399.224999998
Braúna,BRAUNA,2264,2025,Janeiro,1,474142.47,576847.92,3008.83,1083.15,592678.0874999999
Braúna,BRAUNA,2264,2025,Fevereiro,2,507412.98,207784.04,3493.4,1163.98,634266.225
Braúna,BRAUNA,2264,2025,Março,3,518441.35,141004.03,4029.81,26.52,648051.6874999999
Braúna,BRAUNA,2264,2025,Abril,4,558375.79,115601.41,4292.56,1526.54,697969.7375
Braúna,BRAUNA,2264,2025,Maio,5,516894.91,120511.66,3406.03,2526.68,646118.6375
Braúna,BRAUNA,2264,2025,Junho,6,391807.13,45333.52,4384.79,31.58,489758.9125
Braúna,BRAUNA,2264,2025,Julho,7,709415.82,50112.65,4050.86,2250.76,886769.7749999999
Braúna,BRAUNA,2264,2025,Agosto,8,523462.77,63947.38,3578.47,0.0,654328.4625
Braúna,BRAUNA,2264,2025,Setembro,9,632073.85,74394.01,4356.66,2182.34,790092.3124999999
Braúna,BRAUNA,2264,2025,Outubro,10,520863.32,30190.79,4340.51,27.3,651079.15
Braúna,BRAUNA,2264,2025,Novembro,11,479879.54,40664.55,3994.68,1111.81,599849.4249999999
Braúna,BRAUNA,2264,2025,Dezembro,12,752300.47,30567.0,4588.62,2071.98,940375.5874999999
Brejo Alegre,BREJO ALEGRE,7766,2025,Janeiro,1,391634.14,118254.08,2493.53,897.65,489542.675
Brejo Alegre,BREJO ALEGRE,7766,2025,Fevereiro,2,420512.71,71327.47,2895.12,964.64,525640.8875
Brejo Alegre,BREJO ALEGRE,7766,2025,Março,3,429652.34,70935.08,3339.66,21.98,537065.425
Brejo Alegre,BREJO ALEGRE,7766,2025,Abril,4,462747.56,54805.41,3557.41,1265.11,578434.45
Brejo Alegre,BREJO ALEGRE,7766,2025,Maio,5,428370.74,66872.32,2822.71,2093.96,535463.4249999999
Brejo Alegre,BREJO ALEGRE,7766,2025,Junho,6,324705.68,13453.26,3633.84,26.17,405882.1
Brejo Alegre,BREJO ALEGRE,7766,2025,Julho,7,587920.25,30884.92,3357.11,1865.29,734900.3125
Brejo Alegre,BREJO ALEGRE,7766,2025,Agosto,8,433813.79,44601.3,2965.61,0.0,542267.2374999999
Brejo Alegre,BREJO ALEGRE,7766,2025,Setembro,9,523823.98,38653.06,3610.53,1808.59,654779.975
Brejo Alegre,BREJO ALEGRE,7766,2025,Outubro,10,431659.52,19121.75,3597.15,22.62,539574.4
Brejo Alegre,BREJO ALEGRE,7766,2025,Novembro,11,397694.69,20038.92,3310.54,921.4,497118.3625
Brejo Alegre,BREJO ALEGRE,7766,2025,Dezembro,12,623460.41,34173.3,3802.77,1717.13,779325.5125
Brodówski,BRODOWSKI,2276,2025,Janeiro,1,1526234.62,3007816.63,9653.23,3475.07,1907793.2750000001
Brodówski,BRODOWSKI,2276,2025,Fevereiro,2,1627932.29,1174212.42,11207.88,3734.4,2034915.3625
Brodówski,BRODOWSKI,2276,2025,Março,3,1663314.59,927991.05,12928.83,85.08,2079143.2375
Brodówski,BRODOWSKI,2276,2025,Abril,4,1791436.21,812456.39,13771.83,4897.61,2239295.2624999997
Brodówski,BRODOWSKI,2276,2025,Maio,5,1658353.14,731636.49,10927.56,8106.34,2072941.4249999998
Brodówski,BRODOWSKI,2276,2025,Junho,6,1257034.21,217843.72,14067.7,101.32,1571292.7625
Brodówski,BRODOWSKI,2276,2025,Julho,7,2276017.7,340320.66,12996.38,7221.12,2845022.125
Brodówski,BRODOWSKI,2276,2025,Agosto,8,1679424.81,355071.79,11480.79,0.0,2099281.0124999997
Brodówski,BRODOWSKI,2276,2025,Setembro,9,2027881.57,373305.94,13977.46,7001.61,2534851.9625
Brodówski,BRODOWSKI,2276,2025,Outubro,10,1671085.0,316973.45,13925.67,87.59,2088856.25
Brodówski,BRODOWSKI,2276,2025,Novembro,11,1539596.81,229575.91,12816.12,3567.02,1924496.0125
Brodówski,BRODOWSKI,2276,2025,Dezembro,12,2413604.45,408493.72,14721.67,6647.51,3017005.5625
Brotas,BROTAS,2288,2025,Janeiro,1,2939096.97,2659559.28,18569.32,6684.78,3673871.2125
Brotas,BROTAS,2288,2025,Fevereiro,2,3131552.33,938504.05,21559.9,7183.64,3914440.4125
Brotas,BROTAS,2288,2025,Março,3,3199615.06,756718.31,24870.39,163.66,3999518.8249999997
Brotas,BROTAS,2288,2025,Abril,4,3446074.67,645458.84,26492.01,9421.22,4307593.337499999
Brotas,BROTAS,2288,2025,Maio,5,3190071.04,658002.4,21020.67,15593.66,3987588.8
Brotas,BROTAS,2288,2025,Junho,6,2418078.72,151357.77,27061.16,194.91,3022598.4
Brotas,BROTAS,2288,2025,Julho,7,4378234.02,273650.12,25000.32,13890.81,5472792.524999999
Brotas,BROTAS,2288,2025,Agosto,8,3230605.3,329401.25,22084.89,0.0,4038256.6249999995
Brotas,BROTAS,2288,2025,Setembro,9,3900909.95,293015.39,26887.58,13468.56,4876137.4375
Brotas,BROTAS,2288,2025,Outubro,10,3214562.52,265064.5,26787.94,168.48,4018203.15
Brotas,BROTAS,2288,2025,Novembro,11,2961626.85,156516.51,24653.57,6861.65,3702033.5625
Brotas,BROTAS,2288,2025,Dezembro,12,4642901.12,275612.9,28319.17,12787.41,5803626.399999999
Buri,BURI,2290,2025,Janeiro,1,2495766.29,1577876.72,15751.39,5670.36,3119707.8625
Buri,BURI,2290,2025,Fevereiro,2,2656333.24,671478.06,18288.14,6093.51,3320416.5500000003
Buri,BURI,2290,2025,Março,3,2714067.32,543846.4,21096.26,138.82,3392584.1499999994
Buri,BURI,2290,2025,Abril,4,2923126.21,504338.71,22471.8,7991.53,3653907.7624999997
Buri,BURI,2290,2025,Maio,5,2705971.62,455881.71,17830.75,13227.29,3382464.525
Buri,BURI,2290,2025,Junho,6,2051130.62,173001.32,22954.58,165.33,2563913.275
Buri,BURI,2290,2025,Julho,7,3713828.58,204147.96,21206.48,11782.86,4642285.725
Buri,BURI,2290,2025,Agosto,8,2740354.73,194986.82,18733.47,0.0,3425443.4124999996
Buri,BURI,2290,2025,Setembro,9,3308939.36,193465.61,22807.33,11424.68,4136174.1999999997
Buri,BURI,2290,2025,Outubro,10,2726746.47,183672.2,22722.82,142.92,3408433.0875
Buri,BURI,2290,2025,Novembro,11,2512194.27,140548.73,20912.34,5820.38,3140242.8375
Buri,BURI,2290,2025,Dezembro,12,3938331.94,243744.14,24021.68,10846.9,4922914.925
Buritama,BURITAMA,2306,2025,Janeiro,1,1689745.64,1557953.63,10698.26,3851.28,2112182.05
Buritama,BURITAMA,2306,2025,Fevereiro,2,1804167.7,759589.54,12421.21,4138.68,2255209.625
Buritama,BURITAMA,2306,2025,Março,3,1843380.38,534597.06,14328.47,94.29,2304225.4749999996
Buritama,BURITAMA,2306,2025,Abril,4,1985372.1,487762.39,15262.73,5427.81,2481715.125
Buritama,BURITAMA,2306,2025,Maio,5,1837881.83,393797.23,12110.55,8983.91,2297352.2875
Buritama,BURITAMA,2306,2025,Junho,6,1393117.23,141103.36,15590.63,112.29,1741396.5374999999
Buritama,BURITAMA,2306,2025,Julho,7,2522413.03,146201.08,14403.33,8002.85,3153016.2874999996
Buritama,BURITAMA,2306,2025,Agosto,8,1861234.66,165660.76,12723.67,0.0,2326543.3249999997
Buritama,BURITAMA,2306,2025,Setembro,9,2247414.37,217940.36,15490.62,7759.58,2809267.9625
Buritama,BURITAMA,2306,2025,Outubro,10,1851992.0,204662.48,15433.22,97.07,2314990.0
Buritama,BURITAMA,2306,2025,Novembro,11,1706269.26,129985.53,14203.55,3953.17,2132836.5749999997
Buritama,BURITAMA,2306,2025,Dezembro,12,2674894.54,248179.19,16315.4,7367.16,3343618.175
Buritizal,BURITIZAL,2318,2025,Janeiro,1,1219960.44,700500.88,7626.1,2745.33,1524950.5499999998
Buritizal,BURITIZAL,2318,2025,Fevereiro,2,1286075.43,206852.81,8854.28,2950.2,1607594.2874999999
Buritizal,BURITIZAL,2318,2025,Março,3,1314027.64,153603.87,10213.85,67.21,1642534.5499999998
Buritizal,BURITIZAL,2318,2025,Abril,4,1415244.43,139692.25,10879.82,3869.14,1769055.5374999999
Buritizal,BURITIZAL,2318,2025,Maio,5,1310108.08,126587.21,8632.83,6404.05,1637635.1
Buritizal,BURITIZAL,2318,2025,Junho,6,993063.92,44822.52,11113.56,80.04,1241329.9
Buritizal,BURITIZAL,2318,2025,Julho,7,1798066.46,46026.15,10267.21,5704.72,2247583.0749999997
Buritizal,BURITIZAL,2318,2025,Agosto,8,1326754.81,65761.34,9069.89,0.0,1658443.5125
Buritizal,BURITIZAL,2318,2025,Setembro,9,1602037.56,48020.1,11042.27,5531.31,2002546.95
Buritizal,BURITIZAL,2318,2025,Outubro,10,1320166.31,29274.29,11001.35,69.19,1650207.8875
Buritizal,BURITIZAL,2318,2025,Novembro,11,1216289.92,41417.2,10124.8,2817.96,1520362.4
Buritizal,BURITIZAL,2318,2025,Dezembro,12,1906760.75,35444.3,11630.2,5251.57,2383450.9375
Bálsamo,BALSAMO,1971,2025,Janeiro,1,725944.92,1331934.99,4581.86,1649.43,907431.15
Bálsamo,BALSAMO,1971,2025,Fevereiro,2,772689.6,566849.71,5319.76,1772.52,965861.9999999999
Bálsamo,BALSAMO,1971,2025,Março,3,789483.63,429260.28,6136.6,40.38,986854.5375
Bálsamo,BALSAMO,1971,2025,Abril,4,850295.89,410517.94,6536.73,2324.62,1062869.8625
Bálsamo,BALSAMO,1971,2025,Maio,5,787128.7,389245.6,5186.71,3847.63,983910.8749999999
Bálsamo,BALSAMO,1971,2025,Junho,6,596644.76,110622.7,6677.16,48.09,745805.95
Bálsamo,BALSAMO,1971,2025,Julho,7,1080299.97,144991.68,6168.66,3427.47,1350374.9625
Bálsamo,BALSAMO,1971,2025,Agosto,8,797130.26,124900.42,5449.3,0.0,996412.825
Bálsamo,BALSAMO,1971,2025,Setembro,9,962523.45,120545.57,6634.33,3323.28,1203154.3124999998
Bálsamo,BALSAMO,1971,2025,Outubro,10,793171.81,112378.14,6609.75,41.57,991464.7625000001
Bálsamo,BALSAMO,1971,2025,Novembro,11,730761.62,80241.87,6083.1,1693.07,913452.0249999999
Bálsamo,BALSAMO,1971,2025,Dezembro,12,1145604.81,182823.36,6987.57,3155.21,1432006.0125
Cabreúva,CABREUVA,2331,2025,Janeiro,1,10672043.85,4566088.1,67550.23,24317.46,13340054.812499998
Cabreúva,CABREUVA,2331,2025,Fevereiro,2,11391752.17,1902176.14,78429.15,26132.17,14239690.212499999
Cabreúva,CABREUVA,2331,2025,Março,3,11639346.22,1641125.77,90471.86,595.35,14549182.775
Cabreúva,CABREUVA,2331,2025,Abril,4,12535900.55,1405927.1,96370.87,34271.9,15669875.6875
Cabreúva,CABREUVA,2331,2025,Maio,5,11604627.61,1266620.3,76467.6,56725.58,14505784.5125
Cabreúva,CABREUVA,2331,2025,Junho,6,8796325.45,441141.17,98441.3,709.02,10995406.812499998
Cabreúva,CABREUVA,2331,2025,Julho,7,15926847.63,570596.15,90944.51,50531.07,19908559.5375
Cabreúva,CABREUVA,2331,2025,Agosto,8,11752080.45,596869.71,80338.95,0.0,14690100.562499998
Cabreúva,CABREUVA,2331,2025,Setembro,9,14190469.98,659528.75,97809.83,48995.03,17738087.474999998
Cabreúva,CABREUVA,2331,2025,Outubro,10,11693721.08,585690.74,97447.39,612.9,14617151.35
Cabreúva,CABREUVA,2331,2025,Novembro,11,10773608.56,437000.67,89683.11,24960.85,13467010.7
Cabreúva,CABREUVA,2331,2025,Dezembro,12,16889635.95,766828.16,103017.59,46517.19,21112044.937499996
Cabrália Paulista,CABRALIA PAULISTA,2320,2025,Janeiro,1,513556.23,280979.87,3258.41,1173.0,641945.2875
Cabrália Paulista,CABRALIA PAULISTA,2320,2025,Fevereiro,2,549502.35,119072.05,3783.18,1260.53,686877.9374999999
Cabrália Paulista,CABRALIA PAULISTA,2320,2025,Março,3,561445.51,95816.61,4364.08,28.72,701806.8875
Cabrália Paulista,CABRALIA PAULISTA,2320,2025,Abril,4,604692.48,86923.33,4648.63,1653.17,755865.6
Cabrália Paulista,CABRALIA PAULISTA,2320,2025,Maio,5,559770.8,82352.67,3688.56,2736.26,699713.5
Cabrália Paulista,CABRALIA PAULISTA,2320,2025,Junho,6,424307.12,24483.43,4748.5,34.2,530383.8999999999
Cabrália Paulista,CABRALIA PAULISTA,2320,2025,Julho,7,768261.12,41898.53,4386.88,2437.46,960326.3999999999
Cabrália Paulista,CABRALIA PAULISTA,2320,2025,Agosto,8,566883.46,46663.22,3875.3,0.0,708604.325
Cabrália Paulista,CABRALIA PAULISTA,2320,2025,Setembro,9,684503.71,45346.54,4718.04,2363.37,855629.6375
Cabrália Paulista,CABRALIA PAULISTA,2320,2025,Outubro,10,564068.38,38189.49,4700.56,29.56,705085.475
Cabrália Paulista,CABRALIA PAULISTA,2320,2025,Novembro,11,519685.05,29707.3,4326.03,1204.03,649606.3125
Cabrália Paulista,CABRALIA PAULISTA,2320,2025,Dezembro,12,814703.0,54962.89,4969.25,2243.84,1018378.75
Cachoeira Paulista,CACHOEIRA PAULISTA,2355,2025,Janeiro,1,935127.77,2149781.15,5914.6,2129.2,1168909.7125
Cachoeira Paulista,CACHOEIRA PAULISTA,2355,2025,Fevereiro,2,997444.45,1061502.37,6867.14,2288.09,1246805.5624999998
Cachoeira Paulista,CACHOEIRA PAULISTA,2355,2025,Março,3,1019123.41,802412.87,7921.58,52.13,1273904.2625
Cachoeira Paulista,CACHOEIRA PAULISTA,2355,2025,Abril,4,1097624.34,742478.2,8438.09,3000.79,1372030.425
Cachoeira Paulista,CACHOEIRA PAULISTA,2355,2025,Maio,5,1016083.5,620909.06,6695.39,4966.81,1270104.375
Cachoeira Paulista,CACHOEIRA PAULISTA,2355,2025,Junho,6,770192.85,162887.91,8619.37,62.08,962741.0624999999
Cachoeira Paulista,CACHOEIRA PAULISTA,2355,2025,Julho,7,1394530.5,226057.51,7962.96,4424.42,1743163.125
Cachoeira Paulista,CACHOEIRA PAULISTA,2355,2025,Agosto,8,1028994.25,197807.81,7034.36,0.0,1286242.8125
Cachoeira Paulista,CACHOEIRA PAULISTA,2355,2025,Setembro,9,1242495.92,197590.55,8564.08,4289.93,1553119.9
Cachoeira Paulista,CACHOEIRA PAULISTA,2355,2025,Outubro,10,1023884.39,318852.35,8532.34,53.66,1279855.4875
Cachoeira Paulista,CACHOEIRA PAULISTA,2355,2025,Novembro,11,943320.74,152524.58,7852.52,2185.53,1179150.9249999998
Cachoeira Paulista,CACHOEIRA PAULISTA,2355,2025,Dezembro,12,1478830.78,258316.19,9020.06,4072.97,1848538.4749999999
Caconde,CACONDE,2367,2025,Janeiro,1,1088753.56,1464179.87,6885.13,2478.59,1360941.95
Caconde,CACONDE,2367,2025,Fevereiro,2,1161117.28,553830.05,7993.98,2663.55,1451396.5999999999
Caconde,CACONDE,2367,2025,Março,3,1186353.59,362300.08,9221.45,60.68,1482941.9875
Caconde,CACONDE,2367,2025,Abril,4,1277735.91,292859.47,9822.71,3493.2,1597169.8874999997
Caconde,CACONDE,2367,2025,Maio,5,1182814.85,266109.92,7794.05,5781.82,1478518.5625
Caconde,CACONDE,2367,2025,Junho,6,896575.46,104612.36,10033.74,72.27,1120719.325
Caconde,CACONDE,2367,2025,Julho,7,1623362.04,139266.37,9269.62,5150.44,2029202.55
Caconde,CACONDE,2367,2025,Agosto,8,1197844.15,104679.99,8188.64,0.0,1497305.1874999998
Caconde,CACONDE,2367,2025,Setembro,9,1446379.77,105514.91,9969.38,4993.87,1807974.7125
Caconde,CACONDE,2367,2025,Outubro,10,1191895.81,117447.37,9932.44,62.47,1489869.7625
Caconde,CACONDE,2367,2025,Novembro,11,1098112.29,81290.83,9141.05,2544.16,1372640.3625
Caconde,CACONDE,2367,2025,Dezembro,12,1721495.33,106224.62,10500.18,4741.32,2151869.1625
Cafelândia,CAFELANDIA,2379,2025,Janeiro,1,1834142.28,1611993.79,11596.07,4174.48,2292677.85
Cafelândia,CAFELANDIA,2379,2025,Fevereiro,2,1955575.5,612312.55,13463.61,4486.0,2444469.375
Cafelândia,CAFELANDIA,2379,2025,Março,3,1998078.96,569760.65,15530.93,102.2,2497598.6999999997
Cafelândia,CAFELANDIA,2379,2025,Abril,4,2151986.77,610165.31,16543.59,5883.32,2689983.4625
Cafelândia,CAFELANDIA,2379,2025,Maio,5,1992118.95,463482.07,13126.88,9737.85,2490148.6875
Cafelândia,CAFELANDIA,2379,2025,Junho,6,1510029.21,122584.83,16899.01,121.71,1887536.5125
Cafelândia,CAFELANDIA,2379,2025,Julho,7,2734096.79,210575.9,15612.07,8674.46,3417620.9875
Cafelândia,CAFELANDIA,2379,2025,Agosto,8,2017431.58,173517.58,13791.46,0.0,2521789.475
Cafelândia,CAFELANDIA,2379,2025,Setembro,9,2436019.94,268994.06,16790.61,8410.78,3045024.925
Cafelândia,CAFELANDIA,2379,2025,Outubro,10,2007413.27,141486.44,16728.39,105.21,2509266.5875
Cafelândia,CAFELANDIA,2379,2025,Novembro,11,1849461.31,131783.15,15395.53,4284.93,2311826.6374999997
Cafelândia,CAFELANDIA,2379,2025,Dezembro,12,2899374.72,194002.08,17684.61,7985.42,3624218.4
Caiabu,CAIABU,2380,2025,Janeiro,1,386193.22,186161.08,2443.25,879.55,482741.52499999997
Caiabu,CAIABU,2380,2025,Fevereiro,2,412032.42,89368.69,2836.73,945.18,515040.52499999997
Caiabu,CAIABU,2380,2025,Março,3,420987.74,77031.99,3272.31,21.53,526234.6749999999
Caiabu,CAIABU,2380,2025,Abril,4,453415.54,58259.43,3485.67,1239.59,566769.4249999999
Caiabu,CAIABU,2380,2025,Maio,5,419731.99,54942.62,2765.78,2051.73,524664.9874999999
Caiabu,CAIABU,2380,2025,Junho,6,318157.49,9754.27,3560.56,25.64,397696.8625
Caiabu,CAIABU,2380,2025,Julho,7,576063.93,19263.62,3289.41,1827.68,720079.9125
Caiabu,CAIABU,2380,2025,Agosto,8,425065.26,14046.78,2905.81,0.0,531331.575
Caiabu,CAIABU,2380,2025,Setembro,9,513260.26,16168.44,3537.72,1772.12,641575.325
Caiabu,CAIABU,2380,2025,Outubro,10,422954.44,14810.8,3524.61,22.17,528693.0499999999
Caiabu,CAIABU,2380,2025,Novembro,11,389674.56,25840.75,3243.78,902.82,487093.19999999995
Caiabu,CAIABU,2380,2025,Dezembro,12,610887.37,30945.65,3726.08,1682.5,763609.2124999999
Caieiras,CAIEIRAS,2392,2025,Janeiro,1,6288986.31,8113945.69,39826.73,14337.26,7861232.887499999
Caieiras,CAIEIRAS,2392,2025,Fevereiro,2,6716428.14,3974651.83,46240.8,15407.18,8395535.174999999
Caieiras,CAIEIRAS,2392,2025,Março,3,6862406.36,3070766.92,53341.02,351.01,8578007.95
Caieiras,CAIEIRAS,2392,2025,Abril,4,7391003.07,2791284.6,56819.01,20206.26,9238753.8375
Caieiras,CAIEIRAS,2392,2025,Maio,5,6841936.72,2460586.79,45084.3,33444.66,8552420.899999999
Caieiras,CAIEIRAS,2392,2025,Junho,6,5186198.48,804048.67,58039.7,418.03,6482748.100000001
Caieiras,CAIEIRAS,2392,2025,Julho,7,9390261.14,974115.35,53619.7,29792.46,11737826.425
Caieiras,CAIEIRAS,2392,2025,Agosto,8,6928872.99,1000745.71,47366.79,0.0,8661091.237499999
Caieiras,CAIEIRAS,2392,2025,Setembro,9,8366515.57,1061069.34,57667.4,28886.83,10458144.4625
Caieiras,CAIEIRAS,2392,2025,Outubro,10,6894465.07,1020873.38,57453.7,361.36,8618081.3375
Caieiras,CAIEIRAS,2392,2025,Novembro,11,6351978.76,799235.44,52875.99,14716.59,7939973.449999999
Caieiras,CAIEIRAS,2392,2025,Dezembro,12,9957908.55,1112098.32,60737.82,27425.93,12447385.6875
Caiuá,CAIUA,2409,2025,Janeiro,1,773077.5,189120.12,4874.47,1754.76,966346.875
Caiuá,CAIUA,2409,2025,Fevereiro,2,822036.39,90277.57,5659.5,1885.71,1027545.4874999999
Caiuá,CAIUA,2409,2025,Março,3,839902.94,66451.41,6528.51,42.96,1049878.6749999998
Caiuá,CAIUA,2409,2025,Abril,4,904598.89,76337.77,6954.19,2473.08,1130748.6125
Caiuá,CAIUA,2409,2025,Maio,5,837397.62,54416.11,5517.95,4093.36,1046747.0249999999
Caiuá,CAIUA,2409,2025,Junho,6,634748.68,18256.74,7103.59,51.16,793435.85
Caiuá,CAIUA,2409,2025,Julho,7,1149291.88,20034.32,6562.62,3646.36,1436614.8499999999
Caiuá,CAIUA,2409,2025,Agosto,8,848037.92,16336.95,5797.31,0.0,1060047.4
Caiuá,CAIUA,2409,2025,Setembro,9,1023993.72,35526.85,7058.02,3535.51,1279992.15
Caiuá,CAIUA,2409,2025,Outubro,10,843826.67,15289.57,7031.87,44.23,1054783.3375
Caiuá,CAIUA,2409,2025,Novembro,11,777430.74,23065.59,6471.59,1801.19,971788.4249999999
Caiuá,CAIUA,2409,2025,Dezembro,12,1218767.33,27027.48,7433.82,3356.71,1523459.1625
Cajamar,CAJAMAR,2410,2025,Janeiro,1,25883913.56,9355479.31,163792.88,58963.94,32354891.949999996
Cajamar,CAJAMAR,2410,2025,Fevereiro,2,27622229.03,3865291.57,190171.62,63364.15,34527786.2875
Cajamar,CAJAMAR,2410,2025,Março,3,28222584.4,3599190.97,219372.25,1443.59,35278230.49999999
Cajamar,CAJAMAR,2410,2025,Abril,4,30396510.66,2841508.8,233675.93,83101.01,37995638.324999996
Cajamar,CAJAMAR,2410,2025,Maio,5,28138400.23,2899885.61,185415.34,137545.75,35173000.2875
Cajamar,CAJAMAR,2410,2025,Junho,6,21328950.33,929155.28,238696.21,1719.2,26661187.912499998
Cajamar,CAJAMAR,2410,2025,Julho,7,38618732.79,1440806.67,220518.33,122525.56,48273415.9875
Cajamar,CAJAMAR,2410,2025,Agosto,8,28495937.5,1559127.96,194802.41,0.0,35619921.875
Cajamar,CAJAMAR,2410,2025,Setembro,9,34408439.19,1742441.06,237165.06,118801.02,43010548.9875
Cajamar,CAJAMAR,2410,2025,Outubro,10,28354430.23,1356059.23,236286.21,1486.14,35443037.7875
Cajamar,CAJAMAR,2410,2025,Novembro,11,26123381.1,994767.62,217459.74,60523.98,32654226.375
Cajamar,CAJAMAR,2410,2025,Dezembro,12,40953260.37,1365285.69,249792.6,112792.87,51191575.46249999
Cajati,CAJATI,7407,2025,Janeiro,1,3905819.46,1804982.74,24664.96,8879.16,4882274.324999999
Cajati,CAJATI,7407,2025,Fevereiro,2,4159528.73,1123902.33,28637.24,9541.77,5199410.9125
Cajati,CAJATI,7407,2025,Março,3,4249934.01,899089.29,33034.45,217.38,5312417.512499999
Cajati,CAJATI,7407,2025,Abril,4,4577297.48,627885.88,35188.39,12513.87,5721621.850000001
Cajati,CAJATI,7407,2025,Maio,5,4237257.03,596808.45,27921.01,20712.5,5296571.2875
Cajati,CAJATI,7407,2025,Junho,6,3211847.3,203374.81,35944.37,258.89,4014809.1249999995
Cajati,CAJATI,7407,2025,Julho,7,5815451.33,304036.0,33207.04,18450.67,7269314.1625
Cajati,CAJATI,7407,2025,Agosto,8,4291097.24,293114.88,29334.57,0.0,5363871.55
Cajati,CAJATI,7407,2025,Setembro,9,5181438.88,321356.54,35713.8,17889.8,6476798.6
Cajati,CAJATI,7407,2025,Outubro,10,4269788.18,185779.78,35581.46,223.79,5337235.225
Cajati,CAJATI,7407,2025,Novembro,11,3933822.79,206324.91,32746.45,9114.08,4917278.4875
Cajati,CAJATI,7407,2025,Dezembro,12,6166999.15,331550.89,37615.34,16985.06,7708748.9375
Cajobi,CAJOBI,2422,2025,Janeiro,1,613735.58,914295.99,3888.55,1399.84,767169.4749999999
Cajobi,CAJOBI,2422,2025,Fevereiro,2,655769.04,341659.85,4514.79,1504.3,819711.3
Cajobi,CAJOBI,2422,2025,Março,3,670021.85,315954.33,5208.03,34.27,837527.3124999999
Cajobi,CAJOBI,2422,2025,Abril,4,721632.22,276381.77,5547.61,1972.87,902040.2749999999
Cajobi,CAJOBI,2422,2025,Maio,5,668023.26,240192.65,4401.88,3265.42,835029.075
Cajobi,CAJOBI,2422,2025,Junho,6,506362.65,50015.83,5666.8,40.81,632953.3125
Cajobi,CAJOBI,2422,2025,Julho,7,916832.93,68677.57,5235.24,2908.83,1146041.1625
Cajobi,CAJOBI,2422,2025,Agosto,8,676511.42,84750.62,4624.73,0.0,845639.275
Cajobi,CAJOBI,2422,2025,Setembro,9,816877.92,77604.99,5630.45,2820.41,1021097.4
Cajobi,CAJOBI,2422,2025,Outubro,10,673151.95,70473.28,5609.58,35.28,841439.9374999999
Cajobi,CAJOBI,2422,2025,Novembro,11,620185.45,83786.46,5162.63,1436.88,775231.8124999999
Cajobi,CAJOBI,2422,2025,Dezembro,12,972256.08,83223.13,5930.23,2677.77,1215320.0999999999
Cajuru,CAJURU,2434,2025,Janeiro,1,1641256.48,2278339.03,10406.01,3746.07,2051570.5999999999
Cajuru,CAJURU,2434,2025,Fevereiro,2,1754882.6,942291.91,12081.9,4025.62,2193603.25
Cajuru,CAJURU,2434,2025,Março,3,1793024.1,683171.23,13937.06,91.71,2241280.125
Cajuru,CAJURU,2434,2025,Abril,4,1931136.97,682347.5,14845.79,5279.53,2413921.2125
Cajuru,CAJURU,2434,2025,Maio,5,1787675.75,598812.83,11779.72,8738.49,2234594.6875
Cajuru,CAJURU,2434,2025,Junho,6,1355060.95,171835.51,15164.74,109.22,1693826.1874999998
Cajuru,CAJURU,2434,2025,Julho,7,2453507.36,239145.47,14009.87,7784.24,3066884.1999999997
Cajuru,CAJURU,2434,2025,Agosto,8,1810390.64,232368.4,12376.1,0.0,2262988.3
Cajuru,CAJURU,2434,2025,Setembro,9,2186020.95,258983.09,15067.46,7547.61,2732526.1875
Cajuru,CAJURU,2434,2025,Outubro,10,1801400.47,235999.51,15011.63,94.42,2251750.5875
Cajuru,CAJURU,2434,2025,Novembro,11,1659658.49,195086.09,13815.55,3845.18,2074573.1124999998
Cajuru,CAJURU,2434,2025,Dezembro,12,2601823.48,281864.13,15869.71,7165.9,3252279.3499999996
Campina do Monte Alegre,CAMPINA DO MONTE ALEGRE,7419,2025,Janeiro,1,551172.61,443968.55,3490.22,1256.45,688965.7625
Campina do Monte Alegre,CAMPINA DO MONTE ALEGRE,7419,2025,Fevereiro,2,588594.41,166011.43,4052.31,1350.21,735743.0125
Campina do Monte Alegre,CAMPINA DO MONTE ALEGRE,7419,2025,Março,3,601387.22,130131.23,4674.54,30.76,751734.0249999999
Campina do Monte Alegre,CAMPINA DO MONTE ALEGRE,7419,2025,Abril,4,647710.81,121445.85,4979.34,1770.78,809638.5125000001
Campina do Monte Alegre,CAMPINA DO MONTE ALEGRE,7419,2025,Maio,5,599593.36,94366.96,3950.96,2930.92,749491.7
Campina do Monte Alegre,CAMPINA DO MONTE ALEGRE,7419,2025,Junho,6,454492.68,40585.89,5086.31,36.63,568115.85
Campina do Monte Alegre,CAMPINA DO MONTE ALEGRE,7419,2025,Julho,7,822915.86,33446.29,4698.96,2610.86,1028644.825
Campina do Monte Alegre,CAMPINA DO MONTE ALEGRE,7419,2025,Agosto,8,607212.02,50837.02,4150.99,0.0,759015.025
Campina do Monte Alegre,CAMPINA DO MONTE ALEGRE,7419,2025,Setembro,9,733199.88,45800.52,5053.68,2531.5,916499.85
Campina do Monte Alegre,CAMPINA DO MONTE ALEGRE,7419,2025,Outubro,10,604196.68,47521.55,5034.96,31.67,755245.85
Campina do Monte Alegre,CAMPINA DO MONTE ALEGRE,7419,2025,Novembro,11,556655.88,37417.26,4633.79,1289.69,695819.85
Campina do Monte Alegre,CAMPINA DO MONTE ALEGRE,7419,2025,Dezembro,12,872661.66,63210.99,5322.76,2403.47,1090827.075
Campinas,CAMPINAS,2446,2025,Janeiro,1,72683671.73,193574539.96,458516.81,165061.86,90854589.6625
Campinas,CAMPINAS,2446,2025,Fevereiro,2,77324827.85,81137742.32,532360.66,177379.68,96656034.81249999
Campinas,CAMPINAS,2446,2025,Março,3,79005444.41,58604016.46,614104.02,4041.13,98756805.51249999
Campinas,CAMPINAS,2446,2025,Abril,4,85091067.46,51807356.67,654145.29,232630.45,106363834.32499999
Campinas,CAMPINAS,2446,2025,Maio,5,78769781.79,46262630.46,519046.06,385041.39,98462227.2375
Campinas,CAMPINAS,2446,2025,Junho,6,59707614.86,13110617.05,668198.91,4812.67,74634518.57499999
Campinas,CAMPINAS,2446,2025,Julho,7,108108106.03,16098381.97,617312.31,342994.33,135135132.5375
Campinas,CAMPINAS,2446,2025,Agosto,8,79770660.76,14916102.89,545323.93,0.0,99713325.95
Campinas,CAMPINAS,2446,2025,Setembro,9,96321938.18,15291499.47,663912.64,332567.98,120402422.72500001
Campinas,CAMPINAS,2446,2025,Outubro,10,79374529.6,14032533.4,661452.44,4160.24,99218161.99999999
Campinas,CAMPINAS,2446,2025,Novembro,11,73128998.54,10454623.87,608750.18,169429.0,91411248.175
Campinas,CAMPINAS,2446,2025,Dezembro,12,114643311.53,23623771.31,699261.82,315748.94,143304139.4125
Campo Limpo Paulista,CAMPO LIMPO PAULISTA,2458,2025,Janeiro,1,4358581.45,5828095.77,27585.59,9930.56,5448226.8125
Campo Limpo Paulista,CAMPO LIMPO PAULISTA,2458,2025,Fevereiro,2,4652067.64,2752355.06,32028.24,10671.63,5815084.549999999
Campo Limpo Paulista,CAMPO LIMPO PAULISTA,2458,2025,Março,3,4753178.01,2246870.65,36946.13,243.13,5941472.512499999
Campo Limpo Paulista,CAMPO LIMPO PAULISTA,2458,2025,Abril,4,5119305.31,1936971.69,39355.12,13995.67,6399131.637499999
Campo Limpo Paulista,CAMPO LIMPO PAULISTA,2458,2025,Maio,5,4738999.92,1760894.37,31227.19,23165.12,5923749.899999999
Campo Limpo Paulista,CAMPO LIMPO PAULISTA,2458,2025,Junho,6,3592169.17,511802.87,40200.63,289.54,4490211.462499999
Campo Limpo Paulista,CAMPO LIMPO PAULISTA,2458,2025,Julho,7,6504071.66,656652.57,37139.15,20635.45,8130089.575
Campo Limpo Paulista,CAMPO LIMPO PAULISTA,2458,2025,Agosto,8,4799215.46,717554.69,32808.14,0.0,5999019.324999999
Campo Limpo Paulista,CAMPO LIMPO PAULISTA,2458,2025,Setembro,9,5794984.41,768483.48,39942.75,20008.18,7243730.5125
Campo Limpo Paulista,CAMPO LIMPO PAULISTA,2458,2025,Outubro,10,4775383.16,741251.08,39794.74,250.29,5969228.95
Campo Limpo Paulista,CAMPO LIMPO PAULISTA,2458,2025,Novembro,11,4399635.37,594336.62,36624.03,10193.3,5499544.212499999
Campo Limpo Paulista,CAMPO LIMPO PAULISTA,2458,2025,Dezembro,12,6897247.04,1012650.41,42069.45,18996.3,8621558.799999999
Campos Novos Paulista,CAMPOS NOVOS PAULISTA,2471,2025,Janeiro,1,1176046.09,400010.41,7452.46,2682.82,1470057.6125
Campos Novos Paulista,CAMPOS NOVOS PAULISTA,2471,2025,Fevereiro,2,1256791.77,167382.57,8652.67,2883.02,1570989.7125
Campos Novos Paulista,CAMPOS NOVOS PAULISTA,2471,2025,Março,3,1284107.51,143900.24,9981.28,65.68,1605134.3875
Campos Novos Paulista,CAMPOS NOVOS PAULISTA,2471,2025,Abril,4,1383019.61,93362.54,10632.09,3781.04,1728774.5125
Campos Novos Paulista,CAMPOS NOVOS PAULISTA,2471,2025,Maio,5,1280277.19,83325.69,8436.27,6258.23,1600346.4874999998
Campos Novos Paulista,CAMPOS NOVOS PAULISTA,2471,2025,Junho,6,970452.07,50441.31,10860.51,78.22,1213065.0875
Campos Novos Paulista,CAMPOS NOVOS PAULISTA,2471,2025,Julho,7,1757124.87,61506.26,10033.43,5574.83,2196406.0875
Campos Novos Paulista,CAMPOS NOVOS PAULISTA,2471,2025,Agosto,8,1296544.88,47874.58,8863.37,0.0,1620681.0999999999
Campos Novos Paulista,CAMPOS NOVOS PAULISTA,2471,2025,Setembro,9,1565559.5,57183.18,10790.84,5405.36,1956949.375
Campos Novos Paulista,CAMPOS NOVOS PAULISTA,2471,2025,Outubro,10,1290106.4,61996.53,10750.85,67.62,1612632.9999999998
Campos Novos Paulista,CAMPOS NOVOS PAULISTA,2471,2025,Novembro,11,1188595.26,46811.17,9894.26,2753.8,1485744.075
Campos Novos Paulista,CAMPOS NOVOS PAULISTA,2471,2025,Dezembro,12,1863344.21,51522.63,11365.39,5132.0,2329180.2624999997
Campos do Jordão,CAMPOS DO JORDAO,2460,2025,Janeiro,1,2642450.62,5164656.32,16817.87,6054.28,3303063.275
Campos do Jordão,CAMPOS DO JORDAO,2460,2025,Fevereiro,2,2836186.47,2257798.55,19526.38,6506.08,3545233.0875
Campos do Jordão,CAMPOS DO JORDAO,2460,2025,Março,3,2897829.57,1729719.78,22524.63,148.22,3622286.9624999994
Campos do Jordão,CAMPOS DO JORDAO,2460,2025,Abril,4,3121043.28,1591702.32,23993.3,8532.62,3901304.0999999996
Campos do Jordão,CAMPOS DO JORDAO,2460,2025,Maio,5,2889185.74,1405450.83,19038.02,14122.88,3611482.1750000003
Campos do Jordão,CAMPOS DO JORDAO,2460,2025,Junho,6,2190007.2,483195.72,24508.77,176.52,2737509.0
Campos do Jordão,CAMPOS DO JORDAO,2460,2025,Julho,7,3965282.0,666685.21,22642.31,12580.64,4956602.5
Campos do Jordão,CAMPOS DO JORDAO,2460,2025,Agosto,8,2925896.84,771661.4,20001.86,0.0,3657371.05
Campos do Jordão,CAMPOS DO JORDAO,2460,2025,Setembro,9,3532978.81,731019.49,24351.56,12198.21,4416223.5125
Campos do Jordão,CAMPOS DO JORDAO,2460,2025,Outubro,10,2911367.2,774071.72,24261.32,152.59,3639209.0
Campos do Jordão,CAMPOS DO JORDAO,2460,2025,Novembro,11,2682288.24,536854.86,22328.26,6214.46,3352860.3000000003
Campos do Jordão,CAMPOS DO JORDAO,2460,2025,Dezembro,12,4204985.88,826924.43,25648.13,11581.31,5256232.35
Cananéia,CANANEIA,2483,2025,Janeiro,1,1451501.54,582646.66,9241.71,3326.93,1814376.925
Cananéia,CANANEIA,2483,2025,Fevereiro,2,1558533.27,291654.91,10730.08,3575.21,1948166.5875
Cananéia,CANANEIA,2483,2025,Março,3,1592407.21,241843.66,12377.67,81.45,1990509.0125
Cananéia,CANANEIA,2483,2025,Abril,4,1715066.99,222175.68,13184.73,4688.82,2143833.7375
Cananéia,CANANEIA,2483,2025,Maio,5,1587657.27,204357.27,10461.72,7760.76,1984571.5875
Cananéia,CANANEIA,2483,2025,Junho,6,1203446.64,57978.29,13467.99,97.0,1504308.2999999998
Cananéia,CANANEIA,2483,2025,Julho,7,2178990.69,60497.32,12442.34,6913.28,2723738.3625
Cananéia,CANANEIA,2483,2025,Agosto,8,1607830.66,82840.75,10991.37,0.0,2009788.3249999997
Cananéia,CANANEIA,2483,2025,Setembro,9,1941432.65,85034.72,13381.6,6703.13,2426790.8124999995
Cananéia,CANANEIA,2483,2025,Outubro,10,1599846.37,66466.88,13332.01,83.85,1999807.9625000001
Cananéia,CANANEIA,2483,2025,Novembro,11,1473963.54,43309.89,12269.76,3414.95,1842454.425
Cananéia,CANANEIA,2483,2025,Dezembro,12,2310712.1,78407.13,14094.09,6364.13,2888390.125
Canas,CANAS,7778,2025,Janeiro,1,304121.57,274320.39,1925.71,693.24,380151.96249999997
Canas,CANAS,7778,2025,Fevereiro,2,324754.76,144941.74,2235.85,744.97,405943.45
Canas,CANAS,7778,2025,Março,3,331813.14,101677.96,2579.16,16.97,414766.425
Canas,CANAS,7778,2025,Abril,4,357372.01,99455.27,2747.33,977.02,446715.0125
Canas,CANAS,7778,2025,Maio,5,330823.39,81134.11,2179.93,1617.13,413529.2375
Canas,CANAS,7778,2025,Junho,6,250764.63,20062.1,2806.35,20.21,313455.7875
Canas,CANAS,7778,2025,Julho,7,454040.74,30957.17,2592.64,1440.53,567550.9249999999
Canas,CANAS,7778,2025,Agosto,8,335026.96,45246.78,2290.29,0.0,418783.7
Canas,CANAS,7778,2025,Setembro,9,404540.28,47443.37,2788.35,1396.74,505675.35000000003
Canas,CANAS,7778,2025,Outubro,10,333363.25,43997.56,2778.02,17.47,416704.0625
Canas,CANAS,7778,2025,Novembro,11,307132.79,20499.74,2556.68,711.58,383915.98749999993
Canas,CANAS,7778,2025,Dezembro,12,481487.8,36059.77,2936.81,1326.11,601859.75
Canitar,CANITAR,7420,2025,Janeiro,1,406441.18,230335.35,2579.37,928.55,508051.475
Canitar,CANITAR,7420,2025,Fevereiro,2,434987.62,122468.05,2994.77,997.84,543734.5249999999
Canitar,CANITAR,7420,2025,Março,3,444441.86,102221.86,3454.62,22.73,555552.325
Canitar,CANITAR,7420,2025,Abril,4,478676.28,69121.76,3679.87,1308.65,598345.35
Canitar,CANITAR,7420,2025,Maio,5,443116.15,91694.51,2919.87,2166.03,553895.1875
Canitar,CANITAR,7420,2025,Junho,6,335882.72,36163.82,3758.93,27.07,419853.39999999997
Canitar,CANITAR,7420,2025,Julho,7,608157.68,50258.61,3472.66,1929.5,760197.1
Canitar,CANITAR,7420,2025,Agosto,8,448746.55,52051.13,3067.7,0.0,560933.1875
Canitar,CANITAR,7420,2025,Setembro,9,541855.08,51789.41,3734.81,1870.85,677318.8499999999
Canitar,CANITAR,7420,2025,Outubro,10,446518.13,54160.72,3720.97,23.4,558147.6625
Canitar,CANITAR,7420,2025,Novembro,11,411384.15,44240.44,3424.5,953.12,514230.1875
Canitar,CANITAR,7420,2025,Dezembro,12,644921.2,57745.65,3933.67,1776.23,806151.4999999999
Capela do Alto,CAPELA DO ALTO,2525,2025,Janeiro,1,967068.87,1387666.43,6121.51,2203.69,1208836.0875
Capela do Alto,CAPELA DO ALTO,2525,2025,Fevereiro,2,1032338.1,646308.26,7107.37,2368.14,1290422.625
Capela do Alto,CAPELA DO ALTO,2525,2025,Março,3,1054775.45,485441.01,8198.7,53.95,1318469.3124999998
Capela do Alto,CAPELA DO ALTO,2525,2025,Abril,4,1136022.59,451389.12,8733.28,3105.77,1420028.2375
Capela do Alto,CAPELA DO ALTO,2525,2025,Maio,5,1051629.2,415835.84,6929.61,5140.56,1314536.4999999998
Capela do Alto,CAPELA DO ALTO,2525,2025,Junho,6,797136.54,125545.27,8920.9,64.25,996420.675
Capela do Alto,CAPELA DO ALTO,2525,2025,Julho,7,1443315.43,196979.35,8241.53,4579.2,1804144.2874999999
Capela do Alto,CAPELA DO ALTO,2525,2025,Agosto,8,1064991.6,228776.28,7280.44,0.0,1331239.5
Capela do Alto,CAPELA DO ALTO,2525,2025,Setembro,9,1285962.21,224972.53,8863.68,4440.0,1607452.7625
Capela do Alto,CAPELA DO ALTO,2525,2025,Outubro,10,1059702.99,223021.97,8830.83,55.54,1324628.7374999998
Capela do Alto,CAPELA DO ALTO,2525,2025,Novembro,11,976320.98,150953.52,8127.22,2261.99,1220401.2249999999
Capela do Alto,CAPELA DO ALTO,2525,2025,Dezembro,12,1530564.78,232607.49,9335.61,4215.46,1913205.9749999999
Capivari,CAPIVARI,2537,2025,Janeiro,1,4478755.03,6293758.65,28251.66,10170.34,5598443.7875
Capivari,CAPIVARI,2537,2025,Fevereiro,2,4764394.26,2048753.94,32801.57,10929.31,5955492.824999999
Capivari,CAPIVARI,2537,2025,Março,3,4867946.0,1747099.36,37838.22,249.0,6084932.5
Capivari,CAPIVARI,2537,2025,Abril,4,5242913.63,1542886.59,40305.37,14333.6,6553642.0375
Capivari,CAPIVARI,2537,2025,Maio,5,4853425.57,1363177.56,31981.19,23724.45,6066781.9625
Capivari,CAPIVARI,2537,2025,Junho,6,3678903.99,342651.65,41171.29,296.53,4598629.9875
Capivari,CAPIVARI,2537,2025,Julho,7,6661115.9,468182.97,38035.9,21133.71,8326394.875
Capivari,CAPIVARI,2537,2025,Agosto,8,4915095.05,455279.39,33600.31,0.0,6143868.812499999
Capivari,CAPIVARI,2537,2025,Setembro,9,5934907.36,536026.98,40907.19,20491.28,7418634.2
Capivari,CAPIVARI,2537,2025,Outubro,10,4890687.3,553305.04,40755.61,256.33,6113359.124999999
Capivari,CAPIVARI,2537,2025,Novembro,11,4505866.88,354262.0,37508.34,10439.42,5632333.6
Capivari,CAPIVARI,2537,2025,Dezembro,12,7063784.7,816774.19,43085.24,19454.97,8829730.875
Capão Bonito,CAPAO BONITO,2513,2025,Janeiro,1,4458079.69,3765925.98,28384.6,10218.19,5572599.6125
Capão Bonito,CAPAO BONITO,2513,2025,Fevereiro,2,4786812.42,1369666.4,32955.92,10980.73,5983515.524999999
Capão Bonito,CAPAO BONITO,2513,2025,Março,3,4890851.4,1118762.35,38016.26,250.17,6113564.25
Capão Bonito,CAPAO BONITO,2513,2025,Abril,4,5267583.38,950570.99,40495.02,14401.04,6584479.225
Capão Bonito,CAPAO BONITO,2513,2025,Maio,5,4876262.64,851871.14,32131.67,23836.08,6095328.299999999
Capão Bonito,CAPAO BONITO,2513,2025,Junho,6,3696214.53,248785.13,41365.02,297.93,4620268.1625
Capão Bonito,CAPAO BONITO,2513,2025,Julho,7,6692458.79,396538.94,38214.87,21233.15,8365573.4875
Capão Bonito,CAPAO BONITO,2513,2025,Agosto,8,4938222.3,430240.86,33758.41,0.0,6172777.874999999
Capão Bonito,CAPAO BONITO,2513,2025,Setembro,9,5962833.19,426121.29,41099.67,20587.7,7453541.4875
Capão Bonito,CAPAO BONITO,2513,2025,Outubro,10,4913699.71,401598.42,40947.38,257.54,6142124.637499999
Capão Bonito,CAPAO BONITO,2513,2025,Novembro,11,4527068.57,268113.26,37684.83,10488.54,5658835.7125
Capão Bonito,CAPAO BONITO,2513,2025,Dezembro,12,7097022.29,440797.19,43287.97,19546.52,8871277.862499999
Caraguatatuba,CARAGUATATUBA,2549,2025,Janeiro,1,18875832.8,11953860.07,119856.9,43147.39,23594791.0
Caraguatatuba,CARAGUATATUBA,2549,2025,Fevereiro,2,20212812.21,5664226.18,139159.78,46367.28,25266015.2625
Caraguatatuba,CARAGUATATUBA,2549,2025,Março,3,20652127.6,4297522.46,160527.6,1056.36,25815159.5
Caraguatatuba,CARAGUATATUBA,2549,2025,Abril,4,22242917.51,3802556.59,170994.44,60809.91,27803646.8875
Caraguatatuba,CARAGUATATUBA,2549,2025,Maio,5,20590525.07,3336853.41,135679.33,100650.33,25738156.3375
Caraguatatuba,CARAGUATATUBA,2549,2025,Junho,6,15607649.44,1191213.28,174668.08,1258.04,19509561.799999997
Caraguatatuba,CARAGUATATUBA,2549,2025,Julho,7,28259601.81,1320328.72,161366.26,89659.17,35324502.262499996
Caraguatatuba,CARAGUATATUBA,2549,2025,Agosto,8,20852156.16,1453525.39,142548.4,0.0,26065195.2
Caraguatatuba,CARAGUATATUBA,2549,2025,Setembro,9,25178681.96,1572705.81,173547.64,86933.71,31473352.45
Caraguatatuba,CARAGUATATUBA,2549,2025,Outubro,10,20748606.95,1532023.47,172904.54,1087.49,25935758.687499996
Caraguatatuba,CARAGUATATUBA,2549,2025,Novembro,11,19116016.88,1218160.61,159128.1,44288.96,23895021.099999998
Caraguatatuba,CARAGUATATUBA,2549,2025,Dezembro,12,29967913.17,1980760.18,182787.96,82537.19,37459891.4625
Carapicuíba,CARAPICUIBA,2550,2025,Janeiro,1,9022308.62,24049192.93,56865.03,20470.89,11277885.774999999
Carapicuíba,CARAPICUIBA,2550,2025,Fevereiro,2,9589787.09,11389235.26,66023.11,21998.54,11987233.862499999
Carapicuíba,CARAPICUIBA,2550,2025,Março,3,9798216.33,9214983.02,76160.88,501.18,12247770.4125
Carapicuíba,CARAPICUIBA,2550,2025,Abril,4,10552952.31,8188854.97,81126.78,28850.71,13191190.3875
Carapicuíba,CARAPICUIBA,2550,2025,Maio,5,9768989.57,7188061.99,64371.84,47752.64,12211236.9625
Carapicuíba,CARAPICUIBA,2550,2025,Junho,6,7404909.01,2548222.55,82869.7,596.86,9256136.2625
Carapicuíba,CARAPICUIBA,2550,2025,Julho,7,13407514.1,3258888.53,76558.77,42537.99,16759392.624999998
Carapicuíba,CARAPICUIBA,2550,2025,Agosto,8,9893118.09,3285135.06,67630.81,0.0,12366397.612499999
Carapicuíba,CARAPICUIBA,2550,2025,Setembro,9,11945799.37,3585954.75,82338.12,41244.92,14932249.212499999
Carapicuíba,CARAPICUIBA,2550,2025,Outubro,10,9843990.1,3494430.39,82033.01,515.95,12304987.624999998
Carapicuíba,CARAPICUIBA,2550,2025,Novembro,11,9069422.41,2623662.69,75496.9,21012.5,11336778.0125
Carapicuíba,CARAPICUIBA,2550,2025,Dezembro,12,14218007.07,3905818.05,86722.11,39159.03,17772508.8375
Cardoso,CARDOSO,2562,2025,Janeiro,1,1519956.46,938406.08,9625.86,3465.22,1899945.575
Cardoso,CARDOSO,2562,2025,Fevereiro,2,1623316.57,412801.37,11176.1,3723.82,2029145.7125
Cardoso,CARDOSO,2562,2025,Março,3,1658598.55,336862.63,12892.18,84.84,2073248.1875
Cardoso,CARDOSO,2562,2025,Abril,4,1786356.9,311061.05,13732.78,4883.72,2232946.1249999995
Cardoso,CARDOSO,2562,2025,Maio,5,1653651.17,283405.36,10896.58,8083.36,2067063.9625
Cardoso,CARDOSO,2562,2025,Junho,6,1253470.11,73881.47,14027.81,101.03,1566837.6375
Cardoso,CARDOSO,2562,2025,Julho,7,2269564.45,116222.83,12959.53,7200.64,2836955.5625
Cardoso,CARDOSO,2562,2025,Agosto,8,1674663.1,106031.48,11448.24,0.0,2093328.875
Cardoso,CARDOSO,2562,2025,Setembro,9,2022131.87,66881.83,13937.83,6981.76,2527664.8375
Cardoso,CARDOSO,2562,2025,Outubro,10,1666346.93,85006.5,13886.18,87.34,2082933.6624999999
Cardoso,CARDOSO,2562,2025,Novembro,11,1535231.55,67029.11,12779.78,3556.9,1919039.4375
Cardoso,CARDOSO,2562,2025,Dezembro,12,2406761.1,73168.45,14679.93,6628.67,3008451.375
Casa Branca,CASA BRANCA,2574,2025,Janeiro,1,3391736.21,3373532.1,21469.34,7728.77,4239670.262499999
Casa Branca,CASA BRANCA,2574,2025,Fevereiro,2,3620614.94,919192.63,24926.96,8305.53,4525768.675
Casa Branca,CASA BRANCA,2574,2025,Março,3,3699307.2,742862.04,28754.47,189.22,4624134.0
Casa Branca,CASA BRANCA,2574,2025,Abril,4,3984257.05,664303.0,30629.34,10892.56,4980321.312499999
Casa Branca,CASA BRANCA,2574,2025,Maio,5,3688272.67,566263.73,24303.53,18028.96,4610340.837499999
Casa Branca,CASA BRANCA,2574,2025,Junho,6,2795716.31,192264.23,31287.38,225.35,3494645.3874999997
Casa Branca,CASA BRANCA,2574,2025,Julho,7,5061994.12,202687.11,28904.69,16060.18,6327492.649999999
Casa Branca,CASA BRANCA,2574,2025,Agosto,8,3735137.27,255264.58,25533.95,0.0,4668921.587499999
Casa Branca,CASA BRANCA,2574,2025,Setembro,9,4510125.12,232994.47,31086.68,15571.98,5637656.399999999
Casa Branca,CASA BRANCA,2574,2025,Outubro,10,3716589.04,245929.56,30971.48,194.8,4645736.3
Casa Branca,CASA BRANCA,2574,2025,Novembro,11,3424151.75,146342.79,28503.78,7933.25,4280189.6875
Casa Branca,CASA BRANCA,2574,2025,Dezembro,12,5367994.97,312187.01,32741.85,14784.45,6709993.712499999
Castilho,CASTILHO,2598,2025,Janeiro,1,4280079.0,1383007.05,26919.35,9690.72,5350098.75
Castilho,CASTILHO,2598,2025,Fevereiro,2,4539711.99,497928.42,31254.7,10413.9,5674639.9875
Castilho,CASTILHO,2598,2025,Março,3,4638380.36,356406.03,36053.82,237.25,5797975.45
Castilho,CASTILHO,2598,2025,Abril,4,4995665.04,326221.63,38404.63,13657.65,6244581.3
Castilho,CASTILHO,2598,2025,Maio,5,4624544.7,276677.28,30473.0,22605.64,5780680.875
Castilho,CASTILHO,2598,2025,Junho,6,3505411.94,118217.6,39229.71,282.55,4381764.925
Castilho,CASTILHO,2598,2025,Julho,7,6346986.84,115028.26,36242.18,20137.07,7933733.55
Castilho,CASTILHO,2598,2025,Agosto,8,4683305.93,162141.15,32015.77,0.0,5854132.4125
Castilho,CASTILHO,2598,2025,Setembro,9,5655025.29,148841.58,38978.07,19524.94,7068781.6125
Castilho,CASTILHO,2598,2025,Outubro,10,4660049.22,164751.83,38833.63,244.25,5825061.524999999
Castilho,CASTILHO,2598,2025,Novembro,11,4293376.4,121312.17,35739.5,9947.11,5366720.5
Castilho,CASTILHO,2598,2025,Dezembro,12,6730666.33,216931.3,41053.4,18537.5,8413332.9125
Catandúva,CATANDUVA,2604,2025,Janeiro,1,6722248.13,18987154.86,42519.65,15306.68,8402810.1625
Catandúva,CATANDUVA,2604,2025,Fevereiro,2,7170564.45,6828960.87,49367.41,16448.95,8963205.5625
Catandúva,CATANDUVA,2604,2025,Março,3,7326413.09,5626183.8,56947.72,374.75,9158016.362499999
Catandúva,CATANDUVA,2604,2025,Abril,4,7890751.27,4960243.41,60660.87,21572.52,9863439.087499999
Catandúva,CATANDUVA,2604,2025,Maio,5,7304559.38,4585742.68,48132.71,35706.05,9130699.225
Catandúva,CATANDUVA,2604,2025,Junho,6,5536867.17,1314401.0,61964.1,446.29,6921083.962499999
Catandúva,CATANDUVA,2604,2025,Julho,7,10025190.66,1823398.24,57245.23,31806.9,12531488.325
Catandúva,CATANDUVA,2604,2025,Agosto,8,7397373.91,1860826.28,50569.53,0.0,9246717.3875
Catandúva,CATANDUVA,2604,2025,Setembro,9,8932223.77,2035502.63,61566.62,30840.03,11165279.712499999
Catandúva,CATANDUVA,2604,2025,Outubro,10,7360639.47,1554808.51,61338.48,385.79,9200799.337499999
Catandúva,CATANDUVA,2604,2025,Novembro,11,6781472.55,1281710.16,56451.24,15711.66,8476840.6875
Catandúva,CATANDUVA,2604,2025,Dezembro,12,10631219.97,2307888.16,64844.66,29280.35,13289024.9625
Catiguá,CATIGUA,2616,2025,Janeiro,1,488124.03,598916.6,3091.89,1113.05,610155.0375
Catiguá,CATIGUA,2616,2025,Fevereiro,2,521419.79,221951.05,3589.84,1196.11,651774.7374999999
Catiguá,CATIGUA,2616,2025,Março,3,532752.59,175539.06,4141.05,27.25,665940.7374999999
Catiguá,CATIGUA,2616,2025,Abril,4,573789.4,128218.49,4411.06,1568.68,717236.75
Catiguá,CATIGUA,2616,2025,Maio,5,531163.46,143202.23,3500.05,2596.43,663954.325
Catiguá,CATIGUA,2616,2025,Junho,6,402622.71,72491.64,4505.82,32.45,503278.3875
Catiguá,CATIGUA,2616,2025,Julho,7,728998.79,45676.61,4162.68,2312.89,911248.4875
Catiguá,CATIGUA,2616,2025,Agosto,8,537912.63,51836.13,3677.25,0.0,672390.7875
Catiguá,CATIGUA,2616,2025,Setembro,9,649521.84,50667.66,4476.92,2242.59,811902.2999999999
Catiguá,CATIGUA,2616,2025,Outubro,10,535241.42,70471.25,4460.33,28.05,669051.775
Catiguá,CATIGUA,2616,2025,Novembro,11,493126.31,61324.98,4104.95,1142.5,616407.8875
Catiguá,CATIGUA,2616,2025,Dezembro,12,773067.24,111378.13,4715.29,2129.17,966334.0499999999
Caçapava,CACAPAVA,2343,2025,Janeiro,1,7411944.33,8894293.72,46948.84,16901.15,9264930.4125
Caçapava,CACAPAVA,2343,2025,Fevereiro,2,7917508.38,3571248.3,54509.92,18162.41,9896885.475
Caçapava,CACAPAVA,2343,2025,Março,3,8089591.47,2810344.88,62879.85,413.78,10111989.337499999
Caçapava,CACAPAVA,2343,2025,Abril,4,8712715.67,2555317.31,66979.79,23819.69,10890894.587499999
Caçapava,CACAPAVA,2343,2025,Maio,5,8065461.31,2124252.06,53146.6,39425.48,10081826.6375
Caçapava,CACAPAVA,2343,2025,Junho,6,6113631.98,773986.57,68418.78,492.78,7642039.975000001
Caçapava,CACAPAVA,2343,2025,Julho,7,11069495.51,833515.11,63208.36,35120.16,13836869.3875
Caçapava,CACAPAVA,2343,2025,Agosto,8,8167944.14,825478.39,55837.26,0.0,10209930.174999999
Caçapava,CACAPAVA,2343,2025,Setembro,9,9862676.37,911117.92,67979.9,34052.58,12328345.462499999
Caçapava,CACAPAVA,2343,2025,Outubro,10,8127383.15,861461.2,67727.99,425.98,10159228.9375
Caçapava,CACAPAVA,2343,2025,Novembro,11,7487885.52,642581.4,62331.66,17348.32,9359856.899999999
Caçapava,CACAPAVA,2343,2025,Dezembro,12,11738653.74,1205696.3,71599.4,32330.43,14673317.174999999
Cedral,CEDRAL,2628,2025,Janeiro,1,991069.5,1491139.08,6259.58,2253.39,1238836.875
Cedral,CEDRAL,2628,2025,Fevereiro,2,1055623.51,602488.34,7267.68,2421.55,1319529.3875
Cedral,CEDRAL,2628,2025,Março,3,1078566.96,448659.78,8383.63,55.17,1348208.7
Cedral,CEDRAL,2628,2025,Abril,4,1161646.71,371660.28,8930.26,3175.83,1452058.3875
Cedral,CEDRAL,2628,2025,Maio,5,1075349.74,342594.45,7085.92,5256.51,1344187.1749999998
Cedral,CEDRAL,2628,2025,Junho,6,815116.75,93059.75,9122.12,65.7,1018895.9375
Cedral,CEDRAL,2628,2025,Julho,7,1475870.84,126013.67,8427.43,4682.49,1844838.55
Cedral,CEDRAL,2628,2025,Agosto,8,1089013.55,145860.78,7444.66,0.0,1361266.9375
Cedral,CEDRAL,2628,2025,Setembro,9,1314968.37,123906.65,9063.61,4540.15,1643710.4625000001
Cedral,CEDRAL,2628,2025,Outubro,10,1083605.64,112962.57,9030.02,56.79,1354507.0499999998
Cedral,CEDRAL,2628,2025,Novembro,11,998342.87,73418.64,8310.54,2313.01,1247928.5875
Cedral,CEDRAL,2628,2025,Dezembro,12,1565088.2,158895.7,9546.19,4310.54,1956360.2499999998
Cerqueira César,CERQUEIRA CESAR,2630,2025,Janeiro,1,1953415.48,1727884.23,12336.2,4440.92,2441769.3499999996
Cerqueira César,CERQUEIRA CESAR,2630,2025,Fevereiro,2,2080392.13,644199.74,14322.94,4772.33,2600490.1624999996
Cerqueira César,CERQUEIRA CESAR,2630,2025,Março,3,2125608.42,557776.4,16522.21,108.72,2657010.525
Cerqueira César,CERQUEIRA CESAR,2630,2025,Abril,4,2289339.56,463929.0,17599.51,6258.82,2861674.4499999997
Cerqueira César,CERQUEIRA CESAR,2630,2025,Maio,5,2119268.01,376511.07,13964.72,10359.38,2649085.0124999997
Cerqueira César,CERQUEIRA CESAR,2630,2025,Junho,6,1606408.39,164382.22,17977.61,129.48,2008010.4874999998
Cerqueira César,CERQUEIRA CESAR,2630,2025,Julho,7,2908603.35,146381.79,16608.53,9228.12,3635754.1875
Cerqueira César,CERQUEIRA CESAR,2630,2025,Agosto,8,2146196.24,187897.95,14671.71,0.0,2682745.3000000003
Cerqueira César,CERQUEIRA CESAR,2630,2025,Setembro,9,2591501.43,154638.03,17862.29,8947.6,3239376.7875
Cerqueira César,CERQUEIRA CESAR,2630,2025,Outubro,10,2135538.5,152846.56,17796.1,111.93,2669423.125
Cerqueira César,CERQUEIRA CESAR,2630,2025,Novembro,11,1967505.1,126235.06,16378.17,4558.42,2459381.375
Cerqueira César,CERQUEIRA CESAR,2630,2025,Dezembro,12,3084430.32,242651.27,18813.35,8495.09,3855537.8999999994
Cerquilho,CERQUILHO,2653,2025,Janeiro,1,3321138.07,6460875.07,21002.45,7560.69,4151422.5874999994
Cerquilho,CERQUILHO,2653,2025,Fevereiro,2,3541879.26,2078540.53,24384.89,8124.91,4427349.074999999
Cerquilho,CERQUILHO,2653,2025,Março,3,3618860.24,1591364.23,28129.16,185.1,4523575.3
Cerquilho,CERQUILHO,2653,2025,Abril,4,3897613.42,1426496.17,29963.26,10655.68,4872016.774999999
Cerquilho,CERQUILHO,2653,2025,Maio,5,3608065.67,1248093.17,23775.01,17636.9,4510082.087499999
Cerquilho,CERQUILHO,2653,2025,Junho,6,2734919.28,338770.97,30606.99,220.45,3418649.0999999996
Cerquilho,CERQUILHO,2653,2025,Julho,7,4951913.5,533016.55,28276.11,15710.92,6189891.875
Cerquilho,CERQUILHO,2653,2025,Agosto,8,3653911.13,522099.72,24978.67,0.0,4567388.9125
Cerquilho,CERQUILHO,2653,2025,Setembro,9,4412045.71,548064.87,30410.65,15233.34,5515057.137499999
Cerquilho,CERQUILHO,2653,2025,Outubro,10,3635766.26,473799.05,30297.96,190.56,4544707.824999999
Cerquilho,CERQUILHO,2653,2025,Novembro,11,3349688.46,325526.03,27883.92,7760.73,4187110.5749999997
Cerquilho,CERQUILHO,2653,2025,Dezembro,12,5251259.9,621522.08,32029.83,14462.94,6564074.875
Cesário Lange,CESARIO LANGE,2641,2025,Janeiro,1,1057563.68,1758063.13,6680.46,2404.9,1321954.5999999999
Cesário Lange,CESARIO LANGE,2641,2025,Fevereiro,2,1126601.02,657021.38,7756.35,2584.37,1408251.275
Cesário Lange,CESARIO LANGE,2641,2025,Março,3,1151087.13,548511.81,8947.32,58.88,1438858.9124999999
Cesário Lange,CESARIO LANGE,2641,2025,Abril,4,1239752.95,509604.05,9530.71,3389.36,1549691.1874999998
Cesário Lange,CESARIO LANGE,2641,2025,Maio,5,1147653.59,418126.46,7562.36,5609.94,1434566.9875
Cesário Lange,CESARIO LANGE,2641,2025,Junho,6,869923.18,143179.68,9735.47,70.12,1087403.975
Cesário Lange,CESARIO LANGE,2641,2025,Julho,7,1575104.74,169382.88,8994.07,4997.33,1968880.9249999998
Cesário Lange,CESARIO LANGE,2641,2025,Agosto,8,1162236.12,181932.89,7945.22,0.0,1452795.1500000001
Cesário Lange,CESARIO LANGE,2641,2025,Setembro,9,1403383.58,199111.98,9673.02,4845.42,1754229.475
Cesário Lange,CESARIO LANGE,2641,2025,Outubro,10,1156464.6,173262.72,9637.18,60.61,1445580.75
Cesário Lange,CESARIO LANGE,2641,2025,Novembro,11,1065468.97,117751.57,8869.32,2468.53,1331836.2125
Cesário Lange,CESARIO LANGE,2641,2025,Dezembro,12,1670320.85,235160.46,10188.05,4600.37,2087901.0625
Charqueada,CHARQUEADA,2665,2025,Janeiro,1,925635.04,1465708.56,5881.24,2117.19,1157043.8
Charqueada,CHARQUEADA,2665,2025,Fevereiro,2,991819.96,516053.02,6828.41,2275.19,1239774.95
Charqueada,CHARQUEADA,2665,2025,Março,3,1013376.67,452324.89,7876.91,51.83,1266720.8375
Charqueada,CHARQUEADA,2665,2025,Abril,4,1091434.94,372867.2,8390.51,2983.87,1364293.6749999998
Charqueada,CHARQUEADA,2665,2025,Maio,5,1010353.9,339366.11,6657.63,4938.8,1262942.375
Charqueada,CHARQUEADA,2665,2025,Junho,6,765849.8,105540.55,8570.77,61.73,957312.25
Charqueada,CHARQUEADA,2665,2025,Julho,7,1386666.87,150081.14,7918.06,4399.47,1733333.5875000001
Charqueada,CHARQUEADA,2665,2025,Agosto,8,1023191.85,122050.01,6994.69,0.0,1278989.8125
Charqueada,CHARQUEADA,2665,2025,Setembro,9,1235489.6,175040.14,8515.79,4265.74,1544362.0
Charqueada,CHARQUEADA,2665,2025,Outubro,10,1018110.8,164810.19,8484.23,53.36,1272638.5
Charqueada,CHARQUEADA,2665,2025,Novembro,11,938001.45,157294.34,7808.24,2173.21,1172501.8124999998
Charqueada,CHARQUEADA,2665,2025,Dezembro,12,1470491.79,192354.26,8969.2,4050.01,1838114.7375
Chavantes,CHAVANTES,7195,2025,Janeiro,1,1072915.63,841208.57,6816.75,2453.97,1341144.5374999999
Chavantes,CHAVANTES,7195,2025,Fevereiro,2,1149585.25,320291.34,7914.59,2637.1,1436981.5625
Chavantes,CHAVANTES,7195,2025,Março,3,1174570.91,214868.51,9129.86,60.08,1468213.6374999997
Chavantes,CHAVANTES,7195,2025,Abril,4,1265045.64,193812.93,9725.15,3458.51,1581307.0499999998
Chavantes,CHAVANTES,7195,2025,Maio,5,1171067.33,187214.65,7716.64,5724.4,1463834.1625
Chavantes,CHAVANTES,7195,2025,Junho,6,887670.82,63487.85,9934.09,71.55,1109588.525
Chavantes,CHAVANTES,7195,2025,Julho,7,1607239.07,51139.37,9177.56,5099.28,2009048.8375
Chavantes,CHAVANTES,7195,2025,Agosto,8,1185947.36,73406.54,8107.31,0.0,1482434.2
Chavantes,CHAVANTES,7195,2025,Setembro,9,1432014.56,95965.33,9870.36,4944.28,1790018.2
Chavantes,CHAVANTES,7195,2025,Outubro,10,1180058.09,88249.22,9833.79,61.85,1475072.6125
Chavantes,CHAVANTES,7195,2025,Novembro,11,1087206.02,52203.92,9050.27,2518.89,1359007.525
Chavantes,CHAVANTES,7195,2025,Dezembro,12,1704397.72,87800.74,10395.9,4694.23,2130497.15
Clementina,CLEMENTINA,2677,2025,Janeiro,1,682432.41,891720.03,4288.51,1543.82,853040.5125
Clementina,CLEMENTINA,2677,2025,Fevereiro,2,723219.44,238418.56,4979.17,1659.03,904024.2999999999
Clementina,CLEMENTINA,2677,2025,Março,3,738938.25,214234.75,5743.72,37.8,923672.8125
Clementina,CLEMENTINA,2677,2025,Abril,4,795857.11,182164.19,6118.22,2175.79,994821.3875
Clementina,CLEMENTINA,2677,2025,Maio,5,736734.1,149784.55,4854.64,3601.29,920917.6249999999
Clementina,CLEMENTINA,2677,2025,Junho,6,558445.57,48331.41,6249.67,45.01,698056.9624999999
Clementina,CLEMENTINA,2677,2025,Julho,7,1011135.57,72448.75,5773.72,3208.03,1263919.4625
Clementina,CLEMENTINA,2677,2025,Agosto,8,746095.33,54554.8,5100.42,0.0,932619.1624999999
Clementina,CLEMENTINA,2677,2025,Setembro,9,900899.49,73176.66,6209.58,3110.51,1126124.3624999998
Clementina,CLEMENTINA,2677,2025,Outubro,10,742390.31,57443.09,6186.57,38.91,927987.8875000001
Clementina,CLEMENTINA,2677,2025,Novembro,11,683975.83,39453.01,5693.64,1584.67,854969.7874999999
Clementina,CLEMENTINA,2677,2025,Dezembro,12,1072259.38,58985.2,6540.2,2953.2,1340324.2249999999
Colina,COLINA,2689,2025,Janeiro,1,3541267.19,1803260.22,22401.04,8064.17,4426583.9875
Colina,COLINA,2689,2025,Fevereiro,2,3777737.96,651036.97,26008.71,8665.96,4722172.449999999
Colina,COLINA,2689,2025,Março,3,3859845.21,506253.68,30002.32,197.43,4824806.512499999
Colina,COLINA,2689,2025,Abril,4,4157160.96,476135.36,31958.55,11365.26,5196451.199999999
Colina,COLINA,2689,2025,Maio,5,3848331.81,421976.48,25358.22,18811.36,4810414.7625
Colina,COLINA,2689,2025,Junho,6,2917041.38,142352.73,32645.15,235.13,3646301.7249999996
Colina,COLINA,2689,2025,Julho,7,5281668.34,194999.95,30159.06,16757.14,6602085.425
Colina,COLINA,2689,2025,Agosto,8,3897230.18,188562.11,26642.04,0.0,4871537.725
Colina,COLINA,2689,2025,Setembro,9,4705850.01,172157.14,32435.74,16247.75,5882312.512499999
Colina,COLINA,2689,2025,Outubro,10,3877877.02,175855.36,32315.55,203.25,4847346.274999999
Colina,COLINA,2689,2025,Novembro,11,3572748.9,153169.47,29740.75,8277.53,4465936.125
Colina,COLINA,2689,2025,Dezembro,12,5600948.64,248215.31,34162.74,15426.05,7001185.799999999
Colômbia,COLOMBIA,2690,2025,Janeiro,1,2022550.49,631674.45,12779.37,4600.46,2528188.1125
Colômbia,COLOMBIA,2690,2025,Fevereiro,2,2155128.98,219373.82,14837.48,4943.77,2693911.2249999996
Colômbia,COLOMBIA,2690,2025,Março,3,2201969.63,178722.64,17115.76,112.63,2752462.0374999996
Colômbia,COLOMBIA,2690,2025,Abril,4,2371582.72,147879.48,18231.76,6483.67,2964478.4
Colômbia,COLOMBIA,2690,2025,Maio,5,2195401.45,137284.13,14466.39,10731.53,2744251.8125
Colômbia,COLOMBIA,2690,2025,Junho,6,1664117.65,55748.38,18623.45,134.13,2080147.0624999998
Colômbia,COLOMBIA,2690,2025,Julho,7,3013093.19,58595.5,17205.18,9559.63,3766366.4875
Colômbia,COLOMBIA,2690,2025,Agosto,8,2223297.06,65871.45,15198.78,0.0,2779121.3249999997
Colômbia,COLOMBIA,2690,2025,Setembro,9,2684599.58,68840.49,18503.98,9269.04,3355749.475
Colômbia,COLOMBIA,2690,2025,Outubro,10,2212256.45,69041.85,18435.42,115.95,2765320.5625
Colômbia,COLOMBIA,2690,2025,Novembro,11,2038186.55,55608.15,16966.54,4722.17,2547733.1875
Colômbia,COLOMBIA,2690,2025,Dezembro,12,3195236.64,79534.43,19489.2,8800.27,3994045.8
Conchal,CONCHAL,2707,2025,Janeiro,1,1786522.1,3015982.85,11252.25,4050.71,2233152.625
Conchal,CONCHAL,2707,2025,Fevereiro,2,1897592.39,1026401.75,13064.41,4352.99,2371990.4875
Conchal,CONCHAL,2707,2025,Março,3,1938835.61,780592.79,15070.44,99.17,2423544.5125
Conchal,CONCHAL,2707,2025,Abril,4,2088180.04,686618.72,16053.07,5708.87,2610225.05
Conchal,CONCHAL,2707,2025,Maio,5,1933052.33,627208.28,12737.67,9449.12,2416315.4125
Conchal,CONCHAL,2707,2025,Junho,6,1465256.62,262730.13,16397.96,118.11,1831570.7750000001
Conchal,CONCHAL,2707,2025,Julho,7,2653030.4,298305.45,15149.17,8417.26,3316287.9999999995
Conchal,CONCHAL,2707,2025,Agosto,8,1957614.43,294215.73,13382.54,0.0,2447018.0374999996
Conchal,CONCHAL,2707,2025,Setembro,9,2363791.58,308533.33,16292.77,8161.39,2954739.475
Conchal,CONCHAL,2707,2025,Outubro,10,1947893.16,268947.11,16232.39,102.09,2434866.4499999997
Conchal,CONCHAL,2707,2025,Novembro,11,1794624.51,228656.09,14939.05,4157.88,2243280.6374999997
Conchal,CONCHAL,2707,2025,Dezembro,12,2813407.82,312550.9,17160.26,7748.65,3516759.7749999994
Conchas,CONCHAS,2719,2025,Janeiro,1,1012116.27,1474312.81,6384.62,2298.4,1265145.3375
Conchas,CONCHAS,2719,2025,Fevereiro,2,1076709.93,626841.29,7412.86,2469.92,1345887.4124999999
Conchas,CONCHAS,2719,2025,Março,3,1100111.68,498660.28,8551.09,56.27,1375139.5999999999
Conchas,CONCHAS,2719,2025,Abril,4,1184850.97,437217.24,9108.65,3239.26,1481063.7125
Conchas,CONCHAS,2719,2025,Maio,5,1096830.2,388392.46,7227.46,5361.51,1371037.7499999998
Conchas,CONCHAS,2719,2025,Junho,6,831398.96,119506.16,9304.34,67.01,1039248.7
Conchas,CONCHAS,2719,2025,Julho,7,1505351.83,157373.03,8595.77,4776.03,1881689.7875
Conchas,CONCHAS,2719,2025,Agosto,8,1110766.94,130713.57,7593.37,0.0,1388458.6749999998
Conchas,CONCHAS,2719,2025,Setembro,9,1341235.28,166660.57,9244.65,4630.84,1676544.0999999999
Conchas,CONCHAS,2719,2025,Outubro,10,1105251.01,106552.19,9210.4,57.93,1381563.7625
Conchas,CONCHAS,2719,2025,Novembro,11,1018285.08,104024.61,8476.54,2359.21,1272856.3499999999
Conchas,CONCHAS,2719,2025,Dezembro,12,1596351.33,136140.3,9736.87,4396.65,1995439.1625
Cordeirópolis,CORDEIROPOLIS,2720,2025,Janeiro,1,6639349.73,3969660.57,41736.31,15024.69,8299187.162500001
Cordeirópolis,CORDEIROPOLIS,2720,2025,Fevereiro,2,7038461.37,1213254.21,48457.92,16145.91,8798076.7125
Cordeirópolis,CORDEIROPOLIS,2720,2025,Março,3,7191438.82,1791785.17,55898.57,367.84,8989298.525
Cordeirópolis,CORDEIROPOLIS,2720,2025,Abril,4,7745380.21,923465.75,59543.31,21175.09,9681725.2625
Cordeirópolis,CORDEIROPOLIS,2720,2025,Maio,5,7169987.72,1000236.52,47245.96,35048.24,8962484.649999999
Cordeirópolis,CORDEIROPOLIS,2720,2025,Junho,6,5434861.64,260801.29,60822.54,438.07,6793577.049999999
Cordeirópolis,CORDEIROPOLIS,2720,2025,Julho,7,9840496.89,500575.14,56190.61,31220.92,12300621.1125
Cordeirópolis,CORDEIROPOLIS,2720,2025,Agosto,8,7261092.33,504889.53,49637.89,0.0,9076365.4125
Cordeirópolis,CORDEIROPOLIS,2720,2025,Setembro,9,8767665.7,505733.56,60432.38,30271.87,10959582.124999998
Cordeirópolis,CORDEIROPOLIS,2720,2025,Outubro,10,7225034.65,326138.82,60208.44,378.68,9031293.3125
Cordeirópolis,CORDEIROPOLIS,2720,2025,Novembro,11,6656537.7,252812.53,55411.24,15422.21,8320672.125
Cordeirópolis,CORDEIROPOLIS,2720,2025,Dezembro,12,10435361.35,508121.08,63650.03,28740.92,13044201.687499998
Coroados,COROADOS,2732,2025,Janeiro,1,874847.42,464914.31,5549.88,1997.9,1093559.275
Coroados,COROADOS,2732,2025,Fevereiro,2,935937.87,174900.02,6443.68,2147.0,1169922.3375
Coroados,COROADOS,2732,2025,Março,3,956280.01,146932.11,7433.1,48.91,1195350.0125
Coroados,COROADOS,2732,2025,Abril,4,1029940.25,126249.91,7917.76,2815.75,1287425.3125
Coroados,COROADOS,2732,2025,Maio,5,953427.56,104578.29,6282.52,4660.53,1191784.45
Coroados,COROADOS,2732,2025,Junho,6,722699.55,29678.97,8087.86,58.25,903374.4375
Coroados,COROADOS,2732,2025,Julho,7,1308537.94,50427.11,7471.93,4151.6,1635672.4249999998
Coroados,COROADOS,2732,2025,Agosto,8,965542.17,35719.77,6600.59,0.0,1206927.7125
Coroados,COROADOS,2732,2025,Setembro,9,1165878.44,64175.48,8035.98,4025.39,1457348.0499999998
Coroados,COROADOS,2732,2025,Outubro,10,960747.41,42379.13,8006.2,50.36,1200934.2625
Coroados,COROADOS,2732,2025,Novembro,11,885151.65,24116.08,7368.3,2050.76,1106439.5625
Coroados,COROADOS,2732,2025,Dezembro,12,1387639.91,57678.25,8463.85,3821.82,1734549.8874999997
Coronel Macedo,CORONEL MACEDO,2744,2025,Janeiro,1,919169.53,305748.26,5815.16,2093.41,1148961.9124999999
Coronel Macedo,CORONEL MACEDO,2744,2025,Fevereiro,2,980676.2,126024.31,6751.69,2249.63,1225845.2499999998
Coronel Macedo,CORONEL MACEDO,2744,2025,Março,3,1001990.71,103046.83,7788.41,51.25,1252488.3875
Coronel Macedo,CORONEL MACEDO,2744,2025,Abril,4,1079171.94,82550.98,8296.23,2950.35,1348964.9249999998
Coronel Macedo,CORONEL MACEDO,2744,2025,Maio,5,999001.9,77624.39,6582.83,4883.31,1248752.375
Coronel Macedo,CORONEL MACEDO,2744,2025,Junho,6,757244.97,36401.29,8474.47,61.04,946556.2124999999
Coronel Macedo,CORONEL MACEDO,2744,2025,Julho,7,1371086.75,29458.03,7829.1,4350.04,1713858.4375
Coronel Macedo,CORONEL MACEDO,2744,2025,Agosto,8,1011695.6,41903.23,6916.1,0.0,1264619.5
Coronel Macedo,CORONEL MACEDO,2744,2025,Setembro,9,1221608.05,46263.66,8420.11,4217.81,1527010.0625
Coronel Macedo,CORONEL MACEDO,2744,2025,Outubro,10,1006671.65,34574.04,8388.91,52.76,1258339.5625
Coronel Macedo,CORONEL MACEDO,2744,2025,Novembro,11,927462.37,25006.45,7720.51,2148.79,1159327.9625
Coronel Macedo,CORONEL MACEDO,2744,2025,Dezembro,12,1453969.83,23185.53,8868.42,4004.5,1817462.2875
Corumbataí,CORUMBATAI,2756,2025,Janeiro,1,853897.41,452447.34,5426.75,1953.58,1067371.7625
Corumbataí,CORUMBATAI,2756,2025,Fevereiro,2,915174.41,134111.52,6300.73,2099.37,1143968.0125
Corumbataí,CORUMBATAI,2756,2025,Março,3,935065.27,206151.94,7268.2,47.83,1168831.5875
Corumbataí,CORUMBATAI,2756,2025,Abril,4,1007091.38,118639.12,7742.11,2753.29,1258864.2249999999
Corumbataí,CORUMBATAI,2756,2025,Maio,5,932276.1,180373.18,6143.15,4557.14,1165345.125
Corumbataí,CORUMBATAI,2756,2025,Junho,6,706666.7,22742.94,7908.44,56.96,883333.3749999999
Corumbataí,CORUMBATAI,2756,2025,Julho,7,1279508.47,121927.19,7306.17,4059.49,1599385.5875
Corumbataí,CORUMBATAI,2756,2025,Agosto,8,944121.95,123146.76,6454.16,0.0,1180152.4374999998
Corumbataí,CORUMBATAI,2756,2025,Setembro,9,1140013.83,126625.93,7857.71,3936.09,1425017.2875
Corumbataí,CORUMBATAI,2756,2025,Outubro,10,939433.56,45262.49,7828.59,49.24,1174291.95
Corumbataí,CORUMBATAI,2756,2025,Novembro,11,865514.87,25629.06,7204.83,2005.27,1081893.5875
Corumbataí,CORUMBATAI,2756,2025,Dezembro,12,1356855.59,40110.34,8276.08,3737.03,1696069.4875
Cosmorama,COSMORAMA,2770,2025,Janeiro,1,970822.36,929361.38,6156.97,2216.45,1213527.95
Cosmorama,COSMORAMA,2770,2025,Fevereiro,2,1038318.21,379682.41,7148.54,2381.86,1297897.7625
Cosmorama,COSMORAMA,2770,2025,Março,3,1060885.54,283063.42,8246.19,54.26,1326106.925
Cosmorama,COSMORAMA,2770,2025,Abril,4,1142603.32,272416.91,8783.87,3123.76,1428254.15
Cosmorama,COSMORAMA,2770,2025,Maio,5,1057721.06,204793.54,6969.75,5170.34,1322151.325
Cosmorama,COSMORAMA,2770,2025,Junho,6,801754.18,58675.67,8972.58,64.62,1002192.725
Cosmorama,COSMORAMA,2770,2025,Julho,7,1451676.24,67666.63,8289.27,4605.73,1814595.2999999998
Cosmorama,COSMORAMA,2770,2025,Agosto,8,1071160.87,84745.65,7322.61,0.0,1338951.0875000001
Cosmorama,COSMORAMA,2770,2025,Setembro,9,1293411.51,76981.43,8915.02,4465.72,1616764.3875
Cosmorama,COSMORAMA,2770,2025,Outubro,10,1065841.62,58655.68,8881.99,55.86,1332302.0250000001
Cosmorama,COSMORAMA,2770,2025,Novembro,11,981976.59,42978.76,8174.3,2275.09,1227470.7374999998
Cosmorama,COSMORAMA,2770,2025,Dezembro,12,1539431.01,78793.64,9389.69,4239.88,1924288.7625
Cosmópolis,COSMOPOLIS,2768,2025,Janeiro,1,3889458.86,5718473.58,24625.82,8865.07,4861823.574999999
Cosmópolis,COSMOPOLIS,2768,2025,Fevereiro,2,4152928.11,2318662.81,28591.79,9526.63,5191160.137499999
Cosmópolis,COSMOPOLIS,2768,2025,Março,3,4243189.93,1907216.11,32982.03,217.04,5303987.4125
Cosmópolis,COSMOPOLIS,2768,2025,Abril,4,4570033.92,1653057.94,35132.55,12494.01,5712542.399999999
Cosmópolis,COSMOPOLIS,2768,2025,Maio,5,4230533.07,1583106.86,27876.7,20679.63,5288166.3375
Cosmópolis,COSMOPOLIS,2768,2025,Junho,6,3206750.52,559987.14,35887.34,258.48,4008438.15
Cosmópolis,COSMOPOLIS,2768,2025,Julho,7,5806222.98,594895.25,33154.34,18421.39,7257778.725000001
Cosmópolis,COSMOPOLIS,2768,2025,Agosto,8,4284287.84,614230.95,29288.02,0.0,5355359.8
Cosmópolis,COSMOPOLIS,2768,2025,Setembro,9,5173216.62,654244.72,35657.13,17861.42,6466520.774999999
Cosmópolis,COSMOPOLIS,2768,2025,Outubro,10,4263012.6,783454.43,35525.0,223.44,5328765.749999999
Cosmópolis,COSMOPOLIS,2768,2025,Novembro,11,3927580.34,505880.91,32694.49,9099.62,4909475.425
Cosmópolis,COSMOPOLIS,2768,2025,Dezembro,12,6157212.95,791034.01,37555.65,16958.11,7696516.1875
Cotia,COTIA,2781,2025,Janeiro,1,24677312.99,32462217.85,155923.31,56130.96,30846641.237499997
Cotia,COTIA,2781,2025,Fevereiro,2,26295094.78,13630977.49,181034.66,60319.77,32868868.475
Cotia,COTIA,2781,2025,Março,3,26866605.55,10849906.23,208832.32,1374.23,33583256.9375
Cotia,COTIA,2781,2025,Abril,4,28936083.61,9599910.28,222448.76,79108.35,36170104.512499996
Cotia,COTIA,2781,2025,Maio,5,26786466.07,8239267.66,176506.9,130937.24,33483082.5875
Cotia,COTIA,2781,2025,Junho,6,20304182.18,2744131.96,227227.84,1636.6,25380227.724999998
Cotia,COTIA,2781,2025,Julho,7,36763261.86,3349369.14,209923.34,116638.71,45954077.324999996
Cotia,COTIA,2781,2025,Agosto,8,27126825.16,3501794.63,185442.95,0.0,33908531.449999996
Cotia,COTIA,2781,2025,Setembro,9,32755255.51,3361482.36,225770.25,113093.13,40944069.3875
Cotia,COTIA,2781,2025,Outubro,10,26992116.72,3385199.8,224933.64,1414.73,33740145.9
Cotia,COTIA,2781,2025,Novembro,11,24868260.31,2352994.89,207011.7,57616.06,31085325.387499996
Cotia,COTIA,2781,2025,Dezembro,12,38985625.01,3956119.2,237791.1,107373.64,48732031.262499996
Cravinhos,CRAVINHOS,2793,2025,Janeiro,1,3889816.36,4234553.15,24626.01,8865.14,4862270.449999999
Cravinhos,CRAVINHOS,2793,2025,Fevereiro,2,4152960.77,1680619.02,28592.02,9526.71,5191200.962499999
Cravinhos,CRAVINHOS,2793,2025,Março,3,4243223.3,1408427.47,32982.29,217.04,5304029.124999999
Cravinhos,CRAVINHOS,2793,2025,Abril,4,4570069.86,1144687.48,35132.83,12494.11,5712587.325
Cravinhos,CRAVINHOS,2793,2025,Maio,5,4230566.34,1136994.93,27876.92,20679.8,5288207.925
Cravinhos,CRAVINHOS,2793,2025,Junho,6,3206775.74,374256.53,35887.62,258.48,4008469.6750000003
Cravinhos,CRAVINHOS,2793,2025,Julho,7,5806268.64,519376.18,33154.6,18421.53,7257835.799999999
Cravinhos,CRAVINHOS,2793,2025,Agosto,8,4284321.53,457728.32,29288.25,0.0,5355401.9125
Cravinhos,CRAVINHOS,2793,2025,Setembro,9,5173257.31,520643.15,35657.41,17861.56,6466571.637499999
Cravinhos,CRAVINHOS,2793,2025,Outubro,10,4263046.12,458815.61,35525.28,223.44,5328807.649999999
Cravinhos,CRAVINHOS,2793,2025,Novembro,11,3927611.23,314351.02,32694.75,9099.69,4909514.0375
Cravinhos,CRAVINHOS,2793,2025,Dezembro,12,6157261.37,508530.39,37555.94,16958.24,7696576.712499999
Cristais Paulista,CRISTAIS PAULISTA,2800,2025,Janeiro,1,888293.99,1122708.86,5602.79,2016.95,1110367.4874999998
Cristais Paulista,CRISTAIS PAULISTA,2800,2025,Fevereiro,2,944860.86,322762.78,6505.11,2167.47,1181076.075
Cristais Paulista,CRISTAIS PAULISTA,2800,2025,Março,3,965396.94,239576.83,7503.97,49.38,1206746.1749999998
Cristais Paulista,CRISTAIS PAULISTA,2800,2025,Abril,4,1039759.44,217733.47,7993.24,2842.6,1299699.2999999998
Cristais Paulista,CRISTAIS PAULISTA,2800,2025,Maio,5,962517.29,178614.96,6342.42,4704.96,1203146.6125
Cristais Paulista,CRISTAIS PAULISTA,2800,2025,Junho,6,729589.58,67616.98,8164.97,58.81,911986.9749999999
Cristais Paulista,CRISTAIS PAULISTA,2800,2025,Julho,7,1321013.2,112275.3,7543.17,4191.18,1651266.4999999998
Cristais Paulista,CRISTAIS PAULISTA,2800,2025,Agosto,8,974747.41,89813.22,6663.52,0.0,1218434.2625
Cristais Paulista,CRISTAIS PAULISTA,2800,2025,Setembro,9,1176993.63,135645.66,8112.6,4063.77,1471242.0374999999
Cristais Paulista,CRISTAIS PAULISTA,2800,2025,Outubro,10,969906.93,104608.82,8082.53,50.84,1212383.6625
Cristais Paulista,CRISTAIS PAULISTA,2800,2025,Novembro,11,893590.46,63056.67,7438.55,2070.32,1116988.075
Cristais Paulista,CRISTAIS PAULISTA,2800,2025,Dezembro,12,1400869.31,92540.22,8544.54,3858.25,1751086.6375
Cruzeiro,CRUZEIRO,2823,2025,Janeiro,1,4452357.44,6906109.91,28132.93,10127.6,5565446.8
Cruzeiro,CRUZEIRO,2823,2025,Fevereiro,2,4744371.06,2633313.7,32663.72,10883.37,5930463.824999999
Cruzeiro,CRUZEIRO,2823,2025,Março,3,4847487.6,2086894.8,37679.2,247.95,6059359.499999999
Cruzeiro,CRUZEIRO,2823,2025,Abril,4,5220879.36,1878137.62,40135.98,14273.36,6526099.2
Cruzeiro,CRUZEIRO,2823,2025,Maio,5,4833028.19,1645636.44,31846.78,23624.74,6041285.2375
Cruzeiro,CRUZEIRO,2823,2025,Junho,6,3663442.75,704413.43,40998.26,295.29,4579303.4375
Cruzeiro,CRUZEIRO,2823,2025,Julho,7,6633121.39,605553.84,37876.05,21044.89,8291401.737499999
Cruzeiro,CRUZEIRO,2823,2025,Agosto,8,4894438.5,627322.89,33459.1,0.0,6118048.125
Cruzeiro,CRUZEIRO,2823,2025,Setembro,9,5909964.87,618205.74,40735.27,20405.17,7387456.087499999
Cruzeiro,CRUZEIRO,2823,2025,Outubro,10,4870133.33,538112.83,40584.32,255.26,6087666.6625
Cruzeiro,CRUZEIRO,2823,2025,Novembro,11,4486930.19,416584.68,37350.7,10395.55,5608662.7375
Cruzeiro,CRUZEIRO,2823,2025,Dezembro,12,7034097.9,661734.62,42904.17,19373.21,8792622.375
Cruzália,CRUZALIA,2811,2025,Janeiro,1,632209.85,265993.56,4002.33,1440.8,790262.3124999999
Cruzália,CRUZALIA,2811,2025,Fevereiro,2,674957.64,66070.31,4646.9,1548.32,843697.0499999999
Cruzália,CRUZALIA,2811,2025,Março,3,689627.51,70668.68,5360.43,35.27,862034.3875
Cruzália,CRUZALIA,2811,2025,Abril,4,742748.06,53460.08,5709.94,2030.6,928435.0750000001
Cruzália,CRUZALIA,2811,2025,Maio,5,687570.44,40613.18,4530.68,3360.97,859463.0499999999
Cruzália,CRUZALIA,2811,2025,Junho,6,521179.44,12346.72,5832.62,42.01,651474.2999999999
Cruzália,CRUZALIA,2811,2025,Julho,7,943660.58,16202.03,5388.43,2993.95,1179575.7249999999
Cruzália,CRUZALIA,2811,2025,Agosto,8,696306.97,22685.53,4760.06,0.0,870383.7124999999
Cruzália,CRUZALIA,2811,2025,Setembro,9,840780.76,24911.81,5795.2,2902.94,1050975.95
Cruzália,CRUZALIA,2811,2025,Outubro,10,692849.2,19172.34,5773.73,36.31,866061.4999999999
Cruzália,CRUZALIA,2811,2025,Novembro,11,638332.83,8736.98,5313.7,1478.92,797916.0374999999
Cruzália,CRUZALIA,2811,2025,Dezembro,12,1000705.48,10837.07,6103.76,2756.13,1250881.8499999999
Cubatão,CUBATAO,2835,2025,Janeiro,1,45088084.32,6380058.24,283852.43,102184.28,56360105.4
Cubatão,CUBATAO,2835,2025,Fevereiro,2,47869216.4,3075637.34,329566.69,109809.83,59836520.49999999
Cubatão,CUBATAO,2835,2025,Março,3,48909629.94,2977222.58,380171.27,2501.73,61137037.425
Cubatão,CUBATAO,2835,2025,Abril,4,52677035.76,2239310.05,404959.48,144013.73,65846294.699999996
Cubatão,CUBATAO,2835,2025,Maio,5,48763739.09,2458388.66,321324.07,238366.25,60954673.862500004
Cubatão,CUBATAO,2835,2025,Junho,6,36962988.68,887819.41,413659.61,2979.36,46203735.849999994
Cubatão,CUBATAO,2835,2025,Julho,7,66926115.02,1246726.3,382157.42,212336.33,83657643.775
Cubatão,CUBATAO,2835,2025,Agosto,8,49383349.81,1372126.0,337591.82,0.0,61729187.2625
Cubatão,CUBATAO,2835,2025,Setembro,9,59629692.44,1564305.1,411006.13,205881.72,74537115.55
Cubatão,CUBATAO,2835,2025,Outubro,10,49138118.24,1116716.7,409483.1,2575.47,61422647.8
Cubatão,CUBATAO,2835,2025,Novembro,11,45271718.72,923821.61,376856.89,104887.83,56589648.4
Cubatão,CUBATAO,2835,2025,Dezembro,12,70971842.3,1208922.68,432889.62,195469.61,88714802.87499999
Cunha,CUNHA,2847,2025,Janeiro,1,1503773.31,1735516.64,9538.67,3433.83,1879716.6375
Cunha,CUNHA,2847,2025,Fevereiro,2,1608613.05,650297.56,11074.87,3690.09,2010766.3125
Cunha,CUNHA,2847,2025,Março,3,1643575.46,476541.47,12775.4,84.07,2054469.325
Cunha,CUNHA,2847,2025,Abril,4,1770176.61,418216.92,13608.39,4839.49,2212720.7625
Cunha,CUNHA,2847,2025,Maio,5,1638672.89,333160.47,10797.88,8010.14,2048341.1124999998
Cunha,CUNHA,2847,2025,Junho,6,1242116.55,111315.44,13900.75,100.12,1552645.6875
Cunha,CUNHA,2847,2025,Julho,7,2249007.41,140478.52,12842.14,7135.42,2811259.2625
Cunha,CUNHA,2847,2025,Agosto,8,1659494.5,136574.64,11344.55,0.0,2074368.125
Cunha,CUNHA,2847,2025,Setembro,9,2003816.0,155629.01,13811.59,6918.52,2504770.0
Cunha,CUNHA,2847,2025,Outubro,10,1651253.65,137919.31,13760.41,86.55,2064067.0624999998
Cunha,CUNHA,2847,2025,Novembro,11,1521325.88,109223.75,12664.02,3524.69,1901657.3499999999
Cunha,CUNHA,2847,2025,Dezembro,12,2384961.37,146519.52,14546.97,6568.63,2981201.7125
Cássia dos Coqueiros,CASSIA DOS COQUEIROS,2586,2025,Janeiro,1,355883.05,258163.34,2253.77,811.34,444853.81249999994
Cássia dos Coqueiros,CASSIA DOS COQUEIROS,2586,2025,Fevereiro,2,380078.02,85382.81,2616.74,871.88,475097.525
Cássia dos Coqueiros,CASSIA DOS COQUEIROS,2586,2025,Março,3,388338.83,57057.43,3018.53,19.86,485423.5375
Cássia dos Coqueiros,CASSIA DOS COQUEIROS,2586,2025,Abril,4,418251.75,54771.29,3215.35,1143.46,522814.6875
Cássia dos Coqueiros,CASSIA DOS COQUEIROS,2586,2025,Maio,5,387180.47,44504.14,2551.29,1892.61,483975.58749999997
Cássia dos Coqueiros,CASSIA DOS COQUEIROS,2586,2025,Junho,6,293483.39,12290.47,3284.43,23.66,366854.2375
Cássia dos Coqueiros,CASSIA DOS COQUEIROS,2586,2025,Julho,7,531388.38,11146.43,3034.3,1685.93,664235.475
Cássia dos Coqueiros,CASSIA DOS COQUEIROS,2586,2025,Agosto,8,392100.13,22859.72,2680.45,0.0,490125.1625
Cássia dos Coqueiros,CASSIA DOS COQUEIROS,2586,2025,Setembro,9,473455.33,19428.63,3263.36,1634.69,591819.1625
Cássia dos Coqueiros,CASSIA DOS COQUEIROS,2586,2025,Outubro,10,390153.01,22404.35,3251.27,20.45,487691.2625
Cássia dos Coqueiros,CASSIA DOS COQUEIROS,2586,2025,Novembro,11,359454.09,17689.41,2992.22,832.8,449317.6125
Cássia dos Coqueiros,CASSIA DOS COQUEIROS,2586,2025,Dezembro,12,563511.16,17669.45,3437.11,1552.01,704388.95
Cândido Mota,CANDIDO MOTA,2495,2025,Janeiro,1,3686720.09,4085195.47,23332.26,8399.4,4608400.1125
Cândido Mota,CANDIDO MOTA,2495,2025,Fevereiro,2,3934781.14,1162327.91,27089.91,9026.21,4918476.425
Cândido Mota,CANDIDO MOTA,2495,2025,Março,3,4020301.64,899811.35,31249.53,205.64,5025377.05
Cândido Mota,CANDIDO MOTA,2495,2025,Abril,4,4329977.01,718810.58,33287.09,11837.72,5412471.262499999
Cândido Mota,CANDIDO MOTA,2495,2025,Maio,5,4008309.62,681738.31,26412.38,19593.37,5010387.024999999
Cândido Mota,CANDIDO MOTA,2495,2025,Junho,6,3038304.81,165600.27,34002.23,244.9,3797881.0124999997
Cândido Mota,CANDIDO MOTA,2495,2025,Julho,7,5501230.95,352692.43,31412.79,17453.74,6876538.6875
Cândido Mota,CANDIDO MOTA,2495,2025,Agosto,8,4059240.74,309691.39,27749.56,0.0,5074050.925
Cândido Mota,CANDIDO MOTA,2495,2025,Setembro,9,4901475.45,349185.29,33784.12,16923.18,6126844.3125
Cândido Mota,CANDIDO MOTA,2495,2025,Outubro,10,4039083.05,279280.66,33658.93,211.7,5048853.812499999
Cândido Mota,CANDIDO MOTA,2495,2025,Novembro,11,3721270.54,176541.68,30977.1,8621.63,4651588.175
Cândido Mota,CANDIDO MOTA,2495,2025,Dezembro,12,5833783.95,388208.06,35582.91,16067.32,7292229.9375
Cândido Rodrigues,CANDIDO RODRIGUES,2501,2025,Janeiro,1,333910.97,409167.31,2113.88,760.98,417388.71249999997
Cândido Rodrigues,CANDIDO RODRIGUES,2501,2025,Fevereiro,2,356487.8,112893.26,2454.32,817.77,445609.74999999994
Cândido Rodrigues,CANDIDO RODRIGUES,2501,2025,Março,3,364235.89,74452.19,2831.18,18.63,455294.8625
Cândido Rodrigues,CANDIDO RODRIGUES,2501,2025,Abril,4,392292.21,92671.27,3015.78,1072.49,490365.2625
Cândido Rodrigues,CANDIDO RODRIGUES,2501,2025,Maio,5,363149.42,78042.15,2392.94,1775.14,453936.77499999997
Cândido Rodrigues,CANDIDO RODRIGUES,2501,2025,Junho,6,275267.81,44213.78,3080.57,22.19,344084.76249999995
Cândido Rodrigues,CANDIDO RODRIGUES,2501,2025,Julho,7,498406.81,32946.0,2845.97,1581.29,623008.5125
Cândido Rodrigues,CANDIDO RODRIGUES,2501,2025,Agosto,8,367763.73,21888.61,2514.09,0.0,459704.6625
Cândido Rodrigues,CANDIDO RODRIGUES,2501,2025,Setembro,9,444069.48,31691.55,3060.81,1533.23,555086.85
Cândido Rodrigues,CANDIDO RODRIGUES,2501,2025,Outubro,10,365937.46,30403.83,3049.47,19.18,457421.825
Cândido Rodrigues,CANDIDO RODRIGUES,2501,2025,Novembro,11,337143.92,16226.59,2806.5,781.11,421429.89999999997
Cândido Rodrigues,CANDIDO RODRIGUES,2501,2025,Dezembro,12,528535.83,32916.81,3223.78,1455.69,660669.7874999999
Descalvado,DESCALVADO,2859,2025,Janeiro,1,3923800.08,4272415.14,24755.57,8911.78,4904750.1
Descalvado,DESCALVADO,2859,2025,Fevereiro,2,4174809.21,1443708.99,28742.44,9576.82,5218511.512499999
Descalvado,DESCALVADO,2859,2025,Março,3,4265546.61,1240221.43,33155.81,218.18,5331933.2625
Descalvado,DESCALVADO,2859,2025,Abril,4,4594112.69,1094865.05,35317.66,12559.84,5742640.8625
Descalvado,DESCALVADO,2859,2025,Maio,5,4252823.06,1015972.98,28023.58,20788.59,5316028.824999999
Descalvado,DESCALVADO,2859,2025,Junho,6,3223646.37,253686.89,36076.42,259.84,4029557.9625
Descalvado,DESCALVADO,2859,2025,Julho,7,5836815.03,455991.5,33329.03,18518.45,7296018.7875
Descalvado,DESCALVADO,2859,2025,Agosto,8,4306861.05,419386.97,29442.33,0.0,5383576.312499999
Descalvado,DESCALVADO,2859,2025,Setembro,9,5200473.46,406995.03,35845.0,17955.52,6500591.824999999
Descalvado,DESCALVADO,2859,2025,Outubro,10,4285473.72,276500.56,35712.17,224.61,5356842.149999999
Descalvado,DESCALVADO,2859,2025,Novembro,11,3948274.12,220741.14,32866.75,9147.56,4935342.649999999
Descalvado,DESCALVADO,2859,2025,Dezembro,12,6189654.3,391139.28,37753.52,17047.46,7737067.874999999
Diadema,DIADEMA,2860,2025,Janeiro,1,27425192.99,26914513.96,173142.74,62329.8,34281491.2375
Diadema,DIADEMA,2860,2025,Fevereiro,2,29199000.18,11699363.78,201027.27,66981.19,36498750.224999994
Diadema,DIADEMA,2860,2025,Março,3,29833625.89,10401364.59,231894.77,1525.99,37292032.3625
Diadema,DIADEMA,2860,2025,Abril,4,32131647.28,8404580.53,247014.95,87844.7,40164559.1
Diadema,DIADEMA,2860,2025,Maio,5,29744636.19,7983779.73,195999.48,145397.33,37180795.2375
Diadema,DIADEMA,2860,2025,Junho,6,22546479.64,2475109.83,252321.8,1817.33,28183099.55
Diadema,DIADEMA,2860,2025,Julho,7,40823221.93,3923564.34,233106.27,129519.74,51029027.412499994
Diadema,DIADEMA,2860,2025,Agosto,8,30122582.91,4461868.06,205922.39,0.0,37653228.637499996
Diadema,DIADEMA,2860,2025,Setembro,9,36372590.39,3507605.17,250703.25,125582.59,45465737.9875
Diadema,DIADEMA,2860,2025,Outubro,10,29972997.92,3261495.39,249774.24,1570.97,37466247.4
Diadema,DIADEMA,2860,2025,Novembro,11,27614592.89,2330264.42,229873.08,63978.9,34518241.1125
Diadema,DIADEMA,2860,2025,Dezembro,12,43291012.31,3786648.68,264051.62,119231.47,54113765.3875
Dirce-Reis,DIRCE REIS,7225,2025,Janeiro,1,272100.64,194436.67,1717.9,618.43,340125.8
Dirce-Reis,DIRCE REIS,7225,2025,Fevereiro,2,289708.71,42096.04,1994.57,664.58,362135.8875
Dirce-Reis,DIRCE REIS,7225,2025,Março,3,296005.38,34530.73,2300.83,15.14,370006.725
Dirce-Reis,DIRCE REIS,7225,2025,Abril,4,318806.05,43947.26,2450.85,871.58,398507.56249999994
Dirce-Reis,DIRCE REIS,7225,2025,Maio,5,295122.44,21809.98,1944.68,1442.61,368903.05
Dirce-Reis,DIRCE REIS,7225,2025,Junho,6,223703.26,17770.32,2503.5,18.03,279629.075
Dirce-Reis,DIRCE REIS,7225,2025,Julho,7,405042.73,4230.93,2312.85,1285.08,506303.4125
Dirce-Reis,DIRCE REIS,7225,2025,Agosto,8,298872.37,3251.96,2043.14,0.0,373590.46249999997
Dirce-Reis,DIRCE REIS,7225,2025,Setembro,9,360884.14,13127.79,2487.45,1246.01,451105.175
Dirce-Reis,DIRCE REIS,7225,2025,Outubro,10,297388.21,9968.03,2478.23,15.59,371735.2625
Dirce-Reis,DIRCE REIS,7225,2025,Novembro,11,273988.42,12120.9,2280.77,634.79,342485.52499999997
Dirce-Reis,DIRCE REIS,7225,2025,Dezembro,12,429527.83,13444.75,2619.89,1183.0,536909.7875
Divinolândia,DIVINOLANDIA,2872,2025,Janeiro,1,849849.72,1907604.6,5364.12,1931.03,1062312.15
Divinolândia,DIVINOLANDIA,2872,2025,Fevereiro,2,904611.24,620489.89,6228.01,2075.14,1130764.0499999998
Divinolândia,DIVINOLANDIA,2872,2025,Março,3,924272.52,393471.31,7184.31,47.28,1155340.65
Divinolândia,DIVINOLANDIA,2872,2025,Abril,4,995467.28,330211.3,7652.74,2721.51,1244334.0999999999
Divinolândia,DIVINOLANDIA,2872,2025,Maio,5,921515.54,279202.03,6072.24,4504.54,1151894.425
Divinolândia,DIVINOLANDIA,2872,2025,Junho,6,698510.18,88655.2,7817.16,56.3,873137.725
Divinolândia,DIVINOLANDIA,2872,2025,Julho,7,1264740.07,87392.79,7221.84,4012.64,1580925.0875
Divinolândia,DIVINOLANDIA,2872,2025,Agosto,8,933224.67,84871.33,6379.66,0.0,1166530.8375
Divinolândia,DIVINOLANDIA,2872,2025,Setembro,9,1126855.51,131612.85,7767.01,3890.66,1408569.3875
Divinolândia,DIVINOLANDIA,2872,2025,Outubro,10,928590.39,89877.94,7738.23,48.67,1160737.9875
Divinolândia,DIVINOLANDIA,2872,2025,Novembro,11,855524.88,60868.69,7121.67,1982.12,1069406.0999999999
Divinolândia,DIVINOLANDIA,2872,2025,Dezembro,12,1341194.43,103571.07,8180.56,3693.9,1676493.0374999999
Dobrada,DOBRADA,2884,2025,Janeiro,1,533223.65,540709.8,3362.86,1210.6,666529.5625
Dobrada,DOBRADA,2884,2025,Fevereiro,2,567116.1,209876.69,3904.44,1300.94,708895.1249999999
Dobrada,DOBRADA,2884,2025,Março,3,579442.08,157185.86,4503.96,29.64,724302.5999999999
Dobrada,DOBRADA,2884,2025,Abril,4,624075.29,152535.61,4797.64,1706.16,780094.1125
Dobrada,DOBRADA,2884,2025,Maio,5,577713.68,139317.26,3806.79,2823.97,722142.1
Dobrada,DOBRADA,2884,2025,Junho,6,437907.85,55231.62,4900.71,35.3,547384.8124999999
Dobrada,DOBRADA,2884,2025,Julho,7,792886.95,51441.53,4527.49,2515.59,991108.6874999999
Dobrada,DOBRADA,2884,2025,Agosto,8,585054.33,48704.56,3999.52,0.0,731317.9124999999
Dobrada,DOBRADA,2884,2025,Setembro,9,706444.79,76977.82,4869.27,2439.12,883055.9875
Dobrada,DOBRADA,2884,2025,Outubro,10,582149.03,52982.2,4851.23,30.51,727686.2875
Dobrada,DOBRADA,2884,2025,Novembro,11,536343.03,51811.49,4464.7,1242.63,670428.7875
Dobrada,DOBRADA,2884,2025,Dezembro,12,840817.49,109105.36,5128.53,2315.77,1051021.8624999998
Dois Córregos,DOIS CORREGOS,2896,2025,Janeiro,1,2115719.42,2709803.51,13382.83,4817.7,2644649.275
Dois Córregos,DOIS CORREGOS,2896,2025,Fevereiro,2,2256896.07,895633.72,15538.12,5177.22,2821120.0874999994
Dois Córregos,DOIS CORREGOS,2896,2025,Março,3,2305948.58,812734.13,17923.98,117.95,2882435.725
Dois Córregos,DOIS CORREGOS,2896,2025,Abril,4,2483570.94,655965.9,19092.68,6789.83,3104463.675
Dois Córregos,DOIS CORREGOS,2896,2025,Maio,5,2299070.24,688903.9,15149.51,11238.28,2873837.8000000003
Dois Córregos,DOIS CORREGOS,2896,2025,Junho,6,1742698.75,183644.15,19502.86,140.47,2178373.4375
Dois Córregos,DOIS CORREGOS,2896,2025,Julho,7,3155374.1,275828.38,18017.62,10011.05,3944217.625
Dois Córregos,DOIS CORREGOS,2896,2025,Agosto,8,2328283.11,272712.39,15916.48,0.0,2910353.8874999997
Dois Córregos,DOIS CORREGOS,2896,2025,Setembro,9,2811368.73,324954.08,19377.76,9706.73,3514210.9124999996
Dois Córregos,DOIS CORREGOS,2896,2025,Outubro,10,2316721.14,207253.43,19305.95,121.43,2895901.425
Dois Córregos,DOIS CORREGOS,2896,2025,Novembro,11,2134431.51,170280.42,17767.72,4945.16,2668039.3874999997
Dois Córregos,DOIS CORREGOS,2896,2025,Dezembro,12,3346118.52,316297.81,20409.5,9215.83,4182648.15
Dolcinópolis,DOLCINOPOLIS,2902,2025,Janeiro,1,237940.89,254192.39,1508.64,543.1,297426.1125
Dolcinópolis,DOLCINOPOLIS,2902,2025,Fevereiro,2,254419.53,78198.39,1751.61,583.63,318024.4125
Dolcinópolis,DOLCINOPOLIS,2902,2025,Março,3,259949.21,65816.34,2020.57,13.3,324936.51249999995
Dolcinópolis,DOLCINOPOLIS,2902,2025,Abril,4,279972.55,49487.51,2152.31,765.42,349965.68749999994
Dolcinópolis,DOLCINOPOLIS,2902,2025,Maio,5,259173.82,42507.76,1707.8,1266.89,323967.27499999997
Dolcinópolis,DOLCINOPOLIS,2902,2025,Junho,6,196454.15,13163.3,2198.55,15.84,245567.68749999997
Dolcinópolis,DOLCINOPOLIS,2902,2025,Julho,7,355704.82,10140.55,2031.12,1128.54,444631.02499999997
Dolcinópolis,DOLCINOPOLIS,2902,2025,Agosto,8,262466.98,17533.62,1794.26,0.0,328083.725
Dolcinópolis,DOLCINOPOLIS,2902,2025,Setembro,9,316925.15,20746.71,2184.45,1094.24,396156.4375
Dolcinópolis,DOLCINOPOLIS,2902,2025,Outubro,10,261163.6,18771.36,2176.36,13.69,326454.5
Dolcinópolis,DOLCINOPOLIS,2902,2025,Novembro,11,240614.12,14558.92,2002.95,557.47,300767.64999999997
Dolcinópolis,DOLCINOPOLIS,2902,2025,Dezembro,12,377207.4,20264.23,2300.76,1038.9,471509.25
Dourado,DOURADO,2914,2025,Janeiro,1,1643941.42,898227.14,10412.88,3748.54,2054926.775
Dourado,DOURADO,2914,2025,Fevereiro,2,1756040.16,362241.59,12089.86,4028.28,2195050.1999999997
Dourado,DOURADO,2914,2025,Março,3,1794206.82,260824.09,13946.25,91.77,2242758.525
Dourado,DOURADO,2914,2025,Abril,4,1932410.79,248244.44,14855.58,5283.02,2415513.4875
Dourado,DOURADO,2914,2025,Maio,5,1788854.94,217017.58,11787.49,8744.26,2236068.675
Dourado,DOURADO,2914,2025,Junho,6,1355954.77,72602.76,15174.74,109.3,1694943.4625
Dourado,DOURADO,2914,2025,Julho,7,2455125.75,75881.13,14019.11,7789.37,3068907.1875
Dourado,DOURADO,2914,2025,Agosto,8,1811584.81,59960.28,12384.26,0.0,2264481.0124999997
Dourado,DOURADO,2914,2025,Setembro,9,2187462.89,83140.39,15077.4,7552.59,2734328.6125
Dourado,DOURADO,2914,2025,Outubro,10,1802588.71,52260.87,15021.53,94.48,2253235.8874999997
Dourado,DOURADO,2914,2025,Novembro,11,1660753.24,55788.98,13824.66,3847.72,2075941.5499999998
Dourado,DOURADO,2914,2025,Dezembro,12,2603539.7,101935.39,15880.18,7170.63,3254424.625
Dracena,DRACENA,2926,2025,Janeiro,1,2005880.77,6218189.09,12680.87,4565.0,2507350.9625
Dracena,DRACENA,2926,2025,Fevereiro,2,2138516.76,2296050.07,14723.11,4905.66,2673145.9499999997
Dracena,DRACENA,2926,2025,Março,3,2184996.35,1816654.97,16983.83,111.76,2731245.4375
Dracena,DRACENA,2926,2025,Abril,4,2353302.02,1520597.45,18091.22,6433.69,2941627.525
Dracena,DRACENA,2926,2025,Maio,5,2178478.8,1451526.26,14354.88,10648.81,2723098.4999999995
Dracena,DRACENA,2926,2025,Junho,6,1651290.26,345116.01,18479.89,133.1,2064112.825
Dracena,DRACENA,2926,2025,Julho,7,2989867.59,570369.29,17072.56,9485.95,3737334.4875
Dracena,DRACENA,2926,2025,Agosto,8,2206159.39,550950.37,15081.63,0.0,2757699.2375
Dracena,DRACENA,2926,2025,Setembro,9,2663906.08,682572.52,18361.35,9197.59,3329882.6
Dracena,DRACENA,2926,2025,Outubro,10,2195203.88,636634.63,18293.31,115.06,2744004.8499999996
Dracena,DRACENA,2926,2025,Novembro,11,2022475.75,437974.7,16835.76,4685.78,2528094.6875
Dracena,DRACENA,2926,2025,Dezembro,12,3170607.03,714943.38,19338.98,8732.44,3963258.7874999996
Duartina,DUARTINA,2938,2025,Janeiro,1,960314.19,1439965.61,6073.78,2186.51,1200392.7374999998
Duartina,DUARTINA,2938,2025,Fevereiro,2,1024289.63,447908.78,7051.96,2349.67,1280362.0374999999
Duartina,DUARTINA,2938,2025,Março,3,1046552.05,341800.49,8134.78,53.53,1308190.0625
Duartina,DUARTINA,2938,2025,Abril,4,1127165.75,278168.39,8665.19,3081.56,1408957.1875
Duartina,DUARTINA,2938,2025,Maio,5,1043430.33,278507.31,6875.59,5100.48,1304287.9124999999
Duartina,DUARTINA,2938,2025,Junho,6,790921.78,96858.68,8851.35,63.75,988652.225
Duartina,DUARTINA,2938,2025,Julho,7,1432062.83,69347.29,8177.28,4543.5,1790078.5375
Duartina,DUARTINA,2938,2025,Agosto,8,1056688.55,91493.29,7223.68,0.0,1320860.6875
Duartina,DUARTINA,2938,2025,Setembro,9,1275936.4,109667.46,8794.57,4405.39,1594920.4999999998
Duartina,DUARTINA,2938,2025,Outubro,10,1051441.17,135724.55,8761.98,55.11,1314301.4625
Duartina,DUARTINA,2938,2025,Novembro,11,968709.23,85272.61,8063.86,2244.36,1210886.5374999999
Duartina,DUARTINA,2938,2025,Dezembro,12,1518631.96,142275.19,9262.83,4182.59,1898289.95
Dumont,DUMONT,2940,2025,Janeiro,1,878711.74,1332255.19,5533.05,1991.85,1098389.6749999998
Dumont,DUMONT,2940,2025,Fevereiro,2,933100.22,546525.82,6424.14,2140.49,1166375.275
Dumont,DUMONT,2940,2025,Março,3,953380.69,376060.12,7410.56,48.77,1191725.8624999998
Dumont,DUMONT,2940,2025,Abril,4,1026817.6,379029.53,7893.75,2807.22,1283522.0
Dumont,DUMONT,2940,2025,Maio,5,950536.88,277010.39,6263.47,4646.4,1188171.0999999999
Dumont,DUMONT,2940,2025,Junho,6,720508.41,96925.39,8063.34,58.08,900635.5125
Dumont,DUMONT,2940,2025,Julho,7,1304570.61,117704.69,7449.28,4139.01,1630713.2625
Dumont,DUMONT,2940,2025,Agosto,8,962614.77,127257.08,6580.58,0.0,1203268.4625
Dumont,DUMONT,2940,2025,Setembro,9,1162343.64,95330.85,8011.62,4013.19,1452929.5499999998
Dumont,DUMONT,2940,2025,Outubro,10,957834.54,91534.73,7981.93,50.2,1197293.175
Dumont,DUMONT,2940,2025,Novembro,11,882467.98,76417.54,7345.96,2044.55,1103084.9749999999
Dumont,DUMONT,2940,2025,Dezembro,12,1383432.75,118369.75,8438.19,3810.23,1729290.9375
Echaporã,ECHAPORA,2951,2025,Janeiro,1,980359.27,579532.36,6185.91,2226.87,1225449.0875
Echaporã,ECHAPORA,2951,2025,Fevereiro,2,1043198.82,227861.31,7182.14,2393.05,1303998.525
Echaporã,ECHAPORA,2951,2025,Março,3,1065872.23,176649.54,8284.95,54.52,1332340.2874999999
Echaporã,ECHAPORA,2951,2025,Abril,4,1147974.12,143759.49,8825.16,3138.45,1434967.6500000001
Echaporã,ECHAPORA,2951,2025,Maio,5,1062692.87,143930.45,7002.51,5194.64,1328366.0875000001
Echaporã,ECHAPORA,2951,2025,Junho,6,805522.82,64070.92,9014.75,64.93,1006903.5249999999
Echaporã,ECHAPORA,2951,2025,Julho,7,1458499.84,70498.38,8328.24,4627.38,1823124.8
Echaporã,ECHAPORA,2951,2025,Agosto,8,1076195.86,50112.67,7357.03,0.0,1345244.825
Echaporã,ECHAPORA,2951,2025,Setembro,9,1299491.19,77502.62,8956.93,4486.72,1624363.9874999998
Echaporã,ECHAPORA,2951,2025,Outubro,10,1070851.6,36634.63,8923.74,56.13,1338564.5
Echaporã,ECHAPORA,2951,2025,Novembro,11,986592.37,34892.45,8212.72,2285.79,1233240.4625
Echaporã,ECHAPORA,2951,2025,Dezembro,12,1546667.1,70684.4,9433.83,4259.81,1933333.875
Eldorado,ELDORADO,2963,2025,Janeiro,1,1747512.53,635585.23,11126.41,4005.41,2184390.6625
Eldorado,ELDORADO,2963,2025,Fevereiro,2,1876371.71,281740.41,12918.32,4304.31,2345464.6374999997
Eldorado,ELDORADO,2963,2025,Março,3,1917153.71,257577.86,14901.91,98.06,2396442.1374999997
Eldorado,ELDORADO,2963,2025,Abril,4,2064828.03,237204.19,15873.55,5645.03,2581035.0375
Eldorado,ELDORADO,2963,2025,Maio,5,1911435.1,179089.74,12595.22,9343.45,2389293.875
Eldorado,ELDORADO,2963,2025,Junho,6,1448870.73,47335.71,16214.58,116.78,1811088.4124999999
Eldorado,ELDORADO,2963,2025,Julho,7,2623361.7,69234.86,14979.76,8323.13,3279202.125
Eldorado,ELDORADO,2963,2025,Agosto,8,1935722.53,72984.04,13232.88,0.0,2419653.1625
Eldorado,ELDORADO,2963,2025,Setembro,9,2337357.42,71789.11,16110.57,8070.13,2921696.775
Eldorado,ELDORADO,2963,2025,Outubro,10,1926109.97,81258.72,16050.87,100.95,2407637.4625
Eldorado,ELDORADO,2963,2025,Novembro,11,1774555.31,58666.99,14771.99,4111.38,2218194.1374999997
Eldorado,ELDORADO,2963,2025,Dezembro,12,2781945.63,92384.44,16968.35,7661.99,3477432.0374999996
Elias Fausto,ELIAS FAUSTO,2975,2025,Janeiro,1,2000474.98,1567112.0,12700.58,4572.09,2500593.7249999996
Elias Fausto,ELIAS FAUSTO,2975,2025,Fevereiro,2,2141840.65,506612.55,14746.0,4913.29,2677300.8124999995
Elias Fausto,ELIAS FAUSTO,2975,2025,Março,3,2188392.49,401407.9,17010.23,111.94,2735490.6125000003
Elias Fausto,ELIAS FAUSTO,2975,2025,Abril,4,2356959.76,376396.86,18119.34,6443.69,2946199.6999999997
Elias Fausto,ELIAS FAUSTO,2975,2025,Maio,5,2181864.81,323260.95,14377.19,10665.36,2727331.0124999997
Elias Fausto,ELIAS FAUSTO,2975,2025,Junho,6,1653856.86,107009.86,18508.62,133.31,2067321.075
Elias Fausto,ELIAS FAUSTO,2975,2025,Julho,7,2994514.74,190997.67,17099.1,9500.69,3743143.4250000003
Elias Fausto,ELIAS FAUSTO,2975,2025,Agosto,8,2209588.42,156332.75,15105.07,0.0,2761985.525
Elias Fausto,ELIAS FAUSTO,2975,2025,Setembro,9,2668046.59,187064.01,18389.89,9211.89,3335058.2375
Elias Fausto,ELIAS FAUSTO,2975,2025,Outubro,10,2198615.88,173177.7,18321.74,115.24,2748269.8499999996
Elias Fausto,ELIAS FAUSTO,2975,2025,Novembro,11,2025619.28,135793.69,16861.93,4693.06,2532024.1
Elias Fausto,ELIAS FAUSTO,2975,2025,Dezembro,12,3175535.11,201046.19,19369.04,8746.01,3969418.8874999997
Elisiário,ELISIARIO,7432,2025,Janeiro,1,351699.49,254514.33,2238.02,805.67,439624.3625
Elisiário,ELISIARIO,7432,2025,Fevereiro,2,377421.81,93961.31,2598.45,865.79,471777.26249999995
Elisiário,ELISIARIO,7432,2025,Março,3,385624.89,69906.18,2997.44,19.72,482031.1125
Elisiário,ELISIARIO,7432,2025,Abril,4,415328.76,75203.81,3192.88,1135.47,519160.95
Elisiário,ELISIARIO,7432,2025,Maio,5,384474.62,54349.5,2533.46,1879.38,480593.27499999997
Elisiário,ELISIARIO,7432,2025,Junho,6,291432.35,16534.4,3261.47,23.49,364290.43749999994
Elisiário,ELISIARIO,7432,2025,Julho,7,527674.72,18194.35,3013.1,1674.15,659593.3999999999
Elisiário,ELISIARIO,7432,2025,Agosto,8,389359.9,28047.6,2661.72,0.0,486699.875
Elisiário,ELISIARIO,7432,2025,Setembro,9,470146.54,17347.69,3240.55,1623.26,587683.1749999999
Elisiário,ELISIARIO,7432,2025,Outubro,10,387426.39,32161.77,3228.54,20.31,484282.9875
Elisiário,ELISIARIO,7432,2025,Novembro,11,356942.0,17219.3,2971.3,826.98,446177.5
Elisiário,ELISIARIO,7432,2025,Dezembro,12,559573.0,34490.53,3413.09,1541.17,699466.25
Embaúba,EMBAUBA,7237,2025,Janeiro,1,291170.14,151813.3,1844.68,664.07,363962.675
Embaúba,EMBAUBA,7237,2025,Fevereiro,2,311089.05,54294.89,2141.76,713.62,388861.31249999994
Embaúba,EMBAUBA,7237,2025,Março,3,317850.41,43556.4,2470.63,16.26,397313.01249999995
Embaúba,EMBAUBA,7237,2025,Abril,4,342333.76,32233.65,2631.72,935.91,427917.2
Embaúba,EMBAUBA,7237,2025,Maio,5,316902.31,30619.83,2088.2,1549.08,396127.88749999995
Embaúba,EMBAUBA,7237,2025,Junho,6,240212.43,4013.66,2688.26,19.36,300265.5375
Embaúba,EMBAUBA,7237,2025,Julho,7,434934.66,11305.71,2483.54,1379.92,543668.325
Embaúba,EMBAUBA,7237,2025,Agosto,8,320928.99,22296.76,2193.92,0.0,401161.2375
Embaúba,EMBAUBA,7237,2025,Setembro,9,387517.19,22618.27,2671.02,1337.97,484396.4875
Embaúba,EMBAUBA,7237,2025,Outubro,10,319335.3,14047.44,2661.12,16.74,399169.12499999994
Embaúba,EMBAUBA,7237,2025,Novembro,11,294208.62,8775.65,2449.09,681.64,367760.77499999997
Embaúba,EMBAUBA,7237,2025,Dezembro,12,461226.74,23086.82,2813.23,1270.3,576533.4249999999
Embu,EMBU,2987,2025,Janeiro,1,24622926.53,16688133.51,155375.65,55933.81,30778658.1625
Embu,EMBU,2987,2025,Fevereiro,2,26202736.93,7035568.78,180398.8,60107.9,32753421.162499998
Embu,EMBU,2987,2025,Março,3,26772240.35,6087458.61,208098.83,1369.4,33465300.4375
Embu,EMBU,2987,2025,Abril,4,28834449.65,5297047.97,221667.44,78830.49,36043062.06249999
Embu,EMBU,2987,2025,Maio,5,26692382.35,4849228.56,175886.94,130477.34,33365477.9375
Embu,EMBU,2987,2025,Junho,6,20232866.57,1899670.71,226429.73,1630.85,25291083.2125
Embu,EMBU,2987,2025,Julho,7,36634136.03,2470125.1,209186.01,116229.04,45792670.0375
Embu,EMBU,2987,2025,Agosto,8,27031545.97,2680534.46,184791.61,0.0,33789432.4625
Embu,EMBU,2987,2025,Setembro,9,32640207.25,2342754.1,224977.27,112695.9,40800259.0625
Embu,EMBU,2987,2025,Outubro,10,26897310.68,2281226.65,224143.59,1409.76,33621638.349999994
Embu,EMBU,2987,2025,Novembro,11,24780914.02,1570852.58,206284.6,57413.69,30976142.525
Embu,EMBU,2987,2025,Dezembro,12,38848693.44,2756935.32,236955.89,106996.51,48560866.8
Embu-Guaçu,EMBU GUACU,2999,2025,Janeiro,1,2657163.73,4118067.9,16832.61,6059.59,3321454.6624999996
Embu-Guaçu,EMBU GUACU,2999,2025,Fevereiro,2,2838672.14,1908362.22,19543.49,6511.79,3548340.175
Embu-Guaçu,EMBU GUACU,2999,2025,Março,3,2900369.26,1557185.55,22544.38,148.35,3625461.5749999997
Embu-Guaçu,EMBU GUACU,2999,2025,Abril,4,3123778.6,1424145.01,24014.33,8540.1,3904723.25
Embu-Guaçu,EMBU GUACU,2999,2025,Maio,5,2891717.85,1215426.17,19054.7,14135.26,3614647.3125
Embu-Guaçu,EMBU GUACU,2999,2025,Junho,6,2191926.55,461577.8,24530.25,176.68,2739908.1874999995
Embu-Guaçu,EMBU GUACU,2999,2025,Julho,7,3968757.22,541274.0,22662.16,12591.67,4960946.525
Embu-Guaçu,EMBU GUACU,2999,2025,Agosto,8,2928461.12,541734.88,20019.39,0.0,3660576.4
Embu-Guaçu,EMBU GUACU,2999,2025,Setembro,9,3536075.15,564730.36,24372.9,12208.9,4420093.9375
Embu-Guaçu,EMBU GUACU,2999,2025,Outubro,10,2913918.75,512111.53,24282.58,152.73,3642398.4375
Embu-Guaçu,EMBU GUACU,2999,2025,Novembro,11,2684639.03,392774.44,22347.83,6219.91,3355798.7874999996
Embu-Guaçu,EMBU GUACU,2999,2025,Dezembro,12,4208671.18,596980.58,25670.6,11591.46,5260838.975
Emilianópolis,EMILIANOPOLIS,7444,2025,Janeiro,1,361652.4,259302.34,2284.67,822.46,452065.5
Emilianópolis,EMILIANOPOLIS,7444,2025,Fevereiro,2,385288.85,92215.36,2652.61,883.84,481611.06249999994
Emilianópolis,EMILIANOPOLIS,7444,2025,Março,3,393662.91,67325.18,3059.92,20.14,492078.63749999995
Emilianópolis,EMILIANOPOLIS,7444,2025,Abril,4,423985.93,55748.19,3259.43,1159.14,529982.4125
Emilianópolis,EMILIANOPOLIS,7444,2025,Maio,5,392488.67,57975.27,2586.27,1918.56,490610.83749999997
Emilianópolis,EMILIANOPOLIS,7444,2025,Junho,6,297507.01,20224.39,3329.46,23.98,371883.7625
Emilianópolis,EMILIANOPOLIS,7444,2025,Julho,7,538673.65,26366.67,3075.9,1709.05,673342.0625
Emilianópolis,EMILIANOPOLIS,7444,2025,Agosto,8,397475.78,16527.87,2717.2,0.0,496844.72500000003
Emilianópolis,EMILIANOPOLIS,7444,2025,Setembro,9,479946.35,15216.59,3308.1,1657.1,599932.9374999999
Emilianópolis,EMILIANOPOLIS,7444,2025,Outubro,10,395501.96,13053.35,3295.84,20.73,494377.45
Emilianópolis,EMILIANOPOLIS,7444,2025,Novembro,11,364382.16,16709.89,3033.24,844.22,455477.69999999995
Emilianópolis,EMILIANOPOLIS,7444,2025,Dezembro,12,571236.83,14743.91,3484.23,1573.29,714046.0374999999
Engenheiro Coelho,ENGENHEIRO COELHO,7456,2025,Janeiro,1,1209953.12,1867074.51,7659.93,2757.5,1512441.4000000001
Engenheiro Coelho,ENGENHEIRO COELHO,7456,2025,Fevereiro,2,1291779.76,738582.13,8893.56,2963.28,1614724.7
Engenheiro Coelho,ENGENHEIRO COELHO,7456,2025,Março,3,1319855.95,605399.61,10259.15,67.51,1649819.9374999998
Engenheiro Coelho,ENGENHEIRO COELHO,7456,2025,Abril,4,1421521.68,510777.28,10928.08,3886.3,1776902.0999999999
Engenheiro Coelho,ENGENHEIRO COELHO,7456,2025,Maio,5,1315919.0,456049.69,8671.12,6432.46,1644898.75
Engenheiro Coelho,ENGENHEIRO COELHO,7456,2025,Junho,6,997468.61,144226.8,11162.85,80.4,1246835.7625
Engenheiro Coelho,ENGENHEIRO COELHO,7456,2025,Julho,7,1806041.7,232646.66,10312.75,5730.02,2257552.125
Engenheiro Coelho,ENGENHEIRO COELHO,7456,2025,Agosto,8,1332639.57,195312.69,9110.12,0.0,1665799.4625
Engenheiro Coelho,ENGENHEIRO COELHO,7456,2025,Setembro,9,1609143.32,220879.31,11091.25,5555.84,2011429.15
Engenheiro Coelho,ENGENHEIRO COELHO,7456,2025,Outubro,10,1326021.85,202953.41,11050.15,69.5,1657527.3125
Engenheiro Coelho,ENGENHEIRO COELHO,7456,2025,Novembro,11,1221684.72,163066.53,10169.71,2830.46,1527105.9
Engenheiro Coelho,ENGENHEIRO COELHO,7456,2025,Dezembro,12,1915218.1,230389.67,11681.79,5274.87,2394022.625
Espírito Santo do Pinhal,ESPIRITO SANTO DO PINHAL,5307,2025,Janeiro,1,2630702.43,5301398.64,16660.02,5997.46,3288378.0375
Espírito Santo do Pinhal,ESPIRITO SANTO DO PINHAL,5307,2025,Fevereiro,2,2809566.28,1927491.78,19343.11,6445.02,3511957.8499999996
Espírito Santo do Pinhal,ESPIRITO SANTO DO PINHAL,5307,2025,Março,3,2870630.8,1412182.93,22313.22,146.83,3588288.4999999995
Espírito Santo do Pinhal,ESPIRITO SANTO DO PINHAL,5307,2025,Abril,4,3091749.45,1292609.41,23768.1,8452.53,3864686.8125
Espírito Santo do Pinhal,ESPIRITO SANTO DO PINHAL,5307,2025,Maio,5,2862068.1,1159182.45,18859.33,13990.32,3577585.125
Espírito Santo do Pinhal,ESPIRITO SANTO DO PINHAL,5307,2025,Junho,6,2169451.99,387874.14,24278.74,174.87,2711814.9875000003
Espírito Santo do Pinhal,ESPIRITO SANTO DO PINHAL,5307,2025,Julho,7,3928064.22,353557.5,22429.79,12462.56,4910080.275
Espírito Santo do Pinhal,ESPIRITO SANTO DO PINHAL,5307,2025,Agosto,8,2898434.63,372399.36,19814.12,0.0,3623043.2874999996
Espírito Santo do Pinhal,ESPIRITO SANTO DO PINHAL,5307,2025,Setembro,9,3499818.58,366704.44,24123.0,12083.72,4374773.225
Espírito Santo do Pinhal,ESPIRITO SANTO DO PINHAL,5307,2025,Outubro,10,2884041.36,302903.81,24033.61,151.16,3605051.6999999997
Espírito Santo do Pinhal,ESPIRITO SANTO DO PINHAL,5307,2025,Novembro,11,2657112.52,238528.47,22118.69,6156.13,3321390.65
Espírito Santo do Pinhal,ESPIRITO SANTO DO PINHAL,5307,2025,Dezembro,12,4165518.26,481344.97,25407.39,11472.61,5206897.824999999
Espírito Santo do Turvo,ESPIRITO SANTO DO TURVO,7249,2025,Janeiro,1,626531.28,283096.69,3964.31,1427.11,783164.1
Espírito Santo do Turvo,ESPIRITO SANTO DO TURVO,7249,2025,Fevereiro,2,668545.71,108546.99,4602.76,1533.61,835682.1375
Espírito Santo do Turvo,ESPIRITO SANTO DO TURVO,7249,2025,Março,3,683076.22,87920.61,5309.51,34.94,853845.2749999999
Espírito Santo do Turvo,ESPIRITO SANTO DO TURVO,7249,2025,Abril,4,735692.14,70112.54,5655.7,2011.31,919615.1749999999
Espírito Santo do Turvo,ESPIRITO SANTO DO TURVO,7249,2025,Maio,5,681038.7,56361.84,4487.64,3329.04,851298.3749999999
Espírito Santo do Turvo,ESPIRITO SANTO DO TURVO,7249,2025,Junho,6,516228.37,18867.62,5777.21,41.61,645285.4624999999
Espírito Santo do Turvo,ESPIRITO SANTO DO TURVO,7249,2025,Julho,7,934696.05,24632.12,5337.24,2965.51,1168370.0625
Espírito Santo do Turvo,ESPIRITO SANTO DO TURVO,7249,2025,Agosto,8,689692.23,34421.24,4714.84,0.0,862115.2875
Espírito Santo do Turvo,ESPIRITO SANTO DO TURVO,7249,2025,Setembro,9,832793.56,44486.49,5740.15,2875.36,1040991.9500000001
Espírito Santo do Turvo,ESPIRITO SANTO DO TURVO,7249,2025,Outubro,10,686267.31,15625.76,5718.88,35.97,857834.1375000001
Espírito Santo do Turvo,ESPIRITO SANTO DO TURVO,7249,2025,Novembro,11,632268.83,15736.06,5263.22,1464.87,790336.0374999999
Espírito Santo do Turvo,ESPIRITO SANTO DO TURVO,7249,2025,Dezembro,12,991199.03,40244.98,6045.77,2729.95,1238998.7874999999
Estiva Gerbi,ESTIVA GERBI,7468,2025,Janeiro,1,743007.58,1055220.49,4688.43,1687.79,928759.4749999999
Estiva Gerbi,ESTIVA GERBI,7468,2025,Fevereiro,2,790662.59,421005.58,5443.5,1813.74,988328.2374999999
Estiva Gerbi,ESTIVA GERBI,7468,2025,Março,3,807847.25,379426.78,6279.34,41.32,1009809.0625
Estiva Gerbi,ESTIVA GERBI,7468,2025,Abril,4,870074.02,296101.33,6688.77,2378.7,1087592.525
Estiva Gerbi,ESTIVA GERBI,7468,2025,Maio,5,805437.55,328002.45,5307.35,3937.13,1006796.9375
Estiva Gerbi,ESTIVA GERBI,7468,2025,Junho,6,610522.89,78934.09,6832.47,49.21,763153.6124999999
Estiva Gerbi,ESTIVA GERBI,7468,2025,Julho,7,1105428.07,161733.56,6312.15,3507.19,1381785.0875
Estiva Gerbi,ESTIVA GERBI,7468,2025,Agosto,8,815671.74,116561.95,5576.05,0.0,1019589.6749999999
Estiva Gerbi,ESTIVA GERBI,7468,2025,Setembro,9,984912.03,139053.32,6788.65,3400.58,1231140.0374999999
Estiva Gerbi,ESTIVA GERBI,7468,2025,Outubro,10,811621.22,154781.84,6763.49,42.54,1014526.5249999999
Estiva Gerbi,ESTIVA GERBI,7468,2025,Novembro,11,747759.35,99965.06,6224.6,1732.45,934699.1874999999
Estiva Gerbi,ESTIVA GERBI,7468,2025,Dezembro,12,1172251.91,166122.18,7150.1,3228.6,1465314.8874999997
Estrela D'Oeste,ESTRELA DOESTE,3013,2025,Janeiro,1,1585001.09,1013429.97,9978.27,3592.09,1981251.3625
Estrela D'Oeste,ESTRELA DOESTE,3013,2025,Fevereiro,2,1682747.54,361891.69,11585.26,3860.15,2103434.425
Estrela D'Oeste,ESTRELA DOESTE,3013,2025,Março,3,1719321.21,363488.04,13364.17,87.94,2149151.5124999997
Estrela D'Oeste,ESTRELA DOESTE,3013,2025,Abril,4,1851756.91,276322.56,14235.55,5062.52,2314696.1374999997
Estrela D'Oeste,ESTRELA DOESTE,3013,2025,Maio,5,1714192.71,302419.23,11295.51,8379.29,2142740.8874999997
Estrela D'Oeste,ESTRELA DOESTE,3013,2025,Junho,6,1299360.69,60251.36,14541.38,104.73,1624200.8624999998
Estrela D'Oeste,ESTRELA DOESTE,3013,2025,Julho,7,2352655.08,153704.2,13433.99,7464.26,2940818.85
Estrela D'Oeste,ESTRELA DOESTE,3013,2025,Agosto,8,1735973.9,173754.08,11867.37,0.0,2169967.3749999995
Estrela D'Oeste,ESTRELA DOESTE,3013,2025,Setembro,9,2096163.79,197997.84,14448.11,7237.36,2620204.7375
Estrela D'Oeste,ESTRELA DOESTE,3013,2025,Outubro,10,1727353.27,117619.79,14394.57,90.54,2159191.5875
Estrela D'Oeste,ESTRELA DOESTE,3013,2025,Novembro,11,1591437.65,97364.59,13247.66,3687.12,1989297.0624999998
Estrela D'Oeste,ESTRELA DOESTE,3013,2025,Dezembro,12,2494874.61,138019.78,15217.38,6871.35,3118593.2624999997
Estrela do Norte,ESTRELA DO NORTE,3001,2025,Janeiro,1,405548.73,143836.16,2569.86,925.12,506935.9125
Estrela do Norte,ESTRELA DO NORTE,3001,2025,Fevereiro,2,433383.73,63068.73,2983.73,994.16,541729.6625
Estrela do Norte,ESTRELA DO NORTE,3001,2025,Março,3,442803.11,48494.39,3441.88,22.65,553503.8875
Estrela do Norte,ESTRELA DO NORTE,3001,2025,Abril,4,476911.3,42965.32,3666.3,1303.83,596139.125
Estrela do Norte,ESTRELA DO NORTE,3001,2025,Maio,5,441482.29,45713.71,2909.11,2158.05,551852.8624999999
Estrela do Norte,ESTRELA DO NORTE,3001,2025,Junho,6,334644.25,10907.11,3745.07,26.97,418305.3125
Estrela do Norte,ESTRELA DO NORTE,3001,2025,Julho,7,605915.27,13475.87,3459.86,1922.39,757394.0875
Estrela do Norte,ESTRELA DO NORTE,3001,2025,Agosto,8,447091.93,21006.75,3056.39,0.0,558864.9125
Estrela do Norte,ESTRELA DO NORTE,3001,2025,Setembro,9,539857.15,14744.02,3721.04,1863.95,674821.4375
Estrela do Norte,ESTRELA DO NORTE,3001,2025,Outubro,10,444871.73,16702.38,3707.25,23.32,556089.6625
Estrela do Norte,ESTRELA DO NORTE,3001,2025,Novembro,11,409867.3,4770.31,3411.87,949.6,512334.12499999994
Estrela do Norte,ESTRELA DO NORTE,3001,2025,Dezembro,12,642543.25,22311.51,3919.16,1769.68,803179.0625
Euclides da Cunha Paulista,EUCLIDES DA CUNHA PAULISTA,7250,2025,Janeiro,1,821588.5,387423.3,5188.43,1867.79,1026985.625
Euclides da Cunha Paulista,EUCLIDES DA CUNHA PAULISTA,7250,2025,Fevereiro,2,874982.85,182805.62,6024.02,2007.17,1093728.5625
Euclides da Cunha Paulista,EUCLIDES DA CUNHA PAULISTA,7250,2025,Março,3,894000.17,139076.73,6949.0,45.73,1117500.2125
Euclides da Cunha Paulista,EUCLIDES DA CUNHA PAULISTA,7250,2025,Abril,4,962863.12,143444.6,7402.1,2632.37,1203578.9
Euclides da Cunha Paulista,EUCLIDES DA CUNHA PAULISTA,7250,2025,Maio,5,891333.49,95076.34,5873.36,4357.0,1114166.8624999998
Euclides da Cunha Paulista,EUCLIDES DA CUNHA PAULISTA,7250,2025,Junho,6,675632.14,44931.07,7561.12,54.46,844540.1749999999
Euclides da Cunha Paulista,EUCLIDES DA CUNHA PAULISTA,7250,2025,Julho,7,1223316.52,33273.66,6985.31,3881.21,1529145.65
Euclides da Cunha Paulista,EUCLIDES DA CUNHA PAULISTA,7250,2025,Agosto,8,902659.11,39316.22,6170.71,0.0,1128323.8875
Euclides da Cunha Paulista,EUCLIDES DA CUNHA PAULISTA,7250,2025,Setembro,9,1089948.04,42339.32,7512.62,3763.23,1362435.05
Euclides da Cunha Paulista,EUCLIDES DA CUNHA PAULISTA,7250,2025,Outubro,10,898176.62,47516.98,7484.78,47.08,1122720.775
Euclides da Cunha Paulista,EUCLIDES DA CUNHA PAULISTA,7250,2025,Novembro,11,827504.2,35547.39,6888.42,1917.2,1034380.2499999999
Euclides da Cunha Paulista,EUCLIDES DA CUNHA PAULISTA,7250,2025,Dezembro,12,1297266.8,62809.23,7912.62,3572.91,1621583.5
Fartura,FARTURA,3025,2025,Janeiro,1,1721555.7,1473050.87,10901.77,3924.54,2151944.625
Fartura,FARTURA,3025,2025,Fevereiro,2,1838488.01,677694.26,12657.5,4217.41,2298110.0124999997
Fartura,FARTURA,3025,2025,Março,3,1878446.63,493326.03,14601.04,96.08,2348058.2874999996
Fartura,FARTURA,3025,2025,Abril,4,2023139.42,484012.45,15553.07,5531.06,2528924.275
Fartura,FARTURA,3025,2025,Maio,5,1872843.48,391474.06,12340.93,9154.81,2341054.3499999996
Fartura,FARTURA,3025,2025,Junho,6,1419618.21,101241.63,15887.21,114.43,1774522.7625
Fartura,FARTURA,3025,2025,Julho,7,2570396.37,162420.3,14677.32,8155.09,3212995.4625
Fartura,FARTURA,3025,2025,Agosto,8,1896640.54,144548.42,12965.71,0.0,2370800.675
Fartura,FARTURA,3025,2025,Setembro,9,2290166.48,170919.54,15785.3,7907.19,2862708.0999999996
Fartura,FARTURA,3025,2025,Outubro,10,1887222.06,208611.75,15726.8,98.91,2359027.5749999997
Fartura,FARTURA,3025,2025,Novembro,11,1738727.27,127316.67,14473.75,4028.37,2173409.0875
Fartura,FARTURA,3025,2025,Dezembro,12,2725778.51,179519.26,16625.77,7507.3,3407223.1374999997
Fernando Prestes,FERNANDO PRESTES,3037,2025,Janeiro,1,643530.25,910059.12,4080.89,1469.08,804412.8125
Fernando Prestes,FERNANDO PRESTES,3037,2025,Fevereiro,2,688206.05,229656.66,4738.11,1578.71,860257.5625
Fernando Prestes,FERNANDO PRESTES,3037,2025,Março,3,703163.86,210958.74,5465.65,35.97,878954.825
Fernando Prestes,FERNANDO PRESTES,3037,2025,Abril,4,757327.09,185856.92,5822.02,2070.46,946658.8624999999
Fernando Prestes,FERNANDO PRESTES,3037,2025,Maio,5,701066.42,178121.12,4619.61,3426.94,876333.025
Fernando Prestes,FERNANDO PRESTES,3037,2025,Junho,6,531409.42,54622.59,5947.1,42.83,664261.775
Fernando Prestes,FERNANDO PRESTES,3037,2025,Julho,7,962183.23,88449.22,5494.2,3052.72,1202729.0374999999
Fernando Prestes,FERNANDO PRESTES,3037,2025,Agosto,8,709974.44,117193.03,4853.49,0.0,887468.0499999999
Fernando Prestes,FERNANDO PRESTES,3037,2025,Setembro,9,857284.03,98011.95,5908.95,2959.92,1071605.0374999999
Fernando Prestes,FERNANDO PRESTES,3037,2025,Outubro,10,706448.79,67327.36,5887.06,37.03,883060.9875
Fernando Prestes,FERNANDO PRESTES,3037,2025,Novembro,11,650862.35,81645.74,5418.0,1507.95,813577.9374999999
Fernando Prestes,FERNANDO PRESTES,3037,2025,Dezembro,12,1020347.83,77567.94,6223.57,2810.23,1275434.7874999999
Fernandópolis,FERNANDOPOLIS,3049,2025,Janeiro,1,3205972.88,8786476.83,20188.2,7267.57,4007466.0999999996
Fernandópolis,FERNANDOPOLIS,3049,2025,Fevereiro,2,3404561.73,3759735.98,23439.49,7809.91,4255702.1625
Fernandópolis,FERNANDOPOLIS,3049,2025,Março,3,3478558.18,2985921.36,27038.6,177.93,4348197.725
Fernandópolis,FERNANDOPOLIS,3049,2025,Abril,4,3746504.2,2522859.85,28801.59,10242.57,4683130.25
Fernandópolis,FERNANDOPOLIS,3049,2025,Maio,5,3468182.11,2338887.9,22853.26,16953.12,4335227.637499999
Fernandópolis,FERNANDOPOLIS,3049,2025,Junho,6,2628887.34,750948.64,29420.36,211.9,3286109.175
Fernandópolis,FERNANDOPOLIS,3049,2025,Julho,7,4759929.39,976202.21,27179.86,15101.82,5949911.737499999
Fernandópolis,FERNANDOPOLIS,3049,2025,Agosto,8,3512250.16,907501.5,24010.26,0.0,4390312.7
Fernandópolis,FERNANDOPOLIS,3049,2025,Setembro,9,4240992.11,1020462.02,29231.64,14642.75,5301240.1375
Fernandópolis,FERNANDOPOLIS,3049,2025,Outubro,10,3494808.76,863255.48,29123.32,183.17,4368510.949999999
Fernandópolis,FERNANDOPOLIS,3049,2025,Novembro,11,3219822.1,754436.87,26802.87,7459.85,4024777.625
Fernandópolis,FERNANDOPOLIS,3049,2025,Dezembro,12,5047670.23,1195359.04,30788.04,13902.22,6309587.787500001
Fernão,FERNAO,7869,2025,Janeiro,1,272140.42,119144.77,1722.78,620.19,340175.52499999997
Fernão,FERNAO,7869,2025,Fevereiro,2,290532.42,43821.41,2000.24,666.47,363165.52499999997
Fernão,FERNAO,7869,2025,Março,3,296847.0,33185.21,2307.37,15.18,371058.75
Fernão,FERNAO,7869,2025,Abril,4,319712.5,23020.99,2457.82,874.06,399640.625
Fernão,FERNAO,7869,2025,Maio,5,295961.55,27392.27,1950.21,1446.72,369951.93749999994
Fernão,FERNAO,7869,2025,Junho,6,224339.3,7290.46,2510.62,18.08,280424.12499999994
Fernão,FERNAO,7869,2025,Julho,7,406194.37,14266.31,2319.43,1288.73,507742.96249999997
Fernão,FERNAO,7869,2025,Agosto,8,299722.15,9867.79,2048.94,0.0,374652.6875
Fernão,FERNAO,7869,2025,Setembro,9,361910.23,12015.26,2494.52,1249.56,452387.7875
Fernão,FERNAO,7869,2025,Outubro,10,298233.76,6978.96,2485.27,15.63,372792.2
Fernão,FERNAO,7869,2025,Novembro,11,274767.44,7479.86,2287.26,636.6,343459.3
Fernão,FERNAO,7869,2025,Dezembro,12,430749.09,13764.25,2627.34,1186.36,538436.3625
Ferraz de Vasconcelos,FERRAZ DE VASCONCELOS,3050,2025,Janeiro,1,5719609.14,7863999.31,36102.21,12996.47,7149511.424999999
Ferraz de Vasconcelos,FERRAZ DE VASCONCELOS,3050,2025,Fevereiro,2,6088320.74,4095819.14,41916.45,13966.33,7610400.925
Ferraz de Vasconcelos,FERRAZ DE VASCONCELOS,3050,2025,Março,3,6220647.36,3243673.25,48352.67,318.19,7775809.2
Ferraz de Vasconcelos,FERRAZ DE VASCONCELOS,3050,2025,Abril,4,6699810.73,2916673.51,51505.4,18316.61,8374763.412500001
Ferraz de Vasconcelos,FERRAZ DE VASCONCELOS,3050,2025,Maio,5,6202092.0,2489130.06,40868.1,30316.98,7752615.0
Ferraz de Vasconcelos,FERRAZ DE VASCONCELOS,3050,2025,Junho,6,4701195.21,877002.22,52611.94,378.93,5876494.012499999
Ferraz de Vasconcelos,FERRAZ DE VASCONCELOS,3050,2025,Julho,7,8512102.03,1181815.57,48605.29,27006.33,10640127.537499998
Ferraz de Vasconcelos,FERRAZ DE VASCONCELOS,3050,2025,Agosto,8,6280898.15,1091178.07,42937.14,0.0,7851122.6875
Ferraz de Vasconcelos,FERRAZ DE VASCONCELOS,3050,2025,Setembro,9,7584095.18,1262106.31,52274.45,26185.39,9480118.975
Ferraz de Vasconcelos,FERRAZ DE VASCONCELOS,3050,2025,Outubro,10,6249708.0,1193425.13,52080.74,327.56,7812135.0
Ferraz de Vasconcelos,FERRAZ DE VASCONCELOS,3050,2025,Novembro,11,5757953.96,908529.26,47931.13,13340.32,7197442.449999999
Ferraz de Vasconcelos,FERRAZ DE VASCONCELOS,3050,2025,Dezembro,12,9026664.15,1452110.83,55057.74,24861.11,11283330.1875
Flora Rica,FLORA RICA,3062,2025,Janeiro,1,335299.46,105421.68,2120.49,763.36,419124.325
Flora Rica,FLORA RICA,3062,2025,Fevereiro,2,357601.81,40529.17,2461.99,820.32,447002.26249999995
Flora Rica,FLORA RICA,3062,2025,Março,3,365374.11,29190.15,2840.03,18.69,456717.63749999995
Flora Rica,FLORA RICA,3062,2025,Abril,4,393518.11,28111.39,3025.21,1075.84,491897.63749999995
Flora Rica,FLORA RICA,3062,2025,Maio,5,364284.25,24367.9,2400.42,1780.69,455355.3125
Flora Rica,FLORA RICA,3062,2025,Junho,6,276128.02,5241.45,3090.2,22.26,345160.025
Flora Rica,FLORA RICA,3062,2025,Julho,7,499964.32,15334.39,2854.87,1586.24,624955.4
Flora Rica,FLORA RICA,3062,2025,Agosto,8,368912.98,9356.99,2521.94,0.0,461141.225
Flora Rica,FLORA RICA,3062,2025,Setembro,9,445457.18,7799.3,3070.38,1538.02,556821.475
Flora Rica,FLORA RICA,3062,2025,Outubro,10,367081.01,8211.04,3059.0,19.24,458851.2625
Flora Rica,FLORA RICA,3062,2025,Novembro,11,338197.49,8391.73,2815.27,783.55,422746.8625
Flora Rica,FLORA RICA,3062,2025,Dezembro,12,530187.49,10748.83,3233.86,1460.23,662734.3624999999
Floreal,FLOREAL,3074,2025,Janeiro,1,430901.45,279860.31,2728.35,982.18,538626.8125
Floreal,FLOREAL,3074,2025,Fevereiro,2,460112.79,110913.12,3167.75,1055.48,575140.9874999999
Floreal,FLOREAL,3074,2025,Março,3,470113.11,82009.97,3654.16,24.05,587641.3875
Floreal,FLOREAL,3074,2025,Abril,4,506324.93,85899.67,3892.42,1384.24,632906.1625
Floreal,FLOREAL,3074,2025,Maio,5,468710.82,72394.33,3088.53,2291.15,585888.525
Floreal,FLOREAL,3074,2025,Junho,6,355283.52,22231.12,3976.04,28.64,444104.4
Floreal,FLOREAL,3074,2025,Julho,7,643285.26,28999.08,3673.25,2040.95,804106.575
Floreal,FLOREAL,3074,2025,Agosto,8,474666.44,29650.82,3244.89,0.0,593333.0499999999
Floreal,FLOREAL,3074,2025,Setembro,9,573152.98,27903.34,3950.54,1978.91,716441.225
Floreal,FLOREAL,3074,2025,Outubro,10,472309.31,23245.57,3935.9,24.76,590386.6375
Floreal,FLOREAL,3074,2025,Novembro,11,435145.97,13915.11,3622.3,1008.17,543932.4624999999
Floreal,FLOREAL,3074,2025,Dezembro,12,682172.27,30980.62,4160.88,1878.83,852715.3375
Florínea,FLORINEA,3098,2025,Janeiro,1,789978.8,184828.92,4988.06,1795.66,987473.5
Florínea,FLORINEA,3098,2025,Fevereiro,2,841192.33,69798.96,5791.38,1929.66,1051490.4124999999
Florínea,FLORINEA,3098,2025,Março,3,859475.23,48836.98,6680.64,43.96,1074344.0374999999
Florínea,FLORINEA,3098,2025,Abril,4,925678.8,51206.49,7116.24,2530.71,1157098.5
Florínea,FLORINEA,3098,2025,Maio,5,856911.53,56568.75,5646.54,4188.74,1071139.4124999999
Florínea,FLORINEA,3098,2025,Junho,6,649540.25,15517.59,7269.12,52.36,811925.3125
Florínea,FLORINEA,3098,2025,Julho,7,1176073.87,16800.99,6715.55,3731.33,1470092.3375000001
Florínea,FLORINEA,3098,2025,Agosto,8,867799.78,13658.33,5932.41,0.0,1084749.7249999999
Florínea,FLORINEA,3098,2025,Setembro,9,1047855.88,20016.23,7222.5,3617.9,1309819.8499999999
Florínea,FLORINEA,3098,2025,Outubro,10,863490.39,13881.7,7195.73,45.26,1079362.9875
Florínea,FLORINEA,3098,2025,Novembro,11,795547.23,7880.14,6622.4,1843.16,994434.0375
Florínea,FLORINEA,3098,2025,Dezembro,12,1247168.31,19513.13,7607.05,3434.93,1558960.3875
Flórida Paulista,FLORIDA PAULISTA,3086,2025,Janeiro,1,867305.75,951096.81,5490.23,1976.43,1084132.1875
Flórida Paulista,FLORIDA PAULISTA,3086,2025,Fevereiro,2,925879.1,281057.05,6374.43,2123.93,1157348.875
Flórida Paulista,FLORIDA PAULISTA,3086,2025,Março,3,946002.62,240668.49,7353.21,48.39,1182503.275
Flórida Paulista,FLORIDA PAULISTA,3086,2025,Abril,4,1018871.21,228400.4,7832.66,2785.49,1273589.0125
Flórida Paulista,FLORIDA PAULISTA,3086,2025,Maio,5,943180.82,222167.61,6215.0,4610.44,1178976.025
Flórida Paulista,FLORIDA PAULISTA,3086,2025,Junho,6,714932.5,43794.43,8000.94,57.63,893665.625
Flórida Paulista,FLORIDA PAULISTA,3086,2025,Julho,7,1294474.73,94007.0,7391.63,4106.98,1618093.4124999999
Flórida Paulista,FLORIDA PAULISTA,3086,2025,Agosto,8,955165.23,93233.68,6529.65,0.0,1193956.5374999999
Flórida Paulista,FLORIDA PAULISTA,3086,2025,Setembro,9,1153348.43,101460.77,7949.62,3982.13,1441685.5374999999
Flórida Paulista,FLORIDA PAULISTA,3086,2025,Outubro,10,950422.0,68851.1,7920.16,49.81,1188027.5
Flórida Paulista,FLORIDA PAULISTA,3086,2025,Novembro,11,875638.69,61447.47,7289.11,2028.72,1094548.3624999998
Flórida Paulista,FLORIDA PAULISTA,3086,2025,Dezembro,12,1372726.57,106230.69,8372.89,3780.74,1715908.2125
Franca,FRANCA,3104,2025,Janeiro,1,14447458.09,45033126.34,91297.03,32866.09,18059322.612499997
Franca,FRANCA,3104,2025,Fevereiro,2,15396440.34,17516941.7,106000.35,35318.74,19245550.424999997
Franca,FRANCA,3104,2025,Março,3,15731074.29,13152918.6,122276.58,804.64,19663842.862499997
Franca,FRANCA,3104,2025,Abril,4,16942805.83,12226630.83,130249.35,46319.93,21178507.287499998
Franca,FRANCA,3104,2025,Maio,5,15684150.61,10648950.35,103349.23,76667.05,19605188.2625
Franca,FRANCA,3104,2025,Junho,6,11888610.11,4033361.11,133047.62,958.27,14860762.6375
Franca,FRANCA,3104,2025,Julho,7,21525815.85,4878361.36,122915.4,68294.91,26907269.8125
Franca,FRANCA,3104,2025,Agosto,8,15883439.43,5317465.37,108581.52,0.0,19854299.287499998
Franca,FRANCA,3104,2025,Setembro,9,19179027.18,5782234.68,132194.17,66218.87,23973783.974999998
Franca,FRANCA,3104,2025,Outubro,10,15804564.25,5714690.6,131704.31,828.36,19755705.3125
Franca,FRANCA,3104,2025,Novembro,11,14560992.82,4442162.09,121210.56,33735.65,18201241.025
Franca,FRANCA,3104,2025,Dezembro,12,22827065.46,6426957.89,139232.68,62869.97,28533831.825
Francisco Morato,FRANCISCO MORATO,3116,2025,Janeiro,1,3409162.25,5716839.72,21610.13,7779.45,4261452.8125
Francisco Morato,FRANCISCO MORATO,3116,2025,Fevereiro,2,3644357.57,2923170.56,25090.42,8359.99,4555446.962499999
Francisco Morato,FRANCISCO MORATO,3116,2025,Março,3,3723565.87,2387632.33,28943.03,190.46,4654457.337499999
Francisco Morato,FRANCISCO MORATO,3116,2025,Abril,4,4010384.31,2151223.47,30830.19,10963.99,5012980.3875
Francisco Morato,FRANCISCO MORATO,3116,2025,Maio,5,3712458.97,1807084.05,24462.9,18147.19,4640573.7125
Francisco Morato,FRANCISCO MORATO,3116,2025,Junho,6,2814049.57,653478.38,31492.55,226.82,3517561.9624999994
Francisco Morato,FRANCISCO MORATO,3116,2025,Julho,7,5095188.78,687016.44,29094.24,16165.49,6368985.975
Francisco Morato,FRANCISCO MORATO,3116,2025,Agosto,8,3759630.89,872331.75,25701.39,0.0,4699538.6125
Francisco Morato,FRANCISCO MORATO,3116,2025,Setembro,9,4539700.83,936875.66,31290.53,15674.09,5674626.0375
Francisco Morato,FRANCISCO MORATO,3116,2025,Outubro,10,3740961.04,915847.64,31174.58,196.07,4676201.3
Francisco Morato,FRANCISCO MORATO,3116,2025,Novembro,11,3446606.05,709433.9,28690.7,7985.27,4308257.562499999
Francisco Morato,FRANCISCO MORATO,3116,2025,Dezembro,12,5403196.26,1117007.02,32956.56,14881.4,6753995.324999999
Franco da Rocha,FRANCO DA ROCHA,3128,2025,Janeiro,1,5357189.94,7510662.23,33950.27,12221.79,6696487.425
Franco da Rocha,FRANCO DA ROCHA,3128,2025,Fevereiro,2,5725413.76,3693784.54,39417.94,13133.84,7156767.199999999
Franco da Rocha,FRANCO DA ROCHA,3128,2025,Março,3,5849852.77,3118983.45,45470.51,299.22,7312315.962499999
Franco da Rocha,FRANCO DA ROCHA,3128,2025,Abril,4,6300454.61,2781227.27,48435.32,17224.81,7875568.2625
Franco da Rocha,FRANCO DA ROCHA,3128,2025,Maio,5,5832403.45,2348016.75,38432.07,28509.88,7290504.3125
Franco da Rocha,FRANCO DA ROCHA,3128,2025,Junho,6,4420970.72,850748.2,49475.9,356.35,5526213.399999999
Franco da Rocha,FRANCO DA ROCHA,3128,2025,Julho,7,8004720.54,966590.8,45708.07,25396.56,10005900.674999999
Franco da Rocha,FRANCO DA ROCHA,3128,2025,Agosto,8,5906512.19,961986.5,40377.78,0.0,7383140.2375
Franco da Rocha,FRANCO DA ROCHA,3128,2025,Setembro,9,7132029.46,1089176.71,49158.53,24624.55,8915036.825
Franco da Rocha,FRANCO DA ROCHA,3128,2025,Outubro,10,5877181.19,1082946.3,48976.36,308.04,7346476.4875
Franco da Rocha,FRANCO DA ROCHA,3128,2025,Novembro,11,5414739.17,861649.04,45074.1,12545.14,6768423.962499999
Franco da Rocha,FRANCO DA ROCHA,3128,2025,Dezembro,12,8488611.11,1265128.02,51775.91,23379.21,10610763.8875
Gabriel Monteiro,GABRIEL MONTEIRO,3130,2025,Janeiro,1,379371.98,360046.23,2403.59,865.27,474214.975
Gabriel Monteiro,GABRIEL MONTEIRO,3130,2025,Fevereiro,2,405344.71,127797.4,2790.69,929.84,506680.8875
Gabriel Monteiro,GABRIEL MONTEIRO,3130,2025,Março,3,414154.68,81911.88,3219.2,21.18,517693.35
Gabriel Monteiro,GABRIEL MONTEIRO,3130,2025,Abril,4,446056.14,77631.15,3429.1,1219.47,557570.1749999999
Gabriel Monteiro,GABRIEL MONTEIRO,3130,2025,Maio,5,412919.31,92678.33,2720.89,2018.43,516149.13749999995
Gabriel Monteiro,GABRIEL MONTEIRO,3130,2025,Junho,6,312993.47,21510.14,3502.77,25.23,391241.83749999997
Gabriel Monteiro,GABRIEL MONTEIRO,3130,2025,Julho,7,566713.83,57350.01,3236.01,1798.01,708392.2874999999
Gabriel Monteiro,GABRIEL MONTEIRO,3130,2025,Agosto,8,418166.02,40021.54,2858.64,0.0,522707.525
Gabriel Monteiro,GABRIEL MONTEIRO,3130,2025,Setembro,9,504929.52,52457.7,3480.3,1743.36,631161.9
Gabriel Monteiro,GABRIEL MONTEIRO,3130,2025,Outubro,10,416089.46,98569.52,3467.4,21.81,520111.825
Gabriel Monteiro,GABRIEL MONTEIRO,3130,2025,Novembro,11,383349.74,16255.09,3191.13,888.16,479187.175
Gabriel Monteiro,GABRIEL MONTEIRO,3130,2025,Dezembro,12,600972.05,65589.28,3665.6,1655.19,751215.0625
Garça,GARCA,3153,2025,Janeiro,1,2575573.66,4175640.11,16278.24,5860.02,3219467.075
Garça,GARCA,3153,2025,Fevereiro,2,2745182.13,1755100.77,18899.84,6297.32,3431477.6624999996
Garça,GARCA,3153,2025,Março,3,2804847.3,1394064.95,21801.89,143.47,3506059.1249999995
Garça,GARCA,3153,2025,Abril,4,3020898.78,1184534.88,23223.43,8258.83,3776123.4749999996
Garça,GARCA,3153,2025,Maio,5,2796480.81,1106492.18,18427.15,13669.72,3495601.0124999997
Garça,GARCA,3153,2025,Junho,6,2119736.73,323016.1,23722.36,170.86,2649670.9124999996
Garça,GARCA,3153,2025,Julho,7,3838048.52,505741.47,21915.79,12176.97,4797560.649999999
Garça,GARCA,3153,2025,Agosto,8,2832013.97,529522.43,19360.06,0.0,3540017.4625
Garça,GARCA,3153,2025,Setembro,9,3419616.58,443460.16,23570.19,11806.81,4274520.725
Garça,GARCA,3153,2025,Outubro,10,2817950.54,401294.18,23482.85,147.7,3522438.175
Garça,GARCA,3153,2025,Novembro,11,2596222.01,313810.92,21611.82,6015.06,3245277.5124999997
Garça,GARCA,3153,2025,Dezembro,12,4070061.06,510612.38,24825.16,11209.7,5087576.325
Gastão Vidigal,GASTAO VIDIGAL,3165,2025,Janeiro,1,438357.35,260510.78,2785.72,1002.83,547946.6874999999
Gastão Vidigal,GASTAO VIDIGAL,3165,2025,Fevereiro,2,469786.92,102772.91,3234.36,1077.67,587233.6499999999
Gastão Vidigal,GASTAO VIDIGAL,3165,2025,Março,3,479997.5,64101.54,3730.99,24.55,599996.875
Gastão Vidigal,GASTAO VIDIGAL,3165,2025,Abril,4,516970.7,60989.03,3974.26,1413.35,646213.375
Gastão Vidigal,GASTAO VIDIGAL,3165,2025,Maio,5,478565.73,49482.18,3153.46,2339.32,598207.1625
Gastão Vidigal,GASTAO VIDIGAL,3165,2025,Junho,6,362753.56,19065.18,4059.64,29.24,453441.94999999995
Gastão Vidigal,GASTAO VIDIGAL,3165,2025,Julho,7,656810.7,23191.92,3750.48,2083.86,821013.3749999999
Gastão Vidigal,GASTAO VIDIGAL,3165,2025,Agosto,8,484646.57,29960.68,3313.12,0.0,605808.2125
Gastão Vidigal,GASTAO VIDIGAL,3165,2025,Setembro,9,585203.84,25315.93,4033.6,2020.52,731504.7999999999
Gastão Vidigal,GASTAO VIDIGAL,3165,2025,Outubro,10,482239.88,29799.39,4018.65,25.28,602799.85
Gastão Vidigal,GASTAO VIDIGAL,3165,2025,Novembro,11,444295.16,19605.09,3698.46,1029.37,555368.95
Gastão Vidigal,GASTAO VIDIGAL,3165,2025,Dezembro,12,696515.33,32608.51,4248.36,1918.33,870644.1624999999
Gavião Peixoto,GAVIAO PEIXOTO,7870,2025,Janeiro,1,1846019.64,470619.45,11509.21,4143.21,2307524.55
Gavião Peixoto,GAVIAO PEIXOTO,7870,2025,Fevereiro,2,1940926.41,130324.24,13362.76,4452.4,2426158.0124999997
Gavião Peixoto,GAVIAO PEIXOTO,7870,2025,Março,3,1983111.48,114386.8,15414.59,101.44,2478889.3499999996
Gavião Peixoto,GAVIAO PEIXOTO,7870,2025,Abril,4,2135866.38,97639.41,16419.67,5839.24,2669832.9749999996
Gavião Peixoto,GAVIAO PEIXOTO,7870,2025,Maio,5,1977196.12,67039.13,13028.55,9664.9,2471495.15
Gavião Peixoto,GAVIAO PEIXOTO,7870,2025,Junho,6,1498717.68,22823.85,16772.43,120.8,1873397.0999999999
Gavião Peixoto,GAVIAO PEIXOTO,7870,2025,Julho,7,2713615.84,43146.0,15495.12,8609.48,3392019.8
Gavião Peixoto,GAVIAO PEIXOTO,7870,2025,Agosto,8,2002319.13,22786.49,13688.15,0.0,2502898.9124999996
Gavião Peixoto,GAVIAO PEIXOTO,7870,2025,Setembro,9,2417771.87,9551.07,16664.84,8347.77,3022214.8375
Gavião Peixoto,GAVIAO PEIXOTO,7870,2025,Outubro,10,1992375.86,37021.13,16603.08,104.43,2490469.825
Gavião Peixoto,GAVIAO PEIXOTO,7870,2025,Novembro,11,1835607.12,18827.0,15280.21,4252.83,2294508.9
Gavião Peixoto,GAVIAO PEIXOTO,7870,2025,Dezembro,12,2877655.69,57355.05,17552.13,7925.6,3597069.6125
General Salgado,GENERAL SALGADO,3177,2025,Janeiro,1,1050849.16,1155171.25,6637.41,2389.41,1313561.4499999997
General Salgado,GENERAL SALGADO,3177,2025,Fevereiro,2,1119339.98,399176.1,7706.36,2567.72,1399174.9749999999
General Salgado,GENERAL SALGADO,3177,2025,Março,3,1143668.27,360436.29,8889.66,58.5,1429585.3375
General Salgado,GENERAL SALGADO,3177,2025,Abril,4,1231762.63,312220.49,9469.29,3367.52,1539703.2874999999
General Salgado,GENERAL SALGADO,3177,2025,Maio,5,1140256.87,283757.65,7513.62,5573.79,1425321.0875000001
General Salgado,GENERAL SALGADO,3177,2025,Junho,6,864316.45,78280.66,9672.72,69.67,1080395.5624999998
General Salgado,GENERAL SALGADO,3177,2025,Julho,7,1564953.05,101900.13,8936.1,4965.12,1956191.3125
General Salgado,GENERAL SALGADO,3177,2025,Agosto,8,1154745.41,113552.92,7894.01,0.0,1443431.7624999997
General Salgado,GENERAL SALGADO,3177,2025,Setembro,9,1394338.65,108185.95,9610.68,4814.19,1742923.3124999998
General Salgado,GENERAL SALGADO,3177,2025,Outubro,10,1149011.08,108735.49,9575.06,60.22,1436263.85
General Salgado,GENERAL SALGADO,3177,2025,Novembro,11,1058601.93,71478.34,8812.16,2452.62,1323252.4124999999
General Salgado,GENERAL SALGADO,3177,2025,Dezembro,12,1659555.48,94788.42,10122.39,4570.72,2074444.3499999999
Getulina,GETULINA,3189,2025,Janeiro,1,1053770.42,543213.3,6661.96,2398.24,1317213.025
Getulina,GETULINA,3189,2025,Fevereiro,2,1123480.33,251825.0,7734.86,2577.21,1404350.4125
Getulina,GETULINA,3189,2025,Março,3,1147898.62,211171.53,8922.54,58.72,1434873.2750000001
Getulina,GETULINA,3189,2025,Abril,4,1236318.83,173152.53,9504.31,3379.97,1545398.5375
Getulina,GETULINA,3189,2025,Maio,5,1144474.59,161889.7,7541.41,5594.41,1430593.2375
Getulina,GETULINA,3189,2025,Junho,6,867513.49,42441.05,9708.5,69.93,1084391.8624999998
Getulina,GETULINA,3189,2025,Julho,7,1570741.69,45999.29,8969.15,4983.49,1963427.1124999998
Getulina,GETULINA,3189,2025,Agosto,8,1159016.72,47181.68,7923.21,0.0,1448770.9
Getulina,GETULINA,3189,2025,Setembro,9,1399496.21,61533.95,9646.23,4832.0,1749370.2625
Getulina,GETULINA,3189,2025,Outubro,10,1153261.19,53788.91,9610.48,60.45,1441576.4874999998
Getulina,GETULINA,3189,2025,Novembro,11,1062517.61,50369.39,8844.75,2461.7,1328147.0125
Getulina,GETULINA,3189,2025,Dezembro,12,1665694.05,76366.49,10159.83,4587.63,2082117.5625
Glicério,GLICERIO,3190,2025,Janeiro,1,795256.11,308066.47,5040.6,1814.57,994070.1375
Glicério,GLICERIO,3190,2025,Fevereiro,2,850053.64,107287.08,5852.39,1949.98,1062567.05
Glicério,GLICERIO,3190,2025,Março,3,868529.13,112219.06,6751.02,44.43,1085661.4124999999
Glicério,GLICERIO,3190,2025,Abril,4,935430.1,74895.56,7191.2,2557.37,1169287.625
Glicério,GLICERIO,3190,2025,Maio,5,865938.42,79977.45,5706.02,4232.87,1082423.025
Glicério,GLICERIO,3190,2025,Junho,6,656382.65,19417.45,7345.7,52.91,820478.3125
Glicério,GLICERIO,3190,2025,Julho,7,1188462.89,31953.99,6786.29,3770.63,1485578.6124999998
Glicério,GLICERIO,3190,2025,Agosto,8,876941.37,23236.03,5994.9,0.0,1096176.7125
Glicério,GLICERIO,3190,2025,Setembro,9,1058894.23,21947.35,7298.58,3656.01,1323617.7874999999
Glicério,GLICERIO,3190,2025,Outubro,10,872586.58,36040.13,7271.53,45.73,1090733.2249999999
Glicério,GLICERIO,3190,2025,Novembro,11,803927.7,37027.28,6692.16,1862.58,1004909.6249999999
Glicério,GLICERIO,3190,2025,Dezembro,12,1260306.25,46680.08,7687.18,3471.12,1575382.8125
Guaimbé,GUAIMBE,3219,2025,Janeiro,1,567777.27,305065.9,3592.85,1293.39,709721.5875
Guaimbé,GUAIMBE,3219,2025,Fevereiro,2,605903.34,116134.87,4171.48,1389.92,757379.1749999999
Guaimbé,GUAIMBE,3219,2025,Março,3,619072.35,101185.49,4812.01,31.67,773840.4374999999
Guaimbé,GUAIMBE,3219,2025,Abril,4,666758.19,80701.32,5125.76,1822.85,833447.7374999999
Guaimbé,GUAIMBE,3219,2025,Maio,5,617225.74,76566.57,4067.15,3017.11,771532.1749999999
Guaimbé,GUAIMBE,3219,2025,Junho,6,467858.05,18147.89,5235.89,37.71,584822.5625
Guaimbé,GUAIMBE,3219,2025,Julho,7,847115.54,23716.49,4837.15,2687.64,1058894.425
Guaimbé,GUAIMBE,3219,2025,Agosto,8,625068.45,31454.19,4273.06,0.0,781335.5624999999
Guaimbé,GUAIMBE,3219,2025,Setembro,9,754761.26,40203.77,5202.3,2605.94,943451.575
Guaimbé,GUAIMBE,3219,2025,Outubro,10,621964.44,27990.25,5183.02,32.6,777455.5499999999
Guaimbé,GUAIMBE,3219,2025,Novembro,11,573025.59,31568.4,4770.06,1327.62,716281.9874999999
Guaimbé,GUAIMBE,3219,2025,Dezembro,12,898324.22,46527.94,5479.29,2474.15,1122905.275
Guaiçara,GUAICARA,3207,2025,Janeiro,1,1102711.25,662600.25,6999.41,2519.72,1378389.0625
Guaiçara,GUAICARA,3207,2025,Fevereiro,2,1180389.34,297881.42,8126.66,2707.76,1475486.675
Guaiçara,GUAICARA,3207,2025,Março,3,1206044.52,217298.22,9374.5,61.69,1507555.65
Guaiçara,GUAICARA,3207,2025,Abril,4,1298943.59,202753.76,9985.75,3551.18,1623679.4875
Guaiçara,GUAICARA,3207,2025,Maio,5,1202447.05,170421.69,7923.41,5877.79,1503058.8125
Guaiçara,GUAICARA,3207,2025,Junho,6,911456.7,41983.12,10200.28,73.47,1139320.8749999998
Guaiçara,GUAICARA,3207,2025,Julho,7,1650306.38,82420.32,9423.48,5235.92,2062882.9749999999
Guaiçara,GUAICARA,3207,2025,Agosto,8,1217725.8,79066.71,8324.55,0.0,1522157.25
Guaiçara,GUAICARA,3207,2025,Setembro,9,1470386.58,80640.36,10134.85,5076.76,1837983.225
Guaiçara,GUAICARA,3207,2025,Outubro,10,1211678.73,68112.12,10097.29,63.51,1514598.4124999999
Guaiçara,GUAICARA,3207,2025,Novembro,11,1116338.61,64395.09,9292.78,2586.39,1395423.2625
Guaiçara,GUAICARA,3207,2025,Dezembro,12,1750068.47,115473.91,10674.47,4820.01,2187585.5875
Guapiara,GUAPIARA,3244,2025,Janeiro,1,1235453.08,963287.63,7866.13,2831.73,1544316.35
Guapiara,GUAPIARA,3244,2025,Fevereiro,2,1326553.66,311383.1,9132.97,3043.05,1658192.0749999997
Guapiara,GUAPIARA,3244,2025,Março,3,1355385.64,242970.5,10535.32,69.33,1694232.0499999998
Guapiara,GUAPIARA,3244,2025,Abril,4,1459788.15,270121.89,11222.25,3990.91,1824735.1874999998
Guapiara,GUAPIARA,3244,2025,Maio,5,1351342.71,201005.87,8904.55,6605.62,1689178.3875
Guapiara,GUAPIARA,3244,2025,Junho,6,1024319.84,60547.0,11463.35,82.56,1280399.7999999998
Guapiara,GUAPIARA,3244,2025,Julho,7,1854659.21,84787.7,10590.36,5884.27,2318324.0124999997
Guapiara,GUAPIARA,3244,2025,Agosto,8,1368513.39,79994.16,9355.36,0.0,1710641.7374999998
Guapiara,GUAPIARA,3244,2025,Setembro,9,1652460.45,161073.5,11389.82,5705.4,2065575.5624999998
Guapiara,GUAPIARA,3244,2025,Outubro,10,1361717.52,125144.1,11347.61,71.37,1702146.9
Guapiara,GUAPIARA,3244,2025,Novembro,11,1254571.7,64564.8,10443.47,2906.66,1568214.6249999998
Guapiara,GUAPIARA,3244,2025,Dezembro,12,1966774.56,82633.69,11996.25,5416.86,2458468.1999999997
Guapiaçu,GUAPIACU,3232,2025,Janeiro,1,1962129.85,2042745.17,12398.11,4463.21,2452662.3125
Guapiaçu,GUAPIACU,3232,2025,Fevereiro,2,2090831.92,936028.68,14394.82,4796.27,2613539.9
Guapiaçu,GUAPIACU,3232,2025,Março,3,2136275.11,676220.9,16605.12,109.27,2670343.8874999997
Guapiaçu,GUAPIACU,3232,2025,Abril,4,2300827.88,598266.01,17687.82,6290.23,2876034.8499999996
Guapiaçu,GUAPIACU,3232,2025,Maio,5,2129902.89,551542.13,14034.79,10411.36,2662378.6125
Guapiaçu,GUAPIACU,3232,2025,Junho,6,1614469.64,176402.08,18067.83,130.13,2018087.0499999998
Guapiaçu,GUAPIACU,3232,2025,Julho,7,2923199.25,208141.88,16691.87,9274.43,3653999.0625
Guapiaçu,GUAPIACU,3232,2025,Agosto,8,2156966.25,238729.66,14745.34,0.0,2696207.8125
Guapiaçu,GUAPIACU,3232,2025,Setembro,9,2604506.06,224117.95,17951.93,8992.5,3255632.5749999997
Guapiaçu,GUAPIACU,3232,2025,Outubro,10,2146255.02,245415.35,17885.41,112.49,2682818.775
Guapiaçu,GUAPIACU,3232,2025,Novembro,11,1977378.4,175360.22,16460.36,4581.29,2471722.9999999995
Guapiaçu,GUAPIACU,3232,2025,Dezembro,12,3099908.55,224770.18,18907.76,8537.72,3874885.6874999995
Guaraci,GUARACI,3270,2025,Janeiro,1,1945499.23,816429.35,12288.59,4423.78,2431874.0374999996
Guaraci,GUARACI,3270,2025,Fevereiro,2,2072361.8,375406.0,14267.65,4753.9,2590452.25
Guaraci,GUARACI,3270,2025,Março,3,2117403.55,318750.13,16458.44,108.31,2646754.4374999995
Guaraci,GUARACI,3270,2025,Abril,4,2280502.69,268752.05,17531.57,6234.67,2850628.3625
Guaraci,GUARACI,3270,2025,Maio,5,2111087.62,257759.75,13910.81,10319.39,2638859.525
Guaraci,GUARACI,3270,2025,Junho,6,1600207.64,106147.52,17908.22,128.98,2000259.5499999998
Guaraci,GUARACI,3270,2025,Julho,7,2897376.12,70194.54,16544.42,9192.5,3621720.15
Guaraci,GUARACI,3270,2025,Agosto,8,2137911.91,97615.24,14615.08,0.0,2672389.8875
Guaraci,GUARACI,3270,2025,Setembro,9,2581498.22,115703.01,17793.34,8913.06,3226872.775
Guaraci,GUARACI,3270,2025,Outubro,10,2127295.31,92977.43,17727.41,111.5,2659119.1374999997
Guaraci,GUARACI,3270,2025,Novembro,11,1959910.52,61427.71,16314.95,4540.82,2449888.15
Guaraci,GUARACI,3270,2025,Dezembro,12,3072524.39,119960.84,18740.73,8462.3,3840655.4875
Guarani D'Oeste,GUARANI DOESTE,3281,2025,Janeiro,1,249706.76,145638.82,1582.81,569.8,312133.45
Guarani D'Oeste,GUARANI DOESTE,3281,2025,Fevereiro,2,266927.68,54618.56,1837.73,612.32,333659.6
Guarani D'Oeste,GUARANI DOESTE,3281,2025,Março,3,272729.22,69601.53,2119.91,13.95,340911.52499999997
Guarani D'Oeste,GUARANI DOESTE,3281,2025,Abril,4,293736.98,47615.14,2258.13,803.05,367171.225
Guarani D'Oeste,GUARANI DOESTE,3281,2025,Maio,5,271915.71,39941.93,1791.76,1329.17,339894.6375
Guarani D'Oeste,GUARANI DOESTE,3281,2025,Junho,6,206112.52,7744.71,2306.64,16.61,257640.64999999997
Guarani D'Oeste,GUARANI DOESTE,3281,2025,Julho,7,373192.51,12835.43,2130.98,1184.03,466490.6375
Guarani D'Oeste,GUARANI DOESTE,3281,2025,Agosto,8,275370.77,16320.41,1882.48,0.0,344213.4625
Guarani D'Oeste,GUARANI DOESTE,3281,2025,Setembro,9,332506.29,26376.23,2291.85,1148.03,415632.86249999993
Guarani D'Oeste,GUARANI DOESTE,3281,2025,Outubro,10,274003.32,7946.41,2283.35,14.36,342504.14999999997
Guarani D'Oeste,GUARANI DOESTE,3281,2025,Novembro,11,252443.55,8754.06,2101.42,584.87,315554.43749999994
Guarani D'Oeste,GUARANI DOESTE,3281,2025,Dezembro,12,395752.24,8052.22,2413.87,1089.98,494690.3
Guarantã,GUARANTA,3293,2025,Janeiro,1,765417.74,463368.3,4837.57,1741.48,956772.1749999999
Guarantã,GUARANTA,3293,2025,Fevereiro,2,815813.16,163043.01,5616.65,1871.44,1019766.45
Guarantã,GUARANTA,3293,2025,Março,3,833544.45,120832.25,6479.09,42.64,1041930.5624999999
Guarantã,GUARANTA,3293,2025,Abril,4,897750.62,107243.77,6901.54,2454.36,1122188.275
Guarantã,GUARANTA,3293,2025,Maio,5,831058.1,96902.14,5476.18,4062.37,1038822.6249999999
Guarantã,GUARANTA,3293,2025,Junho,6,629943.31,29895.03,7049.81,50.78,787429.1375000001
Guarantã,GUARANTA,3293,2025,Julho,7,1140591.16,33700.35,6512.93,3618.75,1425738.9499999997
Guarantã,GUARANTA,3293,2025,Agosto,8,841617.84,46800.84,5753.42,0.0,1052022.2999999998
Guarantã,GUARANTA,3293,2025,Setembro,9,1016241.57,44681.55,7004.59,3508.75,1270301.9625
Guarantã,GUARANTA,3293,2025,Outubro,10,837438.47,39689.78,6978.63,43.89,1046798.0874999999
Guarantã,GUARANTA,3293,2025,Novembro,11,771545.19,30079.69,6422.6,1787.56,964431.4874999999
Guarantã,GUARANTA,3293,2025,Dezembro,12,1209540.64,70466.77,7377.54,3331.3,1511925.7999999998
Guararapes,GUARARAPES,3300,2025,Janeiro,1,3219176.12,3395116.21,20331.95,7319.32,4023970.15
Guararapes,GUARARAPES,3300,2025,Fevereiro,2,3428805.12,1227571.97,23606.4,7865.52,4286006.399999999
Guararapes,GUARARAPES,3300,2025,Março,3,3503328.49,937686.99,27231.14,179.2,4379160.6125
Guararapes,GUARARAPES,3300,2025,Abril,4,3773182.51,909810.62,29006.68,10315.5,4716478.137499999
Guararapes,GUARARAPES,3300,2025,Maio,5,3492878.53,851661.71,23015.99,17073.84,4366098.1625
Guararapes,GUARARAPES,3300,2025,Junho,6,2647607.26,237824.75,29629.86,213.41,3309509.0749999997
Guararapes,GUARARAPES,3300,2025,Julho,7,4793824.16,346758.16,27373.4,15209.35,5992280.2
Guararapes,GUARARAPES,3300,2025,Agosto,8,3537260.38,390635.11,24181.23,0.0,4421575.475
Guararapes,GUARARAPES,3300,2025,Setembro,9,4271191.6,348562.13,29439.79,14747.02,5338989.499999999
Guararapes,GUARARAPES,3300,2025,Outubro,10,3519694.79,362520.57,29330.7,184.48,4399618.4875
Guararapes,GUARARAPES,3300,2025,Novembro,11,3242749.99,216848.62,26993.73,7512.97,4053437.4875000003
Guararapes,GUARARAPES,3300,2025,Dezembro,12,5083613.95,472177.14,31007.28,14001.22,6354517.4375
Guararema,GUARAREMA,3311,2025,Janeiro,1,3226682.94,3208097.32,20449.65,7361.69,4033353.675
Guararema,GUARAREMA,3311,2025,Fevereiro,2,3448654.15,1397543.96,23743.06,7911.06,4310817.6875
Guararema,GUARAREMA,3311,2025,Março,3,3523608.93,1086472.15,27388.78,180.23,4404511.1625
Guararema,GUARAREMA,3311,2025,Abril,4,3795025.11,936026.8,29174.6,10375.22,4743781.387499999
Guararema,GUARAREMA,3311,2025,Maio,5,3513098.48,836983.05,23149.23,17172.68,4391373.1
Guararema,GUARAREMA,3311,2025,Junho,6,2662934.01,333855.66,29801.38,214.64,3328667.5124999997
Guararema,GUARAREMA,3311,2025,Julho,7,4821575.15,335881.54,27531.86,15297.4,6026968.9375
Guararema,GUARAREMA,3311,2025,Agosto,8,3557737.25,361487.85,24321.21,0.0,4447171.5625
Guararema,GUARAREMA,3311,2025,Setembro,9,4295917.12,396838.97,29610.22,14832.39,5369896.399999999
Guararema,GUARAREMA,3311,2025,Outubro,10,3540069.97,391203.7,29500.5,185.55,4425087.4625
Guararema,GUARAREMA,3311,2025,Novembro,11,3261521.96,212472.9,27150.0,7556.46,4076902.4499999997
Guararema,GUARAREMA,3311,2025,Dezembro,12,5113042.51,392059.21,31186.78,14082.27,6391303.137499999
Guaratinguetá,GUARATINGUETA,3323,2025,Janeiro,1,8047475.08,12689983.72,50915.75,18329.2,10059343.85
Guaratinguetá,GUARATINGUETA,3323,2025,Fevereiro,2,8586493.16,5167137.64,59115.7,19697.03,10733116.45
Guaratinguetá,GUARATINGUETA,3323,2025,Março,3,8773116.31,3918392.69,68192.84,448.74,10966395.3875
Guaratinguetá,GUARATINGUETA,3323,2025,Abril,4,9448890.99,3530864.88,72639.21,25832.32,11811113.737499999
Guaratinguetá,GUARATINGUETA,3323,2025,Maio,5,8746947.28,3038455.82,57637.19,42756.71,10933684.099999998
Guaratinguetá,GUARATINGUETA,3323,2025,Junho,6,6630199.39,801079.21,74199.78,534.42,8287749.237499999
Guaratinguetá,GUARATINGUETA,3323,2025,Julho,7,12004805.43,1112268.79,68549.11,38087.62,15006006.7875
Guaratinguetá,GUARATINGUETA,3323,2025,Agosto,8,8858089.34,1109523.27,60555.2,0.0,11072611.674999999
Guaratinguetá,GUARATINGUETA,3323,2025,Setembro,9,10696016.88,1112528.89,73723.82,36929.83,13370021.1
Guaratinguetá,GUARATINGUETA,3323,2025,Outubro,10,8814101.17,1159020.76,73450.62,461.97,11017626.462499999
Guaratinguetá,GUARATINGUETA,3323,2025,Novembro,11,8120569.59,849678.3,67598.33,18814.15,10150711.987499999
Guaratinguetá,GUARATINGUETA,3323,2025,Dezembro,12,12730503.75,1486169.23,77649.15,35062.17,15913129.6875
Guaraçaí,GUARACAI,3268,2025,Janeiro,1,1071019.81,814139.86,6788.09,2443.65,1338774.7625
Guaraçaí,GUARACAI,3268,2025,Fevereiro,2,1144751.81,265407.5,7881.31,2626.01,1430939.7625
Guaraçaí,GUARACAI,3268,2025,Março,3,1169632.42,184437.21,9091.47,59.83,1462040.525
Guaraçaí,GUARACAI,3268,2025,Abril,4,1259726.75,166823.64,9684.26,3443.97,1574658.4375
Guaraçaí,GUARACAI,3268,2025,Maio,5,1166143.57,158675.6,7684.19,5700.33,1457679.4625
Guaraçaí,GUARACAI,3268,2025,Junho,6,883938.6,50818.33,9892.32,71.25,1104923.25
Guaraçaí,GUARACAI,3268,2025,Julho,7,1600481.42,55159.55,9138.97,5077.84,2000601.775
Guaraçaí,GUARACAI,3268,2025,Agosto,8,1180961.03,71500.35,8073.22,0.0,1476201.2874999999
Guaraçaí,GUARACAI,3268,2025,Setembro,9,1425993.65,75745.07,9828.86,4923.49,1782492.0624999998
Guaraçaí,GUARACAI,3268,2025,Outubro,10,1175096.53,60443.52,9792.44,61.59,1468870.6624999999
Guaraçaí,GUARACAI,3268,2025,Novembro,11,1082634.85,54302.82,9012.21,2508.3,1353293.5625
Guaraçaí,GUARACAI,3268,2025,Dezembro,12,1697231.57,85648.19,10352.19,4674.49,2121539.4625
Guareí,GUAREI,3335,2025,Janeiro,1,1260907.48,934620.06,7992.74,2877.31,1576134.3499999999
Guareí,GUAREI,3335,2025,Fevereiro,2,1347904.97,321640.82,9279.96,3092.03,1684881.2125
Guareí,GUAREI,3335,2025,Março,3,1377201.02,288445.55,10704.89,70.44,1721501.275
Guareí,GUAREI,3335,2025,Abril,4,1483283.91,225480.82,11402.88,4055.15,1854104.8874999997
Guareí,GUAREI,3335,2025,Maio,5,1373093.01,196671.83,9047.87,6711.93,1716366.2625
Guareí,GUAREI,3335,2025,Junho,6,1040806.6,56228.21,11647.86,83.89,1301008.25
Guareí,GUAREI,3335,2025,Julho,7,1884510.55,90925.05,10760.82,5978.98,2355638.1875
Guareí,GUAREI,3335,2025,Agosto,8,1390540.05,68680.84,9505.94,0.0,1738175.0625
Guareí,GUAREI,3335,2025,Setembro,9,1679057.34,74349.6,11573.14,5797.23,2098821.675
Guareí,GUAREI,3335,2025,Outubro,10,1383634.81,63844.27,11530.26,72.52,1729543.5125
Guareí,GUAREI,3335,2025,Novembro,11,1274764.44,71368.57,10611.56,2953.44,1593455.5499999998
Guareí,GUAREI,3335,2025,Dezembro,12,1998430.44,94313.74,12189.34,5504.05,2498038.05
Guariba,GUARIBA,3347,2025,Janeiro,1,2335205.14,2995810.37,14649.7,5273.76,2919006.425
Guariba,GUARIBA,3347,2025,Fevereiro,2,2470543.45,1199357.85,17009.03,5667.32,3088179.3125
Guariba,GUARIBA,3347,2025,Março,3,2524239.48,969535.86,19620.74,129.11,3155299.3499999996
Guariba,GUARIBA,3347,2025,Abril,4,2718676.33,924559.3,20900.07,7432.59,3398345.4125
Guariba,GUARIBA,3347,2025,Maio,5,2516710.01,766352.59,16583.62,12302.15,3145887.5124999997
Guariba,GUARIBA,3347,2025,Junho,6,1907670.03,257048.13,21349.09,153.77,2384587.5375
Guariba,GUARIBA,3347,2025,Julho,7,3454075.23,358337.76,19723.25,10958.74,4317594.0375
Guariba,GUARIBA,3347,2025,Agosto,8,2548688.29,279633.85,17423.21,0.0,3185860.3625
Guariba,GUARIBA,3347,2025,Setembro,9,3077504.85,332565.88,21212.14,10625.61,3846881.0625
Guariba,GUARIBA,3347,2025,Outubro,10,2536031.82,310511.67,21133.54,132.92,3170039.7749999994
Guariba,GUARIBA,3347,2025,Novembro,11,2336485.88,283207.25,19449.69,5413.29,2920607.3499999996
Guariba,GUARIBA,3347,2025,Dezembro,12,3662876.33,452956.18,22341.55,10088.24,4578595.4125
Guarujá,GUARUJA,3359,2025,Janeiro,1,12483461.66,18678031.11,78435.09,28235.91,15604327.075
Guarujá,GUARUJA,3359,2025,Fevereiro,2,13227388.01,8669991.42,91067.01,30343.03,16534235.0125
Guarujá,GUARUJA,3359,2025,Março,3,13514878.69,6971850.39,105050.24,691.29,16893598.362499997
Guarujá,GUARUJA,3359,2025,Abril,4,14555901.35,6138887.07,111899.81,39794.37,18194876.6875
Guarujá,GUARUJA,3359,2025,Maio,5,13474565.63,5365673.36,88789.38,65866.19,16843207.0375
Guarujá,GUARUJA,3359,2025,Junho,6,10213741.32,2049266.89,114303.86,823.27,12767176.65
Guarujá,GUARUJA,3359,2025,Julho,7,18493256.38,2640802.22,105599.06,58673.51,23116570.474999998
Guarujá,GUARUJA,3359,2025,Agosto,8,13645778.61,2687380.51,93284.54,0.0,17057223.2625
Guarujá,GUARUJA,3359,2025,Setembro,9,16477083.57,2887149.31,113570.64,56889.95,20596354.4625
Guarujá,GUARUJA,3359,2025,Outubro,10,13578015.38,3044327.88,113149.79,711.66,16972519.225
Guarujá,GUARUJA,3359,2025,Novembro,11,12509638.44,2322977.31,104134.4,28982.97,15637048.049999999
Guarujá,GUARUJA,3359,2025,Dezembro,12,19611185.79,3593944.87,119617.56,54012.84,24513982.237499997
Guarulhos,GUARULHOS,3360,2025,Janeiro,1,121060168.37,118555711.86,764590.62,275245.62,151325210.4625
Guarulhos,GUARULHOS,3360,2025,Fevereiro,2,128941482.51,53229802.69,887727.46,295785.97,161176853.1375
Guarulhos,GUARULHOS,3360,2025,Março,3,131743961.31,45717732.16,1024036.97,6738.7,164679951.6375
Guarulhos,GUARULHOS,3360,2025,Abril,4,141891921.28,38300521.76,1090807.0,387918.29,177364901.6
Guarulhos,GUARULHOS,3360,2025,Maio,5,131350986.78,35470728.62,865524.96,642068.12,164188733.475
Guarulhos,GUARULHOS,3360,2025,Junho,6,99564248.52,12185966.83,1114241.83,8025.27,124455310.64999999
Guarulhos,GUARULHOS,3360,2025,Julho,7,180273527.28,15989081.37,1029386.9,571953.39,225341909.1
Guarulhos,GUARULHOS,3360,2025,Agosto,8,133019982.65,15018067.83,909344.1,0.0,166274978.3125
Guarulhos,GUARULHOS,3360,2025,Setembro,9,160619736.92,15326590.79,1107094.36,554567.13,200774671.14999998
Guarulhos,GUARULHOS,3360,2025,Outubro,10,132359421.99,12941750.54,1102991.9,6937.33,165449277.48749998
Guarulhos,GUARULHOS,3360,2025,Novembro,11,121944810.58,9458135.69,1015109.29,282527.97,152431013.225
Guarulhos,GUARULHOS,3360,2025,Dezembro,12,191171179.54,14925898.72,1166040.17,526520.88,238963974.42499998
Guará,GUARA,3256,2025,Janeiro,1,2072898.66,1624513.27,13120.1,4723.12,2591123.3249999997
Guará,GUARA,3256,2025,Fevereiro,2,2212589.55,619274.04,15233.08,5075.58,2765736.9374999995
Guará,GUARA,3256,2025,Março,3,2260679.08,479453.69,17572.11,115.63,2825848.85
Guará,GUARA,3256,2025,Abril,4,2434814.44,385420.05,18717.86,6656.54,3043518.05
Guará,GUARA,3256,2025,Maio,5,2253935.78,365714.9,14852.1,11017.66,2817419.7249999996
Guará,GUARA,3256,2025,Junho,6,1708486.76,151453.25,19119.99,137.71,2135608.4499999997
Guará,GUARA,3256,2025,Julho,7,3093429.02,167087.87,17663.91,9814.51,3866786.275
Guará,GUARA,3256,2025,Agosto,8,2282575.15,220208.66,15604.02,0.0,2853218.9374999995
Guará,GUARA,3256,2025,Setembro,9,2756177.03,201045.48,18997.34,9516.17,3445221.2874999996
Guará,GUARA,3256,2025,Outubro,10,2271240.17,178306.05,18926.94,119.04,2839050.2125
Guará,GUARA,3256,2025,Novembro,11,2092529.18,126325.13,17418.91,4848.08,2615661.4749999996
Guará,GUARA,3256,2025,Dezembro,12,3280428.82,224350.3,20008.83,9034.91,4100536.0249999994
Guatapará,GUATAPARA,7262,2025,Janeiro,1,998545.73,491379.92,6318.45,2274.59,1248182.1624999999
Guatapará,GUATAPARA,7262,2025,Fevereiro,2,1065551.66,156367.79,7336.04,2444.33,1331939.5749999997
Guatapará,GUATAPARA,7262,2025,Março,3,1088710.89,141393.04,8462.48,55.69,1360888.6124999998
Guatapará,GUATAPARA,7262,2025,Abril,4,1172572.0,138424.5,9014.25,3205.69,1465715.0
Guatapará,GUATAPARA,7262,2025,Maio,5,1085463.41,103562.14,7152.56,5305.95,1356829.2624999997
Guatapará,GUATAPARA,7262,2025,Junho,6,822782.92,49605.04,9207.92,66.32,1028478.65
Guatapará,GUATAPARA,7262,2025,Julho,7,1489751.41,32921.02,8506.69,4726.53,1862189.2624999997
Guatapará,GUATAPARA,7262,2025,Agosto,8,1099255.72,40591.28,7514.67,0.0,1374069.65
Guatapará,GUATAPARA,7262,2025,Setembro,9,1327335.65,49866.72,9148.85,4582.85,1659169.5624999998
Guatapará,GUATAPARA,7262,2025,Outubro,10,1093796.96,41370.04,9114.95,57.33,1367246.2
Guatapará,GUATAPARA,7262,2025,Novembro,11,1007732.29,27842.7,8388.7,2334.77,1259665.3625
Guatapará,GUATAPARA,7262,2025,Dezembro,12,1579807.85,79974.89,9635.97,4351.08,1974759.8125
Guaíra,GUAIRA,3220,2025,Janeiro,1,6673915.48,6212130.1,41988.9,15115.62,8342394.350000001
Guaíra,GUAIRA,3220,2025,Fevereiro,2,7081058.76,1902354.56,48751.19,16243.63,8851323.45
Guaíra,GUAIRA,3220,2025,Março,3,7234962.04,1639289.56,56236.87,370.07,9043702.549999999
Guaíra,GUAIRA,3220,2025,Abril,4,7792255.94,1300729.03,59903.67,21303.25,9740319.925
Guaíra,GUAIRA,3220,2025,Maio,5,7213381.12,1302417.54,47531.9,35260.35,9016726.4
Guaíra,GUAIRA,3220,2025,Junho,6,5467753.9,501332.77,61190.64,440.72,6834692.375
Guaíra,GUAIRA,3220,2025,Julho,7,9900052.45,675508.72,56530.68,31409.87,12375065.562499998
Guaíra,GUAIRA,3220,2025,Agosto,8,7305037.1,601709.72,49938.3,0.0,9131296.374999998
Guaíra,GUAIRA,3220,2025,Setembro,9,8820728.39,586153.66,60798.12,30455.07,11025910.4875
Guaíra,GUAIRA,3220,2025,Outubro,10,7268761.2,439700.8,60572.83,380.98,9085951.5
Guaíra,GUAIRA,3220,2025,Novembro,11,6696823.65,372521.54,55746.59,15515.54,8371029.5625
Guaíra,GUAIRA,3220,2025,Dezembro,12,10498517.08,541307.75,64035.24,28914.86,13123146.35
Guzolândia,GUZOLANDIA,3372,2025,Janeiro,1,540802.96,335381.77,3419.34,1230.93,676003.7
Guzolândia,GUZOLANDIA,3372,2025,Fevereiro,2,576641.45,150475.62,3970.02,1322.79,720801.8124999999
Guzolândia,GUZOLANDIA,3372,2025,Março,3,589174.47,82023.17,4579.61,30.14,736468.0874999999
Guzolândia,GUZOLANDIA,3372,2025,Abril,4,634557.33,83736.99,4878.22,1734.82,793196.6624999999
Guzolândia,GUZOLANDIA,3372,2025,Maio,5,587417.04,67529.33,3870.73,2871.4,734271.3
Guzolândia,GUZOLANDIA,3372,2025,Junho,6,445263.01,20958.31,4983.02,35.89,556578.7625
Guzolândia,GUZOLANDIA,3372,2025,Julho,7,806204.38,27979.26,4603.54,2557.84,1007755.475
Guzolândia,GUZOLANDIA,3372,2025,Agosto,8,594880.98,38337.28,4066.69,0.0,743601.225
Guzolândia,GUZOLANDIA,3372,2025,Setembro,9,718310.33,42953.53,4951.06,2480.09,897887.9124999999
Guzolândia,GUZOLANDIA,3372,2025,Outubro,10,591926.88,30843.86,4932.71,31.02,739908.6
Guzolândia,GUZOLANDIA,3372,2025,Novembro,11,545351.51,16818.05,4539.69,1263.5,681689.3875
Guzolândia,GUZOLANDIA,3372,2025,Dezembro,12,854939.96,61703.67,5214.67,2354.66,1068674.95
Gália,GALIA,3141,2025,Janeiro,1,689006.44,513241.2,4376.86,1575.63,861258.0499999999
Gália,GALIA,3141,2025,Fevereiro,2,738118.91,185934.66,5081.75,1693.21,922648.6375
Gália,GALIA,3141,2025,Março,3,754161.56,151758.05,5862.05,38.58,942701.9500000001
Gália,GALIA,3141,2025,Abril,4,812253.04,140647.35,6244.27,2220.62,1015316.3
Gália,GALIA,3141,2025,Maio,5,751912.0,138816.25,4954.65,3675.49,939890.0
Gália,GALIA,3141,2025,Junho,6,569950.44,38870.2,6378.42,45.94,712438.0499999999
Gália,GALIA,3141,2025,Julho,7,1031966.57,86034.9,5892.67,3274.12,1289958.2125
Gália,GALIA,3141,2025,Agosto,8,761466.08,54972.72,5205.49,0.0,951832.5999999999
Gália,GALIA,3141,2025,Setembro,9,919459.46,53996.04,6337.51,3174.59,1149324.325
Gália,GALIA,3141,2025,Outubro,10,757684.73,53872.43,6314.02,39.71,947105.9125
Gália,GALIA,3141,2025,Novembro,11,698066.82,52158.83,5810.94,1617.32,872583.5249999999
Gália,GALIA,3141,2025,Dezembro,12,1094349.62,67014.68,6674.94,3014.04,1367937.0250000001
Herculândia,HERCULANDIA,3384,2025,Janeiro,1,1119224.67,990051.1,7082.53,2549.65,1399030.8375
Herculândia,HERCULANDIA,3384,2025,Fevereiro,2,1194407.04,335552.4,8223.17,2739.92,1493008.8
Herculândia,HERCULANDIA,3384,2025,Março,3,1220366.88,323026.53,9485.83,62.42,1525458.5999999999
Herculândia,HERCULANDIA,3384,2025,Abril,4,1314369.17,256955.19,10104.33,3593.35,1642961.4625
Herculândia,HERCULANDIA,3384,2025,Maio,5,1216726.69,251052.6,8017.51,5947.59,1520908.3624999998
Herculândia,HERCULANDIA,3384,2025,Junho,6,922280.69,46124.19,10321.41,74.34,1152850.8624999998
Herculândia,HERCULANDIA,3384,2025,Julho,7,1669904.56,132753.88,9535.39,5298.1,2087380.7
Herculândia,HERCULANDIA,3384,2025,Agosto,8,1232186.89,119181.19,8423.41,0.0,1540233.6124999998
Herculândia,HERCULANDIA,3384,2025,Setembro,9,1487848.14,132841.58,10255.2,5137.05,1859810.1749999998
Herculândia,HERCULANDIA,3384,2025,Outubro,10,1226068.0,122455.52,10217.2,64.26,1532585.0
Herculândia,HERCULANDIA,3384,2025,Novembro,11,1129595.67,92582.51,9403.13,2617.11,1411994.5875
Herculândia,HERCULANDIA,3384,2025,Dezembro,12,1770851.38,135701.48,10801.23,4877.25,2213564.2249999996
Holambra,HOLAMBRA,7470,2025,Janeiro,1,2860737.78,3581999.66,18090.32,6512.35,3575922.2249999996
Holambra,HOLAMBRA,7470,2025,Fevereiro,2,3050773.69,1107165.32,21003.76,6998.34,3813467.1125
Holambra,HOLAMBRA,7470,2025,Março,3,3117080.73,847800.35,24228.86,159.44,3896350.9124999996
Holambra,HOLAMBRA,7470,2025,Abril,4,3357182.9,784965.83,25808.65,9178.2,4196478.625
Holambra,HOLAMBRA,7470,2025,Maio,5,3107782.9,669954.09,20478.44,15191.42,3884728.6249999995
Holambra,HOLAMBRA,7470,2025,Junho,6,2355704.18,192128.96,26363.12,189.88,2944630.225
Holambra,HOLAMBRA,7470,2025,Julho,7,4265297.12,272744.7,24355.44,13532.5,5331621.399999999
Holambra,HOLAMBRA,7470,2025,Agosto,8,3147271.58,232006.34,21515.21,0.0,3934089.475
Holambra,HOLAMBRA,7470,2025,Setembro,9,3800285.66,298639.99,26194.01,13121.14,4750357.075
Holambra,HOLAMBRA,7470,2025,Outubro,10,3131642.62,201210.42,26096.94,164.14,3914553.275
Holambra,HOLAMBRA,7470,2025,Novembro,11,2885231.44,140569.97,24017.63,6684.65,3606539.3
Holambra,HOLAMBRA,7470,2025,Dezembro,12,4523137.11,262495.99,27588.68,12457.56,5653921.3875
Hortolândia,HORTOLANDIA,7481,2025,Janeiro,1,21387420.06,17927460.71,135089.14,48630.85,26734275.074999996
Hortolândia,HORTOLANDIA,7481,2025,Fevereiro,2,22781595.64,8609409.3,156845.16,52259.96,28476994.55
Hortolândia,HORTOLANDIA,7481,2025,Março,3,23276742.25,7051436.26,180928.56,1190.61,29095927.8125
Hortolândia,HORTOLANDIA,7481,2025,Abril,4,25069700.7,6396826.13,192725.59,68538.05,31337125.874999996
Hortolândia,HORTOLANDIA,7481,2025,Maio,5,23207310.86,5491780.09,152922.39,113441.66,29009138.575
Hortolândia,HORTOLANDIA,7481,2025,Junho,6,17591177.06,1954566.81,196866.1,1417.92,21988971.324999996
Hortolândia,HORTOLANDIA,7481,2025,Julho,7,31851026.7,2472324.18,181873.79,101053.68,39813783.375
Hortolândia,HORTOLANDIA,7481,2025,Agosto,8,23502191.83,2446543.6,160664.43,0.0,29377739.787499998
Hortolândia,HORTOLANDIA,7481,2025,Setembro,9,28378562.32,2717754.52,195603.27,97981.84,35473202.9
Hortolândia,HORTOLANDIA,7481,2025,Outubro,10,23385482.87,2352973.77,194878.44,1225.7,29231853.5875
Hortolândia,HORTOLANDIA,7481,2025,Novembro,11,21545412.0,1905834.1,179351.2,49917.51,26931765.0
Hortolândia,HORTOLANDIA,7481,2025,Dezembro,12,33776442.03,3017117.48,206017.92,93026.58,42220552.5375
Iacanga,IACANGA,3396,2025,Janeiro,1,1667765.98,1271972.86,10536.8,3793.15,2084707.4749999999
Iacanga,IACANGA,3396,2025,Fevereiro,2,1776937.88,412987.26,12233.74,4076.22,2221172.3499999996
Iacanga,IACANGA,3396,2025,Março,3,1815558.74,342847.71,14112.22,92.87,2269448.425
Iacanga,IACANGA,3396,2025,Abril,4,1955407.41,277351.72,15032.37,5345.89,2444259.2624999997
Iacanga,IACANGA,3396,2025,Maio,5,1810143.17,250922.81,11927.77,8848.32,2262678.9625
Iacanga,IACANGA,3396,2025,Junho,6,1372091.29,86441.72,15355.33,110.6,1715114.1125
Iacanga,IACANGA,3396,2025,Julho,7,2484342.93,111206.16,14185.94,7882.07,3105428.6625
Iacanga,IACANGA,3396,2025,Agosto,8,1833143.55,85743.16,12531.64,0.0,2291429.4375
Iacanga,IACANGA,3396,2025,Setembro,9,2213494.76,112774.07,15256.83,7642.47,2766868.4499999997
Iacanga,IACANGA,3396,2025,Outubro,10,1824040.38,110803.23,15200.29,95.6,2280050.4749999996
Iacanga,IACANGA,3396,2025,Novembro,11,1680517.0,117555.21,13989.18,3893.51,2100646.25
Iacanga,IACANGA,3396,2025,Dezembro,12,2634523.08,149419.6,16069.16,7255.97,3293153.85
Iacri,IACRI,3402,2025,Janeiro,1,832939.47,686500.85,5268.3,1896.54,1041174.3374999999
Iacri,IACRI,3402,2025,Fevereiro,2,888452.61,189406.17,6116.76,2038.07,1110565.7625
Iacri,IACRI,3402,2025,Março,3,907762.69,166317.66,7055.98,46.43,1134703.3624999998
Iacri,IACRI,3402,2025,Abril,4,977685.74,145552.38,7516.05,2672.89,1222107.1749999998
Iacri,IACRI,3402,2025,Maio,5,905054.95,143787.97,5963.77,4424.08,1131318.6874999998
Iacri,IACRI,3402,2025,Junho,6,686033.04,45653.24,7677.52,55.3,857541.3
Iacri,IACRI,3402,2025,Julho,7,1242148.63,88173.46,7092.84,3940.96,1552685.7874999999
Iacri,IACRI,3402,2025,Agosto,8,916554.93,82221.95,6265.7,0.0,1145693.6625
Iacri,IACRI,3402,2025,Setembro,9,1106727.04,83735.75,7628.27,3821.16,1383408.8
Iacri,IACRI,3402,2025,Outubro,10,912003.43,45937.44,7600.01,47.8,1140004.2875
Iacri,IACRI,3402,2025,Novembro,11,840243.06,45139.95,6994.46,1946.72,1050303.825
Iacri,IACRI,3402,2025,Dezembro,12,1317237.33,63652.02,8034.43,3627.92,1646546.6625
Iaras,IARAS,7274,2025,Janeiro,1,839482.73,287962.04,5327.41,1917.82,1049353.4124999999
Iaras,IARAS,7274,2025,Fevereiro,2,898420.67,108968.11,6185.38,2060.94,1123025.8375
Iaras,IARAS,7274,2025,Março,3,917947.4,103347.61,7135.14,46.95,1147434.25
Iaras,IARAS,7274,2025,Abril,4,988654.95,96177.82,7600.37,2702.88,1235818.6874999998
Iaras,IARAS,7274,2025,Maio,5,915209.28,69159.71,6030.69,4473.71,1144011.5999999999
Iaras,IARAS,7274,2025,Junho,6,693730.03,23252.57,7763.66,55.92,867162.5375
Iaras,IARAS,7274,2025,Julho,7,1256085.01,29757.83,7172.42,3985.18,1570106.2625
Iaras,IARAS,7274,2025,Agosto,8,926838.28,30270.93,6336.0,0.0,1158547.8499999999
Iaras,IARAS,7274,2025,Setembro,9,1119144.04,22996.97,7713.86,3864.04,1398930.05
Iaras,IARAS,7274,2025,Outubro,10,922235.72,30020.19,7685.27,48.34,1152794.65
Iaras,IARAS,7274,2025,Novembro,11,849670.23,30813.19,7072.94,1968.56,1062087.7874999999
Iaras,IARAS,7274,2025,Dezembro,12,1332016.17,67615.69,8124.57,3668.62,1665020.2125
Ibaté,IBATE,3414,2025,Janeiro,1,1815035.1,2724643.4,11445.75,4120.37,2268793.875
Ibaté,IBATE,3414,2025,Fevereiro,2,1930225.35,1095402.54,13289.08,4427.85,2412781.6875
Ibaté,IBATE,3414,2025,Março,3,1972177.84,889755.84,15329.61,100.88,2465222.3
Ibaté,IBATE,3414,2025,Abril,4,2124090.54,741452.37,16329.14,5807.05,2655113.175
Ibaté,IBATE,3414,2025,Maio,5,1966295.09,738157.08,12956.72,9611.62,2457868.8625
Ibaté,IBATE,3414,2025,Junho,6,1490454.68,296626.46,16679.95,120.14,1863068.3499999999
Ibaté,IBATE,3414,2025,Julho,7,2698654.66,333027.99,15409.69,8562.02,3373318.325
Ibaté,IBATE,3414,2025,Agosto,8,1991279.59,319682.95,13612.68,0.0,2489099.4875
Ibaté,IBATE,3414,2025,Setembro,9,2404441.78,380800.4,16572.96,8301.75,3005552.2249999996
Ibaté,IBATE,3414,2025,Outubro,10,1981391.15,293440.87,16511.54,103.85,2476738.9374999995
Ibaté,IBATE,3414,2025,Novembro,11,1825486.73,266557.15,15195.96,4229.38,2281858.4124999996
Ibaté,IBATE,3414,2025,Dezembro,12,2861790.09,395329.68,17455.36,7881.9,3577237.6125
Ibira,IBIRA,3426,2025,Janeiro,1,780589.54,1019142.22,4943.24,1779.52,975736.925
Ibira,IBIRA,3426,2025,Fevereiro,2,833633.74,452291.32,5739.34,1912.32,1042042.1749999999
Ibira,IBIRA,3426,2025,Março,3,851752.35,375124.69,6620.61,43.57,1064690.4375
Ibira,IBIRA,3426,2025,Abril,4,917361.04,343097.88,7052.3,2507.97,1146701.3
Ibira,IBIRA,3426,2025,Maio,5,849211.69,286816.89,5595.8,4151.11,1061514.6124999998
Ibira,IBIRA,3426,2025,Junho,6,643703.76,106250.4,7203.81,51.89,804629.7
Ibira,IBIRA,3426,2025,Julho,7,1165506.18,88755.89,6655.2,3697.8,1456882.7249999999
Ibira,IBIRA,3426,2025,Agosto,8,860002.1,101026.39,5879.1,0.0,1075002.625
Ibira,IBIRA,3426,2025,Setembro,9,1038440.3,108882.76,7157.6,3585.39,1298050.375
Ibira,IBIRA,3426,2025,Outubro,10,855731.43,92056.41,7131.07,44.85,1069664.2875
Ibira,IBIRA,3426,2025,Novembro,11,788398.78,95086.75,6562.89,1826.6,985498.475
Ibira,IBIRA,3426,2025,Dezembro,12,1235961.78,123158.08,7538.69,3404.07,1544952.2249999999
Ibirarema,IBIRAREMA,3438,2025,Janeiro,1,987578.83,581449.46,6248.22,2249.3,1234473.5374999999
Ibirarema,IBIRAREMA,3438,2025,Fevereiro,2,1053707.56,179012.02,7254.49,2417.16,1317134.45
Ibirarema,IBIRAREMA,3438,2025,Março,3,1076609.36,162555.16,8368.41,55.07,1345761.7
Ibirarema,IBIRAREMA,3438,2025,Abril,4,1159538.32,128970.77,8914.06,3170.06,1449422.9
Ibirarema,IBIRAREMA,3438,2025,Maio,5,1073397.98,123669.01,7073.05,5246.97,1341747.4749999999
Ibirarema,IBIRAREMA,3438,2025,Junho,6,813637.31,43511.96,9105.56,65.58,1017046.6375000001
Ibirarema,IBIRAREMA,3438,2025,Julho,7,1473192.13,98611.22,8412.13,4673.99,1841490.1624999999
Ibirarema,IBIRAREMA,3438,2025,Agosto,8,1087036.99,84431.4,7431.14,0.0,1358796.2374999998
Ibirarema,IBIRAREMA,3438,2025,Setembro,9,1312581.7,64543.88,9047.16,4531.91,1640727.1249999998
Ibirarema,IBIRAREMA,3438,2025,Outubro,10,1081638.9,52953.61,9013.63,56.69,1352048.6249999998
Ibirarema,IBIRAREMA,3438,2025,Novembro,11,996530.87,36969.42,8295.46,2308.81,1245663.5875
Ibirarema,IBIRAREMA,3438,2025,Dezembro,12,1562247.56,68079.62,9528.86,4302.72,1952809.45
Ibitinga,IBITINGA,3440,2025,Janeiro,1,4199853.38,6487388.42,26612.02,9580.08,5249816.725
Ibitinga,IBITINGA,3440,2025,Fevereiro,2,4487883.17,2774532.92,30897.87,10295.0,5609853.962499999
Ibitinga,IBITINGA,3440,2025,Março,3,4585425.07,2099015.97,35642.2,234.54,5731781.3375
Ibitinga,IBITINGA,3440,2025,Abril,4,4938630.71,1883060.06,37966.17,13501.72,6173288.387499999
Ibitinga,IBITINGA,3440,2025,Maio,5,4571747.36,1654673.75,30125.1,22347.55,5714684.2
Ibitinga,IBITINGA,3440,2025,Junho,6,3465391.48,543047.47,38781.83,279.32,4331739.35
Ibitinga,IBITINGA,3440,2025,Julho,7,6274524.79,788471.56,35828.41,19907.17,7843155.9875
Ibitinga,IBITINGA,3440,2025,Agosto,8,4629837.73,763713.3,31650.25,0.0,5787297.162500001
Ibitinga,IBITINGA,3440,2025,Setembro,9,5590463.2,756915.42,38533.06,19302.03,6988079.0
Ibitinga,IBITINGA,3440,2025,Outubro,10,4606846.53,711500.22,38390.27,241.46,5758558.1625
Ibitinga,IBITINGA,3440,2025,Novembro,11,4244359.94,550347.54,35331.47,9833.55,5305449.925
Ibitinga,IBITINGA,3440,2025,Dezembro,12,6653823.9,821086.87,40584.71,18325.86,8317279.875
Ibiúna,IBIUNA,3451,2025,Janeiro,1,5709329.79,6928683.71,36332.75,13079.46,7136662.2375
Ibiúna,IBIUNA,3451,2025,Fevereiro,2,6127198.71,2985942.88,42184.12,14055.52,7658998.387499999
Ibiúna,IBIUNA,3451,2025,Março,3,6260370.32,2433753.4,48661.44,320.22,7825462.9
Ibiúna,IBIUNA,3451,2025,Abril,4,6742593.46,2225117.49,51834.3,18433.57,8428241.825
Ibiúna,IBIUNA,3451,2025,Maio,5,6241696.47,1877681.79,41129.07,30510.58,7802120.587499999
Ibiúna,IBIUNA,3451,2025,Junho,6,4731215.46,605055.91,52947.9,381.35,5914019.324999999
Ibiúna,IBIUNA,3451,2025,Julho,7,8566457.45,828909.13,48915.66,27178.78,10708071.812499998
Ibiúna,IBIUNA,3451,2025,Agosto,8,6321005.85,768838.1,43211.32,0.0,7901257.312499999
Ibiúna,IBIUNA,3451,2025,Setembro,9,7632524.66,817323.75,52608.26,26352.6,9540655.825
Ibiúna,IBIUNA,3451,2025,Outubro,10,6289616.53,769229.71,52413.31,329.66,7862020.6625
Ibiúna,IBIUNA,3451,2025,Novembro,11,5794722.31,574064.75,48237.2,13425.51,7243402.887499999
Ibiúna,IBIUNA,3451,2025,Dezembro,12,9084305.39,992340.76,55409.32,25019.86,11355381.7375
Icem,ICEM,3463,2025,Janeiro,1,2261838.97,632670.39,14398.94,5183.49,2827298.7125
Icem,ICEM,3463,2025,Fevereiro,2,2428254.5,228206.61,16717.88,5570.31,3035318.125
Icem,ICEM,3463,2025,Março,3,2481031.4,227320.34,19284.89,126.9,3101289.2499999995
Icem,ICEM,3463,2025,Abril,4,2672140.02,173509.93,20542.32,7305.36,3340175.025
Icem,ICEM,3463,2025,Maio,5,2473630.81,169554.62,16299.76,12091.57,3092038.5124999997
Icem,ICEM,3463,2025,Junho,6,1875015.93,66161.47,20983.65,151.13,2343769.9124999996
Icem,ICEM,3463,2025,Julho,7,3394950.91,77366.62,19385.64,10771.15,4243688.6375
Icem,ICEM,3463,2025,Agosto,8,2505061.71,60422.11,17124.97,0.0,3131327.1374999997
Icem,ICEM,3463,2025,Setembro,9,3024826.38,94019.41,20849.05,10443.73,3781032.9749999996
Icem,ICEM,3463,2025,Outubro,10,2492621.89,69918.59,20771.79,130.65,3115777.3625
Icem,ICEM,3463,2025,Novembro,11,2296491.62,88993.13,19116.76,5320.63,2870614.525
Icem,ICEM,3463,2025,Dezembro,12,3600177.9,92349.54,21959.13,9915.56,4500222.375
Iepê,IEPE,3475,2025,Janeiro,1,1610616.07,697526.85,10179.61,3664.57,2013270.0875
Iepê,IEPE,3475,2025,Fevereiro,2,1716701.35,291484.32,11819.03,3938.04,2145876.6875
Iepê,IEPE,3475,2025,Março,3,1754012.99,216218.52,13633.83,89.72,2192516.2375
Iepê,IEPE,3475,2025,Abril,4,1889120.92,232728.9,14522.79,5164.67,2361401.15
Iepê,IEPE,3475,2025,Maio,5,1748781.01,170765.58,11523.43,8548.37,2185976.2624999997
Iepê,IEPE,3475,2025,Junho,6,1325578.68,64409.21,14834.79,106.85,1656973.3499999999
Iepê,IEPE,3475,2025,Julho,7,2400126.02,80368.36,13705.05,7614.87,3000157.525
Iepê,IEPE,3475,2025,Agosto,8,1771001.69,88963.25,12106.83,0.0,2213752.1125
Iepê,IEPE,3475,2025,Setembro,9,2138459.35,80674.38,14739.63,7383.4,2673074.1875
Iepê,IEPE,3475,2025,Outubro,10,1762207.12,58157.88,14685.02,92.36,2202758.9
Iepê,IEPE,3475,2025,Novembro,11,1623549.04,53383.06,13514.96,3761.52,2029436.3
Iepê,IEPE,3475,2025,Dezembro,12,2545215.2,87431.36,15524.43,7009.99,3181519.0
Igarapava,IGARAPAVA,3499,2025,Janeiro,1,2487294.21,2070298.88,15659.1,5637.13,3109117.7624999997
Igarapava,IGARAPAVA,3499,2025,Fevereiro,2,2640769.72,795968.58,18180.99,6057.81,3300962.15
Igarapava,IGARAPAVA,3499,2025,Março,3,2698165.53,660517.33,20972.66,138.01,3372706.9124999996
Igarapava,IGARAPAVA,3499,2025,Abril,4,2905999.54,582164.81,22340.13,7944.71,3632499.425
Igarapava,IGARAPAVA,3499,2025,Maio,5,2690117.27,470033.94,17726.27,13149.8,3362646.5875
Igarapava,IGARAPAVA,3499,2025,Junho,6,2039112.99,208315.81,22820.09,164.36,2548891.2375
Igarapava,IGARAPAVA,3499,2025,Julho,7,3692069.17,302538.29,21082.23,11713.82,4615086.462499999
Igarapava,IGARAPAVA,3499,2025,Agosto,8,2724298.92,231351.29,18623.71,0.0,3405373.65
Igarapava,IGARAPAVA,3499,2025,Setembro,9,3289552.2,242103.22,22673.71,11357.74,4111940.25
Igarapava,IGARAPAVA,3499,2025,Outubro,10,2710770.4,226345.68,22589.69,142.08,3388462.9999999995
Igarapava,IGARAPAVA,3499,2025,Novembro,11,2497475.26,192329.19,20789.82,5786.28,3121844.0749999997
Igarapava,IGARAPAVA,3499,2025,Dezembro,12,3915257.16,267177.44,23880.94,10783.34,4894071.45
Igaratá,IGARATA,3505,2025,Janeiro,1,750828.41,794710.05,4780.52,1720.95,938535.5125
Igaratá,IGARATA,3505,2025,Fevereiro,2,806193.45,399255.58,5550.43,1849.37,1007741.8124999999
Igaratá,IGARATA,3505,2025,Março,3,823715.67,302365.7,6402.69,42.13,1029644.5875
Igaratá,IGARATA,3505,2025,Abril,4,887164.75,287985.63,6820.16,2425.42,1108955.9375
Igaratá,IGARATA,3505,2025,Maio,5,821258.63,229481.59,5411.61,4014.47,1026573.2875
Igaratá,IGARATA,3505,2025,Junho,6,622515.3,73401.4,6966.68,50.18,778144.125
Igaratá,IGARATA,3505,2025,Julho,7,1127141.82,81973.76,6436.14,3576.08,1408927.275
Igaratá,IGARATA,3505,2025,Agosto,8,831693.86,1623819.16,5685.58,0.0,1039617.325
Igaratá,IGARATA,3505,2025,Setembro,9,1004258.51,106993.43,6921.99,3467.37,1255323.1375
Igaratá,IGARATA,3505,2025,Outubro,10,827563.77,83384.89,6896.34,43.38,1034454.7125
Igaratá,IGARATA,3505,2025,Novembro,11,762447.48,62116.64,6346.87,1766.48,953059.35
Igaratá,IGARATA,3505,2025,Dezembro,12,1195278.28,104893.26,7290.55,3292.02,1494097.8499999999
Igaraçu do Tietê,IGARACU DO TIETE,3487,2025,Janeiro,1,716298.55,1449907.16,4536.71,1633.17,895373.1875
Igaraçu do Tietê,IGARACU DO TIETE,3487,2025,Fevereiro,2,765076.58,533726.59,5267.35,1755.05,956345.7249999999
Igaraçu do Tietê,IGARACU DO TIETE,3487,2025,Março,3,781705.13,457283.67,6076.14,39.98,977131.4125
Igaraçu do Tietê,IGARACU DO TIETE,3487,2025,Abril,4,841918.23,372951.75,6472.32,2301.72,1052397.7874999999
Igaraçu do Tietê,IGARACU DO TIETE,3487,2025,Maio,5,779373.41,366171.94,5135.61,3809.72,974216.7625
Igaraçu do Tietê,IGARACU DO TIETE,3487,2025,Junho,6,590766.24,126103.8,6611.37,47.62,738457.7999999999
Igaraçu do Tietê,IGARACU DO TIETE,3487,2025,Julho,7,1069656.17,127267.47,6107.89,3393.7,1337070.2125
Igaraçu do Tietê,IGARACU DO TIETE,3487,2025,Agosto,8,789276.43,132830.04,5395.61,0.0,986595.5375
Igaraçu do Tietê,IGARACU DO TIETE,3487,2025,Setembro,9,953040.06,172925.83,6568.96,3290.53,1191300.075
Igaraçu do Tietê,IGARACU DO TIETE,3487,2025,Outubro,10,785356.98,164672.42,6544.62,41.16,981696.225
Igaraçu do Tietê,IGARACU DO TIETE,3487,2025,Novembro,11,723561.7,118972.53,6023.17,1676.38,904452.1249999999
Igaraçu do Tietê,IGARACU DO TIETE,3487,2025,Dezembro,12,1134317.59,259443.62,6918.72,3124.12,1417896.9875
Iguape,IGUAPE,3517,2025,Janeiro,1,2470507.3,1345019.82,15729.72,5662.56,3088134.1249999995
Iguape,IGUAPE,3517,2025,Fevereiro,2,2652679.13,668465.86,18262.98,6085.13,3315848.9124999996
Iguape,IGUAPE,3517,2025,Março,3,2710333.79,545416.93,21067.24,138.63,3387917.2375
Iguape,IGUAPE,3517,2025,Abril,4,2919105.1,467977.38,22440.88,7980.54,3648881.375
Iguape,IGUAPE,3517,2025,Maio,5,2702249.23,391449.81,17806.22,13209.1,3377811.5374999996
Iguape,IGUAPE,3517,2025,Junho,6,2048309.04,116210.53,22923.0,165.1,2560386.3
Iguape,IGUAPE,3517,2025,Julho,7,3708719.76,140968.54,21177.31,11766.65,4635899.699999999
Iguape,IGUAPE,3517,2025,Agosto,8,2736585.04,151110.26,18707.7,0.0,3420731.3
Iguape,IGUAPE,3517,2025,Setembro,9,3304387.51,181063.1,22775.96,11408.96,4130484.3874999997
Iguape,IGUAPE,3517,2025,Outubro,10,2722995.5,172785.52,22691.56,142.72,3403744.375
Iguape,IGUAPE,3517,2025,Novembro,11,2508738.45,140995.27,20883.58,5812.37,3135923.0625
Iguape,IGUAPE,3517,2025,Dezembro,12,3932914.29,254629.47,23988.64,10831.98,4916142.8625
Ilha Comprida,ILHA COMPRIDA,7675,2025,Janeiro,1,620210.48,718297.34,3948.88,1421.56,775263.1
Ilha Comprida,ILHA COMPRIDA,7675,2025,Fevereiro,2,665943.93,329551.91,4584.85,1527.65,832429.9125
Ilha Comprida,ILHA COMPRIDA,7675,2025,Março,3,680417.89,233495.14,5288.84,34.8,850522.3624999999
Ilha Comprida,ILHA COMPRIDA,7675,2025,Abril,4,732829.05,202849.46,5633.69,2003.48,916036.3125
Ilha Comprida,ILHA COMPRIDA,7675,2025,Maio,5,678388.29,173751.04,4470.18,3316.09,847985.3625
Ilha Comprida,ILHA COMPRIDA,7675,2025,Junho,6,514219.36,57848.13,5754.72,41.45,642774.2
Ilha Comprida,ILHA COMPRIDA,7675,2025,Julho,7,931058.48,82160.57,5316.47,2953.97,1163823.0999999999
Ilha Comprida,ILHA COMPRIDA,7675,2025,Agosto,8,687008.16,85687.14,4696.49,0.0,858760.2
Ilha Comprida,ILHA COMPRIDA,7675,2025,Setembro,9,829552.58,82948.36,5717.81,2864.17,1036940.7249999999
Ilha Comprida,ILHA COMPRIDA,7675,2025,Outubro,10,683596.56,81708.82,5696.62,35.83,854495.7000000001
Ilha Comprida,ILHA COMPRIDA,7675,2025,Novembro,11,629808.23,66126.01,5242.73,1459.17,787260.2875
Ilha Comprida,ILHA COMPRIDA,7675,2025,Dezembro,12,987341.58,129517.07,6022.25,2719.32,1234176.9749999999
Ilha Solteira,ILHA SOLTEIRA,7493,2025,Janeiro,1,5107986.52,2484915.53,32361.84,11649.96,6384983.149999999
Ilha Solteira,ILHA SOLTEIRA,7493,2025,Fevereiro,2,5457538.98,997861.88,37573.69,12519.35,6821923.725000001
Ilha Solteira,ILHA SOLTEIRA,7493,2025,Março,3,5576155.87,716910.87,43343.09,285.22,6970194.837499999
Ilha Solteira,ILHA SOLTEIRA,7493,2025,Abril,4,6005675.42,692477.19,46169.17,16418.91,7507094.274999999
Ilha Solteira,ILHA SOLTEIRA,7493,2025,Maio,5,5559522.95,550660.74,36633.95,27175.99,6949403.6875
Ilha Solteira,ILHA SOLTEIRA,7493,2025,Junho,6,4214126.88,217580.08,47161.07,339.68,5267658.6
Ilha Solteira,ILHA SOLTEIRA,7493,2025,Julho,7,7630203.9,193004.07,43569.53,24208.33,9537754.875
Ilha Solteira,ILHA SOLTEIRA,7493,2025,Agosto,8,5630164.37,197952.46,38488.63,0.0,7037705.462499999
Ilha Solteira,ILHA SOLTEIRA,7493,2025,Setembro,9,6798343.39,250719.06,46858.55,23472.44,8497929.237499999
Ilha Solteira,ILHA SOLTEIRA,7493,2025,Outubro,10,5602205.68,235822.26,46684.91,293.63,7002757.1
Ilha Solteira,ILHA SOLTEIRA,7493,2025,Novembro,11,5161399.92,210579.85,42965.22,11958.2,6451749.899999999
Ilha Solteira,ILHA SOLTEIRA,7493,2025,Dezembro,12,8091454.7,353571.18,49353.47,22285.37,10114318.375
Ilhabela,ILHABELA,3529,2025,Janeiro,1,2334849.43,4709659.4,14837.08,5341.21,2918561.7875
Ilhabela,ILHABELA,3529,2025,Fevereiro,2,2502142.23,1961598.96,17226.58,5739.8,3127677.7874999996
Ilhabela,ILHABELA,3529,2025,Março,3,2556525.04,1330377.38,19871.7,130.77,3195656.3
Ilhabela,ILHABELA,3529,2025,Abril,4,2753448.78,1230371.39,21167.39,7527.65,3441810.9749999996
Ilhabela,ILHABELA,3529,2025,Maio,5,2548899.27,975958.91,16795.73,12459.5,3186124.0875
Ilhabela,ILHABELA,3529,2025,Junho,6,1932069.54,419955.35,21622.15,155.73,2415086.925
Ilhabela,ILHABELA,3529,2025,Julho,7,3498253.6,395209.42,19975.51,11098.9,4372817.0
Ilhabela,ILHABELA,3529,2025,Agosto,8,2581286.56,407019.79,17646.05,0.0,3226608.1999999997
Ilhabela,ILHABELA,3529,2025,Setembro,9,3116866.8,447283.69,21483.45,10761.52,3896083.4999999995
Ilhabela,ILHABELA,3529,2025,Outubro,10,2568468.21,494517.55,21403.84,134.62,3210585.2624999997
Ilhabela,ILHABELA,3529,2025,Novembro,11,2366370.03,358680.42,19698.45,5482.53,2957962.5374999996
Ilhabela,ILHABELA,3529,2025,Dezembro,12,3709725.31,635651.56,22627.31,10217.27,4637156.6375
Indaiatuba,INDAIATUBA,3530,2025,Janeiro,1,25629749.67,50461247.19,162055.68,58338.56,32037187.087500002
Indaiatuba,INDAIATUBA,3530,2025,Fevereiro,2,27329265.38,21300197.44,188154.65,62692.11,34161581.724999994
Indaiatuba,INDAIATUBA,3530,2025,Março,3,27923253.33,15410478.81,217045.57,1428.27,34904066.662499994
Indaiatuba,INDAIATUBA,3530,2025,Abril,4,30074122.74,14155183.2,231197.54,82219.64,37592653.425
Indaiatuba,INDAIATUBA,3530,2025,Maio,5,27839962.01,12143937.04,183448.81,136086.93,34799952.5125
Indaiatuba,INDAIATUBA,3530,2025,Junho,6,21102733.71,3921957.23,236164.58,1700.96,26378417.1375
Indaiatuba,INDAIATUBA,3530,2025,Julho,7,38209139.3,4817020.45,218179.5,121226.05,47761424.12499999
Indaiatuba,INDAIATUBA,3530,2025,Agosto,8,28193707.22,4413794.36,192736.32,0.0,35242134.025
Indaiatuba,INDAIATUBA,3530,2025,Setembro,9,34043500.43,4415582.91,234649.66,117541.01,42554375.537499994
Indaiatuba,INDAIATUBA,3530,2025,Outubro,10,28053700.78,4348721.73,233780.14,1470.37,35067125.975
Indaiatuba,INDAIATUBA,3530,2025,Novembro,11,25846314.35,3181516.86,215153.34,59882.06,32307892.9375
Indaiatuba,INDAIATUBA,3530,2025,Dezembro,12,40518906.69,5757826.13,247143.28,111596.58,50648633.3625
Indiana,INDIANA,3542,2025,Janeiro,1,332395.92,375216.14,2104.72,757.68,415494.89999999997
Indiana,INDIANA,3542,2025,Fevereiro,2,354941.97,193458.83,2443.68,814.22,443677.46249999997
Indiana,INDIANA,3542,2025,Março,3,362656.46,144105.73,2818.9,18.55,453320.575
Indiana,INDIANA,3542,2025,Abril,4,390591.12,148472.54,3002.7,1067.84,488238.89999999997
Indiana,INDIANA,3542,2025,Maio,5,361574.7,119933.69,2382.56,1767.44,451968.375
Indiana,INDIANA,3542,2025,Junho,6,274074.18,23603.46,3067.21,22.09,342592.725
Indiana,INDIANA,3542,2025,Julho,7,496245.58,48968.38,2833.63,1574.44,620306.975
Indiana,INDIANA,3542,2025,Agosto,8,366169.01,46176.46,2503.19,0.0,457711.2625
Indiana,INDIANA,3542,2025,Setembro,9,442143.87,53108.5,3047.54,1526.58,552679.8374999999
Indiana,INDIANA,3542,2025,Outubro,10,364350.66,36100.1,3036.25,19.1,455438.32499999995
Indiana,INDIANA,3542,2025,Novembro,11,335681.97,31582.25,2794.33,777.73,419602.46249999997
Indiana,INDIANA,3542,2025,Dezembro,12,526243.95,67785.16,3209.8,1449.37,657804.9374999999
Indiaporã,INDIAPORA,3554,2025,Janeiro,1,683563.24,278040.02,4331.01,1559.12,854454.0499999999
Indiaporã,INDIAPORA,3554,2025,Fevereiro,2,730386.14,138325.49,5028.51,1675.47,912982.6749999999
Indiaporã,INDIAPORA,3554,2025,Março,3,746260.72,112614.21,5800.63,38.17,932825.8999999999
Indiaporã,INDIAPORA,3554,2025,Abril,4,803743.61,87370.15,6178.85,2197.35,1004679.5125
Indiaporã,INDIAPORA,3554,2025,Maio,5,744034.72,74688.77,4902.75,3636.98,930043.3999999999
Indiaporã,INDIAPORA,3554,2025,Junho,6,563979.45,25096.27,6311.6,45.46,704974.3124999999
Indiaporã,INDIAPORA,3554,2025,Julho,7,1021155.35,19878.21,5830.94,3239.82,1276444.1875
Indiaporã,INDIAPORA,3554,2025,Agosto,8,753488.71,32292.13,5150.96,0.0,941860.8875
Indiaporã,INDIAPORA,3554,2025,Setembro,9,909826.9,29203.54,6271.11,3141.33,1137283.625
Indiaporã,INDIAPORA,3554,2025,Outubro,10,749746.98,31191.41,6247.87,39.3,937183.725
Indiaporã,INDIAPORA,3554,2025,Novembro,11,690753.65,29793.31,5750.06,1600.37,863442.0625
Indiaporã,INDIAPORA,3554,2025,Dezembro,12,1082884.86,45973.2,6605.01,2982.47,1353606.075
Inúbia Paulista,INUBIA PAULISTA,3566,2025,Janeiro,1,347422.3,351801.47,2199.22,791.7,434277.87499999994
Inúbia Paulista,INUBIA PAULISTA,3566,2025,Fevereiro,2,370879.25,91393.45,2553.4,850.78,463599.0625
Inúbia Paulista,INUBIA PAULISTA,3566,2025,Março,3,378940.13,69001.17,2945.48,19.38,473675.1625
Inúbia Paulista,INUBIA PAULISTA,3566,2025,Abril,4,408129.09,59816.94,3137.53,1115.78,510161.3625
Inúbia Paulista,INUBIA PAULISTA,3566,2025,Maio,5,377809.8,47976.86,2489.54,1846.8,472262.24999999994
Inúbia Paulista,INUBIA PAULISTA,3566,2025,Junho,6,286380.41,17290.63,3204.94,23.08,357975.51249999995
Inúbia Paulista,INUBIA PAULISTA,3566,2025,Julho,7,518527.55,20580.1,2960.86,1645.13,648159.4375
Inúbia Paulista,INUBIA PAULISTA,3566,2025,Agosto,8,382610.4,28332.98,2615.58,0.0,478263.0
Inúbia Paulista,INUBIA PAULISTA,3566,2025,Setembro,9,461996.61,39918.3,3184.38,1595.12,577495.7625
Inúbia Paulista,INUBIA PAULISTA,3566,2025,Outubro,10,380710.4,43787.72,3172.58,19.95,475888.0
Inúbia Paulista,INUBIA PAULISTA,3566,2025,Novembro,11,350754.46,23196.31,2919.8,812.65,438443.075
Inúbia Paulista,INUBIA PAULISTA,3566,2025,Dezembro,12,549872.88,32845.1,3353.93,1514.45,687341.1
Ipaussú,IPAUSSU,3578,2025,Janeiro,1,1222956.96,965956.06,7717.53,2778.24,1528696.2
Ipaussú,IPAUSSU,3578,2025,Fevereiro,2,1301493.81,388005.15,8960.44,2985.57,1626867.2625
Ipaussú,IPAUSSU,3578,2025,Março,3,1329781.13,297812.77,10336.3,68.02,1662226.4124999999
Ipaussú,IPAUSSU,3578,2025,Abril,4,1432211.37,297803.05,11010.25,3915.52,1790264.2125000001
Ipaussú,IPAUSSU,3578,2025,Maio,5,1325814.57,229119.55,8736.33,6480.83,1657268.2125
Ipaussú,IPAUSSU,3578,2025,Junho,6,1004969.47,69308.7,11246.8,81.0,1256211.8375
Ipaussú,IPAUSSU,3578,2025,Julho,7,1819622.94,91943.17,10390.3,5773.11,2274528.675
Ipaussú,IPAUSSU,3578,2025,Agosto,8,1342660.88,111470.91,9178.63,0.0,1678326.0999999999
Ipaussú,IPAUSSU,3578,2025,Setembro,9,1621243.91,79726.82,11174.65,5597.62,2026554.8874999997
Ipaussú,IPAUSSU,3578,2025,Outubro,10,1335993.39,79429.84,11133.25,70.02,1669991.7374999998
Ipaussú,IPAUSSU,3578,2025,Novembro,11,1230871.66,71793.17,10246.19,2851.75,1538589.5749999997
Ipaussú,IPAUSSU,3578,2025,Dezembro,12,1929620.34,131092.31,11769.63,5314.53,2412025.425
Iperó,IPERO,3580,2025,Janeiro,1,1861118.64,1346634.21,11807.39,4250.55,2326398.3
Iperó,IPERO,3580,2025,Fevereiro,2,1991213.03,601474.7,13708.97,4567.75,2489016.2875
Iperó,IPERO,3580,2025,Março,3,2034491.05,526827.42,15813.96,104.06,2543113.8125
Iperó,IPERO,3580,2025,Abril,4,2191203.61,466510.45,16845.08,5990.53,2739004.5124999997
Iperó,IPERO,3580,2025,Maio,5,2028422.44,419727.13,13366.1,9915.31,2535528.05
Iperó,IPERO,3580,2025,Junho,6,1537547.3,133746.14,17206.97,123.93,1921934.125
Iperó,IPERO,3580,2025,Julho,7,2783921.74,170543.65,15896.58,8832.54,3479902.1750000003
Iperó,IPERO,3580,2025,Agosto,8,2054196.35,160152.8,14042.79,0.0,2567745.4375
Iperó,IPERO,3580,2025,Setembro,9,2480412.87,188667.13,17096.6,8564.05,3100516.0875
Iperó,IPERO,3580,2025,Outubro,10,2043995.47,185245.72,17033.24,107.13,2554994.3375
Iperó,IPERO,3580,2025,Novembro,11,1883165.07,146296.84,15676.09,4363.01,2353956.3375
Iperó,IPERO,3580,2025,Dezembro,12,2952211.62,222578.82,18006.88,8130.94,3690264.525
Ipeúna,IPEUNA,3591,2025,Janeiro,1,903714.09,868200.55,5724.58,2060.79,1129642.6124999998
Ipeúna,IPEUNA,3591,2025,Fevereiro,2,965399.34,276629.91,6646.52,2214.58,1206749.1749999998
Ipeúna,IPEUNA,3591,2025,Março,3,986381.82,213997.64,7667.08,50.45,1232977.275
Ipeúna,IPEUNA,3591,2025,Abril,4,1062360.73,198952.57,8166.99,2904.39,1327950.9124999999
Ipeúna,IPEUNA,3591,2025,Maio,5,983439.57,182254.07,6480.28,4807.24,1229299.4625
Ipeúna,IPEUNA,3591,2025,Junho,6,745448.7,46874.34,8342.45,60.09,931810.8749999999
Ipeúna,IPEUNA,3591,2025,Julho,7,1349728.12,62328.45,7707.14,4282.28,1687160.1500000001
Ipeúna,IPEUNA,3591,2025,Agosto,8,995935.53,70554.73,6808.36,0.0,1244919.4124999999
Ipeúna,IPEUNA,3591,2025,Setembro,9,1202577.99,68861.14,8288.94,4152.11,1503222.4874999998
Ipeúna,IPEUNA,3591,2025,Outubro,10,990989.84,85298.48,8258.22,51.94,1238737.2999999998
Ipeúna,IPEUNA,3591,2025,Novembro,11,913014.48,55047.54,7600.24,2115.32,1141268.0999999999
Ipeúna,IPEUNA,3591,2025,Dezembro,12,1431320.07,86759.55,8730.27,3942.12,1789150.0875
Ipiguá,IPIGUA,7845,2025,Janeiro,1,553968.51,389480.41,3512.81,1264.58,692460.6375
Ipiguá,IPIGUA,7845,2025,Fevereiro,2,592404.55,210597.34,4078.55,1358.95,740505.6875
Ipiguá,IPIGUA,7845,2025,Março,3,605280.17,143773.3,4704.8,30.96,756600.2125
Ipiguá,IPIGUA,7845,2025,Abril,4,651903.63,134050.77,5011.57,1782.24,814879.5375
Ipiguá,IPIGUA,7845,2025,Maio,5,603474.7,118873.11,3976.54,2949.9,754343.3749999999
Ipiguá,IPIGUA,7845,2025,Junho,6,457434.75,38011.63,5119.24,36.87,571793.4375
Ipiguá,IPIGUA,7845,2025,Julho,7,828242.83,71592.27,4729.38,2627.76,1035303.5374999999
Ipiguá,IPIGUA,7845,2025,Agosto,8,611142.68,67941.18,4177.86,0.0,763928.35
Ipiguá,IPIGUA,7845,2025,Setembro,9,737946.1,51660.57,5086.4,2547.89,922432.6249999999
Ipiguá,IPIGUA,7845,2025,Outubro,10,608107.83,50541.56,5067.55,31.87,760134.7874999999
Ipiguá,IPIGUA,7845,2025,Novembro,11,560259.27,50579.67,4663.79,1298.04,700324.0875
Ipiguá,IPIGUA,7845,2025,Dezembro,12,878310.65,60506.13,5357.22,2419.03,1097888.3125
Iporanga,IPORANGA,3608,2025,Janeiro,1,1208126.36,134688.07,7692.14,2769.1,1510157.95
Iporanga,IPORANGA,3608,2025,Fevereiro,2,1297211.94,60325.57,8930.96,2975.75,1621514.9249999998
Iporanga,IPORANGA,3608,2025,Março,3,1325406.19,51396.61,10302.29,67.79,1656757.7374999998
Iporanga,IPORANGA,3608,2025,Abril,4,1427499.44,39637.49,10974.03,3902.64,1784374.2999999998
Iporanga,IPORANGA,3608,2025,Maio,5,1321452.68,28695.63,8707.59,6459.51,1651815.8499999999
Iporanga,IPORANGA,3608,2025,Junho,6,1001663.15,8539.13,11209.8,80.74,1252078.9375
Iporanga,IPORANGA,3608,2025,Julho,7,1813636.44,5331.98,10356.12,5754.12,2267045.55
Iporanga,IPORANGA,3608,2025,Agosto,8,1338243.57,24477.12,9148.43,0.0,1672804.4625
Iporanga,IPORANGA,3608,2025,Setembro,9,1615910.07,6362.4,11137.89,5579.21,2019887.5875
Iporanga,IPORANGA,3608,2025,Outubro,10,1331598.01,6060.91,11096.62,69.79,1664497.5125
Iporanga,IPORANGA,3608,2025,Novembro,11,1226822.13,14400.78,10212.48,2842.36,1533527.6624999999
Iporanga,IPORANGA,3608,2025,Dezembro,12,1923271.95,22933.9,11730.91,5297.05,2404089.9375
Ipuá,IPUA,3610,2025,Janeiro,1,1420951.28,1495285.95,8990.95,3236.66,1776189.0999999999
Ipuá,IPUA,3610,2025,Fevereiro,2,1516244.32,497571.92,10438.93,3478.2,1895305.4
Ipuá,IPUA,3610,2025,Março,3,1549199.13,389628.37,12041.82,79.24,1936498.9124999999
Ipuá,IPUA,3610,2025,Abril,4,1668530.68,324351.57,12826.98,4561.6,2085663.3499999999
Ipuá,IPUA,3610,2025,Maio,5,1544578.08,288714.23,10177.85,7550.19,1930722.6
Ipuá,IPUA,3610,2025,Junho,6,1170792.54,108729.15,13102.55,94.37,1463490.675
Ipuá,IPUA,3610,2025,Julho,7,2119866.36,95122.62,12104.73,6725.7,2649832.9499999997
Ipuá,IPUA,3610,2025,Agosto,8,1564204.08,123411.46,10693.13,0.0,1955255.1
Ipuá,IPUA,3610,2025,Setembro,9,1888754.17,117132.87,13018.51,6521.25,2360942.7125
Ipuá,IPUA,3610,2025,Outubro,10,1556436.44,114414.2,12970.26,81.58,1945545.5499999998
Ipuá,IPUA,3610,2025,Novembro,11,1433969.29,72090.26,11936.84,3322.29,1792461.6125
Ipuá,IPUA,3610,2025,Dezembro,12,2248013.66,144980.9,13711.66,6191.45,2810017.075
Iracemápolis,IRACEMAPOLIS,3621,2025,Janeiro,1,1751727.8,3045077.92,11023.84,3968.48,2189659.75
Iracemápolis,IRACEMAPOLIS,3621,2025,Fevereiro,2,1859073.67,988823.23,12799.22,4264.63,2323842.0875
Iracemápolis,IRACEMAPOLIS,3621,2025,Março,3,1899479.7,923499.92,14764.53,97.16,2374349.625
Iracemápolis,IRACEMAPOLIS,3621,2025,Abril,4,2045792.63,726378.89,15727.22,5592.99,2557240.7874999996
Iracemápolis,IRACEMAPOLIS,3621,2025,Maio,5,1893813.81,800477.32,12479.11,9257.32,2367267.2624999997
Iracemápolis,IRACEMAPOLIS,3621,2025,Junho,6,1435513.76,272396.64,16065.1,115.71,1794392.2
Iracemápolis,IRACEMAPOLIS,3621,2025,Julho,7,2599177.24,454646.17,14841.66,8246.4,3248971.5500000003
Iracemápolis,IRACEMAPOLIS,3621,2025,Agosto,8,1917877.33,338163.63,13110.89,0.0,2397346.6625
Iracemápolis,IRACEMAPOLIS,3621,2025,Setembro,9,2315809.6,359001.46,15962.05,7995.73,2894762.0
Iracemápolis,IRACEMAPOLIS,3621,2025,Outubro,10,1908353.39,375673.44,15902.9,100.02,2385441.7375
Iracemápolis,IRACEMAPOLIS,3621,2025,Novembro,11,1758195.9,263302.67,14635.81,4073.48,2197744.8749999995
Iracemápolis,IRACEMAPOLIS,3621,2025,Dezembro,12,2756299.2,451604.71,16811.93,7591.36,3445374.0
Irapuru,IRAPURU,3645,2025,Janeiro,1,464400.84,428630.43,2945.14,1060.22,580501.05
Irapuru,IRAPURU,3645,2025,Fevereiro,2,496672.01,163775.93,3419.45,1139.34,620840.0125
Irapuru,IRAPURU,3645,2025,Março,3,507466.93,128611.83,3944.51,25.96,634333.6625
Irapuru,IRAPURU,3645,2025,Abril,4,546556.04,135075.45,4201.7,1494.23,683195.05
Irapuru,IRAPURU,3645,2025,Maio,5,505953.22,115662.44,3333.93,2473.19,632441.5249999999
Irapuru,IRAPURU,3645,2025,Junho,6,383513.31,34098.57,4291.97,30.91,479391.63749999995
Irapuru,IRAPURU,3645,2025,Julho,7,694398.83,30735.34,3965.11,2203.12,867998.5374999999
Irapuru,IRAPURU,3645,2025,Agosto,8,512382.06,48116.72,3502.72,0.0,640477.575
Irapuru,IRAPURU,3645,2025,Setembro,9,618694.04,27913.25,4264.44,2136.15,773367.55
Irapuru,IRAPURU,3645,2025,Outubro,10,509837.63,62837.18,4248.63,26.72,637297.0375
Irapuru,IRAPURU,3645,2025,Novembro,11,469721.4,35753.22,3910.12,1088.27,587151.75
Irapuru,IRAPURU,3645,2025,Dezembro,12,736375.69,43564.86,4491.49,2028.12,920469.6124999999
Irapuã,IRAPUA,3633,2025,Janeiro,1,794479.34,617382.97,5029.85,1810.7,993099.1749999999
Irapuã,IRAPUA,3633,2025,Fevereiro,2,848239.28,223755.95,5839.9,1945.82,1060299.0999999999
Irapuã,IRAPUA,3633,2025,Março,3,866675.34,197892.26,6736.61,44.33,1083344.1749999998
Irapuã,IRAPUA,3633,2025,Abril,4,933433.52,170615.83,7175.85,2551.91,1166791.9
Irapuã,IRAPUA,3633,2025,Maio,5,864090.16,128735.0,5693.84,4223.83,1080112.7
Irapuã,IRAPUA,3633,2025,Junho,6,654981.66,34528.4,7330.02,52.79,818727.075
Irapuã,IRAPUA,3633,2025,Julho,7,1185926.24,61473.33,6771.8,3762.59,1482407.7999999998
Irapuã,IRAPUA,3633,2025,Agosto,8,875069.62,66740.13,5982.1,0.0,1093837.025
Irapuã,IRAPUA,3633,2025,Setembro,9,1056634.12,67932.26,7283.0,3648.21,1320792.6500000001
Irapuã,IRAPUA,3633,2025,Outubro,10,870724.14,64892.22,7256.01,45.64,1088405.175
Irapuã,IRAPUA,3633,2025,Novembro,11,802211.8,34361.03,6677.88,1858.61,1002764.75
Irapuã,IRAPUA,3633,2025,Dezembro,12,1257616.25,85338.45,7670.77,3463.71,1572020.3125
Itaberá,ITABERA,3657,2025,Janeiro,1,2926574.71,1668118.26,18444.58,6639.88,3658218.3874999997
Itaberá,ITABERA,3657,2025,Fevereiro,2,3110516.72,644403.28,21415.07,7135.39,3888145.9
Itaberá,ITABERA,3657,2025,Março,3,3178122.25,509242.32,24703.33,162.56,3972652.8125
Itaberá,ITABERA,3657,2025,Abril,4,3422926.32,440220.09,26314.06,9357.94,4278657.899999999
Itaberá,ITABERA,3657,2025,Maio,5,3168642.34,419666.75,20879.47,15488.91,3960802.925
Itaberá,ITABERA,3657,2025,Junho,6,2401835.73,182175.54,26879.39,193.6,3002294.6624999996
Itaberá,ITABERA,3657,2025,Julho,7,4348824.06,191526.58,24832.39,13797.5,5436030.074999999
Itaberá,ITABERA,3657,2025,Agosto,8,3208904.32,229450.38,21936.54,0.0,4011130.3999999994
Itaberá,ITABERA,3657,2025,Setembro,9,3874706.32,232066.03,26706.96,13378.09,4843382.899999999
Itaberá,ITABERA,3657,2025,Outubro,10,3192969.3,220194.13,26608.0,167.35,3991211.6249999995
Itaberá,ITABERA,3657,2025,Novembro,11,2941732.68,170021.99,24487.96,6815.56,3677165.85
Itaberá,ITABERA,3657,2025,Dezembro,12,4611713.31,261867.58,28128.94,12701.51,5764641.637499999
Itajobi,ITAJOBI,3670,2025,Janeiro,1,1844869.79,2259745.79,11650.4,4194.04,2306087.2375
Itajobi,ITAJOBI,3670,2025,Fevereiro,2,1964737.98,849706.71,13526.69,4507.02,2455922.4749999996
Itajobi,ITAJOBI,3670,2025,Março,3,2007440.58,626524.51,15603.7,102.68,2509300.725
Itajobi,ITAJOBI,3670,2025,Abril,4,2162069.5,554315.71,16621.11,5910.88,2702586.875
Itajobi,ITAJOBI,3670,2025,Maio,5,2001452.66,463178.64,13188.38,9783.47,2501815.8249999997
Itajobi,ITAJOBI,3670,2025,Junho,6,1517104.17,151160.81,16978.19,122.28,1896380.2125
Itajobi,ITAJOBI,3670,2025,Julho,7,2746906.89,230733.28,15685.22,8715.11,3433633.6125
Itajobi,ITAJOBI,3670,2025,Agosto,8,2026883.88,192195.67,13856.08,0.0,2533604.8499999996
Itajobi,ITAJOBI,3670,2025,Setembro,9,2447433.45,223116.94,16869.28,8450.18,3059291.8125
Itajobi,ITAJOBI,3670,2025,Outubro,10,2016818.63,192590.44,16806.77,105.71,2521023.2874999996
Itajobi,ITAJOBI,3670,2025,Novembro,11,1858126.62,165226.19,15467.67,4305.0,2322658.275
Itajobi,ITAJOBI,3670,2025,Dezembro,12,2912959.2,249270.24,17767.47,8022.83,3641199.0
Itajú,ITAJU,3682,2025,Janeiro,1,592443.86,361155.98,3736.33,1345.05,740554.825
Itajú,ITAJU,3682,2025,Fevereiro,2,630099.56,108755.45,4338.07,1445.42,787624.4500000001
Itajú,ITAJU,3682,2025,Março,3,643794.46,80492.57,5004.17,32.93,804743.075
Itajú,ITAJU,3682,2025,Abril,4,693384.59,64940.96,5330.46,1895.64,866730.7374999999
Itajú,ITAJU,3682,2025,Maio,5,641874.11,60893.59,4229.57,3137.6,802342.6375
Itajú,ITAJU,3682,2025,Junho,6,486541.56,28045.79,5444.98,39.22,608176.95
Itajú,ITAJU,3682,2025,Julho,7,880944.35,26483.54,5030.31,2794.97,1101180.4375
Itajú,ITAJU,3682,2025,Agosto,8,650030.01,22226.1,4443.7,0.0,812537.5125
Itajú,ITAJU,3682,2025,Setembro,9,784901.99,22333.5,5410.05,2710.01,981127.4874999999
Itajú,ITAJU,3682,2025,Outubro,10,646802.04,23698.5,5390.0,33.9,808502.55
Itajú,ITAJU,3682,2025,Novembro,11,595908.86,26012.03,4960.54,1380.63,744886.075
Itajú,ITAJU,3682,2025,Dezembro,12,934198.01,36356.44,5698.1,2572.95,1167747.5125
Itanhaém,ITANHAEM,3694,2025,Janeiro,1,3896828.11,6491924.97,24811.11,8931.77,4871035.137499999
Itanhaém,ITANHAEM,3694,2025,Fevereiro,2,4184174.91,2965012.23,28806.92,9598.31,5230218.6375
Itanhaém,ITANHAEM,3694,2025,Março,3,4275115.86,2360785.26,33230.19,218.67,5343894.825
Itanhaém,ITANHAEM,3694,2025,Abril,4,4604419.04,2193146.37,35396.89,12588.02,5755523.8
Itanhaém,ITANHAEM,3694,2025,Maio,5,4262363.77,1955917.71,28086.44,20835.23,5327954.712499999
Itanhaém,ITANHAEM,3694,2025,Junho,6,3230878.24,764218.29,36157.35,260.42,4038597.8000000003
Itanhaém,ITANHAEM,3694,2025,Julho,7,5849909.24,904033.96,33403.8,18559.99,7312386.55
Itanhaém,ITANHAEM,3694,2025,Agosto,8,4316522.99,884610.92,29508.38,0.0,5395653.7375
Itanhaém,ITANHAEM,3694,2025,Setembro,9,5212140.11,1017453.08,35925.42,17995.81,6515175.1375
Itanhaém,ITANHAEM,3694,2025,Outubro,10,4295087.67,1061260.36,35792.29,225.12,5368859.587499999
Itanhaém,ITANHAEM,3694,2025,Novembro,11,3957131.61,789400.91,32940.48,9168.08,4946414.512499999
Itanhaém,ITANHAEM,3694,2025,Dezembro,12,6203540.06,1159071.8,37838.22,17085.7,7754425.074999999
Itapecerica da Serra,ITAPECERICA DA SERRA,3700,2025,Janeiro,1,7252942.49,9150772.94,45857.2,16508.17,9066178.112499999
Itapecerica da Serra,ITAPECERICA DA SERRA,3700,2025,Fevereiro,2,7733413.19,4561599.56,53242.47,17740.1,9666766.4875
Itapecerica da Serra,ITAPECERICA DA SERRA,3700,2025,Março,3,7901495.06,3731720.77,61417.79,404.16,9876868.825
Itapecerica da Serra,ITAPECERICA DA SERRA,3700,2025,Abril,4,8510130.59,3010854.16,65422.4,23265.84,10637663.237499999
Itapecerica da Serra,ITAPECERICA DA SERRA,3700,2025,Maio,5,7877925.97,3002671.96,51910.85,38508.77,9847407.462499999
Itapecerica da Serra,ITAPECERICA DA SERRA,3700,2025,Junho,6,5971479.91,1244284.29,66827.93,481.32,7464349.8875
Itapecerica da Serra,ITAPECERICA DA SERRA,3700,2025,Julho,7,10812111.4,1637162.24,61738.66,34303.56,13515139.25
Itapecerica da Serra,ITAPECERICA DA SERRA,3700,2025,Agosto,8,7978025.91,1579636.24,54538.95,0.0,9972532.3875
Itapecerica da Serra,ITAPECERICA DA SERRA,3700,2025,Setembro,9,9633352.8,1468245.83,66399.25,33260.8,12041691.0
Itapecerica da Serra,ITAPECERICA DA SERRA,3700,2025,Outubro,10,7938408.02,1274614.76,66153.2,416.07,9923010.024999999
Itapecerica da Serra,ITAPECERICA DA SERRA,3700,2025,Novembro,11,7313779.77,941720.72,60882.34,16944.94,9142224.712499999
Itapecerica da Serra,ITAPECERICA DA SERRA,3700,2025,Dezembro,12,11465710.58,1483770.83,69934.6,31578.69,14332138.225
Itapetininga,ITAPETININGA,3712,2025,Janeiro,1,11564685.39,15802773.42,73037.56,26292.85,14455856.7375
Itapetininga,ITAPETININGA,3712,2025,Fevereiro,2,12317141.39,6566619.81,84800.21,28254.97,15396426.7375
Itapetininga,ITAPETININGA,3712,2025,Março,3,12584848.31,5103547.33,97821.18,643.72,15731060.3875
Itapetininga,ITAPETININGA,3712,2025,Abril,4,13554232.68,4460730.24,104199.39,37055.91,16942790.849999998
Itapetininga,ITAPETININGA,3712,2025,Maio,5,12547309.4,3939624.03,82679.31,61333.59,15684136.75
Itapetininga,ITAPETININGA,3712,2025,Junho,6,9510879.68,1205372.78,106438.0,766.61,11888599.6
Itapetininga,ITAPETININGA,3712,2025,Julho,7,17220637.46,1671404.89,98332.23,54635.88,21525796.825
Itapetininga,ITAPETININGA,3712,2025,Agosto,8,12706740.31,1781010.43,86865.14,0.0,15883425.3875
Itapetininga,ITAPETININGA,3712,2025,Setembro,9,15343208.18,1761594.54,105755.24,52975.05,19179010.224999998
Itapetininga,ITAPETININGA,3712,2025,Outubro,10,12643640.22,1539265.84,105363.35,662.69,15804550.275
Itapetininga,ITAPETININGA,3712,2025,Novembro,11,11648783.96,1188510.33,96968.36,26988.5,14560979.950000001
Itapetininga,ITAPETININGA,3712,2025,Dezembro,12,18261636.22,2098034.6,111386.04,50295.93,22827045.275
Itapeva,ITAPEVA,3724,2025,Janeiro,1,7080120.84,8748167.21,44629.29,16066.14,8850151.049999999
Itapeva,ITAPEVA,3724,2025,Fevereiro,2,7526337.39,3865070.88,51816.81,17265.08,9407921.737499999
Itapeva,ITAPEVA,3724,2025,Março,3,7689918.58,3524017.48,59773.22,393.34,9612398.225
Itapeva,ITAPEVA,3724,2025,Abril,4,8282256.82,2820619.27,63670.6,22642.86,10352821.025
Itapeva,ITAPEVA,3724,2025,Maio,5,7666980.59,2937755.5,50520.85,37477.63,9583725.737499999
Itapeva,ITAPEVA,3724,2025,Junho,6,5811582.99,864467.31,65038.49,468.44,7264478.7375
Itapeva,ITAPEVA,3724,2025,Julho,7,10522598.03,1608305.32,60085.5,33385.02,13153247.537499998
Itapeva,ITAPEVA,3724,2025,Agosto,8,7764400.18,1620536.61,53078.58,0.0,9705500.225
Itapeva,ITAPEVA,3724,2025,Setembro,9,9375402.77,1698076.82,64621.3,32370.18,11719253.462499999
Itapeva,ITAPEVA,3724,2025,Outubro,10,7725843.13,1484204.74,64381.83,404.93,9657303.9125
Itapeva,ITAPEVA,3724,2025,Novembro,11,7117940.4,1061780.33,59252.11,16491.21,8897425.5
Itapeva,ITAPEVA,3724,2025,Dezembro,12,11158695.94,1461398.18,68061.97,30733.12,13948369.924999999
Itapevi,ITAPEVI,3736,2025,Janeiro,1,20504680.42,11675587.23,129545.38,46635.15,25630850.525000002
Itapevi,ITAPEVI,3736,2025,Fevereiro,2,21846688.32,6060795.19,150408.58,50115.32,27308360.4
Itapevi,ITAPEVI,3736,2025,Março,3,22321515.19,5004952.79,173503.64,1141.75,27901893.9875
Itapevi,ITAPEVI,3736,2025,Abril,4,24040894.51,4239767.43,184816.55,65725.4,30051118.1375
Itapevi,ITAPEVI,3736,2025,Maio,5,22254933.11,3630985.68,146646.79,108786.26,27818666.3875
Itapevi,ITAPEVI,3736,2025,Junho,6,16869273.27,1390231.16,188787.14,1359.73,21086591.5875
Itapevi,ITAPEVI,3736,2025,Julho,7,30543929.58,1697032.87,174410.08,96906.65,38179911.974999994
Itapevi,ITAPEVI,3736,2025,Agosto,8,22537712.8,1896586.22,154071.11,0.0,28172141.0
Itapevi,ITAPEVI,3736,2025,Setembro,9,27213967.62,1999501.63,187576.14,93960.88,34017459.525
Itapevi,ITAPEVI,3736,2025,Outubro,10,22425793.33,1737274.66,186881.05,1175.4,28032241.662499998
Itapevi,ITAPEVI,3736,2025,Novembro,11,20661234.98,1307315.16,171991.01,47869.0,25826543.724999998
Itapevi,ITAPEVI,3736,2025,Dezembro,12,32390330.04,2080491.69,197563.39,89208.97,40487912.55
Itapira,ITAPIRA,3748,2025,Janeiro,1,7051984.41,9740939.65,44317.53,15953.9,8814980.5125
Itapira,ITAPIRA,3748,2025,Fevereiro,2,7473761.06,3427341.8,51454.84,17144.47,9342201.325
Itapira,ITAPIRA,3748,2025,Março,3,7636199.53,2623084.01,59355.67,390.59,9545249.4125
Itapira,ITAPIRA,3748,2025,Abril,4,8224399.9,2268559.15,63225.82,22484.68,10280499.875
Itapira,ITAPIRA,3748,2025,Maio,5,7613421.77,2164817.91,50167.93,37215.83,9516777.212499999
Itapira,ITAPIRA,3748,2025,Junho,6,5770985.33,569589.2,64584.16,465.16,7213731.6625
Itapira,ITAPIRA,3748,2025,Julho,7,10449090.87,725289.55,59665.76,33151.81,13061363.587499999
Itapira,ITAPIRA,3748,2025,Agosto,8,7710160.82,664795.84,52707.79,0.0,9637701.025
Itapira,ITAPIRA,3748,2025,Setembro,9,9309909.52,761692.88,64169.87,32144.06,11637386.899999999
Itapira,ITAPIRA,3748,2025,Outubro,10,7671873.12,671143.35,63932.09,402.1,9589841.4
Itapira,ITAPIRA,3748,2025,Novembro,11,7068216.98,477439.31,58838.2,16376.01,8835271.225
Itapira,ITAPIRA,3748,2025,Dezembro,12,11080745.23,933498.86,67586.52,30518.43,13850931.5375
Itapirapuã Paulista,ITAPIRAPUA PAULISTA,7687,2025,Janeiro,1,611163.49,232682.48,3891.28,1400.82,763954.3624999999
Itapirapuã Paulista,ITAPIRAPUA PAULISTA,7687,2025,Fevereiro,2,656229.88,84427.89,4517.97,1505.36,820287.35
Itapirapuã Paulista,ITAPIRAPUA PAULISTA,7687,2025,Março,3,670492.71,81245.52,5211.69,34.3,838115.8875
Itapirapuã Paulista,ITAPIRAPUA PAULISTA,7687,2025,Abril,4,722139.35,52499.3,5551.51,1974.26,902674.1874999999
Itapirapuã Paulista,ITAPIRAPUA PAULISTA,7687,2025,Maio,5,668492.72,42488.72,4404.97,3267.72,835615.8999999999
Itapirapuã Paulista,ITAPIRAPUA PAULISTA,7687,2025,Junho,6,506718.5,9189.52,5670.78,40.84,633398.125
Itapirapuã Paulista,ITAPIRAPUA PAULISTA,7687,2025,Julho,7,917477.24,37589.0,5238.92,2910.88,1146846.5499999998
Itapirapuã Paulista,ITAPIRAPUA PAULISTA,7687,2025,Agosto,8,676986.85,26564.85,4627.98,0.0,846233.5624999999
Itapirapuã Paulista,ITAPIRAPUA PAULISTA,7687,2025,Setembro,9,817451.99,31194.59,5634.4,2822.39,1021814.9874999999
Itapirapuã Paulista,ITAPIRAPUA PAULISTA,7687,2025,Outubro,10,673625.01,19951.93,5613.53,35.31,842031.2625
Itapirapuã Paulista,ITAPIRAPUA PAULISTA,7687,2025,Novembro,11,620621.29,15305.97,5166.26,1437.89,775776.6125
Itapirapuã Paulista,ITAPIRAPUA PAULISTA,7687,2025,Dezembro,12,972939.34,32831.28,5934.4,2679.66,1216174.1749999998
Itaporanga,ITAPORANGA,3761,2025,Janeiro,1,1146088.22,1165813.8,7252.28,2610.76,1432610.275
Itaporanga,ITAPORANGA,3761,2025,Fevereiro,2,1223033.91,474407.86,8420.26,2805.58,1528792.3874999997
Itaporanga,ITAPORANGA,3761,2025,Março,3,1249615.94,438680.9,9713.18,63.92,1562019.9249999998
Itaporanga,ITAPORANGA,3761,2025,Abril,4,1345871.23,322512.48,10346.51,3679.48,1682339.0374999999
Itaporanga,ITAPORANGA,3761,2025,Maio,5,1245888.5,320117.79,8209.67,6090.14,1557360.625
Itaporanga,ITAPORANGA,3761,2025,Junho,6,944385.39,83913.87,10568.79,76.12,1180481.7375
Itaporanga,ITAPORANGA,3761,2025,Julho,7,1709927.89,113278.19,9763.93,5425.08,2137409.8625
Itaporanga,ITAPORANGA,3761,2025,Agosto,8,1261719.24,99611.71,8625.3,0.0,1577149.0499999998
Itaporanga,ITAPORANGA,3761,2025,Setembro,9,1523508.04,128702.78,10501.0,5260.17,1904385.05
Itaporanga,ITAPORANGA,3761,2025,Outubro,10,1255453.7,138256.1,10462.08,65.8,1569317.1249999998
Itaporanga,ITAPORANGA,3761,2025,Novembro,11,1156669.18,66318.4,9628.5,2679.83,1445836.4749999999
Itaporanga,ITAPORANGA,3761,2025,Dezembro,12,1813294.14,109681.21,11060.11,4994.15,2266617.675
Itapura,ITAPURA,3785,2025,Janeiro,1,696138.79,146810.02,4405.67,1586.0,870173.4875
Itapura,ITAPURA,3785,2025,Fevereiro,2,742977.75,80931.32,5115.2,1704.36,928722.1875
Itapura,ITAPURA,3785,2025,Março,3,759126.0,53080.44,5900.64,38.83,948907.5
Itapura,ITAPURA,3785,2025,Abril,4,817599.88,61433.5,6285.37,2235.24,1021999.85
Itapura,ITAPURA,3785,2025,Maio,5,756861.63,55293.58,4987.27,3699.68,946077.0375
Itapura,ITAPURA,3785,2025,Junho,6,573702.27,13833.6,6420.41,46.24,717127.8375
Itapura,ITAPURA,3785,2025,Julho,7,1038759.73,17048.91,5931.46,3295.67,1298449.6624999999
Itapura,ITAPURA,3785,2025,Agosto,8,766478.6,18588.86,5239.76,0.0,958098.2499999999
Itapura,ITAPURA,3785,2025,Setembro,9,925512.01,12931.76,6379.22,3195.49,1156890.0125
Itapura,ITAPURA,3785,2025,Outubro,10,762672.37,18658.78,6355.58,39.97,953340.4624999999
Itapura,ITAPURA,3785,2025,Novembro,11,702662.01,18846.31,5849.19,1627.96,878327.5125
Itapura,ITAPURA,3785,2025,Dezembro,12,1101553.43,18402.8,6718.88,3033.88,1376941.7874999999
Itapuí,ITAPUI,3773,2025,Janeiro,1,1597193.09,1156414.66,10089.06,3631.97,1996491.3625
Itapuí,ITAPUI,3773,2025,Fevereiro,2,1701431.75,391357.84,11713.9,3903.01,2126789.6875
Itapuí,ITAPUI,3773,2025,Março,3,1738411.52,348019.39,13512.56,88.92,2173014.4
Itapuí,ITAPUI,3773,2025,Abril,4,1872317.7,281546.24,14393.61,5118.73,2340397.125
Itapuí,ITAPUI,3773,2025,Maio,5,1733226.07,290210.12,11420.93,8472.33,2166532.5875
Itapuí,ITAPUI,3773,2025,Junho,6,1313788.01,71178.31,14702.84,105.9,1642235.0125
Itapuí,ITAPUI,3773,2025,Julho,7,2378777.54,197458.9,13583.15,7547.14,2973471.925
Itapuí,ITAPUI,3773,2025,Agosto,8,1755249.1,165428.02,11999.14,0.0,2194061.375
Itapuí,ITAPUI,3773,2025,Setembro,9,2119438.33,193176.75,14608.53,7317.72,2649297.9125
Itapuí,ITAPUI,3773,2025,Outubro,10,1746532.76,100398.45,14554.4,91.54,2183165.9499999997
Itapuí,ITAPUI,3773,2025,Novembro,11,1609108.01,112034.02,13394.75,3728.06,2011385.0125
Itapuí,ITAPUI,3773,2025,Dezembro,12,2522576.19,177556.51,15386.34,6947.64,3153220.2375
Itaquaquecetuba,ITAQUAQUECETUBA,3797,2025,Janeiro,1,13587448.09,16396981.6,85994.79,30957.34,16984310.112499997
Itaquaquecetuba,ITAQUAQUECETUBA,3797,2025,Fevereiro,2,14502265.26,8425547.03,99844.2,33267.54,18127831.575
Itaquaquecetuba,ITAQUAQUECETUBA,3797,2025,Março,3,14817464.76,7031284.41,115175.16,757.91,18521830.95
Itaquaquecetuba,ITAQUAQUECETUBA,3797,2025,Abril,4,15958822.88,6332719.22,122684.9,43629.82,19948528.6
Itaquaquecetuba,ITAQUAQUECETUBA,3797,2025,Maio,5,14773266.25,5449492.61,97347.05,72214.48,18466582.8125
Itaquaquecetuba,ITAQUAQUECETUBA,3797,2025,Junho,6,11198158.38,1846480.6,125320.65,902.62,13997697.975
Itaquaquecetuba,ITAQUAQUECETUBA,3797,2025,Julho,7,20275666.61,2336073.91,115776.88,64328.56,25344583.2625
Itaquaquecetuba,ITAQUAQUECETUBA,3797,2025,Agosto,8,14960981.03,2461283.89,102275.46,0.0,18701226.287499998
Itaquaquecetuba,ITAQUAQUECETUBA,3797,2025,Setembro,9,18065171.78,2579821.17,124516.76,62373.1,22581464.725
Itaquaquecetuba,ITAQUAQUECETUBA,3797,2025,Outubro,10,14886686.66,2584309.89,124055.35,780.25,18608358.325
Itaquaquecetuba,ITAQUAQUECETUBA,3797,2025,Novembro,11,13715337.81,1957713.02,114171.05,31776.4,17144172.2625
Itaquaquecetuba,ITAQUAQUECETUBA,3797,2025,Dezembro,12,21501343.88,3092653.19,131146.5,59218.69,26876679.849999998
Itararé,ITARARE,3803,2025,Janeiro,1,2726455.61,3427918.6,17247.53,6208.95,3408069.5124999997
Itararé,ITARARE,3803,2025,Fevereiro,2,2908644.5,1482118.82,20025.24,6672.3,3635805.625
Itararé,ITARARE,3803,2025,Março,3,2971862.43,1157952.38,23100.09,152.01,3714828.0375
Itararé,ITARARE,3803,2025,Abril,4,3200778.74,1073527.55,24606.28,8750.61,4000973.4250000003
Itararé,ITARARE,3803,2025,Maio,5,2962997.77,929335.65,19524.39,14483.69,3703747.2125
Itararé,ITARARE,3803,2025,Junho,6,2245956.83,294760.39,25134.92,181.03,2807446.0375
Itararé,ITARARE,3803,2025,Julho,7,4066585.81,448258.38,23220.77,12902.05,5083232.2625
Itararé,ITARARE,3803,2025,Agosto,8,3000646.75,434322.54,20512.86,0.0,3750808.4375
Itararé,ITARARE,3803,2025,Setembro,9,3623238.27,513892.1,24973.68,12509.85,4529047.837499999
Itararé,ITARARE,3803,2025,Outubro,10,2985745.91,371558.95,24881.14,156.49,3732182.3875
Itararé,ITARARE,3803,2025,Novembro,11,2750814.52,307817.78,22898.7,6373.23,3438518.15
Itararé,ITARARE,3803,2025,Dezembro,12,4312413.57,426728.76,26303.38,11877.19,5390516.9625
Itariri,ITARIRI,3815,2025,Janeiro,1,741257.6,613675.33,4719.59,1699.01,926571.9999999999
Itariri,ITARIRI,3815,2025,Fevereiro,2,795916.96,281185.0,5479.67,1825.8,994896.2
Itariri,ITARIRI,3815,2025,Março,3,813215.81,252510.89,6321.07,41.6,1016519.7625000001
Itariri,ITARIRI,3815,2025,Abril,4,875856.12,229968.05,6733.22,2394.5,1094820.15
Itariri,ITARIRI,3815,2025,Maio,5,810790.1,149318.12,5342.63,3963.29,1013487.6249999999
Itariri,ITARIRI,3815,2025,Junho,6,614580.13,68567.88,6877.88,49.54,768225.1625
Itariri,ITARIRI,3815,2025,Julho,7,1112774.22,104284.22,6354.1,3530.5,1390967.775
Itariri,ITARIRI,3815,2025,Agosto,8,821092.31,109515.63,5613.11,0.0,1026365.3875000001
Itariri,ITARIRI,3815,2025,Setembro,9,991457.28,129882.09,6833.76,3423.18,1239321.5999999999
Itariri,ITARIRI,3815,2025,Outubro,10,817014.87,124496.7,6808.44,42.82,1021268.5874999999
Itariri,ITARIRI,3815,2025,Novembro,11,752728.61,83738.5,6265.96,1743.96,940910.7625
Itariri,ITARIRI,3815,2025,Dezembro,12,1180042.14,108255.89,7197.62,3250.05,1475052.6749999998
Itatiba,ITATIBA,3827,2025,Janeiro,1,10309424.4,17446710.49,65361.36,23529.49,12886780.5
Itatiba,ITATIBA,3827,2025,Fevereiro,2,11022618.32,7127793.05,75887.77,25285.39,13778272.9
Itatiba,ITATIBA,3827,2025,Março,3,11262189.43,5330783.08,87540.24,576.06,14077736.7875
Itatiba,ITATIBA,3827,2025,Abril,4,12129692.18,4828196.92,93248.11,33161.36,15162115.225
Itatiba,ITATIBA,3827,2025,Maio,5,11228595.84,4179216.39,73989.78,54887.47,14035744.799999999
Itatiba,ITATIBA,3827,2025,Junho,6,8511292.79,1194871.62,95251.44,686.04,10639115.987499999
Itatiba,ITATIBA,3827,2025,Julho,7,15410760.34,1546164.38,87997.58,48893.68,19263450.424999997
Itatiba,ITATIBA,3827,2025,Agosto,8,11371270.67,1705309.49,77735.67,0.0,14214088.337499999
Itatiba,ITATIBA,3827,2025,Setembro,9,13730647.58,1686794.59,94640.44,47407.41,17163309.474999998
Itatiba,ITATIBA,3827,2025,Outubro,10,11314802.36,1428638.14,94289.74,593.04,14143502.95
Itatiba,ITATIBA,3827,2025,Novembro,11,10424504.8,1167049.37,86777.06,24152.03,13030631.0
Itatiba,ITATIBA,3827,2025,Dezembro,12,16342350.85,2042872.05,99679.45,45009.86,20427938.5625
Itatinga,ITATINGA,3839,2025,Janeiro,1,2055078.06,1334758.51,13032.44,4691.56,2568847.5749999997
Itatinga,ITATINGA,3839,2025,Fevereiro,2,2197806.2,516469.91,15131.31,5041.67,2747257.75
Itatinga,ITATINGA,3839,2025,Março,3,2245574.42,461592.54,17454.7,114.86,2806968.025
Itatinga,ITATINGA,3839,2025,Abril,4,2418546.29,435229.49,18592.79,6612.06,3023182.8625
Itatinga,ITATINGA,3839,2025,Maio,5,2238876.18,357896.38,14752.86,10944.04,2798595.225
Itatinga,ITATINGA,3839,2025,Junho,6,1697071.56,87903.84,18992.24,136.79,2121339.4499999997
Itatinga,ITATINGA,3839,2025,Julho,7,3072760.36,134165.98,17545.89,9748.94,3840950.4499999997
Itatinga,ITATINGA,3839,2025,Agosto,8,2267324.19,130188.44,15499.76,0.0,2834155.2375
Itatinga,ITATINGA,3839,2025,Setembro,9,2737761.71,148518.22,18870.41,9452.59,3422202.1374999997
Itatinga,ITATINGA,3839,2025,Outubro,10,2256064.94,124797.04,18800.49,118.25,2820081.175
Itatinga,ITATINGA,3839,2025,Novembro,11,2078548.0,121111.33,17302.53,4815.69,2598185.0
Itatinga,ITATINGA,3839,2025,Dezembro,12,3258510.73,201554.74,19875.14,8974.54,4073138.4124999996
Itaí,ITAI,3669,2025,Janeiro,1,3758286.24,2441456.04,23753.7,8551.12,4697857.8
Itaí,ITAI,3669,2025,Fevereiro,2,4005852.99,908296.92,27579.22,9189.25,5007316.2375
Itaí,ITAI,3669,2025,Março,3,4092918.21,703973.81,31813.98,209.35,5116147.762499999
Itaí,ITAI,3669,2025,Abril,4,4408187.08,615696.73,33888.34,12051.54,5510233.85
Itaí,ITAI,3669,2025,Maio,5,4080709.58,529085.71,26889.45,19947.27,5100886.975
Itaí,ITAI,3669,2025,Junho,6,3093184.09,189422.04,34616.39,249.32,3866480.1125
Itaí,ITAI,3669,2025,Julho,7,5600596.75,212017.34,31980.19,17769.0,7000745.9375
Itaí,ITAI,3669,2025,Agosto,8,4132560.64,216344.71,28250.79,0.0,5165700.8
Itaí,ITAI,3669,2025,Setembro,9,4990008.19,251713.69,34394.34,17228.86,6237510.2375
Itaí,ITAI,3669,2025,Outubro,10,4112038.86,251893.2,34266.89,215.52,5140048.574999999
Itaí,ITAI,3669,2025,Novembro,11,3788485.87,201736.12,31536.62,8777.36,4735607.337499999
Itaí,ITAI,3669,2025,Dezembro,12,5939156.48,266700.44,36225.62,16357.54,7423945.600000001
Itaóca,ITAOCA,7500,2025,Janeiro,1,368690.69,119620.44,2347.45,845.06,460863.3625
Itaóca,ITAOCA,7500,2025,Fevereiro,2,395877.41,39454.45,2725.51,908.13,494846.76249999995
Itaóca,ITAOCA,7500,2025,Março,3,404481.61,41418.28,3144.01,20.69,505602.01249999995
Itaóca,ITAOCA,7500,2025,Abril,4,435637.98,34731.27,3349.01,1190.99,544547.475
Itaóca,ITAOCA,7500,2025,Maio,5,403275.1,35310.16,2657.34,1971.28,504093.87499999994
Itaóca,ITAOCA,7500,2025,Junho,6,305683.14,9459.49,3420.96,24.64,382103.925
Itaóca,ITAOCA,7500,2025,Julho,7,553477.57,12584.63,3160.43,1756.02,691846.9624999999
Itaóca,ITAOCA,7500,2025,Agosto,8,408399.27,21072.69,2791.88,0.0,510499.0875
Itaóca,ITAOCA,7500,2025,Setembro,9,493136.3,11983.91,3399.01,1702.64,616420.375
Itaóca,ITAOCA,7500,2025,Outubro,10,406371.21,8848.72,3386.42,21.3,507964.0125
Itaóca,ITAOCA,7500,2025,Novembro,11,374396.16,12576.46,3116.6,867.42,467995.19999999995
Itaóca,ITAOCA,7500,2025,Dezembro,12,586935.65,16017.77,3579.99,1616.53,733669.5625
Itirapina,ITIRAPINA,3840,2025,Janeiro,1,2552409.65,1659783.42,16251.19,5850.28,3190512.0624999995
Itirapina,ITIRAPINA,3840,2025,Fevereiro,2,2740620.85,503471.92,18868.44,6286.86,3425776.0625
Itirapina,ITIRAPINA,3840,2025,Março,3,2800186.87,350280.03,21765.66,143.23,3500233.5875
Itirapina,ITIRAPINA,3840,2025,Abril,4,3015879.37,339388.34,23184.85,8245.11,3769849.2125
Itirapina,ITIRAPINA,3840,2025,Maio,5,2791834.29,281238.95,18396.53,13647.01,3489792.8625
Itirapina,ITIRAPINA,3840,2025,Junho,6,2116214.66,137351.82,23682.95,170.58,2645268.325
Itirapina,ITIRAPINA,3840,2025,Julho,7,3831671.37,113947.5,21879.38,12156.73,4789589.212499999
Itirapina,ITIRAPINA,3840,2025,Agosto,8,2827308.41,127237.22,19327.89,0.0,3534135.5125
Itirapina,ITIRAPINA,3840,2025,Setembro,9,3413934.69,116229.62,23531.03,11787.19,4267418.3625
Itirapina,ITIRAPINA,3840,2025,Outubro,10,2813268.35,108695.3,23443.83,147.45,3516585.4375
Itirapina,ITIRAPINA,3840,2025,Novembro,11,2591908.23,73201.83,21575.91,6005.07,3239885.2874999996
Itirapina,ITIRAPINA,3840,2025,Dezembro,12,4063298.4,157823.99,24783.91,11191.08,5079123.0
Itirapuã,ITIRAPUA,3852,2025,Janeiro,1,446852.09,341675.78,2837.17,1021.35,558565.1125
Itirapuã,ITIRAPUA,3852,2025,Fevereiro,2,478463.16,108259.81,3294.09,1097.57,598078.95
Itirapuã,ITIRAPUA,3852,2025,Março,3,488862.31,81933.71,3799.89,25.01,611077.8875
Itirapuã,ITIRAPUA,3852,2025,Abril,4,526518.35,77963.55,4047.66,1439.45,658147.9374999999
Itirapuã,ITIRAPUA,3852,2025,Maio,5,487404.1,77275.82,3211.7,2382.52,609255.1249999999
Itirapuã,ITIRAPUA,3852,2025,Junho,6,369453.05,40127.84,4134.62,29.78,461816.31249999994
Itirapuã,ITIRAPUA,3852,2025,Julho,7,668940.97,36157.51,3819.75,2122.35,836176.2124999999
Itirapuã,ITIRAPUA,3852,2025,Agosto,8,493597.25,49224.2,3374.3,0.0,616996.5625
Itirapuã,ITIRAPUA,3852,2025,Setembro,9,596011.65,47166.07,4108.1,2057.83,745014.5625
Itirapuã,ITIRAPUA,3852,2025,Outubro,10,491146.1,40610.36,4092.87,25.74,613932.6249999999
Itirapuã,ITIRAPUA,3852,2025,Novembro,11,452500.61,42362.69,3766.77,1048.38,565625.7625
Itirapuã,ITIRAPUA,3852,2025,Dezembro,12,709378.89,47287.79,4326.83,1953.76,886723.6124999999
Itobi,ITOBI,3864,2025,Janeiro,1,502113.56,839497.96,3166.23,1139.81,627641.95
Itobi,ITOBI,3864,2025,Fevereiro,2,533956.97,256948.18,3676.15,1224.87,667446.2124999999
Itobi,ITOBI,3864,2025,Março,3,545562.26,213757.51,4240.62,27.91,681952.825
Itobi,ITOBI,3864,2025,Abril,4,587585.77,149954.29,4517.12,1606.4,734482.2125
Itobi,ITOBI,3864,2025,Maio,5,543934.92,150127.31,3584.21,2658.86,679918.65
Itobi,ITOBI,3864,2025,Junho,6,412303.5,55631.71,4614.16,33.23,515379.375
Itobi,ITOBI,3864,2025,Julho,7,746527.07,58437.28,4262.77,2368.5,933158.8374999999
Itobi,ITOBI,3864,2025,Agosto,8,550846.37,82628.29,3765.67,0.0,688557.9624999999
Itobi,ITOBI,3864,2025,Setembro,9,665139.15,63005.17,4584.57,2296.51,831423.9375
Itobi,ITOBI,3864,2025,Outubro,10,548110.93,62250.78,4567.58,28.73,685138.6625
Itobi,ITOBI,3864,2025,Novembro,11,504983.2,39517.19,4203.65,1169.97,631229.0
Itobi,ITOBI,3864,2025,Dezembro,12,791655.11,66073.51,4828.67,2180.37,989568.8875
Itu,ITU,3876,2025,Janeiro,1,14856553.5,26278163.07,93955.49,33823.12,18570691.875
Itu,ITU,3876,2025,Fevereiro,2,15844767.09,9853528.78,109086.96,36347.18,19805958.862499997
Itu,ITU,3876,2025,Março,3,16189145.2,8384458.12,125837.14,828.07,20236431.499999996
Itu,ITU,3876,2025,Abril,4,17436160.97,7548234.76,134042.07,47668.72,21795201.2125
Itu,ITU,3876,2025,Maio,5,16140855.15,6606788.31,106358.65,78899.51,20176068.9375
Itu,ITU,3876,2025,Junho,6,12234792.85,2069339.69,136921.82,986.17,15293491.062499998
Itu,ITU,3876,2025,Julho,7,22152623.01,2501010.68,126494.56,70283.57,27690778.7625
Itu,ITU,3876,2025,Agosto,8,16345947.03,2481111.49,111743.29,0.0,20432433.787499998
Itu,ITU,3876,2025,Setembro,9,19737498.53,2575381.25,136043.51,68147.09,24671873.1625
Itu,ITU,3876,2025,Outubro,10,16264775.09,2320442.96,135539.39,852.48,20330968.862499997
Itu,ITU,3876,2025,Novembro,11,14984992.29,1697804.96,124740.08,34718.0,18731240.362499997
Itu,ITU,3876,2025,Dezembro,12,23491763.51,3388757.71,143286.97,64700.67,29364704.3875
Itupeva,ITUPEVA,3888,2025,Janeiro,1,11629730.23,9815096.26,73665.22,26518.8,14537162.7875
Itupeva,ITUPEVA,3888,2025,Fevereiro,2,12422990.77,4175640.32,85528.95,28497.78,15528738.462499999
Itupeva,ITUPEVA,3888,2025,Março,3,12692998.28,3719289.99,98661.82,649.25,15866247.849999998
Itupeva,ITUPEVA,3888,2025,Abril,4,13670713.21,2959056.19,105094.85,37374.36,17088391.5125
Itupeva,ITUPEVA,3888,2025,Maio,5,12655136.77,3011299.01,83389.83,61860.67,15818920.962499999
Itupeva,ITUPEVA,3888,2025,Junho,6,9592612.99,802171.91,107352.7,773.2,11990766.237499999
Itupeva,ITUPEVA,3888,2025,Julho,7,17368625.84,1619092.28,99177.27,55105.4,21710782.299999997
Itupeva,ITUPEVA,3888,2025,Agosto,8,12815937.78,1498543.37,87611.63,0.0,16019922.224999998
Itupeva,ITUPEVA,3888,2025,Setembro,9,15475062.57,1603464.8,106664.07,53430.3,19343828.2125
Itupeva,ITUPEVA,3888,2025,Outubro,10,12752295.43,1200885.35,106268.81,668.38,15940369.2875
Itupeva,ITUPEVA,3888,2025,Novembro,11,11748889.7,853908.8,97801.68,27220.43,14686112.124999998
Itupeva,ITUPEVA,3888,2025,Dezembro,12,18418570.6,1346821.02,112343.26,50728.16,23023213.25
Ituverava,ITUVERAVA,3890,2025,Janeiro,1,2818903.37,5143467.1,17876.93,6435.53,3523629.2125
Ituverava,ITUVERAVA,3890,2025,Fevereiro,2,3014787.8,1827859.73,20756.0,6915.79,3768484.7499999995
Ituverava,ITUVERAVA,3890,2025,Março,3,3080312.71,1388986.1,23943.06,157.56,3850390.8874999997
Ituverava,ITUVERAVA,3890,2025,Abril,4,3317582.71,1304722.53,25504.22,9069.94,4146978.3874999997
Ituverava,ITUVERAVA,3890,2025,Maio,5,3071124.55,1210947.95,20236.89,15012.23,3838905.6874999995
Ituverava,ITUVERAVA,3890,2025,Junho,6,2327917.1,325345.75,26052.15,187.64,2909896.375
Ituverava,ITUVERAVA,3890,2025,Julho,7,4214985.13,504164.39,24068.15,13372.87,5268731.4125
Ituverava,ITUVERAVA,3890,2025,Agosto,8,3110147.44,479439.27,21261.42,0.0,3887684.3
Ituverava,ITUVERAVA,3890,2025,Setembro,9,3755458.79,500037.41,25885.03,12966.36,4694323.4875
Ituverava,ITUVERAVA,3890,2025,Outubro,10,3094702.83,512968.55,25789.11,162.2,3868378.5375
Ituverava,ITUVERAVA,3890,2025,Novembro,11,2851198.24,375847.6,23734.33,6605.8,3563997.8000000003
Ituverava,ITUVERAVA,3890,2025,Dezembro,12,4469783.73,607323.92,27263.25,12310.61,5587229.662500001
Itápolis,ITAPOLIS,3750,2025,Janeiro,1,3626271.29,5699615.58,22963.05,8266.49,4532839.1125
Itápolis,ITAPOLIS,3750,2025,Fevereiro,2,3872516.15,1835933.09,26661.23,8883.38,4840645.1875
Itápolis,ITAPOLIS,3750,2025,Março,3,3956683.36,1473652.77,30755.03,202.38,4945854.199999999
Itápolis,ITAPOLIS,3750,2025,Abril,4,4261458.35,1261074.79,32760.35,11650.4,5326822.937499999
Itápolis,ITAPOLIS,3750,2025,Maio,5,3944881.1,1152964.52,25994.42,19283.31,4931101.375
Itápolis,ITAPOLIS,3750,2025,Junho,6,2990225.9,366090.79,33464.17,241.02,3737782.3749999995
Itápolis,ITAPOLIS,3750,2025,Julho,7,5414178.07,351895.55,30915.71,17177.55,6767722.5875
Itápolis,ITAPOLIS,3750,2025,Agosto,8,3995006.27,360505.62,27310.45,0.0,4993757.837499999
Itápolis,ITAPOLIS,3750,2025,Setembro,9,4823913.25,464617.01,33249.51,16655.39,6029891.5625
Itápolis,ITAPOLIS,3750,2025,Outubro,10,3975167.57,449620.79,33126.3,208.35,4968959.462499999
Itápolis,ITAPOLIS,3750,2025,Novembro,11,3662384.2,371769.57,30486.91,8485.2,4577980.25
Itápolis,ITAPOLIS,3750,2025,Dezembro,12,5741468.66,490064.15,35019.83,15813.07,7176835.825
Jaborandi,JABORANDI,3906,2025,Janeiro,1,859026.89,723131.38,5436.42,1957.06,1073783.6125
Jaborandi,JABORANDI,3906,2025,Fevereiro,2,916803.7,215445.65,6311.95,2103.11,1146004.6249999998
Jaborandi,JABORANDI,3906,2025,Março,3,936729.97,166011.34,7281.14,47.91,1170912.4625
Jaborandi,JABORANDI,3906,2025,Abril,4,1008884.31,182215.55,7755.89,2758.19,1261105.3875
Jaborandi,JABORANDI,3906,2025,Maio,5,933935.83,119307.28,6154.08,4565.25,1167419.7874999999
Jaborandi,JABORANDI,3906,2025,Junho,6,707924.79,47991.32,7922.52,57.06,884905.9875
Jaborandi,JABORANDI,3906,2025,Julho,7,1281786.39,60675.59,7319.18,4066.72,1602232.9874999998
Jaborandi,JABORANDI,3906,2025,Agosto,8,945802.78,66555.25,6465.65,0.0,1182253.4749999999
Jaborandi,JABORANDI,3906,2025,Setembro,9,1142043.4,62592.63,7871.7,3943.1,1427554.2499999998
Jaborandi,JABORANDI,3906,2025,Outubro,10,941106.04,69295.99,7842.53,49.33,1176382.55
Jaborandi,JABORANDI,3906,2025,Novembro,11,867055.75,45273.19,7217.66,2008.84,1083819.6875
Jaborandi,JABORANDI,3906,2025,Dezembro,12,1359271.21,78869.67,8290.81,3743.68,1699089.0125
Jaboticabal,JABOTICABAL,3918,2025,Janeiro,1,5512139.87,11094012.56,34750.5,12509.86,6890174.837499999
Jaboticabal,JABOTICABAL,3918,2025,Fevereiro,2,5860365.37,3873001.43,40347.04,13443.41,7325456.712499999
Jaboticabal,JABOTICABAL,3918,2025,Março,3,5987737.49,2976202.82,46542.28,306.27,7484671.8625
Jaboticabal,JABOTICABAL,3918,2025,Abril,4,6448960.3,2736883.92,49576.97,17630.81,8061200.374999999
Jaboticabal,JABOTICABAL,3918,2025,Maio,5,5969876.87,2462795.15,39337.94,29181.87,7462346.087499999
Jaboticabal,JABOTICABAL,3918,2025,Junho,6,4525175.78,652211.77,50642.08,364.75,5656469.725
Jaboticabal,JABOTICABAL,3918,2025,Julho,7,8193396.85,956009.14,46785.44,25995.17,10241746.062499998
Jaboticabal,JABOTICABAL,3918,2025,Agosto,8,6045732.41,978793.3,41329.51,0.0,7557165.5125
Jaboticabal,JABOTICABAL,3918,2025,Setembro,9,7300135.89,1031331.23,50317.22,25204.97,9125169.862499999
Jaboticabal,JABOTICABAL,3918,2025,Outubro,10,6015710.06,890418.23,50130.77,315.3,7519637.574999999
Jaboticabal,JABOTICABAL,3918,2025,Novembro,11,5542367.99,626000.61,46136.52,12840.84,6927959.9875
Jaboticabal,JABOTICABAL,3918,2025,Dezembro,12,8688693.03,1179405.66,52996.3,23930.27,10860866.287499998
Jacareí,JACAREI,3920,2025,Janeiro,1,19280849.98,22179002.23,121812.4,43851.35,24101062.474999998
Jacareí,JACAREI,3920,2025,Fevereiro,2,20542589.09,10035320.1,141430.21,47123.78,25678236.362499997
Jacareí,JACAREI,3920,2025,Março,3,20989072.02,7462909.48,163146.65,1073.59,26236340.025
Jacareí,JACAREI,3920,2025,Abril,4,22605816.05,6925178.13,173784.26,61802.03,28257270.0625
Jacareí,JACAREI,3920,2025,Maio,5,20926464.44,6022787.44,137892.97,102292.46,26158080.55
Jacareí,JACAREI,3920,2025,Junho,6,15862292.0,1733748.06,177517.83,1278.56,19827865.0
Jacareí,JACAREI,3920,2025,Julho,7,28720664.01,2181096.83,163998.98,91121.98,35900830.0125
Jacareí,JACAREI,3920,2025,Agosto,8,21192364.1,2215477.67,144874.11,0.0,26490455.125
Jacareí,JACAREI,3920,2025,Setembro,9,25589478.2,2425462.69,176379.11,88352.05,31986847.749999996
Jacareí,JACAREI,3920,2025,Outubro,10,21087125.46,2293916.27,175725.52,1105.24,26358906.825
Jacareí,JACAREI,3920,2025,Novembro,11,19427899.29,1729119.97,161724.32,45011.55,24284874.112499997
Jacareí,JACAREI,3920,2025,Dezembro,12,30456846.87,2847500.5,185770.19,83883.8,38071058.5875
Jaci,JACI,3931,2025,Janeiro,1,1177841.83,897144.92,7454.4,2683.51,1472302.2875
Jaci,JACI,3931,2025,Fevereiro,2,1257118.35,390431.57,8654.92,2883.77,1571397.9375
Jaci,JACI,3931,2025,Março,3,1284441.19,301441.65,9983.88,65.7,1605551.4874999998
Jaci,JACI,3931,2025,Abril,4,1383378.99,240785.24,10634.85,3782.02,1729223.7374999998
Jaci,JACI,3931,2025,Maio,5,1280609.88,259071.13,8438.46,6259.86,1600762.3499999999
Jaci,JACI,3931,2025,Junho,6,970704.24,77579.79,10863.33,78.24,1213380.2999999998
Jaci,JACI,3931,2025,Julho,7,1757581.47,116368.09,10036.03,5576.27,2196976.8375
Jaci,JACI,3931,2025,Agosto,8,1296881.8,120491.13,8865.67,0.0,1621102.25
Jaci,JACI,3931,2025,Setembro,9,1565966.32,131075.9,10793.65,5406.77,1957457.9
Jaci,JACI,3931,2025,Outubro,10,1290441.64,91931.32,10753.65,67.64,1613052.0499999998
Jaci,JACI,3931,2025,Novembro,11,1188904.12,82698.98,9896.83,2754.51,1486130.1500000001
Jaci,JACI,3931,2025,Dezembro,12,1863828.41,114198.53,11368.34,5133.33,2329785.5124999997
Jacupiranga,JACUPIRANGA,3943,2025,Janeiro,1,1244202.6,1111434.42,7921.84,2851.79,1555253.25
Jacupiranga,JACUPIRANGA,3943,2025,Fevereiro,2,1335948.38,465710.72,9197.65,3064.61,1669935.4749999999
Jacupiranga,JACUPIRANGA,3943,2025,Março,3,1364984.56,467506.98,10609.93,69.82,1706230.7
Jacupiranga,JACUPIRANGA,3943,2025,Abril,4,1470126.44,362769.56,11301.73,4019.18,1837658.0499999998
Jacupiranga,JACUPIRANGA,3943,2025,Maio,5,1360912.99,368547.79,8967.61,6652.4,1701141.2374999998
Jacupiranga,JACUPIRANGA,3943,2025,Junho,6,1031574.12,112718.73,11544.54,83.15,1289467.65
Jacupiranga,JACUPIRANGA,3943,2025,Julho,7,1867794.0,148454.37,10665.36,5925.95,2334742.5
Jacupiranga,JACUPIRANGA,3943,2025,Agosto,8,1378205.27,159678.54,9421.61,0.0,1722756.5875
Jacupiranga,JACUPIRANGA,3943,2025,Setembro,9,1664163.26,152703.1,11470.48,5745.81,2080204.075
Jacupiranga,JACUPIRANGA,3943,2025,Outubro,10,1371361.27,101107.58,11427.98,71.88,1714201.5875
Jacupiranga,JACUPIRANGA,3943,2025,Novembro,11,1263456.64,117550.81,10517.43,2927.24,1579320.7999999998
Jacupiranga,JACUPIRANGA,3943,2025,Dezembro,12,1980703.36,166979.76,12081.21,5455.22,2475879.2
Jaguariúna,JAGUARIUNA,3955,2025,Janeiro,1,17154392.59,8517991.84,107757.71,38791.79,21442990.737499997
Jaguariúna,JAGUARIUNA,3955,2025,Fevereiro,2,18172390.28,3319278.39,125112.02,41686.65,22715487.85
Jaguariúna,JAGUARIUNA,3955,2025,Março,3,18567358.12,2569449.1,144322.83,949.72,23209197.65
Jaguariúna,JAGUARIUNA,3955,2025,Abril,4,19997562.62,2277084.06,153733.07,54671.33,24996953.275
Jaguariúna,JAGUARIUNA,3955,2025,Maio,5,18511974.19,2079652.01,121982.91,90489.98,23139967.7375
Jaguariúna,JAGUARIUNA,3955,2025,Junho,6,14032104.7,548500.82,157035.87,1131.04,17540130.874999996
Jaguariúna,JAGUARIUNA,3955,2025,Julho,7,25406880.95,763096.73,145076.82,80608.35,31758601.187499996
Jaguariúna,JAGUARIUNA,3955,2025,Agosto,8,18747194.41,769634.67,128158.57,0.0,23433993.0125
Jaguariúna,JAGUARIUNA,3955,2025,Setembro,9,22636970.58,779582.42,156028.54,78158.01,28296213.224999998
Jaguariúna,JAGUARIUNA,3955,2025,Outubro,10,18654098.18,663549.42,155450.35,977.71,23317622.724999998
Jaguariúna,JAGUARIUNA,3955,2025,Novembro,11,17186313.11,580836.14,143064.6,39818.13,21482891.3875
Jaguariúna,JAGUARIUNA,3955,2025,Dezembro,12,26942743.47,1101772.24,164336.07,74205.31,33678429.3375
Jales,JALES,3967,2025,Janeiro,1,2426121.74,7215401.75,15324.33,5516.62,3032652.1750000003
Jales,JALES,3967,2025,Fevereiro,2,2584314.3,2760474.21,17792.31,5928.3,3230392.8749999995
Jales,JALES,3967,2025,Março,3,2640483.08,2136659.36,20524.3,135.06,3300603.85
Jales,JALES,3967,2025,Abril,4,2843873.93,1858532.49,21862.54,7774.87,3554842.4125
Jales,JALES,3967,2025,Maio,5,2632606.87,1700095.9,17347.32,12868.67,3290758.5875
Jales,JALES,3967,2025,Junho,6,1995520.03,479414.24,22332.23,160.85,2494400.0375
Jales,JALES,3967,2025,Julho,7,3613138.65,723333.85,20631.52,11463.4,4516423.3125
Jales,JALES,3967,2025,Agosto,8,2666057.78,670809.95,18225.56,0.0,3332572.2249999996
Jales,JALES,3967,2025,Setembro,9,3219226.85,729290.81,22188.98,11114.93,4024033.5625
Jales,JALES,3967,2025,Outubro,10,2652818.47,593766.69,22106.75,139.04,3316023.0875
Jales,JALES,3967,2025,Novembro,11,2444083.25,522827.99,20345.36,5662.58,3055104.0625
Jales,JALES,3967,2025,Dezembro,12,3831555.23,837484.63,23370.4,10552.81,4789444.0375
Jambeiro,JAMBEIRO,3979,2025,Janeiro,1,986893.81,520735.39,6262.36,2254.39,1233617.2625
Jambeiro,JAMBEIRO,3979,2025,Fevereiro,2,1056091.62,232041.76,7270.91,2422.63,1320114.5250000001
Jambeiro,JAMBEIRO,3979,2025,Março,3,1079045.24,171946.33,8387.35,55.19,1348806.5499999998
Jambeiro,JAMBEIRO,3979,2025,Abril,4,1162161.82,139934.73,8934.22,3177.23,1452702.275
Jambeiro,JAMBEIRO,3979,2025,Maio,5,1075826.59,146563.72,7089.06,5258.84,1344783.2375
Jambeiro,JAMBEIRO,3979,2025,Junho,6,815478.2,33260.4,9126.17,65.73,1019347.7499999999
Jambeiro,JAMBEIRO,3979,2025,Julho,7,1476525.3,53482.93,8431.16,4684.57,1845656.625
Jambeiro,JAMBEIRO,3979,2025,Agosto,8,1089496.46,46415.88,7447.96,0.0,1361870.575
Jambeiro,JAMBEIRO,3979,2025,Setembro,9,1315551.48,61652.18,9067.63,4542.17,1644439.3499999999
Jambeiro,JAMBEIRO,3979,2025,Outubro,10,1084086.15,40934.77,9034.02,56.82,1355107.6874999998
Jambeiro,JAMBEIRO,3979,2025,Novembro,11,998785.57,22158.75,8314.22,2314.04,1248481.9625
Jambeiro,JAMBEIRO,3979,2025,Dezembro,12,1565782.21,75074.95,9550.42,4312.45,1957227.7625
Jandira,JANDIRA,3980,2025,Janeiro,1,6259741.1,8646670.0,39574.31,14246.39,7824676.374999999
Jandira,JANDIRA,3980,2025,Fevereiro,2,6673859.78,4191153.07,45947.73,15309.53,8342324.725
Jandira,JANDIRA,3980,2025,Março,3,6818912.8,3401025.52,53002.95,348.79,8523641.0
Jandira,JANDIRA,3980,2025,Abril,4,7344159.29,2900861.51,56458.89,20078.2,9180199.112499999
Jandira,JANDIRA,3980,2025,Maio,5,6798572.9,2601154.03,44798.56,33232.69,8498216.125
Jandira,JANDIRA,3980,2025,Junho,6,5153328.63,811498.04,57671.85,415.38,6441660.7875
Jandira,JANDIRA,3980,2025,Julho,7,9330746.17,1096157.55,53279.86,29603.64,11663432.712499999
Jandira,JANDIRA,3980,2025,Agosto,8,6884958.16,1209218.62,47066.58,0.0,8606197.7
Jandira,JANDIRA,3980,2025,Setembro,9,8313489.05,1278224.88,57301.9,28703.74,10391861.3125
Jandira,JANDIRA,3980,2025,Outubro,10,6850768.32,1085895.11,57089.57,359.07,8563460.4
Jandira,JANDIRA,3980,2025,Novembro,11,6311720.26,869548.86,52540.87,14623.32,7889650.324999999
Jandira,JANDIRA,3980,2025,Dezembro,12,9894795.86,1388295.86,60352.87,27252.1,12368494.825
Jardinópolis,JARDINOPOLIS,3992,2025,Janeiro,1,3286014.52,4611055.33,20677.52,7443.72,4107518.15
Jardinópolis,JARDINOPOLIS,3992,2025,Fevereiro,2,3487082.16,1881650.47,24007.62,7999.21,4358852.7
Jardinópolis,JARDINOPOLIS,3992,2025,Março,3,3562872.15,1491409.19,27693.97,182.24,4453590.1875
Jardinópolis,JARDINOPOLIS,3992,2025,Abril,4,3837312.69,1274363.06,29499.69,10490.83,4796640.8625
Jardinópolis,JARDINOPOLIS,3992,2025,Maio,5,3552244.58,1222647.48,23407.18,17364.03,4440305.725
Jardinópolis,JARDINOPOLIS,3992,2025,Junho,6,2692606.81,400386.38,30133.46,217.03,3365758.5124999997
Jardinópolis,JARDINOPOLIS,3992,2025,Julho,7,4875301.48,514871.97,27838.65,15467.86,6094126.850000001
Jardinópolis,JARDINOPOLIS,3992,2025,Agosto,8,3597380.76,596203.93,24592.22,0.0,4496725.949999999
Jardinópolis,JARDINOPOLIS,3992,2025,Setembro,9,4343786.09,521928.11,29940.16,14997.66,5429732.6125
Jardinópolis,JARDINOPOLIS,3992,2025,Outubro,10,3579516.61,483661.63,29829.22,187.61,4474395.762499999
Jardinópolis,JARDINOPOLIS,3992,2025,Novembro,11,3297864.77,327933.59,27452.53,7640.66,4122330.9625
Jardinópolis,JARDINOPOLIS,3992,2025,Dezembro,12,5170016.63,576203.8,31534.29,14239.18,6462520.7875
Jarinu,JARINU,4005,2025,Janeiro,1,6154389.0,3413729.5,39359.23,14168.96,7692986.25
Jarinu,JARINU,4005,2025,Fevereiro,2,6637587.23,1317762.87,45698.0,15226.33,8296984.037500001
Jarinu,JARINU,4005,2025,Março,3,6781851.88,1073276.16,52714.88,346.89,8477314.85
Jarinu,JARINU,4005,2025,Abril,4,7304243.65,977760.38,56152.03,19969.07,9130304.5625
Jarinu,JARINU,4005,2025,Maio,5,6761622.52,843258.34,44555.08,33052.07,8452028.149999999
Jarinu,JARINU,4005,2025,Junho,6,5125320.2,250477.85,57358.4,413.12,6406650.25
Jarinu,JARINU,4005,2025,Julho,7,9280033.38,348347.16,52990.28,29442.74,11600041.725
Jarinu,JARINU,4005,2025,Agosto,8,6847538.28,371034.12,46810.78,0.0,8559422.85
Jarinu,JARINU,4005,2025,Setembro,9,8268305.08,387791.39,56990.47,28547.74,10335381.35
Jarinu,JARINU,4005,2025,Outubro,10,6813534.26,367735.65,56779.28,357.12,8516917.825
Jarinu,JARINU,4005,2025,Novembro,11,6277415.94,254136.07,52255.3,14543.84,7846769.925
Jarinu,JARINU,4005,2025,Dezembro,12,9841017.45,526311.03,60024.85,27103.99,12301271.812499998
Jaú,JAU,4017,2025,Janeiro,1,6580070.57,17547457.27,41572.88,14965.86,8225088.2125
Jaú,JAU,4017,2025,Fevereiro,2,7010901.34,6388203.06,48268.17,16082.69,8763626.674999999
Jaú,JAU,4017,2025,Março,3,7163279.79,5032644.02,55679.69,366.4,8954099.737499999
Jaú,JAU,4017,2025,Abril,4,7715052.15,4410111.36,59310.16,21092.18,9643815.1875
Jaú,JAU,4017,2025,Maio,5,7141912.69,3860535.81,47060.96,34911.0,8927390.8625
Jaú,JAU,4017,2025,Junho,6,5413580.72,1075401.74,60584.38,436.36,6766975.899999999
Jaú,JAU,4017,2025,Julho,7,9801965.12,1451784.83,55970.58,31098.67,12252456.399999999
Jaú,JAU,4017,2025,Agosto,8,7232660.56,1371114.42,49443.53,0.0,9040825.7
Jaú,JAU,4017,2025,Setembro,9,8733334.75,1455729.53,60195.75,30153.33,10916668.4375
Jaú,JAU,4017,2025,Outubro,10,7196744.07,1393556.91,59972.69,377.2,8995930.0875
Jaú,JAU,4017,2025,Novembro,11,6630473.14,1099859.27,55194.27,15361.82,8288091.424999999
Jaú,JAU,4017,2025,Dezembro,12,10394500.31,1904353.93,63400.8,28628.38,12993125.3875
Jeriquara,JERIQUARA,4029,2025,Janeiro,1,453631.44,330326.75,2868.82,1032.75,567039.2999999999
Jeriquara,JERIQUARA,4029,2025,Fevereiro,2,483800.98,116527.72,3330.84,1109.82,604751.225
Jeriquara,JERIQUARA,4029,2025,Março,3,494316.16,112372.64,3842.29,25.28,617895.2
Jeriquara,JERIQUARA,4029,2025,Abril,4,532392.29,84860.62,4092.81,1455.51,665490.3625
Jeriquara,JERIQUARA,4029,2025,Maio,5,492841.68,82079.11,3247.53,2409.1,616052.1
Jeriquara,JERIQUARA,4029,2025,Junho,6,373574.74,15428.69,4180.74,30.11,466968.425
Jeriquara,JERIQUARA,4029,2025,Julho,7,676403.81,46003.33,3862.36,2146.02,845504.7625000001
Jeriquara,JERIQUARA,4029,2025,Agosto,8,499103.91,43712.76,3411.95,0.0,623879.8875
Jeriquara,JERIQUARA,4029,2025,Setembro,9,602660.88,53970.32,4153.93,2080.79,753326.1
Jeriquara,JERIQUARA,4029,2025,Outubro,10,496625.43,43902.66,4138.53,26.03,620781.7875
Jeriquara,JERIQUARA,4029,2025,Novembro,11,457548.79,26887.55,3808.79,1060.07,571935.9874999999
Jeriquara,JERIQUARA,4029,2025,Dezembro,12,717292.86,39907.99,4375.1,1975.56,896616.075
Joanópolis,JOANOPOLIS,4030,2025,Janeiro,1,947350.14,1388674.41,6031.78,2171.39,1184187.675
Joanópolis,JOANOPOLIS,4030,2025,Fevereiro,2,1017206.39,506567.0,7003.19,2333.43,1271507.9875
Joanópolis,JOANOPOLIS,4030,2025,Março,3,1039314.87,409195.78,8078.52,53.16,1299143.5875
Joanópolis,JOANOPOLIS,4030,2025,Abril,4,1119371.1,356703.89,8605.27,3060.25,1399213.875
Joanópolis,JOANOPOLIS,4030,2025,Maio,5,1036214.73,279675.41,6828.04,5065.21,1295268.4124999999
Joanópolis,JOANOPOLIS,4030,2025,Junho,6,785452.35,93710.16,8790.14,63.31,981815.4374999999
Joanópolis,JOANOPOLIS,4030,2025,Julho,7,1422159.73,125685.7,8120.73,4512.08,1777699.6624999999
Joanópolis,JOANOPOLIS,4030,2025,Agosto,8,1049381.27,112158.91,7173.72,0.0,1311726.5875
Joanópolis,JOANOPOLIS,4030,2025,Setembro,9,1267112.96,147943.02,8733.76,4374.92,1583891.2
Joanópolis,JOANOPOLIS,4030,2025,Outubro,10,1044170.17,122164.8,8701.39,54.73,1305212.7125
Joanópolis,JOANOPOLIS,4030,2025,Novembro,11,962010.35,97440.16,8008.1,2228.83,1202512.9375
Joanópolis,JOANOPOLIS,4030,2025,Dezembro,12,1508130.22,142159.0,9198.77,4153.67,1885162.775
José Bonifácio,JOSE BONIFACIO,4054,2025,Janeiro,1,2874812.87,4488493.85,18166.08,6539.62,3593516.0875
José Bonifácio,JOSE BONIFACIO,4054,2025,Fevereiro,2,3063550.37,1732206.57,21091.72,7027.65,3829437.9625
José Bonifácio,JOSE BONIFACIO,4054,2025,Março,3,3130135.11,1555477.85,24330.33,160.11,3912668.8874999997
José Bonifácio,JOSE BONIFACIO,4054,2025,Abril,4,3371242.82,1232127.71,25916.73,9216.64,4214053.524999999
José Bonifácio,JOSE BONIFACIO,4054,2025,Maio,5,3120798.33,1378245.15,20564.21,15255.04,3900997.9125
José Bonifácio,JOSE BONIFACIO,4054,2025,Junho,6,2365569.9,331863.29,26473.53,190.67,2956962.3749999995
José Bonifácio,JOSE BONIFACIO,4054,2025,Julho,7,4283160.24,779949.34,24457.44,13589.17,5353950.3
José Bonifácio,JOSE BONIFACIO,4054,2025,Agosto,8,3160452.39,680416.74,21605.32,0.0,3950565.4875
José Bonifácio,JOSE BONIFACIO,4054,2025,Setembro,9,3816201.31,758195.57,26303.71,13176.09,4770251.6375
José Bonifácio,JOSE BONIFACIO,4054,2025,Outubro,10,3144757.98,482527.86,26206.24,164.83,3930947.4749999996
José Bonifácio,JOSE BONIFACIO,4054,2025,Novembro,11,2897314.83,362791.12,24118.22,6712.65,3621643.5375
José Bonifácio,JOSE BONIFACIO,4054,2025,Dezembro,12,4542080.06,622106.49,27704.22,12509.73,5677600.074999999
João Ramalho,JOAO RAMALHO,4042,2025,Janeiro,1,689930.65,319362.38,4356.7,1568.37,862413.3125
João Ramalho,JOAO RAMALHO,4042,2025,Fevereiro,2,734718.81,93312.14,5058.34,1685.41,918398.5125000001
João Ramalho,JOAO RAMALHO,4042,2025,Março,3,750687.56,81260.97,5835.04,38.4,938359.4500000001
João Ramalho,JOAO RAMALHO,4042,2025,Abril,4,808511.44,68242.92,6215.5,2210.39,1010639.2999999999
João Ramalho,JOAO RAMALHO,4042,2025,Maio,5,748448.36,60330.99,4931.83,3658.56,935560.45
João Ramalho,JOAO RAMALHO,4042,2025,Junho,6,567325.0,17413.78,6349.04,45.73,709156.25
João Ramalho,JOAO RAMALHO,4042,2025,Julho,7,1027212.88,28318.06,5865.53,3259.04,1284016.0999999999
João Ramalho,JOAO RAMALHO,4042,2025,Agosto,8,757958.43,19098.78,5181.52,0.0,947448.0375
João Ramalho,JOAO RAMALHO,4042,2025,Setembro,9,915224.02,23379.75,6308.31,3159.97,1144030.025
João Ramalho,JOAO RAMALHO,4042,2025,Outubro,10,754194.5,15480.84,6284.94,39.53,942743.125
João Ramalho,JOAO RAMALHO,4042,2025,Novembro,11,694851.22,26826.57,5784.17,1609.87,868564.0249999999
João Ramalho,JOAO RAMALHO,4042,2025,Dezembro,12,1089308.57,24777.22,6644.19,3000.16,1361635.7125
Jumirim,JUMIRIM,7882,2025,Janeiro,1,571785.22,420905.83,3627.97,1306.04,714731.5249999999
Jumirim,JUMIRIM,7882,2025,Fevereiro,2,611825.39,151942.38,4212.25,1403.5,764781.7374999999
Jumirim,JUMIRIM,7882,2025,Março,3,625123.11,85738.14,4859.04,31.98,781403.8875
Jumirim,JUMIRIM,7882,2025,Abril,4,673275.03,85637.86,5175.86,1840.67,841593.7875
Jumirim,JUMIRIM,7882,2025,Maio,5,623258.46,94234.44,4106.9,3046.6,779073.075
Jumirim,JUMIRIM,7882,2025,Junho,6,472430.86,20930.16,5287.06,38.08,590538.575
Jumirim,JUMIRIM,7882,2025,Julho,7,855395.17,26115.66,4884.43,2713.91,1069243.9625
Jumirim,JUMIRIM,7882,2025,Agosto,8,631177.82,56408.09,4314.82,0.0,788972.2749999999
Jumirim,JUMIRIM,7882,2025,Setembro,9,762138.24,22675.6,5253.15,2631.41,952672.7999999999
Jumirim,JUMIRIM,7882,2025,Outubro,10,628043.47,20758.08,5233.68,32.92,785054.3374999999
Jumirim,JUMIRIM,7882,2025,Novembro,11,578626.29,25193.76,4816.68,1340.59,723282.8625
Jumirim,JUMIRIM,7882,2025,Dezembro,12,907104.37,35253.07,5532.84,2498.33,1133880.4625
Jundiaí,JUNDIAI,4078,2025,Janeiro,1,63605335.06,82923384.56,402167.73,144776.7,79506668.825
Jundiaí,JUNDIAI,4078,2025,Fevereiro,2,67822049.9,33164045.16,466936.59,155580.74,84777562.375
Jundiaí,JUNDIAI,4078,2025,Março,3,69296128.32,27304071.71,538634.15,3544.5,86620160.39999999
Jundiaí,JUNDIAI,4078,2025,Abril,4,74633863.19,23018825.1,573754.58,204041.5,93292328.9875
Jundiaí,JUNDIAI,4078,2025,Maio,5,69089427.28,21244818.18,455258.28,337722.01,86361784.1
Jundiaí,JUNDIAI,4078,2025,Junho,6,52369891.36,5543521.88,586081.09,4221.22,65462364.199999996
Jundiaí,JUNDIAI,4078,2025,Julho,7,94822239.7,8731017.82,541448.17,300842.3,118527799.625
Jundiaí,JUNDIAI,4078,2025,Agosto,8,69967303.97,8218835.82,478306.75,0.0,87459129.96249999
Jundiaí,JUNDIAI,4078,2025,Setembro,9,84484524.3,8278210.81,582321.59,291697.28,105605655.37499999
Jundiaí,JUNDIAI,4078,2025,Outubro,10,69619855.05,5796615.56,580163.73,3648.97,87024818.81249999
Jundiaí,JUNDIAI,4078,2025,Novembro,11,64141863.95,4176894.49,533938.28,148607.15,80177329.9375
Jundiaí,JUNDIAI,4078,2025,Dezembro,12,100554305.92,8340556.6,613326.55,276945.2,125692882.39999999
Junqueirópolis,JUNQUEIROPOLIS,4080,2025,Janeiro,1,1923592.93,2159902.67,12168.88,4380.69,2404491.1624999996
Junqueirópolis,JUNQUEIROPOLIS,4080,2025,Fevereiro,2,2052175.31,670071.29,14128.68,4707.6,2565219.1374999997
Junqueirópolis,JUNQUEIROPOLIS,4080,2025,Março,3,2096778.31,528962.75,16298.12,107.25,2620972.8874999997
Junqueirópolis,JUNQUEIROPOLIS,4080,2025,Abril,4,2258288.73,466328.04,17360.8,6173.94,2822860.9124999996
Junqueirópolis,JUNQUEIROPOLIS,4080,2025,Maio,5,2090523.9,466464.57,13775.31,10218.87,2613154.8749999995
Junqueirópolis,JUNQUEIROPOLIS,4080,2025,Junho,6,1584620.31,132395.36,17733.78,127.73,1980775.3875
Junqueirópolis,JUNQUEIROPOLIS,4080,2025,Julho,7,2869153.31,210208.44,16383.26,9102.96,3586441.6374999997
Junqueirópolis,JUNQUEIROPOLIS,4080,2025,Agosto,8,2117086.9,241426.79,14472.72,0.0,2646358.6249999995
Junqueirópolis,JUNQUEIROPOLIS,4080,2025,Setembro,9,2556352.32,178290.34,17620.02,8826.24,3195440.3999999994
Junqueirópolis,JUNQUEIROPOLIS,4080,2025,Outubro,10,2106573.71,190275.73,17554.73,110.41,2633217.1374999997
Junqueirópolis,JUNQUEIROPOLIS,4080,2025,Novembro,11,1940819.39,155308.65,16156.03,4496.59,2426024.2375
Junqueirópolis,JUNQUEIROPOLIS,4080,2025,Dezembro,12,3042595.5,258412.81,18558.18,8379.87,3803244.375
Juquitiba,JUQUITIBA,4108,2025,Janeiro,1,1336973.46,1398775.75,8512.51,3064.43,1671216.825
Juquitiba,JUQUITIBA,4108,2025,Fevereiro,2,1435560.02,701195.4,9883.45,3293.11,1794450.025
Juquitiba,JUQUITIBA,4108,2025,Março,3,1466761.2,521009.95,11401.04,75.02,1833451.4999999998
Juquitiba,JUQUITIBA,4108,2025,Abril,4,1579742.73,502425.8,12144.42,4318.86,1974678.4124999999
Juquitiba,JUQUITIBA,4108,2025,Maio,5,1462386.05,436800.05,9636.26,7148.42,1827982.5625
Juquitiba,JUQUITIBA,4108,2025,Junho,6,1108490.86,160782.22,12405.33,89.35,1385613.575
Juquitiba,JUQUITIBA,4108,2025,Julho,7,2007061.37,211556.71,11460.6,6367.8,2508826.7125
Juquitiba,JUQUITIBA,4108,2025,Agosto,8,1480967.68,218194.08,10124.11,0.0,1851209.5999999999
Juquitiba,JUQUITIBA,4108,2025,Setembro,9,1788247.41,223519.08,12325.75,6174.23,2235309.2624999997
Juquitiba,JUQUITIBA,4108,2025,Outubro,10,1473613.38,218502.36,12280.07,77.24,1842016.7249999999
Juquitiba,JUQUITIBA,4108,2025,Novembro,11,1357663.11,165574.29,11301.64,3145.5,1697078.8875
Juquitiba,JUQUITIBA,4108,2025,Dezembro,12,2128389.53,257361.15,12982.02,5861.98,2660486.9124999996
Juquiá,JUQUIA,4091,2025,Janeiro,1,1253475.94,809891.35,7980.88,2873.04,1566844.9249999998
Juquiá,JUQUIA,4091,2025,Fevereiro,2,1345905.56,409823.67,9266.2,3087.45,1682381.95
Juquiá,JUQUIA,4091,2025,Março,3,1375158.14,329102.08,10689.01,70.34,1718947.6749999998
Juquiá,JUQUIA,4091,2025,Abril,4,1481083.68,315342.58,11385.96,4049.13,1851354.5999999999
Juquiá,JUQUIA,4091,2025,Maio,5,1371056.23,250683.69,9034.45,6701.98,1713820.2874999999
Juquiá,JUQUIA,4091,2025,Junho,6,1039262.72,65281.68,11630.58,83.77,1299078.4
Juquiá,JUQUIA,4091,2025,Julho,7,1881715.16,100153.41,10744.86,5970.11,2352143.9499999997
Juquiá,JUQUIA,4091,2025,Agosto,8,1388477.39,122096.23,9491.84,0.0,1735596.7374999998
Juquiá,JUQUIA,4091,2025,Setembro,9,1676566.7,126187.35,11555.97,5788.63,2095708.3749999998
Juquiá,JUQUIA,4091,2025,Outubro,10,1381582.39,97165.73,11513.15,72.41,1726977.9874999998
Juquiá,JUQUIA,4091,2025,Novembro,11,1272873.51,100869.84,10595.82,2949.06,1591091.8875
Juquiá,JUQUIA,4091,2025,Dezembro,12,1995466.06,129963.57,12171.26,5495.88,2494332.5749999997
Júlio Mesquita,JULIO MESQUITA,4066,2025,Janeiro,1,314021.61,223656.0,1988.61,715.88,392527.01249999995
Júlio Mesquita,JULIO MESQUITA,4066,2025,Fevereiro,2,335361.47,80959.78,2308.87,769.3,419201.83749999997
Júlio Mesquita,JULIO MESQUITA,4066,2025,Março,3,342650.38,54302.6,2663.4,17.53,428312.975
Júlio Mesquita,JULIO MESQUITA,4066,2025,Abril,4,369044.02,57772.72,2837.06,1008.93,461305.025
Júlio Mesquita,JULIO MESQUITA,4066,2025,Maio,5,341628.3,53709.15,2251.13,1669.94,427035.37499999994
Júlio Mesquita,JULIO MESQUITA,4066,2025,Junho,6,258954.78,20664.92,2898.01,20.87,323693.475
Júlio Mesquita,JULIO MESQUITA,4066,2025,Julho,7,468870.02,27369.32,2677.31,1487.58,586087.525
Júlio Mesquita,JULIO MESQUITA,4066,2025,Agosto,8,345969.16,19317.69,2365.1,0.0,432461.44999999995
Júlio Mesquita,JULIO MESQUITA,4066,2025,Setembro,9,417752.84,18482.02,2879.42,1442.36,522191.05
Júlio Mesquita,JULIO MESQUITA,4066,2025,Outubro,10,344251.12,19886.97,2868.75,18.04,430313.89999999997
Júlio Mesquita,JULIO MESQUITA,4066,2025,Novembro,11,317163.96,13601.21,2640.18,734.82,396454.95
Júlio Mesquita,JULIO MESQUITA,4066,2025,Dezembro,12,497213.51,29710.12,3032.73,1369.42,621516.8875
Lagoinha,LAGOINHA,4110,2025,Janeiro,1,396931.98,439364.64,2514.54,905.21,496164.975
Lagoinha,LAGOINHA,4110,2025,Fevereiro,2,424054.32,151449.74,2919.5,972.76,530067.9
Lagoinha,LAGOINHA,4110,2025,Março,3,433270.93,104642.88,3367.79,22.16,541588.6625
Lagoinha,LAGOINHA,4110,2025,Abril,4,466644.88,103853.98,3587.37,1275.76,583306.1
Lagoinha,LAGOINHA,4110,2025,Maio,5,431978.54,75484.32,2846.48,2111.59,539973.1749999999
Lagoinha,LAGOINHA,4110,2025,Junho,6,327440.4,23300.13,3664.45,26.39,409300.5
Lagoinha,LAGOINHA,4110,2025,Julho,7,592871.8,27656.53,3385.38,1881.0,741089.75
Lagoinha,LAGOINHA,4110,2025,Agosto,8,437467.43,33218.94,2990.59,0.0,546834.2875
Lagoinha,LAGOINHA,4110,2025,Setembro,9,528235.7,26428.55,3640.94,1823.82,660294.6249999999
Lagoinha,LAGOINHA,4110,2025,Outubro,10,435295.02,32817.02,3627.45,22.82,544118.775
Lagoinha,LAGOINHA,4110,2025,Novembro,11,401044.13,31309.64,3338.43,929.16,501305.1625
Lagoinha,LAGOINHA,4110,2025,Dezembro,12,628711.29,30614.54,3834.8,1731.59,785889.1125
Laranjal Paulista,LARANJAL PAULISTA,4121,2025,Janeiro,1,2501403.77,3943971.68,15817.49,5694.15,3126754.7125
Laranjal Paulista,LARANJAL PAULISTA,4121,2025,Fevereiro,2,2667480.63,1296413.61,18364.89,6119.08,3334350.7874999996
Laranjal Paulista,LARANJAL PAULISTA,4121,2025,Março,3,2725456.99,1016572.59,21184.79,139.41,3406821.2375000003
Laranjal Paulista,LARANJAL PAULISTA,4121,2025,Abril,4,2935393.21,936738.3,22566.1,8025.07,3669241.5124999997
Laranjal Paulista,LARANJAL PAULISTA,4121,2025,Maio,5,2717327.32,847068.46,17905.57,13282.8,3396659.1499999994
Laranjal Paulista,LARANJAL PAULISTA,4121,2025,Junho,6,2059738.26,253646.93,23050.91,166.02,2574672.8249999997
Laranjal Paulista,LARANJAL PAULISTA,4121,2025,Julho,7,3729413.78,325921.8,21295.47,11832.3,4661767.225
Laranjal Paulista,LARANJAL PAULISTA,4121,2025,Agosto,8,2751854.72,301810.78,18812.08,0.0,3439818.4
Laranjal Paulista,LARANJAL PAULISTA,4121,2025,Setembro,9,3322825.43,346801.64,22903.05,11472.62,4153531.7875
Laranjal Paulista,LARANJAL PAULISTA,4121,2025,Outubro,10,2738189.35,322283.0,22818.18,143.52,3422736.6875
Laranjal Paulista,LARANJAL PAULISTA,4121,2025,Novembro,11,2522736.78,234276.66,21000.1,5844.81,3153420.9749999996
Laranjal Paulista,LARANJAL PAULISTA,4121,2025,Dezembro,12,3954859.28,410291.57,24122.49,10892.42,4943574.1
Lavrinhas,LAVRINHAS,4145,2025,Janeiro,1,614296.19,377500.39,3907.74,1406.75,767870.2374999999
Lavrinhas,LAVRINHAS,4145,2025,Fevereiro,2,659005.84,167526.3,4537.08,1511.73,823757.2999999999
Lavrinhas,LAVRINHAS,4145,2025,Março,3,673329.01,115223.27,5233.74,34.44,841661.2625
Lavrinhas,LAVRINHAS,4145,2025,Abril,4,725194.12,97677.47,5575.0,1982.61,906492.6499999999
Lavrinhas,LAVRINHAS,4145,2025,Maio,5,671320.56,89184.15,4423.6,3281.54,839150.7000000001
Lavrinhas,LAVRINHAS,4145,2025,Junho,6,508862.01,38839.99,5694.77,41.02,636077.5125
Lavrinhas,LAVRINHAS,4145,2025,Julho,7,921358.32,33683.04,5261.08,2923.19,1151697.9
Lavrinhas,LAVRINHAS,4145,2025,Agosto,8,679850.61,35526.64,4647.56,0.0,849813.2625
Lavrinhas,LAVRINHAS,4145,2025,Setembro,9,820909.94,43688.54,5658.24,2834.33,1026137.4249999999
Lavrinhas,LAVRINHAS,4145,2025,Outubro,10,676474.56,26347.11,5637.27,35.46,845593.2000000001
Lavrinhas,LAVRINHAS,4145,2025,Novembro,11,623246.62,34594.59,5188.11,1443.97,779058.2749999999
Lavrinhas,LAVRINHAS,4145,2025,Dezembro,12,977055.03,49353.69,5959.5,2690.99,1221318.7874999999
Lavínia,LAVINIA,4133,2025,Janeiro,1,840325.83,408582.26,5313.87,1912.95,1050407.2874999999
Lavínia,LAVINIA,4133,2025,Fevereiro,2,896138.21,146312.53,6169.67,2055.7,1120172.7625
Lavínia,LAVINIA,4133,2025,Março,3,915615.33,99595.25,7117.02,46.83,1144519.1624999999
Lavínia,LAVINIA,4133,2025,Abril,4,986143.25,99321.36,7581.07,2696.02,1232679.0625
Lavínia,LAVINIA,4133,2025,Maio,5,912884.17,84221.96,6015.36,4462.35,1141105.2125
Lavínia,LAVINIA,4133,2025,Junho,6,691967.6,26405.75,7743.94,55.78,864959.4999999999
Lavínia,LAVINIA,4133,2025,Julho,7,1252893.9,37026.56,7154.2,3975.05,1566117.3749999998
Lavínia,LAVINIA,4133,2025,Agosto,8,924483.63,37649.4,6319.91,0.0,1155604.5374999999
Lavínia,LAVINIA,4133,2025,Setembro,9,1116300.83,44170.69,7694.26,3854.22,1395376.0375
Lavínia,LAVINIA,4133,2025,Outubro,10,919892.76,26329.09,7665.75,48.21,1149865.95
Lavínia,LAVINIA,4133,2025,Novembro,11,847511.62,32221.15,7054.97,1963.56,1059389.525
Lavínia,LAVINIA,4133,2025,Dezembro,12,1328632.15,44271.48,8103.93,3659.3,1660790.1874999998
Leme,LEME,4157,2025,Janeiro,1,5679294.66,11112585.48,35940.45,12938.23,7099118.325
Leme,LEME,4157,2025,Fevereiro,2,6061040.12,4347607.84,41728.63,13903.75,7576300.149999999
Leme,LEME,4157,2025,Março,3,6192773.81,3476165.52,48136.02,316.76,7740967.262499999
Leme,LEME,4157,2025,Abril,4,6669790.13,2894245.4,51274.62,18234.54,8337237.6625
Leme,LEME,4157,2025,Maio,5,6174301.59,2700989.96,40684.98,30181.14,7717876.9875
Leme,LEME,4157,2025,Junho,6,4680130.04,783852.29,52376.2,377.24,5850162.55
Leme,LEME,4157,2025,Julho,7,8473960.91,1115958.23,48387.49,26885.32,10592451.1375
Leme,LEME,4157,2025,Agosto,8,6252754.63,1120445.26,42744.75,0.0,7815943.2875
Leme,LEME,4157,2025,Setembro,9,7550112.28,1164549.9,52040.22,26068.05,9437640.35
Leme,LEME,4157,2025,Outubro,10,6221704.23,956451.72,51847.38,326.1,7777130.287500001
Leme,LEME,4157,2025,Novembro,11,5732153.65,742100.67,47716.36,13280.55,7165192.0625
Leme,LEME,4157,2025,Dezembro,12,8986217.37,1317419.12,54811.04,24749.71,11232771.712499999
Lençóis Paulista,LENCOIS PAULISTA,4169,2025,Janeiro,1,9505009.72,11408686.16,60267.78,21695.85,11881262.15
Lençóis Paulista,LENCOIS PAULISTA,4169,2025,Fevereiro,2,10163630.81,4273723.64,69973.87,23314.91,12704538.5125
Lençóis Paulista,LENCOIS PAULISTA,4169,2025,Março,3,10384532.26,3069107.43,80718.27,531.17,12980665.325
Lençóis Paulista,LENCOIS PAULISTA,4169,2025,Abril,4,11184430.91,2661011.49,85981.33,30577.11,13980538.6375
Lençóis Paulista,LENCOIS PAULISTA,4169,2025,Maio,5,10353556.59,2474116.2,68223.79,50610.12,12941945.737499999
Lençóis Paulista,LENCOIS PAULISTA,4169,2025,Junho,6,7848011.71,795934.31,87828.54,632.58,9810014.6375
Lençóis Paulista,LENCOIS PAULISTA,4169,2025,Julho,7,14209806.97,1028613.51,81139.97,45083.42,17762258.7125
Lençóis Paulista,LENCOIS PAULISTA,4169,2025,Agosto,8,10485112.84,841016.02,71677.77,0.0,13106391.049999999
Lençóis Paulista,LENCOIS PAULISTA,4169,2025,Setembro,9,12660624.61,869480.91,87265.15,43712.97,15825780.7625
Lençóis Paulista,LENCOIS PAULISTA,4169,2025,Outubro,10,10433045.08,720283.36,86941.78,546.83,13041306.35
Lençóis Paulista,LENCOIS PAULISTA,4169,2025,Novembro,11,9612128.0,492842.4,80014.56,22269.87,12015160.0
Lençóis Paulista,LENCOIS PAULISTA,4169,2025,Dezembro,12,15068799.06,1020348.27,91911.47,41502.27,18835998.825
Limeira,LIMEIRA,4170,2025,Janeiro,1,24053974.42,40590471.8,152192.81,54788.02,30067468.025000002
Limeira,LIMEIRA,4170,2025,Fevereiro,2,25665978.6,17131126.31,176703.37,58876.6,32082473.25
Limeira,LIMEIRA,4170,2025,Março,3,26223815.84,14769045.51,203835.96,1341.35,32779769.799999997
Limeira,LIMEIRA,4170,2025,Abril,4,28243781.16,12261653.75,217126.63,77215.67,35304726.449999996
Limeira,LIMEIRA,4170,2025,Maio,5,26145593.72,12252411.57,172283.93,127804.54,32681992.15
Limeira,LIMEIRA,4170,2025,Junho,6,19818399.96,3069305.76,221791.36,1597.44,24772999.95
Limeira,LIMEIRA,4170,2025,Julho,7,35883692.37,5593857.18,204900.87,113848.11,44854615.46249999
Limeira,LIMEIRA,4170,2025,Agosto,8,26477809.63,5202978.3,181006.19,0.0,33097262.037499998
Limeira,LIMEIRA,4170,2025,Setembro,9,31971578.5,5271573.3,220368.65,110387.35,39964473.125
Limeira,LIMEIRA,4170,2025,Outubro,10,26346324.13,4094607.98,219552.05,1380.89,32932905.162499998
Limeira,LIMEIRA,4170,2025,Novembro,11,24273281.47,3014942.81,202058.89,56237.58,30341601.8375
Limeira,LIMEIRA,4170,2025,Dezembro,12,38052884.97,4872686.04,232101.89,104804.7,47566106.2125
Lindóia,LINDOIA,4182,2025,Janeiro,1,529185.96,715052.53,3368.26,1212.54,661482.45
Lindóia,LINDOIA,4182,2025,Fevereiro,2,568026.9,333643.28,3910.71,1303.03,710033.625
Lindóia,LINDOIA,4182,2025,Março,3,580372.68,260103.5,4511.2,29.69,725465.85
Lindóia,LINDOIA,4182,2025,Abril,4,625077.57,224852.44,4805.34,1708.9,781346.9624999999
Lindóia,LINDOIA,4182,2025,Maio,5,578641.51,190714.66,3812.9,2828.51,723301.8875
Lindóia,LINDOIA,4182,2025,Junho,6,438611.15,50618.74,4908.58,35.35,548263.9375
Lindóia,LINDOIA,4182,2025,Julho,7,794160.35,58426.75,4534.77,2519.63,992700.4374999999
Lindóia,LINDOIA,4182,2025,Agosto,8,585993.95,78886.55,4005.94,0.0,732492.4374999999
Lindóia,LINDOIA,4182,2025,Setembro,9,707579.36,81538.72,4877.09,2443.04,884474.2
Lindóia,LINDOIA,4182,2025,Outubro,10,583083.98,63070.24,4859.02,30.56,728854.975
Lindóia,LINDOIA,4182,2025,Novembro,11,537204.41,65176.12,4471.87,1244.62,671505.5125
Lindóia,LINDOIA,4182,2025,Dezembro,12,842167.86,70190.14,5136.77,2319.49,1052709.825
Lins,LINS,4194,2025,Janeiro,1,6192854.04,8562233.34,39140.35,14090.17,7741067.55
Lins,LINS,4194,2025,Fevereiro,2,6600676.02,3674324.25,45443.88,15141.65,8250845.024999999
Lins,LINS,4194,2025,Março,3,6744138.42,4074844.9,52421.74,344.96,8430173.024999999
Lins,LINS,4194,2025,Abril,4,7263625.21,2706405.03,55839.78,19858.02,9079531.5125
Lins,LINS,4194,2025,Maio,5,6724021.56,3710889.45,44307.31,32868.27,8405026.95
Lins,LINS,4194,2025,Junho,6,5096818.61,1029085.58,57039.44,410.82,6371023.2625
Lins,LINS,4194,2025,Julho,7,9228427.7,2027799.73,52695.61,29279.01,11535534.624999998
Lins,LINS,4194,2025,Agosto,8,6809459.55,1788124.75,46550.46,0.0,8511824.4375
Lins,LINS,4194,2025,Setembro,9,8222325.55,1974564.06,56673.55,28388.99,10277906.9375
Lins,LINS,4194,2025,Outubro,10,6775644.63,952252.07,56463.54,355.13,8469555.7875
Lins,LINS,4194,2025,Novembro,11,6242507.62,728143.82,51964.72,14462.96,7803134.524999999
Lins,LINS,4194,2025,Dezembro,12,9786292.17,1996626.66,59691.06,26953.26,12232865.212499999
Lorena,LORENA,4200,2025,Janeiro,1,3951471.67,7043304.61,25058.43,9020.8,4939339.587499999
Lorena,LORENA,4200,2025,Fevereiro,2,4225883.27,3257997.12,29094.07,9693.99,5282354.087499999
Lorena,LORENA,4200,2025,Março,3,4317730.73,2448509.12,33561.43,220.85,5397163.412500001
Lorena,LORENA,4200,2025,Abril,4,4650316.44,2056268.81,35749.73,12713.5,5812895.55
Lorena,LORENA,4200,2025,Maio,5,4304851.52,1833170.42,28366.41,21042.92,5381064.399999999
Lorena,LORENA,4200,2025,Junho,6,3263084.02,487125.46,36517.77,263.02,4078855.025
Lorena,LORENA,4200,2025,Julho,7,5908221.83,703669.9,33736.77,18745.0,7385277.2875
Lorena,LORENA,4200,2025,Agosto,8,4359550.61,684051.52,29802.53,0.0,5449438.2625
Lorena,LORENA,4200,2025,Setembro,9,5264095.35,669155.52,36283.53,18175.19,6580119.187499999
Lorena,LORENA,4200,2025,Outubro,10,4337901.62,673598.94,36149.07,227.36,5422377.024999999
Lorena,LORENA,4200,2025,Novembro,11,3996576.78,505754.8,33268.84,9259.47,4995720.975
Lorena,LORENA,4200,2025,Dezembro,12,6265377.69,867624.29,38215.39,17256.01,7831722.1125
Lourdes,LOURDES,7699,2025,Janeiro,1,373007.5,142620.33,2365.68,851.62,466259.375
Lourdes,LOURDES,7699,2025,Fevereiro,2,398950.93,49783.94,2746.67,915.18,498688.6625
Lourdes,LOURDES,7699,2025,Março,3,407621.93,35809.07,3168.42,20.85,509527.4125
Lourdes,LOURDES,7699,2025,Abril,4,439020.19,45535.72,3375.01,1200.24,548775.2374999999
Lourdes,LOURDES,7699,2025,Maio,5,406406.05,25791.19,2677.97,1986.59,508007.56249999994
Lourdes,LOURDES,7699,2025,Junho,6,308056.4,12617.85,3447.52,24.83,385070.5
Lourdes,LOURDES,7699,2025,Julho,7,557774.66,5557.31,3184.97,1769.65,697218.325
Lourdes,LOURDES,7699,2025,Agosto,8,411570.0,21013.24,2813.55,0.0,514462.5
Lourdes,LOURDES,7699,2025,Setembro,9,496964.92,15090.27,3425.4,1715.86,621206.1499999999
Lourdes,LOURDES,7699,2025,Outubro,10,409526.19,16865.53,3412.71,21.46,511907.7375
Lourdes,LOURDES,7699,2025,Novembro,11,377302.9,7968.63,3140.8,874.15,471628.625
Lourdes,LOURDES,7699,2025,Dezembro,12,591492.5,20745.74,3607.78,1629.08,739365.625
Louveira,LOUVEIRA,4212,2025,Janeiro,1,17263499.44,6418300.81,108945.86,39219.51,21579374.3
Louveira,LOUVEIRA,4212,2025,Fevereiro,2,18372760.22,2672370.59,126491.52,42146.29,22965950.275
Louveira,LOUVEIRA,4212,2025,Março,3,18772083.0,2355337.21,145914.14,960.19,23465103.75
Louveira,LOUVEIRA,4212,2025,Abril,4,20218057.03,1970260.51,155428.14,55274.14,25272571.2875
Louveira,LOUVEIRA,4212,2025,Maio,5,18716088.4,1871655.82,123327.9,91487.73,23395110.499999996
Louveira,LOUVEIRA,4212,2025,Junho,6,14186823.58,550391.25,158767.35,1143.51,17733529.474999998
Louveira,LOUVEIRA,4212,2025,Julho,7,25687018.85,907838.81,146676.45,81497.14,32108773.5625
Louveira,LOUVEIRA,4212,2025,Agosto,8,18953902.18,930836.35,129571.65,0.0,23692377.724999998
Louveira,LOUVEIRA,4212,2025,Setembro,9,22886567.27,930656.07,157748.92,79019.79,28608209.0875
Louveira,LOUVEIRA,4212,2025,Outubro,10,18859779.46,615917.76,157164.36,988.49,23574724.325
Louveira,LOUVEIRA,4212,2025,Novembro,11,17375810.5,489400.12,144642.04,40257.17,21719763.125
Louveira,LOUVEIRA,4212,2025,Dezembro,12,27239815.88,863314.16,166148.05,75023.5,34049769.849999994
Lucianópolis,LUCIANOPOLIS,4236,2025,Janeiro,1,459098.93,229258.52,2914.09,1049.05,573873.6625
Lucianópolis,LUCIANOPOLIS,4236,2025,Fevereiro,2,491435.78,73361.87,3383.4,1127.33,614294.725
Lucianópolis,LUCIANOPOLIS,4236,2025,Março,3,502116.9,71487.89,3902.92,25.68,627646.125
Lucianópolis,LUCIANOPOLIS,4236,2025,Abril,4,540793.9,70411.53,4157.4,1478.48,675992.375
Lucianópolis,LUCIANOPOLIS,4236,2025,Maio,5,500619.15,52190.84,3298.78,2447.12,625773.9375
Lucianópolis,LUCIANOPOLIS,4236,2025,Junho,6,379470.08,20025.87,4246.72,30.59,474337.6
Lucianópolis,LUCIANOPOLIS,4236,2025,Julho,7,687078.05,13309.66,3923.31,2179.89,858847.5625
Lucianópolis,LUCIANOPOLIS,4236,2025,Agosto,8,506980.21,23756.96,3465.79,0.0,633725.2625
Lucianópolis,LUCIANOPOLIS,4236,2025,Setembro,9,612171.39,21825.48,4219.48,2113.63,765214.2374999999
Lucianópolis,LUCIANOPOLIS,4236,2025,Outubro,10,504462.61,13121.79,4203.84,26.44,630578.2625
Lucianópolis,LUCIANOPOLIS,4236,2025,Novembro,11,464769.31,21152.86,3868.89,1076.8,580961.6375
Lucianópolis,LUCIANOPOLIS,4236,2025,Dezembro,12,728612.36,19771.02,4444.14,2006.73,910765.45
Lucélia,LUCELIA,4224,2025,Janeiro,1,1146800.52,1581846.25,7230.42,2602.89,1433500.65
Lucélia,LUCELIA,4224,2025,Fevereiro,2,1219347.14,610642.46,8394.88,2797.13,1524183.9249999998
Lucélia,LUCELIA,4224,2025,Março,3,1245849.04,571852.15,9683.9,63.73,1557311.3
Lucélia,LUCELIA,4224,2025,Abril,4,1341814.17,472655.21,10315.32,3668.39,1677267.7125
Lucélia,LUCELIA,4224,2025,Maio,5,1242132.84,483116.46,8184.92,6071.78,1552666.05
Lucélia,LUCELIA,4224,2025,Junho,6,941538.59,126119.33,10536.93,75.89,1176923.2374999998
Lucélia,LUCELIA,4224,2025,Julho,7,1704773.41,192706.9,9734.49,5408.73,2130966.7624999997
Lucélia,LUCELIA,4224,2025,Agosto,8,1257915.86,248894.06,8599.3,0.0,1572394.825
Lucélia,LUCELIA,4224,2025,Setembro,9,1518915.51,221328.39,10469.34,5244.32,1898644.3875
Lucélia,LUCELIA,4224,2025,Outubro,10,1251669.21,185303.07,10430.55,65.6,1564586.5125
Lucélia,LUCELIA,4224,2025,Novembro,11,1153182.46,124082.62,9599.48,2671.75,1441478.075
Lucélia,LUCELIA,4224,2025,Dezembro,12,1807828.07,188081.73,11026.77,4979.09,2259785.0875
Luiz Antônio,LUIZ ANTONIO,4248,2025,Janeiro,1,3691313.4,1170991.61,23360.71,8409.64,4614141.75
Luiz Antônio,LUIZ ANTONIO,4248,2025,Fevereiro,2,3939578.29,404968.78,27122.94,9037.22,4924472.8625
Luiz Antônio,LUIZ ANTONIO,4248,2025,Março,3,4025203.05,398645.99,31287.63,205.89,5031503.812499999
Luiz Antônio,LUIZ ANTONIO,4248,2025,Abril,4,4335255.97,305447.29,33327.67,11852.16,5419069.962499999
Luiz Antônio,LUIZ ANTONIO,4248,2025,Maio,5,4013196.42,394154.46,26444.58,19617.25,5016495.524999999
Luiz Antônio,LUIZ ANTONIO,4248,2025,Junho,6,3042009.01,143569.72,34043.68,245.2,3802511.2624999997
Luiz Antônio,LUIZ ANTONIO,4248,2025,Julho,7,5507937.86,257319.95,31451.09,17475.02,6884922.325
Luiz Antônio,LUIZ ANTONIO,4248,2025,Agosto,8,4064189.62,227381.42,27783.4,0.0,5080237.024999999
Luiz Antônio,LUIZ ANTONIO,4248,2025,Setembro,9,4907451.16,147801.25,33825.3,16943.81,6134313.95
Luiz Antônio,LUIZ ANTONIO,4248,2025,Outubro,10,4044007.36,108291.28,33699.96,211.96,5055009.199999999
Luiz Antônio,LUIZ ANTONIO,4248,2025,Novembro,11,3725807.39,111507.92,31014.86,8632.14,4657259.2375
Luiz Antônio,LUIZ ANTONIO,4248,2025,Dezembro,12,5840896.3,162593.9,35626.29,16086.91,7301120.374999999
Luiziania,LUIZIANIA,4250,2025,Janeiro,1,483457.69,393187.49,3058.34,1100.98,604322.1124999999
Luiziania,LUIZIANIA,4250,2025,Fevereiro,2,515762.64,139306.65,3550.89,1183.14,644703.2999999999
Luiziania,LUIZIANIA,4250,2025,Março,3,526972.48,125161.5,4096.12,26.95,658715.6
Luiziania,LUIZIANIA,4250,2025,Abril,4,567564.06,101958.12,4363.2,1551.66,709455.0750000001
Luiziania,LUIZIANIA,4250,2025,Maio,5,525400.59,98361.04,3462.08,2568.26,656750.7374999999
Luiziania,LUIZIANIA,4250,2025,Junho,6,398254.45,34355.04,4456.94,32.1,497818.0625
Luiziania,LUIZIANIA,4250,2025,Julho,7,721089.5,53837.16,4117.52,2287.8,901361.875
Luiziania,LUIZIANIA,4250,2025,Agosto,8,532076.53,41831.1,3637.35,0.0,665095.6625
Luiziania,LUIZIANIA,4250,2025,Setembro,9,642474.84,36920.32,4428.35,2218.25,803093.5499999999
Luiziania,LUIZIANIA,4250,2025,Outubro,10,529434.31,44678.86,4411.94,27.75,661792.8875000001
Luiziania,LUIZIANIA,4250,2025,Novembro,11,487776.13,26435.47,4060.41,1130.1,609720.1625
Luiziania,LUIZIANIA,4250,2025,Dezembro,12,764679.83,51056.46,4664.13,2106.07,955849.7874999999
Lupércio,LUPERCIO,4261,2025,Janeiro,1,352814.89,204724.45,2236.47,805.11,441018.6125
Lupércio,LUPERCIO,4261,2025,Fevereiro,2,377160.54,94026.45,2596.65,865.19,471450.67499999993
Lupércio,LUPERCIO,4261,2025,Março,3,385357.94,80369.04,2995.36,19.71,481697.425
Lupércio,LUPERCIO,4261,2025,Abril,4,415041.25,67842.72,3190.67,1134.68,518801.5625
Lupércio,LUPERCIO,4261,2025,Maio,5,384208.47,58681.8,2531.71,1878.08,480260.58749999997
Lupércio,LUPERCIO,4261,2025,Junho,6,291230.61,23728.69,3259.22,23.47,364038.26249999995
Lupércio,LUPERCIO,4261,2025,Julho,7,527309.45,24068.53,3011.01,1672.99,659136.8124999999
Lupércio,LUPERCIO,4261,2025,Agosto,8,389090.37,37350.76,2659.88,0.0,486362.96249999997
Lupércio,LUPERCIO,4261,2025,Setembro,9,469821.09,16959.78,3238.31,1622.14,587276.3625
Lupércio,LUPERCIO,4261,2025,Outubro,10,387158.19,33534.12,3226.31,20.29,483947.7375
Lupércio,LUPERCIO,4261,2025,Novembro,11,356694.91,11260.26,2969.25,826.41,445868.63749999995
Lupércio,LUPERCIO,4261,2025,Dezembro,12,559185.65,36294.69,3410.73,1540.1,698982.0625
Lutécia,LUTECIA,4273,2025,Janeiro,1,719012.24,281339.65,4542.74,1635.34,898765.2999999999
Lutécia,LUTECIA,4273,2025,Fevereiro,2,766092.61,86692.13,5274.34,1757.38,957615.7625
Lutécia,LUTECIA,4273,2025,Março,3,782743.25,75049.47,6084.21,40.04,978429.0625
Lutécia,LUTECIA,4273,2025,Abril,4,843036.32,59564.2,6480.92,2304.78,1053795.4
Lutécia,LUTECIA,4273,2025,Maio,5,780408.44,48703.06,5142.43,3814.78,975510.5499999999
Lutécia,LUTECIA,4273,2025,Junho,6,591550.79,10652.56,6620.15,47.68,739438.4875
Lutécia,LUTECIA,4273,2025,Julho,7,1071076.7,28272.09,6116.0,3398.2,1338845.8749999998
Lutécia,LUTECIA,4273,2025,Agosto,8,790324.6,27275.41,5402.78,0.0,987905.7499999999
Lutécia,LUTECIA,4273,2025,Setembro,9,954305.72,24223.18,6577.69,3294.9,1192882.15
Lutécia,LUTECIA,4273,2025,Outubro,10,786399.95,21865.76,6553.31,41.22,982999.9374999999
Lutécia,LUTECIA,4273,2025,Novembro,11,724522.6,12795.61,6031.17,1678.61,905653.2499999999
Lutécia,LUTECIA,4273,2025,Dezembro,12,1135823.99,18836.49,6927.91,3128.27,1419779.9874999998
Macatuba,MACATUBA,4285,2025,Janeiro,1,1740869.95,1829590.85,10941.84,3938.96,2176087.4375
Macatuba,MACATUBA,4285,2025,Fevereiro,2,1845244.66,538500.2,12704.01,4232.91,2306555.8249999997
Macatuba,MACATUBA,4285,2025,Março,3,1885350.14,469948.64,14654.7,96.44,2356687.675
Macatuba,MACATUBA,4285,2025,Abril,4,2030574.69,415997.07,15610.23,5551.39,2538218.3625
Macatuba,MACATUBA,4285,2025,Maio,5,1879726.39,359088.86,12386.28,9188.45,2349657.9875
Macatuba,MACATUBA,4285,2025,Junho,6,1424835.47,116197.01,15945.6,114.85,1781044.3375
Macatuba,MACATUBA,4285,2025,Julho,7,2579842.87,120357.34,14731.26,8185.06,3224803.5875
Macatuba,MACATUBA,4285,2025,Agosto,8,1903610.91,141621.62,13013.36,0.0,2379513.6374999997
Macatuba,MACATUBA,4285,2025,Setembro,9,2298583.1,125084.18,15843.31,7936.25,2873228.875
Macatuba,MACATUBA,4285,2025,Outubro,10,1894157.82,145185.71,15784.6,99.28,2367697.275
Macatuba,MACATUBA,4285,2025,Novembro,11,1745117.29,105056.28,14526.94,4043.18,2181396.6125
Macatuba,MACATUBA,4285,2025,Dezembro,12,2735796.05,213224.33,16686.87,7534.89,3419745.0624999995
Macaubal,MACAUBAL,4297,2025,Janeiro,1,618627.09,802971.51,3911.2,1408.0,773283.8624999999
Macaubal,MACAUBAL,4297,2025,Fevereiro,2,659590.06,291711.29,4541.1,1513.07,824487.5750000001
Macaubal,MACAUBAL,4297,2025,Março,3,673925.93,254648.51,5238.38,34.47,842407.4125
Macaubal,MACAUBAL,4297,2025,Abril,4,725837.02,239257.56,5579.94,1984.37,907296.275
Macaubal,MACAUBAL,4297,2025,Maio,5,671915.69,180258.77,4427.53,3284.45,839894.6124999999
Macaubal,MACAUBAL,4297,2025,Junho,6,509313.12,45262.6,5699.82,41.05,636641.3999999999
Macaubal,MACAUBAL,4297,2025,Julho,7,922175.12,54521.39,5265.75,2925.78,1152718.9
Macaubal,MACAUBAL,4297,2025,Agosto,8,680453.31,60949.51,4651.68,0.0,850566.6375000001
Macaubal,MACAUBAL,4297,2025,Setembro,9,821637.7,52264.6,5663.25,2836.84,1027047.1249999999
Macaubal,MACAUBAL,4297,2025,Outubro,10,677074.27,67458.29,5642.27,35.49,846342.8375
Macaubal,MACAUBAL,4297,2025,Novembro,11,623799.14,51074.62,5192.71,1445.25,779748.9249999999
Macaubal,MACAUBAL,4297,2025,Dezembro,12,977921.21,92263.99,5964.79,2693.38,1222401.5125
Macedônia,MACEDONIA,4303,2025,Janeiro,1,635212.91,352702.0,4028.99,1450.4,794016.1375
Macedônia,MACEDONIA,4303,2025,Fevereiro,2,679453.61,144731.13,4677.86,1558.64,849317.0125
Macedônia,MACEDONIA,4303,2025,Março,3,694221.19,118107.94,5396.13,35.51,867776.4874999999
Macedônia,MACEDONIA,4303,2025,Abril,4,747695.59,102596.55,5747.98,2044.12,934619.4874999999
Macedônia,MACEDONIA,4303,2025,Maio,5,692150.42,88664.64,4560.86,3383.36,865188.025
Macedônia,MACEDONIA,4303,2025,Junho,6,524651.08,20823.74,5871.47,42.29,655813.8499999999
Macedônia,MACEDONIA,4303,2025,Julho,7,949946.41,37254.29,5424.33,3013.89,1187433.0125
Macedônia,MACEDONIA,4303,2025,Agosto,8,700945.15,32625.57,4791.76,0.0,876181.4375
Macedônia,MACEDONIA,4303,2025,Setembro,9,846381.3,37039.97,5833.8,2922.28,1057976.625
Macedônia,MACEDONIA,4303,2025,Outubro,10,697464.34,27255.57,5812.19,36.56,871830.4249999999
Macedônia,MACEDONIA,4303,2025,Novembro,11,642584.84,21272.61,5349.09,1488.77,803231.0499999999
Macedônia,MACEDONIA,4303,2025,Dezembro,12,1007371.29,46434.33,6144.42,2774.49,1259214.1125
Magda,MAGDA,4315,2025,Janeiro,1,566858.05,337669.46,3587.71,1291.54,708572.5625
Magda,MAGDA,4315,2025,Fevereiro,2,605036.08,118963.2,4165.51,1387.93,756295.0999999999
Magda,MAGDA,4315,2025,Março,3,618186.24,79636.23,4805.12,31.62,772732.7999999999
Magda,MAGDA,4315,2025,Abril,4,665803.83,71805.72,5118.43,1820.24,832254.7874999999
Magda,MAGDA,4315,2025,Maio,5,616342.27,75030.44,4061.33,3012.8,770427.8375
Magda,MAGDA,4315,2025,Junho,6,467188.39,15142.99,5228.39,37.66,583985.4874999999
Magda,MAGDA,4315,2025,Julho,7,845903.02,23828.92,4830.22,2683.79,1057378.775
Magda,MAGDA,4315,2025,Agosto,8,624173.76,37796.09,4266.94,0.0,780217.2
Magda,MAGDA,4315,2025,Setembro,9,753680.93,33795.65,5194.85,2602.21,942101.1625
Magda,MAGDA,4315,2025,Outubro,10,621074.19,29638.0,5175.6,32.55,776342.7374999999
Magda,MAGDA,4315,2025,Novembro,11,572205.38,19787.14,4763.23,1325.71,715256.725
Magda,MAGDA,4315,2025,Dezembro,12,897038.41,23428.37,5471.45,2470.61,1121298.0125
Mairinque,MAIRINQUE,4327,2025,Janeiro,1,2761411.34,4094226.81,17520.33,6307.16,3451764.175
Mairinque,MAIRINQUE,4327,2025,Fevereiro,2,2954649.24,2005528.93,20341.97,6777.83,3693311.5500000003
Mairinque,MAIRINQUE,4327,2025,Março,3,3018867.07,1597603.07,23465.45,154.42,3773583.8374999994
Mairinque,MAIRINQUE,4327,2025,Abril,4,3251404.04,1435167.55,24995.46,8889.01,4064255.05
Mairinque,MAIRINQUE,4327,2025,Maio,5,3009862.19,1243056.1,19833.2,14712.77,3762327.7375
Mairinque,MAIRINQUE,4327,2025,Junho,6,2281480.14,386269.64,25532.46,183.9,2851850.175
Mairinque,MAIRINQUE,4327,2025,Julho,7,4130905.2,477587.84,23588.04,13106.11,5163631.5
Mairinque,MAIRINQUE,4327,2025,Agosto,8,3048106.65,512287.34,20837.3,0.0,3810133.3124999995
Mairinque,MAIRINQUE,4327,2025,Setembro,9,3680545.43,503078.28,25368.68,12707.71,4600681.7875
Mairinque,MAIRINQUE,4327,2025,Outubro,10,3032970.14,484693.05,25274.68,158.97,3791212.675
Mairinque,MAIRINQUE,4327,2025,Novembro,11,2794322.94,395647.57,23260.88,6474.03,3492903.675
Mairinque,MAIRINQUE,4327,2025,Dezembro,12,4380621.11,666728.06,26719.41,12065.04,5475776.3875
Mairiporã,MAIRIPORA,4339,2025,Janeiro,1,4024285.06,8033846.84,25554.44,9199.37,5030356.325
Mairiporã,MAIRIPORA,4339,2025,Fevereiro,2,4309532.22,3579573.11,29669.97,9885.87,5386915.274999999
Mairiporã,MAIRIPORA,4339,2025,Março,3,4403197.75,2937970.31,34225.76,225.22,5503997.1875
Mairiporã,MAIRIPORA,4339,2025,Abril,4,4742366.8,2498576.31,36457.37,12965.16,5927958.499999999
Mairiporã,MAIRIPORA,4339,2025,Maio,5,4390063.6,2272076.3,28927.91,21459.45,5487579.499999999
Mairiporã,MAIRIPORA,4339,2025,Junho,6,3327674.91,749374.73,37240.62,268.22,4159593.6375
Mairiporã,MAIRIPORA,4339,2025,Julho,7,6025171.72,1008879.24,34404.57,19116.05,7531464.649999999
Mairiporã,MAIRIPORA,4339,2025,Agosto,8,4445845.43,1003307.25,30392.45,0.0,5557306.7875
Mairiporã,MAIRIPORA,4339,2025,Setembro,9,5368295.12,1108477.51,37001.74,18534.96,6710368.899999999
Mairiporã,MAIRIPORA,4339,2025,Outubro,10,4423767.92,959855.93,36864.62,231.86,5529709.899999999
Mairiporã,MAIRIPORA,4339,2025,Novembro,11,4075686.74,629602.91,33927.38,9442.76,5094608.425
Mairiporã,MAIRIPORA,4339,2025,Dezembro,12,6389397.28,1165508.34,38971.85,17597.58,7986746.6
Manduri,MANDURI,4340,2025,Janeiro,1,865838.2,1004662.59,5483.39,1973.97,1082297.7499999998
Manduri,MANDURI,4340,2025,Fevereiro,2,924725.17,332012.72,6366.48,2121.28,1155906.4625
Manduri,MANDURI,4340,2025,Março,3,944823.61,292238.4,7344.05,48.33,1181029.5125
Manduri,MANDURI,4340,2025,Abril,4,1017601.38,248863.41,7822.9,2782.02,1272001.7249999999
Manduri,MANDURI,4340,2025,Maio,5,942005.33,229722.9,6207.26,4604.7,1177506.6624999999
Manduri,MANDURI,4340,2025,Junho,6,714041.47,70416.31,7990.97,57.55,892551.8374999999
Manduri,MANDURI,4340,2025,Julho,7,1292861.42,107515.38,7382.42,4101.86,1616076.775
Manduri,MANDURI,4340,2025,Agosto,8,953974.81,69302.18,6521.51,0.0,1192468.5125
Manduri,MANDURI,4340,2025,Setembro,9,1151911.01,75112.14,7939.71,3977.17,1439888.7625
Manduri,MANDURI,4340,2025,Outubro,10,949237.49,79246.93,7910.29,49.75,1186546.8624999998
Manduri,MANDURI,4340,2025,Novembro,11,874547.38,61581.35,7280.02,2026.2,1093184.2249999999
Manduri,MANDURI,4340,2025,Dezembro,12,1371015.73,116134.61,8362.45,3776.03,1713769.6624999999
Marabá Paulista,MARABA PAULISTA,4352,2025,Janeiro,1,902518.51,194436.4,5689.57,2048.19,1128148.1375
Marabá Paulista,MARABA PAULISTA,4352,2025,Fevereiro,2,959495.44,77287.42,6605.87,2201.04,1199369.2999999998
Marabá Paulista,MARABA PAULISTA,4352,2025,Março,3,980349.59,65758.55,7620.19,50.14,1225436.9874999998
Marabá Paulista,MARABA PAULISTA,4352,2025,Abril,4,1055863.86,64784.32,8117.05,2886.63,1319829.825
Marabá Paulista,MARABA PAULISTA,4352,2025,Maio,5,977425.34,55018.35,6440.65,4777.84,1221781.6749999998
Marabá Paulista,MARABA PAULISTA,4352,2025,Junho,6,740889.9,14051.39,8291.44,59.72,926112.375
Marabá Paulista,MARABA PAULISTA,4352,2025,Julho,7,1341473.85,28902.58,7660.0,4256.09,1676842.3125
Marabá Paulista,MARABA PAULISTA,4352,2025,Agosto,8,989844.88,29138.61,6766.72,0.0,1237306.0999999999
Marabá Paulista,MARABA PAULISTA,4352,2025,Setembro,9,1195223.61,26529.13,8238.25,4126.71,1494029.5125
Marabá Paulista,MARABA PAULISTA,4352,2025,Outubro,10,984929.43,24862.21,8207.72,51.62,1231161.7875
Marabá Paulista,MARABA PAULISTA,4352,2025,Novembro,11,907430.93,17524.42,7553.76,2102.38,1134288.6625
Marabá Paulista,MARABA PAULISTA,4352,2025,Dezembro,12,1422566.82,29528.27,8676.88,3918.01,1778208.525
Marapoama,MARAPOAMA,7511,2025,Janeiro,1,615372.47,543410.13,3886.7,1399.17,769215.5874999999
Marapoama,MARAPOAMA,7511,2025,Fevereiro,2,655456.97,125446.6,4512.65,1503.59,819321.2124999999
Marapoama,MARAPOAMA,7511,2025,Março,3,669703.0,122629.65,5205.56,34.26,837128.75
Marapoama,MARAPOAMA,7511,2025,Abril,4,721288.81,103453.37,5544.97,1971.93,901611.0125000001
Marapoama,MARAPOAMA,7511,2025,Maio,5,667705.36,127825.25,4399.78,3263.87,834631.7
Marapoama,MARAPOAMA,7511,2025,Junho,6,506121.68,24313.81,5664.1,40.8,632652.1
Marapoama,MARAPOAMA,7511,2025,Julho,7,916396.63,35422.46,5232.75,2907.45,1145495.7874999999
Marapoama,MARAPOAMA,7511,2025,Agosto,8,676189.48,65877.07,4622.53,0.0,845236.85
Marapoama,MARAPOAMA,7511,2025,Setembro,9,816489.18,56427.88,5627.77,2819.07,1020611.475
Marapoama,MARAPOAMA,7511,2025,Outubro,10,672831.61,56040.7,5606.91,35.27,841039.5125
Marapoama,MARAPOAMA,7511,2025,Novembro,11,619890.31,35514.07,5160.17,1436.19,774862.8875000001
Marapoama,MARAPOAMA,7511,2025,Dezembro,12,971793.4,50778.77,5927.41,2676.5,1214741.75
Maraçaí,MARACAI,4364,2025,Janeiro,1,2182000.09,1144800.05,13790.62,4964.5,2727500.1125
Maraçaí,MARACAI,4364,2025,Fevereiro,2,2325667.32,459699.65,16011.59,5334.98,2907084.1499999994
Maraçaí,MARACAI,4364,2025,Março,3,2376214.54,325251.42,18470.16,121.54,2970268.175
Maraçaí,MARACAI,4364,2025,Abril,4,2559249.34,296112.54,19674.46,6996.73,3199061.675
Maraçaí,MARACAI,4364,2025,Maio,5,2369126.61,288290.95,15611.14,11580.73,2961408.2624999997
Maraçaí,MARACAI,4364,2025,Junho,6,1795801.59,63457.98,20097.15,144.75,2244751.9875
Maraçaí,MARACAI,4364,2025,Julho,7,3251523.43,91822.64,18566.65,10316.1,4064404.2875
Maraçaí,MARACAI,4364,2025,Agosto,8,2399229.64,111989.07,16401.49,0.0,2999037.05
Maraçaí,MARACAI,4364,2025,Setembro,9,2897035.66,119148.87,19968.23,10002.51,3621294.575
Maraçaí,MARACAI,4364,2025,Outubro,10,2387315.36,105059.51,19894.24,125.13,2984144.1999999997
Maraçaí,MARACAI,4364,2025,Novembro,11,2199471.07,69554.42,18309.13,5095.85,2749338.8374999994
Maraçaí,MARACAI,4364,2025,Dezembro,12,3448080.14,138486.41,21031.41,9496.65,4310100.175
Marinópolis,MARINOPOLIS,4390,2025,Janeiro,1,246000.78,202734.7,1559.64,561.46,307500.975
Marinópolis,MARINOPOLIS,4390,2025,Fevereiro,2,263019.57,56778.66,1810.82,603.36,328774.46249999997
Marinópolis,MARINOPOLIS,4390,2025,Março,3,268736.17,43836.33,2088.87,13.75,335920.21249999997
Marinópolis,MARINOPOLIS,4390,2025,Abril,4,289436.35,32546.37,2225.07,791.29,361795.43749999994
Marinópolis,MARINOPOLIS,4390,2025,Maio,5,267934.56,33648.8,1765.53,1309.71,334918.19999999995
Marinópolis,MARINOPOLIS,4390,2025,Junho,6,203094.81,6811.99,2272.87,16.37,253868.51249999998
Marinópolis,MARINOPOLIS,4390,2025,Julho,7,367728.55,10268.16,2099.78,1166.69,459660.68749999994
Marinópolis,MARINOPOLIS,4390,2025,Agosto,8,271339.04,6113.94,1854.91,0.0,339173.79999999993
Marinópolis,MARINOPOLIS,4390,2025,Setembro,9,327638.03,8118.65,2258.29,1131.23,409547.53750000003
Marinópolis,MARINOPOLIS,4390,2025,Outubro,10,269991.61,7032.44,2249.92,14.15,337489.51249999995
Marinópolis,MARINOPOLIS,4390,2025,Novembro,11,248747.5,6910.31,2070.66,576.31,310934.375
Marinópolis,MARINOPOLIS,4390,2025,Dezembro,12,389957.99,7831.2,2378.53,1074.02,487447.4875
Mariápolis,MARIAPOLIS,4376,2025,Janeiro,1,327048.83,275560.63,2065.3,743.49,408811.0375
Mariápolis,MARIAPOLIS,4376,2025,Fevereiro,2,348294.18,101271.6,2397.91,798.97,435367.725
Mariápolis,MARIAPOLIS,4376,2025,Março,3,355864.18,80295.32,2766.11,18.2,444830.225
Mariápolis,MARIAPOLIS,4376,2025,Abril,4,383275.65,70814.37,2946.47,1047.84,479094.5625
Mariápolis,MARIAPOLIS,4376,2025,Maio,5,354802.69,68971.91,2337.94,1734.34,443503.3625
Mariápolis,MARIAPOLIS,4376,2025,Junho,6,268940.98,18061.85,3009.77,21.68,336176.225
Mariápolis,MARIAPOLIS,4376,2025,Julho,7,486951.28,22099.08,2780.56,1544.95,608689.1
Mariápolis,MARIAPOLIS,4376,2025,Agosto,8,359310.94,26666.24,2456.3,0.0,449138.675
Mariápolis,MARIAPOLIS,4376,2025,Setembro,9,433862.85,11417.93,2990.46,1497.99,542328.5624999999
Mariápolis,MARIAPOLIS,4376,2025,Outubro,10,357526.65,18027.8,2979.38,18.74,446908.3125
Mariápolis,MARIAPOLIS,4376,2025,Novembro,11,329394.91,14927.08,2741.99,763.16,411743.63749999995
Mariápolis,MARIAPOLIS,4376,2025,Dezembro,12,516387.81,18925.03,3149.68,1422.23,645484.7625
Martinópolis,MARTINOPOLIS,4406,2025,Janeiro,1,2141573.92,2101292.79,13515.33,4865.4,2676967.4
Martinópolis,MARTINOPOLIS,4406,2025,Fevereiro,2,2279241.64,814016.15,15691.97,5228.48,2849052.05
Martinópolis,MARTINOPOLIS,4406,2025,Março,3,2328779.82,718381.88,18101.45,119.12,2910974.7749999994
Martinópolis,MARTINOPOLIS,4406,2025,Abril,4,2508160.83,638327.82,19281.71,6857.06,3135201.0375
Martinópolis,MARTINOPOLIS,4406,2025,Maio,5,2321833.39,552163.34,15299.5,11349.55,2902291.7375
Martinópolis,MARTINOPOLIS,4406,2025,Junho,6,1759953.25,135851.75,19695.96,141.86,2199941.5625
Martinópolis,MARTINOPOLIS,4406,2025,Julho,7,3186615.53,201112.94,18196.02,10110.17,3983269.4124999996
Martinópolis,MARTINOPOLIS,4406,2025,Agosto,8,2351335.49,226717.55,16074.07,0.0,2939169.3625000003
Martinópolis,MARTINOPOLIS,4406,2025,Setembro,9,2839204.16,220237.71,19569.62,9802.84,3549005.2
Martinópolis,MARTINOPOLIS,4406,2025,Outubro,10,2339659.05,168109.07,19497.1,122.63,2924573.8124999995
Martinópolis,MARTINOPOLIS,4406,2025,Novembro,11,2155564.56,158786.46,17943.64,4994.12,2694455.6999999997
Martinópolis,MARTINOPOLIS,4406,2025,Dezembro,12,3379248.52,238439.73,20611.58,9307.08,4224060.649999999
Marília,MARILIA,4388,2025,Janeiro,1,12739690.7,29854679.24,80336.06,28920.25,15924613.374999998
Marília,MARILIA,4388,2025,Fevereiro,2,13547969.76,12878313.82,93274.13,31078.43,16934962.2
Marília,MARILIA,4388,2025,Março,3,13842428.12,10210015.0,107596.26,708.04,17303035.15
Marília,MARILIA,4388,2025,Abril,4,14908681.22,8658647.85,114611.84,40758.84,18635851.525
Marília,MARILIA,4388,2025,Maio,5,13801138.02,8085739.9,90941.3,67462.54,17251422.525
Marília,MARILIA,4388,2025,Junho,6,10461283.69,2385992.91,117074.15,843.22,13076604.612499999
Marília,MARILIA,4388,2025,Julho,7,18941462.81,3717008.59,108158.39,60095.53,23676828.512499996
Marília,MARILIA,4388,2025,Agosto,8,13976500.56,3584207.24,95545.41,0.0,17470625.7
Marília,MARILIA,4388,2025,Setembro,9,16876425.62,3483881.95,116323.16,58268.75,21095532.025
Marília,MARILIA,4388,2025,Outubro,10,13907095.0,2941143.5,115892.11,728.91,17383868.75
Marília,MARILIA,4388,2025,Novembro,11,12812824.66,2401011.78,106658.23,29685.41,16016030.825
Marília,MARILIA,4388,2025,Dezembro,12,20086486.59,4113686.22,122516.64,55321.91,25108108.237499997
Matão,MATAO,4418,2025,Janeiro,1,8499620.64,10944231.86,53500.93,19259.84,10624525.8
Matão,MATAO,4418,2025,Fevereiro,2,9022460.53,4263482.85,62117.22,20697.12,11278075.662499998
Matão,MATAO,4418,2025,Março,3,9218559.21,3269344.77,71655.24,471.53,11523199.012500001
Matão,MATAO,4418,2025,Abril,4,9928645.42,2914822.13,76327.36,27143.92,12410806.774999999
Matão,MATAO,4418,2025,Maio,5,9191061.49,2674893.21,60563.63,44927.62,11488826.862499999
Matão,MATAO,4418,2025,Junho,6,6966838.64,691619.35,77967.17,561.55,8708548.299999999
Matão,MATAO,4418,2025,Julho,7,12614332.9,988751.79,72029.59,40021.46,15767916.125
Matão,MATAO,4418,2025,Agosto,8,9307846.63,1147351.32,63629.8,0.0,11634808.2875
Matão,MATAO,4418,2025,Setembro,9,11239092.41,1100909.37,77467.04,38804.89,14048865.5125
Matão,MATAO,4418,2025,Outubro,10,9261625.02,1108320.01,77179.98,485.43,11577031.274999999
Matão,MATAO,4418,2025,Novembro,11,8532880.34,781898.12,71030.54,19769.41,10666100.424999999
Matão,MATAO,4418,2025,Dezembro,12,13376877.55,1490451.97,81591.67,36842.4,16721096.9375
Mauá,MAUA,4420,2025,Janeiro,1,32977013.03,25911785.94,207794.26,74804.03,41221266.2875
Mauá,MAUA,4420,2025,Fevereiro,2,35042673.5,12072301.38,241259.39,80386.32,43803341.875
Mauá,MAUA,4420,2025,Março,3,35804308.53,10101951.16,278304.49,1831.39,44755385.6625
Mauá,MAUA,4420,2025,Abril,4,38562239.03,8614596.39,296450.71,105425.29,48202798.7875
Mauá,MAUA,4420,2025,Maio,5,35697509.09,7844565.41,235225.38,174496.08,44621886.362500004
Mauá,MAUA,4420,2025,Junho,6,27058766.39,2474674.93,302819.63,2181.04,33823457.9875
Mauá,MAUA,4420,2025,Julho,7,48993281.56,3004023.35,279758.45,155440.87,61241601.95
Mauá,MAUA,4420,2025,Agosto,8,36151095.29,3155362.32,247134.19,0.0,45188869.1125
Mauá,MAUA,4420,2025,Setembro,9,43651933.34,3257514.47,300877.15,150715.77,54564916.675000004
Mauá,MAUA,4420,2025,Outubro,10,35971573.46,2930101.52,299762.22,1885.37,44964466.824999996
Mauá,MAUA,4420,2025,Novembro,11,33141174.58,2319612.67,275878.19,76783.17,41426468.224999994
Mauá,MAUA,4420,2025,Dezembro,12,51954957.37,3549752.0,316896.97,143093.59,64943696.71249999
Mendonça,MENDONCA,4431,2025,Janeiro,1,1021589.88,782325.97,6447.24,2320.95,1276987.3499999999
Mendonça,MENDONCA,4431,2025,Fevereiro,2,1087269.47,234771.15,7485.56,2494.15,1359086.8375
Mendonça,MENDONCA,4431,2025,Março,3,1110900.73,241547.49,8634.96,56.82,1388625.9124999999
Mendonça,MENDONCA,4431,2025,Abril,4,1196471.07,172139.95,9197.98,3271.03,1495588.8375
Mendonça,MENDONCA,4431,2025,Maio,5,1107587.06,182431.58,7298.34,5414.09,1384483.825
Mendonça,MENDONCA,4431,2025,Junho,6,839552.68,59813.61,9395.59,67.67,1049440.85
Mendonça,MENDONCA,4431,2025,Julho,7,1520115.16,78017.48,8680.07,4822.87,1900143.9499999997
Mendonça,MENDONCA,4431,2025,Agosto,8,1121660.48,91501.32,7667.84,0.0,1402075.5999999999
Mendonça,MENDONCA,4431,2025,Setembro,9,1354389.08,86313.92,9335.32,4676.26,1692986.35
Mendonça,MENDONCA,4431,2025,Outubro,10,1116090.46,43462.96,9300.73,58.5,1395113.075
Mendonça,MENDONCA,4431,2025,Novembro,11,1028271.64,54707.18,8559.68,2382.35,1285339.55
Mendonça,MENDONCA,4431,2025,Dezembro,12,1612007.11,74693.91,9832.37,4439.77,2015008.8875
Meridiano,MERIDIANO,4443,2025,Janeiro,1,1079228.08,836176.99,6844.25,2463.87,1349035.1
Meridiano,MERIDIANO,4443,2025,Fevereiro,2,1154222.74,156528.07,7946.51,2647.74,1442778.4249999998
Meridiano,MERIDIANO,4443,2025,Março,3,1179309.19,103322.97,9166.69,60.32,1474136.4874999998
Meridiano,MERIDIANO,4443,2025,Abril,4,1270148.9,116455.25,9764.38,3472.46,1587686.1249999998
Meridiano,MERIDIANO,4443,2025,Maio,5,1175791.47,206404.02,7747.77,5747.49,1469739.3375
Meridiano,MERIDIANO,4443,2025,Junho,6,891251.73,22893.14,9974.16,71.84,1114064.6624999999
Meridiano,MERIDIANO,4443,2025,Julho,7,1613722.76,37961.73,9214.58,5119.85,2017153.45
Meridiano,MERIDIANO,4443,2025,Agosto,8,1190731.53,45440.48,8140.02,0.0,1488414.4124999999
Meridiano,MERIDIANO,4443,2025,Setembro,9,1437791.38,28200.49,9910.18,4964.22,1797239.2249999999
Meridiano,MERIDIANO,4443,2025,Outubro,10,1184818.51,37749.42,9873.46,62.1,1481023.1375
Meridiano,MERIDIANO,4443,2025,Novembro,11,1091591.86,25760.97,9086.77,2529.06,1364489.825
Meridiano,MERIDIANO,4443,2025,Dezembro,12,1711273.35,58607.42,10437.84,4713.16,2139091.6875
Mesópolis,MESOPOLIS,7705,2025,Janeiro,1,368690.63,125962.94,2334.39,840.36,460863.2875
Mesópolis,MESOPOLIS,7705,2025,Fevereiro,2,393674.79,49547.8,2710.35,903.07,492093.48749999993
Mesópolis,MESOPOLIS,7705,2025,Março,3,402231.11,36030.29,3126.52,20.57,502788.88749999995
Mesópolis,MESOPOLIS,7705,2025,Abril,4,433214.13,39264.17,3330.37,1184.36,541517.6625
Mesópolis,MESOPOLIS,7705,2025,Maio,5,401031.31,33015.37,2642.56,1960.32,501289.13749999995
Mesópolis,MESOPOLIS,7705,2025,Junho,6,303982.35,5729.79,3401.92,24.5,379977.93749999994
Mesópolis,MESOPOLIS,7705,2025,Julho,7,550398.07,9592.19,3142.85,1746.25,687997.5874999999
Mesópolis,MESOPOLIS,7705,2025,Agosto,8,406126.97,15089.53,2776.34,0.0,507658.71249999997
Mesópolis,MESOPOLIS,7705,2025,Setembro,9,490392.54,9038.23,3380.1,1693.16,612990.6749999999
Mesópolis,MESOPOLIS,7705,2025,Outubro,10,404110.19,15183.25,3367.57,21.18,505137.7375
Mesópolis,MESOPOLIS,7705,2025,Novembro,11,372313.06,12196.31,3099.26,862.59,465391.32499999995
Mesópolis,MESOPOLIS,7705,2025,Dezembro,12,583669.99,6869.2,3560.07,1607.54,729587.4874999999
Miguelópolis,MIGUELOPOLIS,4455,2025,Janeiro,1,2719110.84,1653537.3,17172.29,6181.87,3398888.55
Miguelópolis,MIGUELOPOLIS,4455,2025,Fevereiro,2,2895954.91,704784.26,19937.87,6643.19,3619943.6375
Miguelópolis,MIGUELOPOLIS,4455,2025,Março,3,2958897.04,508014.5,22999.31,151.35,3698621.3
Miguelópolis,MIGUELOPOLIS,4455,2025,Abril,4,3186814.65,482305.06,24498.93,8712.43,3983518.3124999995
Miguelópolis,MIGUELOPOLIS,4455,2025,Maio,5,2950071.05,475260.73,19439.22,14420.5,3687588.8124999995
Miguelópolis,MIGUELOPOLIS,4455,2025,Junho,6,2236158.36,160273.55,25025.26,180.24,2795197.9499999997
Miguelópolis,MIGUELOPOLIS,4455,2025,Julho,7,4048844.45,197526.71,23119.46,12845.76,5061055.5625
Miguelópolis,MIGUELOPOLIS,4455,2025,Agosto,8,2987555.78,183417.59,20423.37,0.0,3734444.7249999996
Miguelópolis,MIGUELOPOLIS,4455,2025,Setembro,9,3607431.11,211117.38,24864.73,12455.27,4509288.887499999
Miguelópolis,MIGUELOPOLIS,4455,2025,Outubro,10,2972719.95,210176.32,24772.59,155.81,3715899.9375
Miguelópolis,MIGUELOPOLIS,4455,2025,Novembro,11,2738813.5,156540.5,22798.8,6345.42,3423516.875
Miguelópolis,MIGUELOPOLIS,4455,2025,Dezembro,12,4293599.74,275046.19,26188.62,11825.37,5366999.675
Mineiros do Tietê,MINEIROS DO TIETE,4467,2025,Janeiro,1,768609.42,842277.67,4866.06,1751.74,960761.775
Mineiros do Tietê,MINEIROS DO TIETE,4467,2025,Fevereiro,2,820617.56,291914.49,5649.73,1882.46,1025771.9500000001
Mineiros do Tietê,MINEIROS DO TIETE,4467,2025,Março,3,838453.28,251151.94,6517.24,42.89,1048066.6
Mineiros do Tietê,MINEIROS DO TIETE,4467,2025,Abril,4,903037.57,221037.47,6942.18,2468.81,1128796.9625
Mineiros do Tietê,MINEIROS DO TIETE,4467,2025,Maio,5,835952.28,212534.35,5508.43,4086.29,1044940.35
Mineiros do Tietê,MINEIROS DO TIETE,4467,2025,Junho,6,633653.11,76641.37,7091.33,51.07,792066.3875
Mineiros do Tietê,MINEIROS DO TIETE,4467,2025,Julho,7,1147308.22,66041.66,6551.29,3640.06,1434135.275
Mineiros do Tietê,MINEIROS DO TIETE,4467,2025,Agosto,8,846574.21,74464.24,5787.31,0.0,1058217.7625
Mineiros do Tietê,MINEIROS DO TIETE,4467,2025,Setembro,9,1022226.32,65088.02,7045.84,3529.41,1277782.9
Mineiros do Tietê,MINEIROS DO TIETE,4467,2025,Outubro,10,842370.23,86750.47,7019.73,44.15,1052962.7874999999
Mineiros do Tietê,MINEIROS DO TIETE,4467,2025,Novembro,11,776088.9,71065.78,6460.42,1798.08,970111.125
Mineiros do Tietê,MINEIROS DO TIETE,4467,2025,Dezembro,12,1216663.75,103156.12,7420.99,3350.92,1520829.6875
Mira Estrela,MIRA ESTRELA,4479,2025,Janeiro,1,559926.25,259425.62,3523.18,1268.31,699907.8125
Mira Estrela,MIRA ESTRELA,4479,2025,Fevereiro,2,594153.59,115045.86,4090.59,1362.96,742691.9874999999
Mira Estrela,MIRA ESTRELA,4479,2025,Março,3,607067.22,96387.52,4718.69,31.05,758834.0249999999
Mira Estrela,MIRA ESTRELA,4479,2025,Abril,4,653828.33,72070.14,5026.36,1787.5,817285.4124999999
Mira Estrela,MIRA ESTRELA,4479,2025,Maio,5,605256.42,68639.64,3988.28,2958.61,756570.525
Mira Estrela,MIRA ESTRELA,4479,2025,Junho,6,458785.29,22752.3,5134.35,36.98,573481.6124999999
Mira Estrela,MIRA ESTRELA,4479,2025,Julho,7,830688.17,13990.83,4743.35,2635.52,1038360.2125
Mira Estrela,MIRA ESTRELA,4479,2025,Agosto,8,612947.04,46233.06,4190.2,0.0,766183.8
Mira Estrela,MIRA ESTRELA,4479,2025,Setembro,9,740124.84,39493.53,5101.42,2555.41,925156.0499999999
Mira Estrela,MIRA ESTRELA,4479,2025,Outubro,10,609903.22,24207.86,5082.51,31.97,762379.0249999999
Mira Estrela,MIRA ESTRELA,4479,2025,Novembro,11,561913.4,13427.38,4677.55,1301.87,702391.75
Mira Estrela,MIRA ESTRELA,4479,2025,Dezembro,12,880903.81,23583.85,5373.03,2426.17,1101129.7625
Miracatu,MIRACATU,4480,2025,Janeiro,1,1473512.21,923527.99,9381.85,3377.38,1841890.2625
Miracatu,MIRACATU,4480,2025,Fevereiro,2,1582167.04,505974.04,10892.79,3629.42,1977708.8
Miracatu,MIRACATU,4480,2025,Março,3,1616554.65,408597.58,12565.37,82.69,2020693.3124999998
Miracatu,MIRACATU,4480,2025,Abril,4,1741074.45,390184.35,13384.67,4759.92,2176343.0625
Miracatu,MIRACATU,4480,2025,Maio,5,1611732.68,297916.14,10620.36,7878.45,2014665.8499999999
Miracatu,MIRACATU,4480,2025,Junho,6,1221695.83,108947.87,13672.22,98.47,1527119.7875
Miracatu,MIRACATU,4480,2025,Julho,7,2212033.14,157343.5,12631.02,7018.11,2765041.425
Miracatu,MIRACATU,4480,2025,Agosto,8,1632211.97,165055.33,11158.04,0.0,2040264.9625
Miracatu,MIRACATU,4480,2025,Setembro,9,1970872.74,243915.88,13584.52,6804.78,2463590.925
Miracatu,MIRACATU,4480,2025,Outubro,10,1624106.61,195931.31,13534.18,85.12,2030133.2625
Miracatu,MIRACATU,4480,2025,Novembro,11,1496314.89,165981.92,12455.82,3466.74,1870393.6124999998
Miracatu,MIRACATU,4480,2025,Dezembro,12,2345751.99,199887.7,14307.81,6460.64,2932189.9875000003
Mirandópolis,MIRANDOPOLIS,4492,2025,Janeiro,1,1901946.9,2693363.31,12005.27,4321.79,2377433.6249999995
Mirandópolis,MIRANDOPOLIS,4492,2025,Fevereiro,2,2024582.62,918834.88,13938.71,4644.3,2530728.275
Mirandópolis,MIRANDOPOLIS,4492,2025,Março,3,2068585.91,933133.42,16078.98,105.81,2585732.3874999997
Mirandópolis,MIRANDOPOLIS,4492,2025,Abril,4,2227924.73,621467.01,17127.37,6090.92,2784905.9124999996
Mirandópolis,MIRANDOPOLIS,4492,2025,Maio,5,2062415.6,789426.31,13590.09,10081.47,2578019.5
Mirandópolis,MIRANDOPOLIS,4492,2025,Junho,6,1563314.17,111596.1,17495.34,126.01,1954142.7125
Mirandópolis,MIRANDOPOLIS,4492,2025,Julho,7,2830575.88,426329.21,16162.98,8980.56,3538219.8499999996
Mirandópolis,MIRANDOPOLIS,4492,2025,Agosto,8,2088621.44,428798.41,14278.12,0.0,2610776.8
Mirandópolis,MIRANDOPOLIS,4492,2025,Setembro,9,2521980.68,476606.82,17383.11,8707.57,3152475.85
Mirandópolis,MIRANDOPOLIS,4492,2025,Outubro,10,2078249.61,184117.84,17318.7,108.93,2597812.0125
Mirandópolis,MIRANDOPOLIS,4492,2025,Novembro,11,1914723.94,149061.84,15938.8,4436.13,2393404.925
Mirandópolis,MIRANDOPOLIS,4492,2025,Dezembro,12,3001686.03,356505.74,18308.65,8267.2,3752107.5374999996
Mirante do Paranapanema,MIRANTE DO PARANAPANEMA,4509,2025,Janeiro,1,2109682.79,1227979.66,13296.03,4786.45,2637103.4875
Mirante do Paranapanema,MIRANTE DO PARANAPANEMA,4509,2025,Fevereiro,2,2242257.86,376847.54,15437.34,5143.64,2802822.3249999997
Mirante do Paranapanema,MIRANTE DO PARANAPANEMA,4509,2025,Março,3,2290992.22,307653.46,17807.73,117.18,2863740.275
Mirante do Paranapanema,MIRANTE DO PARANAPANEMA,4509,2025,Abril,4,2467462.53,292934.91,18968.84,6745.8,3084328.1624999996
Mirante do Paranapanema,MIRANTE DO PARANAPANEMA,4509,2025,Maio,5,2284158.5,246776.42,15051.25,11165.39,2855198.125
Mirante do Paranapanema,MIRANTE DO PARANAPANEMA,4509,2025,Junho,6,1731395.63,87309.26,19376.37,139.56,2164244.5374999996
Mirante do Paranapanema,MIRANTE DO PARANAPANEMA,4509,2025,Julho,7,3134908.38,78864.06,17900.76,9946.12,3918635.4749999996
Mirante do Paranapanema,MIRANTE DO PARANAPANEMA,4509,2025,Agosto,8,2313181.89,114161.18,15813.25,0.0,2891477.3625
Mirante do Paranapanema,MIRANTE DO PARANAPANEMA,4509,2025,Setembro,9,2793134.23,108683.07,19252.07,9643.77,3491417.7874999996
Mirante do Paranapanema,MIRANTE DO PARANAPANEMA,4509,2025,Outubro,10,2301694.92,102132.89,19180.73,120.64,2877118.65
Mirante do Paranapanema,MIRANTE DO PARANAPANEMA,4509,2025,Novembro,11,2120587.61,69726.42,17652.48,4913.09,2650734.5124999997
Mirante do Paranapanema,MIRANTE DO PARANAPANEMA,4509,2025,Dezembro,12,3324415.63,132089.01,20277.13,9156.06,4155519.5374999996
Mirassol,MIRASSOL,4510,2025,Janeiro,1,4073884.52,8735174.14,25747.93,9269.02,5092355.649999999
Mirassol,MIRASSOL,4510,2025,Fevereiro,2,4342161.55,3642265.38,29894.62,9960.72,5427701.937499999
Mirassol,MIRASSOL,4510,2025,Março,3,4436536.27,2886540.58,34484.9,226.93,5545670.337499999
Mirassol,MIRASSOL,4510,2025,Abril,4,4778273.31,2679800.14,36733.41,13063.32,5972841.637499999
Mirassol,MIRASSOL,4510,2025,Maio,5,4423302.68,2435154.69,29146.94,21621.93,5529128.35
Mirassol,MIRASSOL,4510,2025,Junho,6,3352870.18,685436.05,37522.59,270.25,4191087.725
Mirassol,MIRASSOL,4510,2025,Julho,7,6070790.9,913393.06,34665.06,19260.78,7588488.625
Mirassol,MIRASSOL,4510,2025,Agosto,8,4479506.85,925346.19,30622.57,0.0,5599383.562499999
Mirassol,MIRASSOL,4510,2025,Setembro,9,5408940.8,954912.96,37281.89,18675.29,6761175.999999999
Mirassol,MIRASSOL,4510,2025,Outubro,10,4457262.18,797945.59,37143.74,233.62,5571577.725
Mirassol,MIRASSOL,4510,2025,Novembro,11,4106545.52,707500.76,34184.26,9514.25,5133181.899999999
Mirassol,MIRASSOL,4510,2025,Dezembro,12,6437774.17,1059748.53,39266.92,17730.82,8047217.712499999
Mirassolândia,MIRASSOLANDIA,4522,2025,Janeiro,1,455025.36,410707.9,2870.6,1033.39,568781.7
Mirassolândia,MIRASSOLANDIA,4522,2025,Fevereiro,2,484102.17,126489.13,3332.91,1110.51,605127.7124999999
Mirassolândia,MIRASSOLANDIA,4522,2025,Março,3,494623.89,113504.21,3844.68,25.3,618279.8624999999
Mirassolândia,MIRASSOLANDIA,4522,2025,Abril,4,532723.72,94272.48,4095.36,1456.41,665904.6499999999
Mirassolândia,MIRASSOLANDIA,4522,2025,Maio,5,493148.49,81634.83,3249.56,2410.6,616435.6124999999
Mirassolândia,MIRASSOLANDIA,4522,2025,Junho,6,373807.31,21656.1,4183.35,30.13,467259.13749999995
Mirassolândia,MIRASSOLANDIA,4522,2025,Julho,7,676824.89,23771.66,3864.76,2147.36,846031.1124999999
Mirassolândia,MIRASSOLANDIA,4522,2025,Agosto,8,499414.62,29265.28,3414.07,0.0,624268.2749999999
Mirassolândia,MIRASSOLANDIA,4522,2025,Setembro,9,603036.05,23542.2,4156.51,2082.09,753795.0625
Mirassolândia,MIRASSOLANDIA,4522,2025,Outubro,10,496934.59,31884.23,4141.11,26.05,621168.2375
Mirassolândia,MIRASSOLANDIA,4522,2025,Novembro,11,457833.63,29873.61,3811.16,1060.73,572292.0375
Mirassolândia,MIRASSOLANDIA,4522,2025,Dezembro,12,717739.4,47775.88,4377.82,1976.79,897174.25
Mocóca,MOCOCA,4534,2025,Janeiro,1,4941071.62,8560167.39,31152.22,11214.51,6176339.524999999
Mocóca,MOCOCA,4534,2025,Fevereiro,2,5253547.59,3073265.15,36169.26,12051.4,6566934.4875
Mocóca,MOCOCA,4534,2025,Março,3,5367730.83,2424851.68,41723.01,274.56,6709663.5375
Mocóca,MOCOCA,4534,2025,Abril,4,5781195.83,2115904.83,44443.47,15805.21,7226494.7875
Mocóca,MOCOCA,4534,2025,Maio,5,5351719.61,1875831.81,35264.65,26160.2,6689649.5125
Mocóca,MOCOCA,4534,2025,Junho,6,4056611.63,578307.98,45398.29,326.98,5070764.5375
Mocóca,MOCOCA,4534,2025,Julho,7,7345002.84,816060.94,41940.99,23303.47,9181253.549999999
Mocóca,MOCOCA,4534,2025,Agosto,8,5419720.6,663107.78,37050.0,0.0,6774650.749999999
Mocóca,MOCOCA,4534,2025,Setembro,9,6544235.54,726893.85,45107.07,22595.09,8180294.425
Mocóca,MOCOCA,4534,2025,Outubro,10,5392806.95,541550.75,44939.92,282.65,6741008.6875
Mocóca,MOCOCA,4534,2025,Novembro,11,4968477.59,461099.31,41359.27,11511.22,6210596.9875
Mocóca,MOCOCA,4534,2025,Dezembro,12,7789013.05,763763.96,47508.74,21452.39,9736266.3125
Mogi das Cruzes,MOGI DAS CRUZES,4546,2025,Janeiro,1,26387562.56,51655454.02,167176.52,60182.02,32984453.199999996
Mogi das Cruzes,MOGI DAS CRUZES,4546,2025,Fevereiro,2,28192850.46,22275221.51,194100.2,64673.13,35241063.074999996
Mogi das Cruzes,MOGI DAS CRUZES,4546,2025,Março,3,28805608.0,17179438.29,223904.06,1473.41,36007010.0
Mogi das Cruzes,MOGI DAS CRUZES,4546,2025,Abril,4,31024443.34,15509779.58,238503.22,84817.72,38780554.175
Mogi das Cruzes,MOGI DAS CRUZES,4546,2025,Maio,5,28719684.74,13509666.84,189245.66,140387.18,35899605.925
Mogi das Cruzes,MOGI DAS CRUZES,4546,2025,Junho,6,21769564.88,4154955.37,243627.21,1754.71,27211956.099999998
Mogi das Cruzes,MOGI DAS CRUZES,4546,2025,Julho,7,39416520.56,5227161.74,225073.81,125056.7,49270650.7
Mogi das Cruzes,MOGI DAS CRUZES,4546,2025,Agosto,8,29084608.04,5268174.29,198826.64,0.0,36355760.05
Mogi das Cruzes,MOGI DAS CRUZES,4546,2025,Setembro,9,35119250.5,5447607.02,242064.42,121255.22,43899063.125
Mogi das Cruzes,MOGI DAS CRUZES,4546,2025,Outubro,10,28940177.5,4977218.99,241167.43,1516.84,36175221.875
Mogi das Cruzes,MOGI DAS CRUZES,4546,2025,Novembro,11,26663039.25,3873748.22,221952.03,61774.29,33328799.0625
Mogi das Cruzes,MOGI DAS CRUZES,4546,2025,Dezembro,12,41799274.93,5573287.69,254952.83,115122.95,52249093.662499994
Mogi-Guaçu,MOGI GUACU,4558,2025,Janeiro,1,11759243.64,17529104.89,74285.88,26742.24,14699054.55
Mogi-Guaçu,MOGI GUACU,4558,2025,Fevereiro,2,12527660.82,7246286.33,86249.58,28737.89,15659576.025
Mogi-Guaçu,MOGI GUACU,4558,2025,Março,3,12799943.28,6140226.05,99493.1,654.72,15999929.099999998
Mogi-Guaçu,MOGI GUACU,4558,2025,Abril,4,13785895.96,5358420.28,105980.32,37689.26,17232369.95
Mogi-Guaçu,MOGI GUACU,4558,2025,Maio,5,12761762.77,5139296.07,84092.43,62381.88,15952203.462499999
Mogi-Guaçu,MOGI GUACU,4558,2025,Junho,6,9673435.66,1373671.71,108257.2,779.72,12091794.575
Mogi-Guaçu,MOGI GUACU,4558,2025,Julho,7,17514965.4,2182431.61,100012.89,55569.69,21893706.749999996
Mogi-Guaçu,MOGI GUACU,4558,2025,Agosto,8,12923918.61,2043799.62,88349.8,0.0,16154898.2625
Mogi-Guaçu,MOGI GUACU,4558,2025,Setembro,9,15605447.89,2135872.22,107562.77,53880.48,19506809.8625
Mogi-Guaçu,MOGI GUACU,4558,2025,Outubro,10,12859740.04,1784368.35,107164.18,674.02,16074675.049999999
Mogi-Guaçu,MOGI GUACU,4558,2025,Novembro,11,11847880.11,1497480.55,98625.71,27449.77,14809850.1375
Mogi-Guaçu,MOGI GUACU,4558,2025,Dezembro,12,18573756.48,2427080.08,113289.81,51155.57,23217195.599999998
Mogi-Mirim,MOGI MIRIM,4560,2025,Janeiro,1,9586443.27,15198841.35,60642.78,21830.85,11983054.087499999
Mogi-Mirim,MOGI MIRIM,4560,2025,Fevereiro,2,10226871.92,5908601.59,70409.26,23459.98,12783589.899999999
Mogi-Mirim,MOGI MIRIM,4560,2025,Março,3,10449147.88,4147344.37,81220.53,534.47,13061434.85
Mogi-Mirim,MOGI MIRIM,4560,2025,Abril,4,11254023.74,3649827.29,86516.33,30767.37,14067529.674999999
Mogi-Mirim,MOGI MIRIM,4560,2025,Maio,5,10417979.47,3272575.12,68648.3,50925.03,13022474.3375
Mogi-Mirim,MOGI MIRIM,4560,2025,Junho,6,7896844.35,918087.86,88375.04,636.52,9871055.437499998
Mogi-Mirim,MOGI MIRIM,4560,2025,Julho,7,14298224.57,1166971.01,81644.85,45363.94,17872780.7125
Mogi-Mirim,MOGI MIRIM,4560,2025,Agosto,8,10550354.3,1237598.66,72123.77,0.0,13187942.875
Mogi-Mirim,MOGI MIRIM,4560,2025,Setembro,9,12739402.75,1151085.01,87808.14,43984.97,15924253.4375
Mogi-Mirim,MOGI MIRIM,4560,2025,Outubro,10,10497962.56,1026355.65,87482.76,550.23,13122453.2
Mogi-Mirim,MOGI MIRIM,4560,2025,Novembro,11,9671937.49,842423.15,80512.43,22408.44,12089921.862499999
Mogi-Mirim,MOGI MIRIM,4560,2025,Dezembro,12,15162561.57,1428919.75,92483.38,41760.51,18953201.9625
Mombuca,MOMBUCA,4571,2025,Janeiro,1,376086.08,279706.95,2380.89,857.1,470107.6
Mombuca,MOMBUCA,4571,2025,Fevereiro,2,401516.43,96391.49,2764.33,921.06,501895.5375
Mombuca,MOMBUCA,4571,2025,Março,3,410243.18,86976.1,3188.79,20.98,512803.975
Mombuca,MOMBUCA,4571,2025,Abril,4,441843.35,77810.07,3396.71,1207.96,552304.1874999999
Mombuca,MOMBUCA,4571,2025,Maio,5,409019.48,64723.65,2695.2,1999.36,511274.35
Mombuca,MOMBUCA,4571,2025,Junho,6,310037.39,25318.2,3469.69,24.99,387546.7375
Mombuca,MOMBUCA,4571,2025,Julho,7,561361.49,37476.26,3205.45,1781.03,701701.8624999999
Mombuca,MOMBUCA,4571,2025,Agosto,8,414216.64,38422.07,2831.65,0.0,517770.8
Mombuca,MOMBUCA,4571,2025,Setembro,9,500160.7,32548.79,3447.43,1726.89,625200.875
Mombuca,MOMBUCA,4571,2025,Outubro,10,412159.69,21086.98,3434.65,21.6,515199.6125
Mombuca,MOMBUCA,4571,2025,Novembro,11,379729.19,22167.35,3160.99,879.78,474661.4875
Mombuca,MOMBUCA,4571,2025,Dezembro,12,595296.15,45486.1,3630.98,1639.56,744120.1875
Mongaguá,MONGAGUA,4595,2025,Janeiro,1,1912272.65,3057594.83,12145.71,4372.34,2390340.8124999995
Mongaguá,MONGAGUA,4595,2025,Fevereiro,2,2048267.19,1434868.95,14101.77,4698.63,2560333.9875
Mongaguá,MONGAGUA,4595,2025,Março,3,2092785.25,1198087.49,16267.08,107.05,2615981.5625
Mongaguá,MONGAGUA,4595,2025,Abril,4,2253988.1,1047270.82,17327.74,6162.18,2817485.125
Mongaguá,MONGAGUA,4595,2025,Maio,5,2086542.76,942358.23,13749.08,10199.41,2608178.4499999997
Mongaguá,MONGAGUA,4595,2025,Junho,6,1581602.6,354381.3,17700.01,127.48,1977003.25
Mongaguá,MONGAGUA,4595,2025,Julho,7,2863689.36,416423.57,16352.06,9085.62,3579611.6999999997
Mongaguá,MONGAGUA,4595,2025,Agosto,8,2113055.17,445343.9,14445.16,0.0,2641318.9625
Mongaguá,MONGAGUA,4595,2025,Setembro,9,2551484.06,502216.12,17586.47,8809.44,3189355.0749999997
Mongaguá,MONGAGUA,4595,2025,Outubro,10,2102562.0,487493.3,17521.3,110.2,2628202.5
Mongaguá,MONGAGUA,4595,2025,Novembro,11,1937123.33,322105.02,16125.26,4488.03,2421404.1625
Mongaguá,MONGAGUA,4595,2025,Dezembro,12,3036801.24,530241.33,18522.84,8363.91,3796001.5500000003
Monte Alegre do Sul,MONTE ALEGRE DO SUL,4601,2025,Janeiro,1,583915.05,1278350.06,3708.34,1334.97,729893.8125
Monte Alegre do Sul,MONTE ALEGRE DO SUL,4601,2025,Fevereiro,2,625378.62,392514.62,4305.56,1434.59,781723.2749999999
Monte Alegre do Sul,MONTE ALEGRE DO SUL,4601,2025,Março,3,638970.91,287433.34,4966.68,32.68,798713.6375
Monte Alegre do Sul,MONTE ALEGRE DO SUL,4601,2025,Abril,4,688189.49,270979.41,5290.52,1881.44,860236.8624999999
Monte Alegre do Sul,MONTE ALEGRE DO SUL,4601,2025,Maio,5,637064.94,235219.15,4197.88,3114.09,796331.1749999999
Monte Alegre do Sul,MONTE ALEGRE DO SUL,4601,2025,Junho,6,482896.2,65159.14,5404.18,38.92,603620.25
Monte Alegre do Sul,MONTE ALEGRE DO SUL,4601,2025,Julho,7,874343.98,82747.99,4992.63,2774.03,1092929.9749999999
Monte Alegre do Sul,MONTE ALEGRE DO SUL,4601,2025,Agosto,8,645159.73,75862.28,4410.41,0.0,806449.6625
Monte Alegre do Sul,MONTE ALEGRE DO SUL,4601,2025,Setembro,9,779021.2,99231.6,5369.51,2689.7,973776.4999999999
Monte Alegre do Sul,MONTE ALEGRE DO SUL,4601,2025,Outubro,10,641955.95,69785.31,5349.62,33.65,802444.9374999999
Monte Alegre do Sul,MONTE ALEGRE DO SUL,4601,2025,Novembro,11,591444.08,71595.53,4923.38,1370.29,739305.0999999999
Monte Alegre do Sul,MONTE ALEGRE DO SUL,4601,2025,Dezembro,12,927198.64,101115.96,5655.41,2553.68,1158998.3
Monte Alto,MONTE ALTO,4613,2025,Janeiro,1,3937498.8,6763854.53,24902.28,8964.59,4921873.499999999
Monte Alto,MONTE ALTO,4613,2025,Fevereiro,2,4199549.74,2267034.32,28912.77,9633.58,5249437.175
Monte Alto,MONTE ALTO,4613,2025,Março,3,4290824.86,1742388.55,33352.29,219.48,5363531.075
Monte Alto,MONTE ALTO,4613,2025,Abril,4,4621338.06,1507680.04,35526.95,12634.27,5776672.574999999
Monte Alto,MONTE ALTO,4613,2025,Maio,5,4278025.9,1343334.03,28189.65,20911.79,5347532.375
Monte Alto,MONTE ALTO,4613,2025,Junho,6,3242750.17,389345.92,36290.21,261.38,4053437.7125
Monte Alto,MONTE ALTO,4613,2025,Julho,7,5871404.84,504209.68,33526.54,18628.19,7339256.05
Monte Alto,MONTE ALTO,4613,2025,Agosto,8,4332384.14,559035.34,29616.81,0.0,5415480.174999999
Monte Alto,MONTE ALTO,4613,2025,Setembro,9,5231292.22,580874.13,36057.42,18061.93,6539115.274999999
Monte Alto,MONTE ALTO,4613,2025,Outubro,10,4310870.06,510086.88,35923.81,225.94,5388587.574999999
Monte Alto,MONTE ALTO,4613,2025,Novembro,11,3971672.17,403244.92,33061.52,9201.77,4964590.212499999
Monte Alto,MONTE ALTO,4613,2025,Dezembro,12,6226335.09,732465.8,37977.26,17148.48,7782918.8625
Monte Aprazível,MONTE APRAZIVEL,4625,2025,Janeiro,1,1769991.83,3037410.46,11233.38,4043.91,2212489.7875
Monte Aprazível,MONTE APRAZIVEL,4625,2025,Fevereiro,2,1894410.01,1039200.41,13042.5,4345.69,2368012.5124999997
Monte Aprazível,MONTE APRAZIVEL,4625,2025,Março,3,1935584.07,786867.42,15045.17,99.01,2419480.0875
Monte Aprazível,MONTE APRAZIVEL,4625,2025,Abril,4,2084678.04,688465.53,16026.15,5699.3,2605847.55
Monte Aprazível,MONTE APRAZIVEL,4625,2025,Maio,5,1929810.48,647635.34,12716.3,9433.27,2412263.0999999996
Monte Aprazível,MONTE APRAZIVEL,4625,2025,Junho,6,1462799.29,241517.91,16370.46,117.91,1828499.1125
Monte Aprazível,MONTE APRAZIVEL,4625,2025,Julho,7,2648581.11,235231.29,15123.77,8403.15,3310726.3874999997
Monte Aprazível,MONTE APRAZIVEL,4625,2025,Agosto,8,1954331.39,247498.81,13360.1,0.0,2442914.2375
Monte Aprazível,MONTE APRAZIVEL,4625,2025,Setembro,9,2359827.36,251409.16,16265.45,8147.71,2949784.1999999997
Monte Aprazível,MONTE APRAZIVEL,4625,2025,Outubro,10,1944626.43,254762.04,16205.17,101.92,2430783.0374999996
Monte Aprazível,MONTE APRAZIVEL,4625,2025,Novembro,11,1791614.81,169925.05,14914.0,4150.9,2239518.5124999997
Monte Aprazível,MONTE APRAZIVEL,4625,2025,Dezembro,12,2808689.57,256167.64,17131.48,7735.65,3510861.9624999994
Monte Azul Paulista,MONTE AZUL PAULISTA,4637,2025,Janeiro,1,1483777.45,2830817.66,9400.4,3384.06,1854721.8124999998
Monte Azul Paulista,MONTE AZUL PAULISTA,4637,2025,Fevereiro,2,1585294.98,977901.77,10914.33,3636.6,1981618.7249999999
Monte Azul Paulista,MONTE AZUL PAULISTA,4637,2025,Março,3,1619750.58,727051.29,12590.21,82.85,2024688.225
Monte Azul Paulista,MONTE AZUL PAULISTA,4637,2025,Abril,4,1744516.55,712014.2,13411.13,4769.33,2180645.6875
Monte Azul Paulista,MONTE AZUL PAULISTA,4637,2025,Maio,5,1614919.08,646423.48,10641.36,7894.03,2018648.85
Monte Azul Paulista,MONTE AZUL PAULISTA,4637,2025,Junho,6,1224111.13,163496.14,13699.25,98.67,1530138.9124999999
Monte Azul Paulista,MONTE AZUL PAULISTA,4637,2025,Julho,7,2216406.33,181266.06,12655.99,7031.99,2770507.9125
Monte Azul Paulista,MONTE AZUL PAULISTA,4637,2025,Agosto,8,1635438.86,208660.71,11180.1,0.0,2044298.575
Monte Azul Paulista,MONTE AZUL PAULISTA,4637,2025,Setembro,9,1974769.16,222692.13,13611.38,6818.23,2468461.4499999997
Monte Azul Paulista,MONTE AZUL PAULISTA,4637,2025,Outubro,10,1627317.47,237326.71,13560.94,85.29,2034146.8375
Monte Azul Paulista,MONTE AZUL PAULISTA,4637,2025,Novembro,11,1499273.1,161081.47,12480.45,3473.59,1874091.375
Monte Azul Paulista,MONTE AZUL PAULISTA,4637,2025,Dezembro,12,2350389.54,268936.97,14336.1,6473.41,2937986.925
Monte Castelo,MONTE CASTELO,4649,2025,Janeiro,1,585733.63,529358.9,3708.68,1335.09,732167.0375
Monte Castelo,MONTE CASTELO,4649,2025,Fevereiro,2,625436.67,177241.17,4305.96,1434.72,781795.8375
Monte Castelo,MONTE CASTELO,4649,2025,Março,3,639030.23,146621.36,4967.14,32.69,798787.7875
Monte Castelo,MONTE CASTELO,4649,2025,Abril,4,688253.38,105756.86,5291.01,1881.62,860316.725
Monte Castelo,MONTE CASTELO,4649,2025,Maio,5,637124.09,140952.89,4198.27,3114.38,796405.1124999999
Monte Castelo,MONTE CASTELO,4649,2025,Junho,6,482941.03,72702.54,5404.68,38.93,603676.2875
Monte Castelo,MONTE CASTELO,4649,2025,Julho,7,874425.15,78717.0,4993.09,2774.29,1093031.4375
Monte Castelo,MONTE CASTELO,4649,2025,Agosto,8,645219.63,90542.8,4410.82,0.0,806524.5375
Monte Castelo,MONTE CASTELO,4649,2025,Setembro,9,779093.52,64349.4,5370.01,2689.95,973866.9
Monte Castelo,MONTE CASTELO,4649,2025,Outubro,10,642015.55,38930.66,5350.11,33.65,802519.4375
Monte Castelo,MONTE CASTELO,4649,2025,Novembro,11,591498.99,31396.08,4923.84,1370.42,739373.7374999999
Monte Castelo,MONTE CASTELO,4649,2025,Dezembro,12,927284.72,65920.15,5655.93,2553.91,1159105.9
Monte Mór,MONTE MOR,4650,2025,Janeiro,1,5659663.68,5421494.76,35981.31,12952.94,7074579.6
Monte Mór,MONTE MOR,4650,2025,Fevereiro,2,6067931.04,2275374.05,41776.07,13919.56,7584913.8
Monte Mór,MONTE MOR,4650,2025,Março,3,6199814.49,1907296.51,48190.74,317.12,7749768.1125
Monte Mór,MONTE MOR,4650,2025,Abril,4,6677373.15,1596038.09,51332.91,18255.27,8346716.4375
Monte Mór,MONTE MOR,4650,2025,Maio,5,6181321.28,1497212.52,40731.23,30215.45,7726651.6
Monte Mór,MONTE MOR,4650,2025,Junho,6,4685450.97,431694.46,52435.74,377.67,5856813.712499999
Monte Mór,MONTE MOR,4650,2025,Julho,7,8483595.12,753900.15,48442.51,26915.88,10604493.899999999
Monte Mór,MONTE MOR,4650,2025,Agosto,8,6259863.51,782660.6,42793.34,0.0,7824829.387499999
Monte Mór,MONTE MOR,4650,2025,Setembro,9,7558696.15,750541.2,52099.39,26097.69,9448370.1875
Monte Mór,MONTE MOR,4650,2025,Outubro,10,6228777.81,720367.68,51906.33,326.47,7785972.262499999
Monte Mór,MONTE MOR,4650,2025,Novembro,11,5738670.65,584257.85,47770.61,13295.65,7173338.3125
Monte Mór,MONTE MOR,4650,2025,Dezembro,12,8996433.97,912685.04,54873.35,24777.85,11245542.4625
Monteiro Lobato,MONTEIRO LOBATO,4662,2025,Janeiro,1,449389.91,280965.67,2861.27,1030.03,561737.3875
Monteiro Lobato,MONTEIRO LOBATO,4662,2025,Fevereiro,2,482527.31,126187.09,3322.07,1106.9,603159.1375
Monteiro Lobato,MONTEIRO LOBATO,4662,2025,Março,3,493014.8,90358.26,3832.17,25.22,616268.5
Monteiro Lobato,MONTEIRO LOBATO,4662,2025,Abril,4,530990.69,75668.26,4082.04,1451.68,663738.3624999999
Monteiro Lobato,MONTEIRO LOBATO,4662,2025,Maio,5,491544.2,72994.2,3238.98,2402.76,614430.25
Monteiro Lobato,MONTEIRO LOBATO,4662,2025,Junho,6,372591.26,19967.58,4169.74,30.03,465739.075
Monteiro Lobato,MONTEIRO LOBATO,4662,2025,Julho,7,674623.08,20391.9,3852.19,2140.38,843278.8499999999
Monteiro Lobato,MONTEIRO LOBATO,4662,2025,Agosto,8,497789.95,33718.36,3402.97,0.0,622237.4375
Monteiro Lobato,MONTEIRO LOBATO,4662,2025,Setembro,9,601074.28,25614.52,4142.99,2075.31,751342.85
Monteiro Lobato,MONTEIRO LOBATO,4662,2025,Outubro,10,495317.99,20334.58,4127.64,25.96,619147.4874999999
Monteiro Lobato,MONTEIRO LOBATO,4662,2025,Novembro,11,456344.23,27642.19,3798.76,1057.28,570430.2875
Monteiro Lobato,MONTEIRO LOBATO,4662,2025,Dezembro,12,715404.48,27506.88,4363.58,1970.36,894255.6
Monções,MONCOES,4583,2025,Janeiro,1,406777.73,249415.9,2589.95,932.36,508472.1625
Monções,MONCOES,4583,2025,Fevereiro,2,436772.94,75297.73,3007.06,1001.94,545966.1749999999
Monções,MONCOES,4583,2025,Março,3,446265.98,63160.1,3468.8,22.83,557832.475
Monções,MONCOES,4583,2025,Abril,4,480640.91,61833.82,3694.97,1314.02,600801.1375
Monções,MONCOES,4583,2025,Maio,5,444934.83,60918.82,2931.86,2174.92,556168.5375
Monções,MONCOES,4583,2025,Junho,6,337261.28,21165.2,3774.35,27.18,421576.60000000003
Monções,MONCOES,4583,2025,Julho,7,610653.74,24678.17,3486.92,1937.42,763317.1749999999
Monções,MONCOES,4583,2025,Agosto,8,450588.34,27386.75,3080.29,0.0,563235.425
Monções,MONCOES,4583,2025,Setembro,9,544079.02,15610.97,3750.14,1878.53,680098.775
Monções,MONCOES,4583,2025,Outubro,10,448350.78,14564.32,3736.25,23.5,560438.475
Monções,MONCOES,4583,2025,Novembro,11,413072.6,17170.76,3438.55,957.03,516340.74999999994
Monções,MONCOES,4583,2025,Dezembro,12,647568.16,19349.85,3949.81,1783.52,809460.2
Morro Agudo,MORRO AGUDO,4674,2025,Janeiro,1,4110296.15,3381365.98,25958.97,9344.99,5137870.1875
Morro Agudo,MORRO AGUDO,4674,2025,Fevereiro,2,4377751.91,1145504.22,30139.65,10042.37,5472189.8875
Morro Agudo,MORRO AGUDO,4674,2025,Março,3,4472900.16,1050779.9,34767.55,228.79,5591125.2
Morro Agudo,MORRO AGUDO,4674,2025,Abril,4,4817438.25,926761.22,37034.49,13170.39,6021797.8125
Morro Agudo,MORRO AGUDO,4674,2025,Maio,5,4459558.1,893700.19,29385.84,21799.15,5574447.624999999
Morro Agudo,MORRO AGUDO,4674,2025,Junho,6,3380351.85,220234.11,37830.14,272.47,4225439.8125
Morro Agudo,MORRO AGUDO,4674,2025,Julho,7,6120549.9,393762.91,34949.19,19418.65,7650687.375
Morro Agudo,MORRO AGUDO,4674,2025,Agosto,8,4516222.95,475035.92,30873.56,0.0,5645278.6875
Morro Agudo,MORRO AGUDO,4674,2025,Setembro,9,5453274.98,492758.38,37587.47,18828.37,6816593.725000001
Morro Agudo,MORRO AGUDO,4674,2025,Outubro,10,4493795.95,351934.44,37448.19,235.53,5617244.9375
Morro Agudo,MORRO AGUDO,4674,2025,Novembro,11,4140204.66,239446.52,34464.45,9592.24,5175255.825
Morro Agudo,MORRO AGUDO,4674,2025,Dezembro,12,6490541.13,374993.76,39588.77,17876.15,8113176.4125
Morungaba,MORUNGABA,4686,2025,Janeiro,1,1259297.31,1401897.43,7968.23,2868.49,1574121.6375
Morungaba,MORUNGABA,4686,2025,Fevereiro,2,1343771.88,595577.17,9251.51,3082.55,1679714.8499999999
Morungaba,MORUNGABA,4686,2025,Março,3,1372978.09,459192.91,10672.07,70.23,1716222.6125
Morungaba,MORUNGABA,4686,2025,Abril,4,1478735.7,454887.13,11367.91,4042.72,1848419.6249999998
Morungaba,MORUNGABA,4686,2025,Maio,5,1368882.68,393081.98,9020.12,6691.35,1711103.3499999999
Morungaba,MORUNGABA,4686,2025,Junho,6,1037615.16,101929.98,11612.14,83.64,1297018.95
Morungaba,MORUNGABA,4686,2025,Julho,7,1878732.05,176664.67,10727.82,5960.65,2348415.0625
Morungaba,MORUNGABA,4686,2025,Agosto,8,1386276.22,168529.98,9476.79,0.0,1732845.275
Morungaba,MORUNGABA,4686,2025,Setembro,9,1673908.82,168779.29,11537.65,5779.46,2092386.025
Morungaba,MORUNGABA,4686,2025,Outubro,10,1379392.15,144206.17,11494.9,72.3,1724240.1874999998
Morungaba,MORUNGABA,4686,2025,Novembro,11,1270855.61,122629.38,10579.03,2944.38,1588569.5125
Morungaba,MORUNGABA,4686,2025,Dezembro,12,1992302.63,190009.12,12151.96,5487.17,2490378.2874999996
Motuca,MOTUCA,7298,2025,Janeiro,1,583465.53,273020.6,3683.59,1326.06,729331.9125
Motuca,MOTUCA,7298,2025,Fevereiro,2,621205.6,118134.58,4276.83,1425.02,776506.9999999999
Motuca,MOTUCA,7298,2025,Março,3,634707.2,84242.73,4933.54,32.47,793383.9999999999
Motuca,MOTUCA,7298,2025,Abril,4,683597.36,76542.27,5255.22,1868.89,854496.7
Motuca,MOTUCA,7298,2025,Maio,5,632813.95,64468.61,4169.87,3093.31,791017.4374999999
Motuca,MOTUCA,7298,2025,Junho,6,479673.94,14863.49,5368.12,38.66,599592.4249999999
Motuca,MOTUCA,7298,2025,Julho,7,868509.67,23228.37,4959.31,2755.52,1085637.0875
Motuca,MOTUCA,7298,2025,Agosto,8,640854.73,24259.86,4380.98,0.0,801068.4125
Motuca,MOTUCA,7298,2025,Setembro,9,773822.97,41049.88,5333.68,2671.76,967278.7124999999
Motuca,MOTUCA,7298,2025,Outubro,10,637672.32,31673.73,5313.92,33.42,797090.3999999999
Motuca,MOTUCA,7298,2025,Novembro,11,587497.51,26583.67,4890.53,1361.14,734371.8875
Motuca,MOTUCA,7298,2025,Dezembro,12,921011.65,33912.78,5617.67,2536.64,1151264.5625
Murutinga do Sul,MURUTINGA DO SUL,4698,2025,Janeiro,1,482625.64,323705.55,3036.95,1093.28,603282.0499999999
Murutinga do Sul,MURUTINGA DO SUL,4698,2025,Fevereiro,2,512155.7,112023.35,3526.05,1174.86,640194.625
Murutinga do Sul,MURUTINGA DO SUL,4698,2025,Março,3,523287.15,99708.92,4067.48,26.77,654108.9375
Murutinga do Sul,MURUTINGA DO SUL,4698,2025,Abril,4,563594.86,92883.4,4332.69,1540.81,704493.575
Murutinga do Sul,MURUTINGA DO SUL,4698,2025,Maio,5,521726.25,78619.63,3437.87,2550.3,652157.8125
Murutinga do Sul,MURUTINGA DO SUL,4698,2025,Junho,6,395469.3,25766.62,4425.77,31.88,494336.62499999994
Murutinga do Sul,MURUTINGA DO SUL,4698,2025,Julho,7,716046.63,26991.21,4088.73,2271.8,895058.2875
Murutinga do Sul,MURUTINGA DO SUL,4698,2025,Agosto,8,528355.51,23763.1,3611.92,0.0,660444.3875
Murutinga do Sul,MURUTINGA DO SUL,4698,2025,Setembro,9,637981.76,50345.14,4397.38,2202.74,797477.2
Murutinga do Sul,MURUTINGA DO SUL,4698,2025,Outubro,10,525731.76,35853.3,4381.08,27.56,657164.7
Murutinga do Sul,MURUTINGA DO SUL,4698,2025,Novembro,11,484364.91,24239.17,4032.02,1122.2,605456.1375
Murutinga do Sul,MURUTINGA DO SUL,4698,2025,Dezembro,12,759332.12,53406.68,4631.51,2091.34,949165.1499999999
Nantes,NANTES,7894,2025,Janeiro,1,745252.85,199796.21,4721.46,1699.68,931566.0624999999
Nantes,NANTES,7894,2025,Fevereiro,2,796232.65,59553.91,5481.85,1826.52,995290.8125
Nantes,NANTES,7894,2025,Março,3,813538.37,48674.64,6323.58,41.61,1016922.9624999999
Nantes,NANTES,7894,2025,Abril,4,876203.52,44224.62,6735.89,2395.45,1095254.4
Nantes,NANTES,7894,2025,Maio,5,811111.7,37402.76,5344.74,3964.87,1013889.6249999999
Nantes,NANTES,7894,2025,Junho,6,614823.91,21878.74,6880.61,49.56,768529.8875
Nantes,NANTES,7894,2025,Julho,7,1113215.59,24976.05,6356.62,3531.9,1391519.4875
Nantes,NANTES,7894,2025,Agosto,8,821417.99,19204.7,5615.33,0.0,1026772.4874999999
Nantes,NANTES,7894,2025,Setembro,9,991850.54,22631.75,6836.47,3424.53,1239813.175
Nantes,NANTES,7894,2025,Outubro,10,817338.93,13474.7,6811.14,42.84,1021673.6625
Nantes,NANTES,7894,2025,Novembro,11,753027.17,11883.15,6268.45,1744.65,941283.9625
Nantes,NANTES,7894,2025,Dezembro,12,1180510.2,22041.42,7200.47,3251.34,1475637.7499999998
Narandiba,NARANDIBA,4704,2025,Janeiro,1,1613910.28,381448.17,10190.15,3668.36,2017387.8499999999
Narandiba,NARANDIBA,4704,2025,Fevereiro,2,1718479.41,163664.93,11831.27,3942.11,2148099.2624999997
Narandiba,NARANDIBA,4704,2025,Março,3,1755829.71,144387.18,13647.95,89.81,2194787.1374999997
Narandiba,NARANDIBA,4704,2025,Abril,4,1891077.57,110201.28,14537.83,5170.02,2363846.9625
Narandiba,NARANDIBA,4704,2025,Maio,5,1750592.3,98824.11,11535.36,8557.22,2188240.375
Narandiba,NARANDIBA,4704,2025,Junho,6,1326951.64,40048.76,14850.16,106.96,1658689.5499999998
Narandiba,NARANDIBA,4704,2025,Julho,7,2402611.94,40019.37,13719.25,7622.76,3003264.925
Narandiba,NARANDIBA,4704,2025,Agosto,8,1772836.0,49849.98,12119.37,0.0,2216045.0
Narandiba,NARANDIBA,4704,2025,Setembro,9,2140674.25,37370.22,14754.9,7391.04,2675842.8125
Narandiba,NARANDIBA,4704,2025,Outubro,10,1764032.32,42491.61,14700.23,92.46,2205040.4
Narandiba,NARANDIBA,4704,2025,Novembro,11,1625230.63,23725.52,13528.96,3765.42,2031538.2874999999
Narandiba,NARANDIBA,4704,2025,Dezembro,12,2547851.4,65410.07,15540.51,7017.26,3184814.2499999995
Natividade da Serra,NATIVIDADE DA SERRA,4716,2025,Janeiro,1,1162033.3,308841.88,7398.67,2663.45,1452541.625
Natividade da Serra,NATIVIDADE DA SERRA,4716,2025,Fevereiro,2,1247720.0,126431.31,8590.22,2862.21,1559650.0
Natividade da Serra,NATIVIDADE DA SERRA,4716,2025,Março,3,1274838.57,92009.25,9909.23,65.21,1593548.2125
Natividade da Serra,NATIVIDADE DA SERRA,4716,2025,Abril,4,1373036.71,84424.34,10555.34,3753.74,1716295.8875
Natividade da Serra,NATIVIDADE DA SERRA,4716,2025,Maio,5,1271035.9,66668.31,8375.37,6213.06,1588794.8749999998
Natividade da Serra,NATIVIDADE DA SERRA,4716,2025,Junho,6,963447.15,31603.62,10782.11,77.66,1204308.9375
Natividade da Serra,NATIVIDADE DA SERRA,4716,2025,Julho,7,1744441.6,30786.53,9961.0,5534.59,2180552.0
Natividade da Serra,NATIVIDADE DA SERRA,4716,2025,Agosto,8,1287186.17,26785.27,8799.39,0.0,1608982.7125
Natividade da Serra,NATIVIDADE DA SERRA,4716,2025,Setembro,9,1554258.99,24953.18,10712.95,5366.35,1942823.7374999998
Natividade da Serra,NATIVIDADE DA SERRA,4716,2025,Outubro,10,1280794.16,28894.88,10673.25,67.13,1600992.6999999997
Natividade da Serra,NATIVIDADE DA SERRA,4716,2025,Novembro,11,1180015.74,16722.91,9822.84,2733.92,1475019.6749999998
Natividade da Serra,NATIVIDADE DA SERRA,4716,2025,Dezembro,12,1849894.23,27666.38,11283.35,5094.95,2312367.7874999996
Nazaré Paulista,NAZARE PAULISTA,4728,2025,Janeiro,1,1366376.49,1478810.26,8686.74,3127.15,1707970.6124999998
Nazaré Paulista,NAZARE PAULISTA,4728,2025,Fevereiro,2,1464941.66,652214.67,10085.73,3360.51,1831177.0749999997
Nazaré Paulista,NAZARE PAULISTA,4728,2025,Março,3,1496781.43,473633.4,11634.38,76.56,1870976.7874999999
Nazaré Paulista,NAZARE PAULISTA,4728,2025,Abril,4,1612075.36,415953.57,12392.98,4407.25,2015094.2
Nazaré Paulista,NAZARE PAULISTA,4728,2025,Maio,5,1492316.74,363980.12,9833.48,7294.72,1865395.9249999998
Nazaré Paulista,NAZARE PAULISTA,4728,2025,Junho,6,1131178.36,95982.98,12659.23,91.18,1413972.95
Nazaré Paulista,NAZARE PAULISTA,4728,2025,Julho,7,2048139.94,172375.71,11695.16,6498.13,2560174.925
Nazaré Paulista,NAZARE PAULISTA,4728,2025,Agosto,8,1511278.68,179465.5,10331.32,0.0,1889098.3499999999
Nazaré Paulista,NAZARE PAULISTA,4728,2025,Setembro,9,1824847.51,170193.94,12578.02,6300.6,2281059.3874999997
Nazaré Paulista,NAZARE PAULISTA,4728,2025,Outubro,10,1503773.86,146466.12,12531.41,78.82,1879717.325
Nazaré Paulista,NAZARE PAULISTA,4728,2025,Novembro,11,1385450.44,129299.62,11532.95,3209.88,1731813.0499999998
Nazaré Paulista,NAZARE PAULISTA,4728,2025,Dezembro,12,2171951.33,172987.68,13247.72,5981.96,2714939.1625
Neves Paulista,NEVES PAULISTA,4730,2025,Janeiro,1,830955.26,1148587.95,5256.29,1892.22,1038694.075
Neves Paulista,NEVES PAULISTA,4730,2025,Fevereiro,2,886427.79,370791.78,6102.82,2033.43,1108034.7375
Neves Paulista,NEVES PAULISTA,4730,2025,Março,3,905693.86,303976.28,7039.9,46.33,1132117.325
Neves Paulista,NEVES PAULISTA,4730,2025,Abril,4,975457.55,275279.72,7498.92,2666.8,1219321.9375
Neves Paulista,NEVES PAULISTA,4730,2025,Maio,5,902992.3,280157.6,5950.18,4413.99,1128740.375
Neves Paulista,NEVES PAULISTA,4730,2025,Junho,6,684469.54,65996.27,7660.02,55.17,855586.925
Neves Paulista,NEVES PAULISTA,4730,2025,Julho,7,1239317.73,71672.68,7076.68,3931.98,1549147.1624999999
Neves Paulista,NEVES PAULISTA,4730,2025,Agosto,8,914466.06,70170.37,6251.42,0.0,1143082.575
Neves Paulista,NEVES PAULISTA,4730,2025,Setembro,9,1104204.76,102311.79,7610.89,3812.46,1380255.95
Neves Paulista,NEVES PAULISTA,4730,2025,Outubro,10,909924.94,81515.21,7582.69,47.69,1137406.1749999998
Neves Paulista,NEVES PAULISTA,4730,2025,Novembro,11,838328.11,62968.54,6978.52,1942.28,1047910.1375
Neves Paulista,NEVES PAULISTA,4730,2025,Dezembro,12,1314235.29,117555.81,8016.12,3619.65,1642794.1125
Nhandeara,NHANDEARA,4741,2025,Janeiro,1,1002288.4,1182827.97,6335.67,2280.78,1252860.5
Nhandeara,NHANDEARA,4741,2025,Fevereiro,2,1068454.62,505714.32,7356.02,2450.99,1335568.2750000001
Nhandeara,NHANDEARA,4741,2025,Março,3,1091676.95,422278.35,8485.53,55.84,1364596.1874999998
Nhandeara,NHANDEARA,4741,2025,Abril,4,1175766.53,353261.26,9038.81,3214.43,1469708.1624999999
Nhandeara,NHANDEARA,4741,2025,Maio,5,1088420.62,338613.74,7172.05,5320.4,1360525.7750000001
Nhandeara,NHANDEARA,4741,2025,Junho,6,825024.49,81879.15,9233.0,66.5,1031280.6124999999
Nhandeara,NHANDEARA,4741,2025,Julho,7,1493810.06,114363.14,8529.86,4739.41,1867262.575
Nhandeara,NHANDEARA,4741,2025,Agosto,8,1102250.51,112009.23,7535.15,0.0,1377813.1375
Nhandeara,NHANDEARA,4741,2025,Setembro,9,1330951.81,130597.66,9173.77,4595.34,1663689.7625
Nhandeara,NHANDEARA,4741,2025,Outubro,10,1096776.87,108105.88,9139.78,57.49,1370971.0875000001
Nhandeara,NHANDEARA,4741,2025,Novembro,11,1010477.73,52549.52,8411.55,2341.13,1263097.1624999999
Nhandeara,NHANDEARA,4741,2025,Dezembro,12,1584111.85,110609.52,9662.22,4362.94,1980139.8125
Nipoã,NIPOA,4753,2025,Janeiro,1,440915.32,358487.0,2796.91,1006.86,551144.15
Nipoã,NIPOA,4753,2025,Fevereiro,2,471673.85,134388.63,3247.35,1082.0,589592.3124999999
Nipoã,NIPOA,4753,2025,Março,3,481925.44,116726.68,3745.97,24.65,602406.7999999999
Nipoã,NIPOA,4753,2025,Abril,4,519047.14,81088.57,3990.22,1419.02,648808.9249999999
Nipoã,NIPOA,4753,2025,Maio,5,480487.92,101437.32,3166.13,2348.71,600609.8999999999
Nipoã,NIPOA,4753,2025,Junho,6,364210.58,27889.18,4075.95,29.36,455263.225
Nipoã,NIPOA,4753,2025,Julho,7,659448.82,39671.03,3765.54,2092.23,824311.0249999999
Nipoã,NIPOA,4753,2025,Agosto,8,486593.19,46846.4,3326.42,0.0,608241.4874999999
Nipoã,NIPOA,4753,2025,Setembro,9,587554.35,35944.55,4049.8,2028.63,734442.9374999999
Nipoã,NIPOA,4753,2025,Outubro,10,484176.82,48483.58,4034.79,25.38,605221.025
Nipoã,NIPOA,4753,2025,Novembro,11,446079.7,14071.48,3713.32,1033.5,557599.625
Nipoã,NIPOA,4753,2025,Dezembro,12,699312.93,37940.39,4265.43,1926.04,874141.1625
Nova Aliança,NOVA ALIANCA,4765,2025,Janeiro,1,725584.65,651898.74,4587.15,1651.33,906980.8125
Nova Aliança,NOVA ALIANCA,4765,2025,Fevereiro,2,773582.26,269219.58,5325.91,1774.56,966977.825
Nova Aliança,NOVA ALIANCA,4765,2025,Março,3,790395.69,205624.73,6143.69,40.43,987994.6124999999
Nova Aliança,NOVA ALIANCA,4765,2025,Abril,4,851278.21,175795.71,6544.28,2327.31,1064097.7625
Nova Aliança,NOVA ALIANCA,4765,2025,Maio,5,788038.05,169890.03,5192.7,3852.08,985047.5625
Nova Aliança,NOVA ALIANCA,4765,2025,Junho,6,597334.04,62454.66,6684.88,48.15,746667.55
Nova Aliança,NOVA ALIANCA,4765,2025,Julho,7,1081548.01,80391.95,6175.79,3431.42,1351935.0125
Nova Aliança,NOVA ALIANCA,4765,2025,Agosto,8,798051.16,43316.12,5455.59,0.0,997563.95
Nova Aliança,NOVA ALIANCA,4765,2025,Setembro,9,963635.42,79636.99,6641.99,3327.12,1204544.275
Nova Aliança,NOVA ALIANCA,4765,2025,Outubro,10,794088.14,52712.39,6617.38,41.62,992610.1749999999
Nova Aliança,NOVA ALIANCA,4765,2025,Novembro,11,731605.85,45161.8,6090.13,1695.02,914507.3124999999
Nova Aliança,NOVA ALIANCA,4765,2025,Dezembro,12,1146928.29,75146.88,6995.64,3158.85,1433660.3625
Nova Campina,NOVA CAMPINA,7717,2025,Janeiro,1,1421429.07,342315.44,8991.21,3236.75,1776786.3375
Nova Campina,NOVA CAMPINA,7717,2025,Fevereiro,2,1516287.86,157039.88,10439.23,3478.3,1895359.825
Nova Campina,NOVA CAMPINA,7717,2025,Março,3,1549243.62,139629.83,12042.17,79.24,1936554.5250000001
Nova Campina,NOVA CAMPINA,7717,2025,Abril,4,1668578.6,109198.65,12827.35,4561.73,2085723.25
Nova Campina,NOVA CAMPINA,7717,2025,Maio,5,1544622.44,99251.36,10178.14,7550.4,1930778.0499999998
Nova Campina,NOVA CAMPINA,7717,2025,Junho,6,1170826.17,39458.23,13102.93,94.37,1463532.7125
Nova Campina,NOVA CAMPINA,7717,2025,Julho,7,2119927.24,71124.79,12105.08,6725.89,2649909.0500000003
Nova Campina,NOVA CAMPINA,7717,2025,Agosto,8,1564249.0,70872.93,10693.44,0.0,1955311.25
Nova Campina,NOVA CAMPINA,7717,2025,Setembro,9,1888808.42,88805.19,13018.88,6521.43,2361010.525
Nova Campina,NOVA CAMPINA,7717,2025,Outubro,10,1556481.13,100921.77,12970.64,81.58,1945601.4124999999
Nova Campina,NOVA CAMPINA,7717,2025,Novembro,11,1434010.47,89100.89,11937.18,3322.39,1792513.0875
Nova Campina,NOVA CAMPINA,7717,2025,Dezembro,12,2248078.22,81114.95,13712.05,6191.62,2810097.775
Nova Canaã Paulista,NOVA CANAA PAULISTA,7523,2025,Janeiro,1,269305.26,146771.85,1704.77,613.7,336631.575
Nova Canaã Paulista,NOVA CANAA PAULISTA,7523,2025,Fevereiro,2,287495.2,49628.02,1979.33,659.5,359369.0
Nova Canaã Paulista,NOVA CANAA PAULISTA,7523,2025,Março,3,293743.76,37989.2,2283.25,15.03,367179.7
Nova Canaã Paulista,NOVA CANAA PAULISTA,7523,2025,Abril,4,316370.22,42269.43,2432.12,864.92,395462.77499999997
Nova Canaã Paulista,NOVA CANAA PAULISTA,7523,2025,Maio,5,292867.56,31275.66,1929.82,1431.59,366084.44999999995
Nova Canaã Paulista,NOVA CANAA PAULISTA,7523,2025,Junho,6,221994.06,8018.7,2484.38,17.89,277492.57499999995
Nova Canaã Paulista,NOVA CANAA PAULISTA,7523,2025,Julho,7,401948.01,11427.95,2295.18,1275.26,502435.0125
Nova Canaã Paulista,NOVA CANAA PAULISTA,7523,2025,Agosto,8,296588.85,15164.67,2027.52,0.0,370736.06249999994
Nova Canaã Paulista,NOVA CANAA PAULISTA,7523,2025,Setembro,9,358126.82,10067.12,2468.44,1236.49,447658.52499999997
Nova Canaã Paulista,NOVA CANAA PAULISTA,7523,2025,Outubro,10,295116.03,9802.75,2459.29,15.47,368895.03750000003
Nova Canaã Paulista,NOVA CANAA PAULISTA,7523,2025,Novembro,11,271895.02,5529.99,2263.34,629.94,339868.775
Nova Canaã Paulista,NOVA CANAA PAULISTA,7523,2025,Dezembro,12,426246.03,8839.91,2599.87,1173.96,532807.5375
Nova Castilho,NOVA CASTILHO,7900,2025,Janeiro,1,395022.07,105890.69,2499.54,899.81,493777.58749999997
Nova Castilho,NOVA CASTILHO,7900,2025,Fevereiro,2,421525.12,47723.1,2902.09,966.96,526906.3999999999
Nova Castilho,NOVA CASTILHO,7900,2025,Março,3,430686.75,32875.45,3347.7,22.03,538358.4375
Nova Castilho,NOVA CASTILHO,7900,2025,Abril,4,463861.65,41906.71,3565.98,1268.15,579827.0625
Nova Castilho,NOVA CASTILHO,7900,2025,Maio,5,429402.07,28074.07,2829.5,2099.0,536752.5875
Nova Castilho,NOVA CASTILHO,7900,2025,Junho,6,325487.43,12689.16,3642.59,26.24,406859.2875
Nova Castilho,NOVA CASTILHO,7900,2025,Julho,7,589335.7,7359.49,3365.19,1869.78,736669.6249999999
Nova Castilho,NOVA CASTILHO,7900,2025,Agosto,8,434858.22,15117.07,2972.75,0.0,543572.7749999999
Nova Castilho,NOVA CASTILHO,7900,2025,Setembro,9,525085.11,5592.71,3619.22,1812.95,656356.3875
Nova Castilho,NOVA CASTILHO,7900,2025,Outubro,10,432698.77,8967.92,3605.81,22.68,540873.4625
Nova Castilho,NOVA CASTILHO,7900,2025,Novembro,11,398652.16,8586.87,3318.51,923.62,498315.19999999995
Nova Castilho,NOVA CASTILHO,7900,2025,Dezembro,12,624961.43,19036.96,3811.92,1721.26,781201.7875
Nova Europa,NOVA EUROPA,4777,2025,Janeiro,1,1117541.85,1304689.9,7036.81,2533.19,1396927.3125
Nova Europa,NOVA EUROPA,4777,2025,Fevereiro,2,1186696.04,302443.5,8170.08,2722.23,1483370.05
Nova Europa,NOVA EUROPA,4777,2025,Março,3,1212488.28,246802.75,9424.59,62.02,1515610.3499999999
Nova Europa,NOVA EUROPA,4777,2025,Abril,4,1305883.7,246333.24,10039.1,3570.16,1632354.6249999998
Nova Europa,NOVA EUROPA,4777,2025,Maio,5,1208871.59,184075.92,7965.75,5909.19,1511089.4875
Nova Europa,NOVA EUROPA,4777,2025,Junho,6,916326.51,62221.61,10254.78,73.86,1145408.1375
Nova Europa,NOVA EUROPA,4777,2025,Julho,7,1659123.78,101988.1,9473.83,5263.9,2073904.7249999999
Nova Europa,NOVA EUROPA,4777,2025,Agosto,8,1224231.98,61723.31,8369.03,0.0,1530289.9749999999
Nova Europa,NOVA EUROPA,4777,2025,Setembro,9,1478242.7,60828.9,10189.0,5103.89,1847803.3749999998
Nova Europa,NOVA EUROPA,4777,2025,Outubro,10,1218152.6,77912.29,10151.24,63.85,1522690.75
Nova Europa,NOVA EUROPA,4777,2025,Novembro,11,1122303.08,48788.74,9342.43,2600.21,1402878.85
Nova Europa,NOVA EUROPA,4777,2025,Dezembro,12,1759418.9,93536.92,10731.5,4845.77,2199273.6249999995
Nova Granada,NOVA GRANADA,4789,2025,Janeiro,1,1479694.34,1651725.48,9370.77,3373.39,1849617.925
Nova Granada,NOVA GRANADA,4789,2025,Fevereiro,2,1580298.25,732070.91,10879.93,3625.13,1975372.8125
Nova Granada,NOVA GRANADA,4789,2025,Março,3,1614645.25,696482.19,12550.53,82.59,2018306.5625
Nova Granada,NOVA GRANADA,4789,2025,Abril,4,1739017.97,500288.59,13368.86,4754.3,2173772.4625
Nova Granada,NOVA GRANADA,4789,2025,Maio,5,1609828.98,608871.76,10607.82,7869.14,2012286.2249999999
Nova Granada,NOVA GRANADA,4789,2025,Junho,6,1220252.82,118174.46,13656.07,98.36,1525316.025
Nova Granada,NOVA GRANADA,4789,2025,Julho,7,2209420.39,291786.56,12616.1,7009.82,2761775.4875
Nova Granada,NOVA GRANADA,4789,2025,Agosto,8,1630284.08,327485.07,11144.86,0.0,2037855.1
Nova Granada,NOVA GRANADA,4789,2025,Setembro,9,1968544.84,273187.17,13568.48,6796.74,2460681.05
Nova Granada,NOVA GRANADA,4789,2025,Outubro,10,1622188.29,158871.88,13518.2,85.02,2027735.3625
Nova Granada,NOVA GRANADA,4789,2025,Novembro,11,1494547.51,118372.25,12441.11,3462.64,1868184.3875
Nova Granada,NOVA GRANADA,4789,2025,Dezembro,12,2342981.29,186813.76,14290.91,6453.0,2928726.6125
Nova Guataporanga,NOVA GUATAPORANGA,4790,2025,Janeiro,1,207353.54,153566.98,1312.97,472.66,259191.925
Nova Guataporanga,NOVA GUATAPORANGA,4790,2025,Fevereiro,2,221420.07,46780.22,1524.42,507.93,276775.08749999997
Nova Guataporanga,NOVA GUATAPORANGA,4790,2025,Março,3,226232.52,40187.15,1758.49,11.57,282790.64999999997
Nova Guataporanga,NOVA GUATAPORANGA,4790,2025,Abril,4,243658.74,44731.5,1873.15,666.14,304573.425
Nova Guataporanga,NOVA GUATAPORANGA,4790,2025,Maio,5,225557.7,38949.35,1486.29,1102.57,281947.125
Nova Guataporanga,NOVA GUATAPORANGA,4790,2025,Junho,6,170973.08,6535.14,1913.39,13.78,213716.34999999998
Nova Guataporanga,NOVA GUATAPORANGA,4790,2025,Julho,7,309568.16,20271.92,1767.68,982.17,386960.19999999995
Nova Guataporanga,NOVA GUATAPORANGA,4790,2025,Agosto,8,228423.73,15616.42,1561.54,0.0,285529.6625
Nova Guataporanga,NOVA GUATAPORANGA,4790,2025,Setembro,9,275818.4,7302.91,1901.12,952.31,344773.0
Nova Guataporanga,NOVA GUATAPORANGA,4790,2025,Outubro,10,227289.4,14325.43,1894.07,11.91,284111.75
Nova Guataporanga,NOVA GUATAPORANGA,4790,2025,Novembro,11,209405.29,26295.68,1743.16,485.16,261756.6125
Nova Guataporanga,NOVA GUATAPORANGA,4790,2025,Dezembro,12,328281.75,19740.64,2002.34,904.15,410352.1875
Nova Independência,NOVA INDEPENDENCIA,4807,2025,Janeiro,1,1387892.95,323097.16,8789.09,3163.99,1734866.1874999998
Nova Independência,NOVA INDEPENDENCIA,4807,2025,Fevereiro,2,1482203.42,184007.38,10204.57,3400.11,1852754.275
Nova Independência,NOVA INDEPENDENCIA,4807,2025,Março,3,1514418.37,121614.64,11771.47,77.46,1893022.9625000001
Nova Independência,NOVA INDEPENDENCIA,4807,2025,Abril,4,1631070.83,101463.23,12539.0,4459.18,2038838.5375
Nova Independência,NOVA INDEPENDENCIA,4807,2025,Maio,5,1509901.06,109202.65,9949.35,7380.68,1887376.325
Nova Independência,NOVA INDEPENDENCIA,4807,2025,Junho,6,1144507.31,34437.17,12808.39,92.25,1430634.1375
Nova Independência,NOVA INDEPENDENCIA,4807,2025,Julho,7,2072273.66,54507.52,11832.97,6574.7,2590342.0749999997
Nova Independência,NOVA INDEPENDENCIA,4807,2025,Agosto,8,1529086.44,46101.98,10453.06,0.0,1911358.0499999998
Nova Independência,NOVA INDEPENDENCIA,4807,2025,Setembro,9,1846350.13,31610.58,12726.23,6374.84,2307937.6624999996
Nova Independência,NOVA INDEPENDENCIA,4807,2025,Outubro,10,1521493.19,39720.82,12679.07,79.75,1901866.4874999998
Nova Independência,NOVA INDEPENDENCIA,4807,2025,Novembro,11,1401775.53,50301.89,11668.85,3247.71,1752219.4124999999
Nova Independência,NOVA INDEPENDENCIA,4807,2025,Dezembro,12,2197543.96,57146.73,13403.82,6052.44,2746929.9499999997
Nova Luzitânia,NOVA LUZITANIA,4819,2025,Janeiro,1,352651.53,181209.67,2245.33,808.3,440814.41250000003
Nova Luzitânia,NOVA LUZITANIA,4819,2025,Fevereiro,2,378655.57,69253.05,2606.94,868.62,473319.46249999997
Nova Luzitânia,NOVA LUZITANIA,4819,2025,Março,3,386885.46,70143.16,3007.23,19.79,483606.825
Nova Luzitânia,NOVA LUZITANIA,4819,2025,Abril,4,416686.43,66066.65,3203.31,1139.18,520858.0375
Nova Luzitânia,NOVA LUZITANIA,4819,2025,Maio,5,385731.43,46070.44,2541.74,1885.53,482164.2875
Nova Luzitânia,NOVA LUZITANIA,4819,2025,Junho,6,292385.02,16548.72,3272.13,23.57,365481.275
Nova Luzitânia,NOVA LUZITANIA,4819,2025,Julho,7,529399.65,11599.11,3022.95,1679.63,661749.5625
Nova Luzitânia,NOVA LUZITANIA,4819,2025,Agosto,8,390632.69,23645.38,2670.42,0.0,488290.8625
Nova Luzitânia,NOVA LUZITANIA,4819,2025,Setembro,9,471683.41,13787.81,3251.15,1628.57,589604.2625
Nova Luzitânia,NOVA LUZITANIA,4819,2025,Outubro,10,388692.85,21386.7,3239.1,20.37,485866.06249999994
Nova Luzitânia,NOVA LUZITANIA,4819,2025,Novembro,11,358108.82,12496.13,2981.02,829.68,447636.02499999997
Nova Luzitânia,NOVA LUZITANIA,4819,2025,Dezembro,12,561402.2,20226.86,3424.25,1546.21,701752.7499999999
Nova Odessa,NOVA ODESSA,4820,2025,Janeiro,1,5988642.27,8004658.8,37879.01,13636.1,7485802.837499999
Nova Odessa,NOVA ODESSA,4820,2025,Fevereiro,2,6387961.22,3161456.54,43979.4,14653.7,7984951.524999999
Nova Odessa,NOVA ODESSA,4820,2025,Março,3,6526800.37,2483846.79,50732.38,333.85,8158500.462499999
Nova Odessa,NOVA ODESSA,4820,2025,Abril,4,7029546.06,2606912.26,54040.27,19218.07,8786932.575
Nova Odessa,NOVA ODESSA,4820,2025,Maio,5,6507331.8,2098733.62,42879.45,31809.05,8134164.749999999
Nova Odessa,NOVA ODESSA,4820,2025,Junho,6,4932567.44,561313.7,55201.27,397.58,6165709.3
Nova Odessa,NOVA ODESSA,4820,2025,Julho,7,8931030.41,795648.75,50997.43,28335.46,11163788.0125
Nova Odessa,NOVA ODESSA,4820,2025,Agosto,8,6590016.45,834332.75,45050.32,0.0,8237520.5625
Nova Odessa,NOVA ODESSA,4820,2025,Setembro,9,7957351.12,841229.05,54847.17,27474.12,9946688.9
Nova Odessa,NOVA ODESSA,4820,2025,Outubro,10,6557291.25,739443.77,54643.93,343.69,8196614.0625
Nova Odessa,NOVA ODESSA,4820,2025,Novembro,11,6041335.23,576073.25,50290.09,13996.87,7551669.037500001
Nova Odessa,NOVA ODESSA,4820,2025,Dezembro,12,9470917.02,976005.44,57767.44,26084.66,11838646.274999999
Novais,NOVAIS,7535,2025,Janeiro,1,393806.26,321205.3,2497.32,899.01,492257.825
Novais,NOVAIS,7535,2025,Fevereiro,2,421151.36,116414.75,2899.51,966.1,526439.2
Novais,NOVAIS,7535,2025,Março,3,430304.87,125536.59,3344.73,22.01,537881.0874999999
Novais,NOVAIS,7535,2025,Abril,4,463450.35,91584.09,3562.82,1267.03,579312.9374999999
Novais,NOVAIS,7535,2025,Maio,5,429021.33,87274.79,2827.0,2097.14,536276.6625
Novais,NOVAIS,7535,2025,Junho,6,325198.82,36591.93,3639.36,26.21,406498.52499999997
Novais,NOVAIS,7535,2025,Julho,7,588813.15,42790.47,3362.21,1868.13,736016.4375
Novais,NOVAIS,7535,2025,Agosto,8,434472.64,72614.19,2970.12,0.0,543090.7999999999
Novais,NOVAIS,7535,2025,Setembro,9,524619.53,51897.07,3616.01,1811.34,655774.4125
Novais,NOVAIS,7535,2025,Outubro,10,432315.1,43380.11,3602.62,22.66,540393.8749999999
Novais,NOVAIS,7535,2025,Novembro,11,398298.68,42381.45,3315.57,922.8,497873.35
Novais,NOVAIS,7535,2025,Dezembro,12,624407.29,55319.04,3808.54,1719.73,780509.1125
Novo Horizonte,NOVO HORIZONTE,4832,2025,Janeiro,1,3949876.47,5929722.42,24908.06,8966.67,4937345.5875
Novo Horizonte,NOVO HORIZONTE,4832,2025,Fevereiro,2,4200525.86,1702552.5,28919.49,9635.82,5250657.325
Novo Horizonte,NOVO HORIZONTE,4832,2025,Março,3,4291822.2,1378731.81,33360.05,219.53,5364777.75
Novo Horizonte,NOVO HORIZONTE,4832,2025,Abril,4,4622412.22,1289645.76,35535.21,12637.21,5778015.274999999
Novo Horizonte,NOVO HORIZONTE,4832,2025,Maio,5,4279020.27,1157207.13,28196.2,20916.65,5348775.337499999
Novo Horizonte,NOVO HORIZONTE,4832,2025,Junho,6,3243503.9,304172.63,36298.65,261.44,4054379.8749999995
Novo Horizonte,NOVO HORIZONTE,4832,2025,Julho,7,5872769.56,431664.37,33534.33,18632.52,7340961.949999999
Novo Horizonte,NOVO HORIZONTE,4832,2025,Agosto,8,4333391.13,446094.5,29623.7,0.0,5416738.9125
Novo Horizonte,NOVO HORIZONTE,4832,2025,Setembro,9,5232508.15,422499.03,36065.81,18066.13,6540635.1875
Novo Horizonte,NOVO HORIZONTE,4832,2025,Outubro,10,4311872.05,282872.66,35932.16,226.0,5389840.062499999
Novo Horizonte,NOVO HORIZONTE,4832,2025,Novembro,11,3972595.32,321239.27,33069.21,9203.91,4965744.149999999
Novo Horizonte,NOVO HORIZONTE,4832,2025,Dezembro,12,6227782.31,456305.93,37986.08,17152.47,7784727.887499999
Nuporanga,NUPORANGA,4844,2025,Janeiro,1,1528410.7,969382.08,9673.69,3482.44,1910513.3749999998
Nuporanga,NUPORANGA,4844,2025,Fevereiro,2,1631383.19,274814.86,11231.63,3742.32,2039228.9874999998
Nuporanga,NUPORANGA,4844,2025,Março,3,1666840.49,270115.8,12956.24,85.26,2083550.6124999998
Nuporanga,NUPORANGA,4844,2025,Abril,4,1795233.7,227596.52,13801.02,4907.99,2244042.125
Nuporanga,NUPORANGA,4844,2025,Maio,5,1661868.53,218618.37,10950.73,8123.52,2077335.6624999999
Nuporanga,NUPORANGA,4844,2025,Junho,6,1259698.88,51734.75,14097.52,101.54,1574623.5999999999
Nuporanga,NUPORANGA,4844,2025,Julho,7,2280842.41,181745.97,13023.93,7236.42,2851053.0125
Nuporanga,NUPORANGA,4844,2025,Agosto,8,1682984.87,117134.86,11505.13,0.0,2103731.0875
Nuporanga,NUPORANGA,4844,2025,Setembro,9,2032180.29,138830.88,14007.09,7016.45,2540225.3625
Nuporanga,NUPORANGA,4844,2025,Outubro,10,1674627.37,84835.97,13955.19,87.77,2093284.2125000001
Nuporanga,NUPORANGA,4844,2025,Novembro,11,1542860.45,45171.68,12843.29,3574.58,1928575.5624999998
Nuporanga,NUPORANGA,4844,2025,Dezembro,12,2418720.82,128370.8,14752.88,6661.61,3023401.0249999994
Ocauçu,OCAUCU,4856,2025,Janeiro,1,571393.61,425615.85,3614.31,1301.12,714242.0125
Ocauçu,OCAUCU,4856,2025,Fevereiro,2,609521.17,186715.49,4196.39,1398.21,761901.4625
Ocauçu,OCAUCU,4856,2025,Março,3,622768.8,128371.05,4840.74,31.85,778461.0
Ocauçu,OCAUCU,4856,2025,Abril,4,670739.37,140039.83,5156.37,1833.73,838424.2124999999
Ocauçu,OCAUCU,4856,2025,Maio,5,620911.17,97015.44,4091.44,3035.13,776138.9625
Ocauçu,OCAUCU,4856,2025,Junho,6,470651.61,20108.35,5267.15,37.94,588314.5125
Ocauçu,OCAUCU,4856,2025,Julho,7,852173.62,37416.93,4866.03,2703.69,1065217.025
Ocauçu,OCAUCU,4856,2025,Agosto,8,628800.7,36842.63,4298.57,0.0,786000.8749999999
Ocauçu,OCAUCU,4856,2025,Setembro,9,759267.9,51766.05,5233.36,2621.5,949084.875
Ocauçu,OCAUCU,4856,2025,Outubro,10,625678.16,31487.73,5213.97,32.79,782097.7
Ocauçu,OCAUCU,4856,2025,Novembro,11,576447.1,33502.52,4798.54,1335.54,720558.8749999999
Ocauçu,OCAUCU,4856,2025,Dezembro,12,903688.08,44561.31,5512.01,2488.92,1129610.0999999999
Olímpia,OLIMPIA,4870,2025,Janeiro,1,4716829.15,7184974.69,29810.53,10731.52,5896036.4375
Olímpia,OLIMPIA,4870,2025,Fevereiro,2,5027283.2,2793869.95,34611.49,11532.36,6284104.0
Olímpia,OLIMPIA,4870,2025,Março,3,5136548.69,2212807.25,39926.05,262.73,6420685.8625
Olímpia,OLIMPIA,4870,2025,Abril,4,5532206.22,1987350.55,42529.34,15124.5,6915257.774999999
Olímpia,OLIMPIA,4870,2025,Maio,5,5121227.06,1769885.35,33745.84,25033.51,6401533.824999999
Olímpia,OLIMPIA,4870,2025,Junho,6,3881897.93,574262.8,43443.03,312.9,4852372.4125
Olímpia,OLIMPIA,4870,2025,Julho,7,7028661.82,611787.68,40134.64,22299.82,8785827.275
Olímpia,OLIMPIA,4870,2025,Agosto,8,5186299.33,660469.21,35454.3,0.0,6482874.1625
Olímpia,OLIMPIA,4870,2025,Setembro,9,6262382.66,681202.09,43164.36,21621.95,7827978.325
Olímpia,OLIMPIA,4870,2025,Outubro,10,5160544.81,582482.25,43004.41,270.48,6450681.012499999
Olímpia,OLIMPIA,4870,2025,Novembro,11,4754490.84,487921.23,39577.97,11015.45,5943113.55
Olímpia,OLIMPIA,4870,2025,Dezembro,12,7453549.01,862300.22,45462.59,20528.46,9316936.2625
Onda Verde,ONDA VERDE,4881,2025,Janeiro,1,941693.89,593307.88,5960.25,2145.64,1177117.3625
Onda Verde,ONDA VERDE,4881,2025,Fevereiro,2,1005144.57,116882.23,6920.15,2305.76,1256430.7125
Onda Verde,ONDA VERDE,4881,2025,Março,3,1026990.89,126983.65,7982.73,52.53,1283738.6125
Onda Verde,ONDA VERDE,4881,2025,Abril,4,1106097.83,158497.33,8503.23,3023.96,1382622.2875
Onda Verde,ONDA VERDE,4881,2025,Maio,5,1023927.51,134553.22,6747.07,5005.15,1279909.3875
Onda Verde,ONDA VERDE,4881,2025,Junho,6,776138.62,26145.75,8685.91,62.56,970173.2749999999
Onda Verde,ONDA VERDE,4881,2025,Julho,7,1405296.06,59517.42,8024.44,4458.58,1756620.075
Onda Verde,ONDA VERDE,4881,2025,Agosto,8,1036937.93,48298.13,7088.66,0.0,1296172.4125
Onda Verde,ONDA VERDE,4881,2025,Setembro,9,1252087.8,47023.17,8630.19,4323.05,1565109.75
Onda Verde,ONDA VERDE,4881,2025,Outubro,10,1031788.62,33687.43,8598.21,54.08,1289735.775
Onda Verde,ONDA VERDE,4881,2025,Novembro,11,950603.03,32655.23,7913.14,2202.41,1188253.7874999999
Onda Verde,ONDA VERDE,4881,2025,Dezembro,12,1490247.12,41651.46,9089.7,4104.42,1862808.9000000001
Oriente,ORIENTE,4893,2025,Janeiro,1,472279.83,655286.49,2980.21,1072.85,590349.7875
Oriente,ORIENTE,4893,2025,Fevereiro,2,502586.8,232108.76,3460.18,1152.91,628233.5
Oriente,ORIENTE,4893,2025,Março,3,513510.27,166077.65,3991.48,26.27,641887.8375
Oriente,ORIENTE,4893,2025,Abril,4,553064.89,182552.05,4251.74,1512.02,691331.1124999999
Oriente,ORIENTE,4893,2025,Maio,5,511978.54,135496.29,3373.63,2502.65,639973.1749999999
Oriente,ORIENTE,4893,2025,Junho,6,388080.52,44855.35,4343.08,31.28,485100.65
Oriente,ORIENTE,4893,2025,Julho,7,702668.32,34192.74,4012.33,2229.35,878335.3999999999
Oriente,ORIENTE,4893,2025,Agosto,8,518483.94,38100.47,3544.43,0.0,648104.9249999999
Oriente,ORIENTE,4893,2025,Setembro,9,626061.98,55841.01,4315.22,2161.59,782577.475
Oriente,ORIENTE,4893,2025,Outubro,10,515909.21,48340.55,4299.23,27.04,644886.5125
Oriente,ORIENTE,4893,2025,Novembro,11,475315.24,58767.47,3956.68,1101.23,594144.0499999999
Oriente,ORIENTE,4893,2025,Dezembro,12,745145.08,92897.25,4544.98,2052.27,931431.3499999999
Orindiúva,ORINDIUVA,4900,2025,Janeiro,1,1048323.52,1409593.69,6638.31,2389.73,1310404.4
Orindiúva,ORINDIUVA,4900,2025,Fevereiro,2,1119492.38,281845.96,7707.4,2568.07,1399365.4749999999
Orindiúva,ORINDIUVA,4900,2025,Março,3,1143823.99,187568.91,8890.87,58.51,1429779.9874999998
Orindiúva,ORINDIUVA,4900,2025,Abril,4,1231930.35,204298.73,9470.58,3367.97,1539912.9375
Orindiúva,ORINDIUVA,4900,2025,Maio,5,1140412.12,206819.26,7514.64,5574.55,1425515.1500000001
Orindiúva,ORINDIUVA,4900,2025,Junho,6,864434.13,82228.57,9674.04,69.68,1080542.6624999999
Orindiúva,ORINDIUVA,4900,2025,Julho,7,1565166.13,76101.65,8937.32,4965.8,1956457.6624999999
Orindiúva,ORINDIUVA,4900,2025,Agosto,8,1154902.63,73744.05,7895.08,0.0,1443628.2874999999
Orindiúva,ORINDIUVA,4900,2025,Setembro,9,1394528.5,69174.67,9611.99,4814.85,1743160.625
Orindiúva,ORINDIUVA,4900,2025,Outubro,10,1149167.53,61640.89,9576.37,60.23,1436459.4124999999
Orindiúva,ORINDIUVA,4900,2025,Novembro,11,1058746.06,34262.95,8813.36,2452.96,1323432.575
Orindiúva,ORINDIUVA,4900,2025,Dezembro,12,1659781.44,69496.76,10123.76,4571.35,2074726.7999999998
Orlândia,ORLANDIA,4911,2025,Janeiro,1,3733471.82,6571674.52,23623.76,8504.34,4666839.774999999
Orlândia,ORLANDIA,4911,2025,Fevereiro,2,3983939.23,2046673.06,27428.35,9138.98,4979924.0375
Orlândia,ORLANDIA,4911,2025,Março,3,4070528.16,1675762.26,31639.94,208.21,5088160.2
Orlândia,ORLANDIA,4911,2025,Abril,4,4384072.37,2142759.26,33702.95,11985.61,5480090.462499999
Orlândia,ORLANDIA,4911,2025,Maio,5,4058386.32,1440177.16,26742.35,19838.15,5072982.899999999
Orlândia,ORLANDIA,4911,2025,Junho,6,3076263.03,431346.84,34427.03,247.96,3845328.7874999996
Orlândia,ORLANDIA,4911,2025,Julho,7,5569959.05,625884.86,31805.24,17671.8,6962448.812499999
Orlândia,ORLANDIA,4911,2025,Agosto,8,4109953.73,687252.36,28096.25,0.0,5137442.1625
Orlândia,ORLANDIA,4911,2025,Setembro,9,4962710.67,725188.56,34206.19,17134.61,6203388.337499999
Orlândia,ORLANDIA,4911,2025,Outubro,10,4089544.21,659197.88,34079.43,214.34,5111930.262499999
Orlândia,ORLANDIA,4911,2025,Novembro,11,3767761.2,542547.98,31364.1,8729.34,4709701.5
Orlândia,ORLANDIA,4911,2025,Dezembro,12,5906666.7,604174.3,36027.45,16268.06,7383333.375
Osasco,OSASCO,4923,2025,Janeiro,1,37002517.42,68787057.4,233784.68,84160.35,46253146.775
Osasco,OSASCO,4923,2025,Fevereiro,2,39425730.58,31271124.55,271435.56,90440.85,49282163.224999994
Osasco,OSASCO,4923,2025,Março,3,40282629.17,24709574.03,313114.17,2060.46,50353286.4625
Osasco,OSASCO,4923,2025,Abril,4,43385515.28,22405542.84,333530.08,118611.65,54231894.1
Osasco,OSASCO,4923,2025,Maio,5,40162471.5,19170084.09,264646.83,196321.65,50203089.375
Osasco,OSASCO,4923,2025,Junho,6,30443214.71,5974582.14,340695.62,2453.84,38054018.387499996
Osasco,OSASCO,4923,2025,Julho,7,55121248.64,7605178.37,314749.99,174883.06,68901560.8
Osasco,OSASCO,4923,2025,Agosto,8,40672791.22,7622898.97,278045.16,0.0,50840989.025
Osasco,OSASCO,4923,2025,Setembro,9,49111816.85,7882920.69,338510.18,169566.95,61389771.0625
Osasco,OSASCO,4923,2025,Outubro,10,40470815.21,7189817.43,337255.79,2121.19,50588519.012499996
Osasco,OSASCO,4923,2025,Novembro,11,37286396.54,4932843.22,310384.41,86387.03,46607995.675
Osasco,OSASCO,4923,2025,Dezembro,12,58453364.06,8607221.91,356533.71,160991.4,73066705.075
Oscar Bressane,OSCAR BRESSANE,4935,2025,Janeiro,1,393928.44,319899.03,2496.1,898.57,492410.55
Oscar Bressane,OSCAR BRESSANE,4935,2025,Fevereiro,2,420944.52,111499.95,2898.09,965.63,526180.65
Oscar Bressane,OSCAR BRESSANE,4935,2025,Março,3,430093.54,76759.34,3343.09,22.0,537616.9249999999
Oscar Bressane,OSCAR BRESSANE,4935,2025,Abril,4,463222.74,74340.51,3561.07,1266.4,579028.4249999999
Oscar Bressane,OSCAR BRESSANE,4935,2025,Maio,5,428810.63,56222.56,2825.61,2096.11,536013.2875
Oscar Bressane,OSCAR BRESSANE,4935,2025,Junho,6,325039.11,21346.95,3637.57,26.2,406298.88749999995
Oscar Bressane,OSCAR BRESSANE,4935,2025,Julho,7,588523.97,38923.42,3360.55,1867.21,735654.9624999999
Oscar Bressane,OSCAR BRESSANE,4935,2025,Agosto,8,434259.26,15492.59,2968.66,0.0,542824.075
Oscar Bressane,OSCAR BRESSANE,4935,2025,Setembro,9,524361.88,22184.68,3614.24,1810.45,655452.35
Oscar Bressane,OSCAR BRESSANE,4935,2025,Outubro,10,432102.78,16163.4,3600.85,22.65,540128.475
Oscar Bressane,OSCAR BRESSANE,4935,2025,Novembro,11,398103.07,16073.36,3313.94,922.35,497628.83749999997
Oscar Bressane,OSCAR BRESSANE,4935,2025,Dezembro,12,624100.63,20335.52,3806.67,1718.89,780125.7875
Osvaldo Cruz,OSVALDO CRUZ,4947,2025,Janeiro,1,1472547.82,3439379.2,9286.34,3343.0,1840684.775
Osvaldo Cruz,OSVALDO CRUZ,4947,2025,Fevereiro,2,1566059.21,1251858.27,10781.9,3592.47,1957574.0125
Osvaldo Cruz,OSVALDO CRUZ,4947,2025,Março,3,1600096.72,1274116.78,12437.44,81.84,2000120.9
Osvaldo Cruz,OSVALDO CRUZ,4947,2025,Abril,4,1723348.8,872957.35,13248.4,4711.46,2154186.0
Osvaldo Cruz,OSVALDO CRUZ,4947,2025,Maio,5,1595323.85,1127975.27,10512.24,7798.24,1994154.8125
Osvaldo Cruz,OSVALDO CRUZ,4947,2025,Junho,6,1209257.91,205569.81,13533.03,97.47,1511572.3874999997
Osvaldo Cruz,OSVALDO CRUZ,4947,2025,Julho,7,2189512.73,591324.79,12502.42,6946.66,2736890.9124999996
Osvaldo Cruz,OSVALDO CRUZ,4947,2025,Agosto,8,1615594.64,577012.49,11044.44,0.0,2019493.2999999998
Osvaldo Cruz,OSVALDO CRUZ,4947,2025,Setembro,9,1950807.55,879471.45,13446.22,6735.5,2438509.4375
Osvaldo Cruz,OSVALDO CRUZ,4947,2025,Outubro,10,1607571.8,434500.73,13396.39,84.26,2009464.75
Osvaldo Cruz,OSVALDO CRUZ,4947,2025,Novembro,11,1481081.1,257755.9,12329.01,3431.44,1851351.375
Osvaldo Cruz,OSVALDO CRUZ,4947,2025,Dezembro,12,2321870.2,374608.07,14162.14,6394.86,2902337.75
Ourinhos,OURINHOS,4959,2025,Janeiro,1,5488111.74,12487449.54,34576.44,12447.2,6860139.675
Ourinhos,OURINHOS,4959,2025,Fevereiro,2,5831012.76,4726664.41,40144.96,13376.08,7288765.949999999
Ourinhos,OURINHOS,4959,2025,Março,3,5957746.91,3900437.33,46309.17,304.74,7447183.6375
Ourinhos,OURINHOS,4959,2025,Abril,4,6416659.61,3516307.51,49328.65,17542.5,8020824.5125
Ourinhos,OURINHOS,4959,2025,Maio,5,5939975.76,3112081.5,39140.91,29035.71,7424969.699999999
Ourinhos,OURINHOS,4959,2025,Junho,6,4502510.69,1064394.46,50388.43,362.92,5628138.3625
Ourinhos,OURINHOS,4959,2025,Julho,7,8152358.86,1380762.17,46551.1,25864.97,10190448.575
Ourinhos,OURINHOS,4959,2025,Agosto,8,6015451.36,1225797.73,41122.51,0.0,7519314.2
Ourinhos,OURINHOS,4959,2025,Setembro,9,7263571.95,1408498.65,50065.2,25078.73,9079464.9375
Ourinhos,OURINHOS,4959,2025,Outubro,10,5985579.38,1359004.76,49879.68,313.72,7481974.225
Ourinhos,OURINHOS,4959,2025,Novembro,11,5514608.12,1021304.64,45905.44,12776.53,6893260.149999999
Ourinhos,OURINHOS,4959,2025,Dezembro,12,8645174.27,1586417.5,52730.86,23810.41,10806467.837499999
Ouro Verde,OURO VERDE,4960,2025,Janeiro,1,694529.13,455209.77,4406.6,1586.33,868161.4125
Ouro Verde,OURO VERDE,4960,2025,Fevereiro,2,743133.78,167093.49,5116.28,1704.72,928917.225
Ouro Verde,OURO VERDE,4960,2025,Março,3,759285.43,143926.08,5901.87,38.84,949106.7875
Ouro Verde,OURO VERDE,4960,2025,Abril,4,817771.58,137884.76,6286.69,2235.71,1022214.4749999999
Ouro Verde,OURO VERDE,4960,2025,Maio,5,757020.58,115482.19,4988.32,3700.46,946275.7249999999
Ouro Verde,OURO VERDE,4960,2025,Junho,6,573822.76,38389.41,6421.76,46.25,717278.45
Ouro Verde,OURO VERDE,4960,2025,Julho,7,1038977.88,46706.64,5932.71,3296.36,1298722.3499999999
Ouro Verde,OURO VERDE,4960,2025,Agosto,8,766639.57,44267.87,5240.86,0.0,958299.4624999999
Ouro Verde,OURO VERDE,4960,2025,Setembro,9,925706.38,32174.85,6380.56,3196.16,1157132.9749999999
Ouro Verde,OURO VERDE,4960,2025,Outubro,10,762832.54,52400.67,6356.92,39.98,953540.675
Ouro Verde,OURO VERDE,4960,2025,Novembro,11,702809.58,30572.73,5850.42,1628.31,878511.9749999999
Ouro Verde,OURO VERDE,4960,2025,Dezembro,12,1101784.77,93718.12,6720.29,3034.52,1377230.9625
Ouroeste,OUROESTE,7912,2025,Janeiro,1,2636833.39,2322936.53,16748.46,6029.29,3296041.7375
Ouroeste,OUROESTE,7912,2025,Fevereiro,2,2824480.27,405203.06,19445.79,6479.23,3530600.3375
Ouroeste,OUROESTE,7912,2025,Março,3,2885868.94,313883.97,22431.67,147.61,3607336.175
Ouroeste,OUROESTE,7912,2025,Abril,4,3108161.34,291766.35,23894.27,8497.4,3885201.675
Ouroeste,OUROESTE,7912,2025,Maio,5,2877260.78,216009.16,18959.44,14064.59,3596575.9749999996
Ouroeste,OUROESTE,7912,2025,Junho,6,2180968.06,83253.03,24407.62,175.79,2726210.0749999997
Ouroeste,OUROESTE,7912,2025,Julho,7,3948915.51,125972.62,22548.86,12528.72,4936144.387499999
Ouroeste,OUROESTE,7912,2025,Agosto,8,2913820.35,98472.64,19919.3,0.0,3642275.4375
Ouroeste,OUROESTE,7912,2025,Setembro,9,3518396.63,127200.16,24251.05,12147.87,4397995.7875
Ouroeste,OUROESTE,7912,2025,Outubro,10,2899350.68,135815.97,24161.18,151.96,3624188.35
Ouroeste,OUROESTE,7912,2025,Novembro,11,2671217.24,63450.44,22236.1,6188.81,3339021.5500000003
Ouroeste,OUROESTE,7912,2025,Dezembro,12,4187630.03,141464.59,25542.26,11533.51,5234537.5375
Pacaembu,PACAEMBU,4972,2025,Janeiro,1,787449.55,988056.24,4955.96,1784.1,984311.9375
Pacaembu,PACAEMBU,4972,2025,Fevereiro,2,835778.3,335453.28,5754.11,1917.24,1044722.875
Pacaembu,PACAEMBU,4972,2025,Março,3,853943.53,300151.54,6637.65,43.68,1067429.4124999999
Pacaembu,PACAEMBU,4972,2025,Abril,4,919721.0,275969.86,7070.44,2514.43,1149651.25
Pacaembu,PACAEMBU,4972,2025,Maio,5,851396.33,236494.52,5610.2,4161.78,1064245.4124999999
Pacaembu,PACAEMBU,4972,2025,Junho,6,645359.72,70565.77,7222.34,52.02,806699.6499999999
Pacaembu,PACAEMBU,4972,2025,Julho,7,1168504.5,98634.92,6672.32,3707.31,1460630.625
Pacaembu,PACAEMBU,4972,2025,Agosto,8,862214.5,102538.15,5894.22,0.0,1077768.125
Pacaembu,PACAEMBU,4972,2025,Setembro,9,1041111.74,97725.72,7176.01,3594.62,1301389.6749999998
Pacaembu,PACAEMBU,4972,2025,Outubro,10,857932.85,113627.84,7149.42,44.97,1072416.0625
Pacaembu,PACAEMBU,4972,2025,Novembro,11,790426.98,59886.86,6579.78,1831.3,988033.725
Pacaembu,PACAEMBU,4972,2025,Dezembro,12,1239141.36,77202.38,7558.09,3412.83,1548926.7
Palestina,PALESTINA,4984,2025,Janeiro,1,1720540.16,1387044.72,10857.15,3908.47,2150675.1999999997
Palestina,PALESTINA,4984,2025,Fevereiro,2,1830962.07,394278.9,12605.68,4200.14,2288702.5875
Palestina,PALESTINA,4984,2025,Março,3,1870757.12,322777.16,14541.27,95.69,2338446.4
Palestina,PALESTINA,4984,2025,Abril,4,2014857.6,292064.16,15489.4,5508.42,2518572.0
Palestina,PALESTINA,4984,2025,Maio,5,1865176.9,254992.94,12290.41,9117.33,2331471.1249999995
Palestina,PALESTINA,4984,2025,Junho,6,1413806.94,83151.88,15822.17,113.96,1767258.6749999998
Palestina,PALESTINA,4984,2025,Julho,7,2559874.33,83734.49,14617.24,8121.71,3199842.9125
Palestina,PALESTINA,4984,2025,Agosto,8,1888876.55,93004.46,12912.64,0.0,2361095.6875
Palestina,PALESTINA,4984,2025,Setembro,9,2280791.57,73264.56,15720.68,7874.82,2850989.4624999994
Palestina,PALESTINA,4984,2025,Outubro,10,1879496.63,69778.78,15662.43,98.51,2349370.7874999996
Palestina,PALESTINA,4984,2025,Novembro,11,1731609.71,64526.19,14414.5,4011.88,2164512.1374999997
Palestina,PALESTINA,4984,2025,Dezembro,12,2714620.4,107637.21,16557.71,7476.57,3393275.4999999995
Palmares Paulista,PALMARES PAULISTA,4996,2025,Janeiro,1,413111.34,648306.39,2620.75,943.44,516389.175
Palmares Paulista,PALMARES PAULISTA,4996,2025,Fevereiro,2,441965.62,251392.02,3042.81,1013.85,552457.0249999999
Palmares Paulista,PALMARES PAULISTA,4996,2025,Março,3,451571.52,197139.55,3510.04,23.1,564464.4
Palmares Paulista,PALMARES PAULISTA,4996,2025,Abril,4,486355.13,216822.93,3738.9,1329.65,607943.9125
Palmares Paulista,PALMARES PAULISTA,4996,2025,Maio,5,450224.55,152229.72,2966.71,2200.78,562780.6875
Palmares Paulista,PALMARES PAULISTA,4996,2025,Junho,6,341270.89,57867.56,3819.23,27.51,426588.6125
Palmares Paulista,PALMARES PAULISTA,4996,2025,Julho,7,617913.65,62764.3,3528.37,1960.45,772392.0625
Palmares Paulista,PALMARES PAULISTA,4996,2025,Agosto,8,455945.27,69037.84,3116.91,0.0,569931.5875
Palmares Paulista,PALMARES PAULISTA,4996,2025,Setembro,9,550547.43,75397.48,3794.73,1900.86,688184.2875
Palmares Paulista,PALMARES PAULISTA,4996,2025,Outubro,10,453681.1,58318.55,3780.66,23.78,567101.3749999999
Palmares Paulista,PALMARES PAULISTA,4996,2025,Novembro,11,417983.51,51519.62,3479.43,968.41,522479.3875
Palmares Paulista,PALMARES PAULISTA,4996,2025,Dezembro,12,655266.93,136845.39,3996.77,1804.73,819083.6625
Palmeira D'Oeste,PALMEIRA DOESTE,5009,2025,Janeiro,1,624236.37,1161291.2,3940.36,1418.49,780295.4624999999
Palmeira D'Oeste,PALMEIRA DOESTE,5009,2025,Fevereiro,2,664506.96,350420.0,4574.95,1524.35,830633.7
Palmeira D'Oeste,PALMEIRA DOESTE,5009,2025,Março,3,678949.69,307618.66,5277.43,34.73,848687.1124999999
Palmeira D'Oeste,PALMEIRA DOESTE,5009,2025,Abril,4,731247.75,228145.96,5621.53,1999.16,914059.6875
Palmeira D'Oeste,PALMEIRA DOESTE,5009,2025,Maio,5,676924.47,196049.66,4460.53,3308.93,846155.5874999999
Palmeira D'Oeste,PALMEIRA DOESTE,5009,2025,Junho,6,513109.78,65514.15,5742.31,41.36,641387.225
Palmeira D'Oeste,PALMEIRA DOESTE,5009,2025,Julho,7,929049.45,72369.24,5305.0,2947.59,1161311.8124999998
Palmeira D'Oeste,PALMEIRA DOESTE,5009,2025,Agosto,8,685525.74,60885.29,4686.35,0.0,856907.1749999999
Palmeira D'Oeste,PALMEIRA DOESTE,5009,2025,Setembro,9,827762.57,91332.66,5705.47,2857.99,1034703.2124999999
Palmeira D'Oeste,PALMEIRA DOESTE,5009,2025,Outubro,10,682121.5,86205.51,5684.33,35.75,852651.875
Palmeira D'Oeste,PALMEIRA DOESTE,5009,2025,Novembro,11,628449.23,47504.52,5231.42,1456.02,785561.5375
Palmeira D'Oeste,PALMEIRA DOESTE,5009,2025,Dezembro,12,985211.1,82476.66,6009.25,2713.45,1231513.875
Palmital,PALMITAL,5010,2025,Janeiro,1,2273445.31,2830481.48,14366.64,5171.86,2841806.6374999997
Palmital,PALMITAL,5010,2025,Fevereiro,2,2422807.81,978777.5,16680.38,5557.81,3028509.7624999997
Palmital,PALMITAL,5010,2025,Março,3,2475466.33,733748.75,19241.63,126.62,3094332.9125
Palmital,PALMITAL,5010,2025,Abril,4,2666146.28,614570.54,20496.24,7288.98,3332682.8499999996
Palmital,PALMITAL,5010,2025,Maio,5,2468082.34,545836.03,16263.2,12064.45,3085102.925
Palmital,PALMITAL,5010,2025,Junho,6,1870810.18,184481.61,20936.58,150.79,2338512.7249999996
Palmital,PALMITAL,5010,2025,Julho,7,3387335.87,236211.18,19342.16,10746.99,4234169.837499999
Palmital,PALMITAL,5010,2025,Agosto,8,2499442.74,223288.74,17086.56,0.0,3124303.4250000003
Palmital,PALMITAL,5010,2025,Setembro,9,3018041.56,314642.15,20802.28,10420.31,3772551.9499999997
Palmital,PALMITAL,5010,2025,Outubro,10,2487030.82,233663.13,20725.2,130.35,3108788.5249999994
Palmital,PALMITAL,5010,2025,Novembro,11,2291340.48,172971.89,19073.88,5308.69,2864175.5999999996
Palmital,PALMITAL,5010,2025,Dezembro,12,3592102.53,238945.41,21909.87,9893.32,4490128.1625
Panorama,PANORAMA,5022,2025,Janeiro,1,955658.74,935675.15,6067.11,2184.1,1194573.4249999998
Panorama,PANORAMA,5022,2025,Fevereiro,2,1023164.73,461539.95,7044.21,2347.09,1278955.9124999999
Panorama,PANORAMA,5022,2025,Março,3,1045402.7,396510.31,8125.85,53.47,1306753.3749999998
Panorama,PANORAMA,5022,2025,Abril,4,1125927.87,343857.51,8655.67,3078.17,1407409.8375000001
Panorama,PANORAMA,5022,2025,Maio,5,1042284.41,346027.49,6868.03,5094.88,1302855.5125
Panorama,PANORAMA,5022,2025,Junho,6,790053.17,120313.23,8841.63,63.68,987566.4625
Panorama,PANORAMA,5022,2025,Julho,7,1430490.1,172605.32,8168.3,4538.51,1788112.625
Panorama,PANORAMA,5022,2025,Agosto,8,1055528.07,164265.47,7215.74,0.0,1319410.0875
Panorama,PANORAMA,5022,2025,Setembro,9,1274535.13,193565.95,8784.91,4400.55,1593168.9124999999
Panorama,PANORAMA,5022,2025,Outubro,10,1050286.45,119699.87,8752.36,55.05,1312858.0624999998
Panorama,PANORAMA,5022,2025,Novembro,11,967645.37,129683.7,8055.0,2241.89,1209556.7125
Panorama,PANORAMA,5022,2025,Dezembro,12,1516964.16,184428.5,9252.66,4178.0,1896205.1999999997
Paraguaçu Paulista,PARAGUACU PAULISTA,5034,2025,Janeiro,1,3552366.57,4701431.21,22366.59,8051.77,4440458.212499999
Paraguaçu Paulista,PARAGUACU PAULISTA,5034,2025,Fevereiro,2,3771928.4,1537142.66,25968.71,8652.63,4714910.5
Paraguaçu Paulista,PARAGUACU PAULISTA,5034,2025,Março,3,3853909.38,1189732.75,29956.18,197.13,4817386.725
Paraguaçu Paulista,PARAGUACU PAULISTA,5034,2025,Abril,4,4150767.9,1023583.15,31909.4,11347.78,5188459.875
Paraguaçu Paulista,PARAGUACU PAULISTA,5034,2025,Maio,5,3842413.68,991100.57,25319.22,18782.43,4803017.1
Paraguaçu Paulista,PARAGUACU PAULISTA,5034,2025,Junho,6,2912555.44,346703.58,32594.94,234.76,3640694.3
Paraguaçu Paulista,PARAGUACU PAULISTA,5034,2025,Julho,7,5273545.98,453250.48,30112.68,16731.37,6591932.475000001
Paraguaçu Paulista,PARAGUACU PAULISTA,5034,2025,Agosto,8,3891236.86,585867.18,26601.07,0.0,4864046.074999999
Paraguaçu Paulista,PARAGUACU PAULISTA,5034,2025,Setembro,9,4698613.16,568846.21,32385.86,16222.77,5873266.45
Paraguaçu Paulista,PARAGUACU PAULISTA,5034,2025,Outubro,10,3871913.46,511023.55,32265.85,202.94,4839891.824999999
Paraguaçu Paulista,PARAGUACU PAULISTA,5034,2025,Novembro,11,3567254.58,359061.97,29695.02,8264.8,4459068.225
Paraguaçu Paulista,PARAGUACU PAULISTA,5034,2025,Dezembro,12,5592335.27,597521.34,34110.2,15402.33,6990419.087499999
Paraibuna,PARAIBUNA,5046,2025,Janeiro,1,1535074.34,1113774.92,9750.1,3509.95,1918842.925
Paraibuna,PARAIBUNA,5046,2025,Fevereiro,2,1644268.73,480635.16,11320.35,3771.88,2055335.9124999999
Paraibuna,PARAIBUNA,5046,2025,Março,3,1680006.09,380224.64,13058.57,85.93,2100007.6125
Paraibuna,PARAIBUNA,5046,2025,Abril,4,1809413.42,329936.48,13910.03,4946.75,2261766.775
Paraibuna,PARAIBUNA,5046,2025,Maio,5,1674994.86,287985.59,11037.22,8187.69,2093743.575
Paraibuna,PARAIBUNA,5046,2025,Junho,6,1269648.66,91875.54,14208.87,102.34,1587060.8249999997
Paraibuna,PARAIBUNA,5046,2025,Julho,7,2298857.73,144861.39,13126.8,7293.58,2873572.1624999996
Paraibuna,PARAIBUNA,5046,2025,Agosto,8,1696277.98,118539.83,11596.01,0.0,2120347.4749999996
Paraibuna,PARAIBUNA,5046,2025,Setembro,9,2048231.53,139807.4,14117.73,7071.87,2560289.4125
Paraibuna,PARAIBUNA,5046,2025,Outubro,10,1687854.48,119455.64,14065.41,88.47,2109818.0999999996
Paraibuna,PARAIBUNA,5046,2025,Novembro,11,1555046.79,77445.15,12944.73,3602.81,1943808.4875
Paraibuna,PARAIBUNA,5046,2025,Dezembro,12,2437825.18,154040.11,14869.41,6714.22,3047281.475
Paranapanema,PARANAPANEMA,5060,2025,Janeiro,1,2893737.71,2792652.63,18303.37,6589.04,3617172.1374999997
Paranapanema,PARANAPANEMA,5060,2025,Fevereiro,2,3086701.52,858748.43,21251.11,7080.75,3858376.9
Paranapanema,PARANAPANEMA,5060,2025,Março,3,3153789.43,734975.58,24514.19,161.32,3942236.7875
Paranapanema,PARANAPANEMA,5060,2025,Abril,4,3396719.19,559161.58,26112.59,9286.29,4245898.9875
Paranapanema,PARANAPANEMA,5060,2025,Maio,5,3144382.1,616191.06,20719.61,15370.33,3930477.625
Paranapanema,PARANAPANEMA,5060,2025,Junho,6,2383446.44,178950.81,26673.59,192.12,2979308.05
Paranapanema,PARANAPANEMA,5060,2025,Julho,7,4315527.94,318901.12,24642.26,13691.87,5394409.925
Paranapanema,PARANAPANEMA,5060,2025,Agosto,8,3184335.83,301546.56,21768.59,0.0,3980419.7875
Paranapanema,PARANAPANEMA,5060,2025,Setembro,9,3845040.21,340480.99,26502.49,13275.66,4806300.262499999
Paranapanema,PARANAPANEMA,5060,2025,Outubro,10,3168522.81,284841.84,26404.28,166.07,3960653.5124999997
Paranapanema,PARANAPANEMA,5060,2025,Novembro,11,2919209.74,223301.88,24300.48,6763.37,3649012.1750000003
Paranapanema,PARANAPANEMA,5060,2025,Dezembro,12,4576404.42,288759.71,27913.58,12604.27,5720505.524999999
Paranapuã,PARANAPUA,5083,2025,Janeiro,1,430920.94,475706.56,2730.94,983.11,538651.1749999999
Paranapuã,PARANAPUA,5083,2025,Fevereiro,2,460548.23,178409.89,3170.75,1056.48,575685.2875
Paranapuã,PARANAPUA,5083,2025,Março,3,470558.02,113790.02,3657.62,24.07,588197.525
Paranapuã,PARANAPUA,5083,2025,Abril,4,506804.11,89503.66,3896.1,1385.55,633505.1375
Paranapuã,PARANAPUA,5083,2025,Maio,5,469154.4,72934.37,3091.45,2293.31,586443.0
Paranapuã,PARANAPUA,5083,2025,Junho,6,355619.76,25881.32,3979.81,28.66,444524.7
Paranapuã,PARANAPUA,5083,2025,Julho,7,643894.05,45012.59,3676.72,2042.88,804867.5625
Paranapuã,PARANAPUA,5083,2025,Agosto,8,475115.66,34309.12,3247.96,0.0,593894.575
Paranapuã,PARANAPUA,5083,2025,Setembro,9,573695.4,40371.07,3954.28,1980.78,717119.25
Paranapuã,PARANAPUA,5083,2025,Outubro,10,472756.3,31554.38,3939.62,24.78,590945.375
Paranapuã,PARANAPUA,5083,2025,Novembro,11,435557.79,16405.1,3625.73,1009.12,544447.2374999999
Paranapuã,PARANAPUA,5083,2025,Dezembro,12,682817.87,22167.38,4164.82,1880.61,853522.3374999999
Parapuã,PARAPUA,5095,2025,Janeiro,1,1172354.84,1064099.47,7399.44,2663.73,1465443.55
Parapuã,PARAPUA,5095,2025,Fevereiro,2,1247850.64,345449.89,8591.12,2862.51,1559813.2999999998
Parapuã,PARAPUA,5095,2025,Março,3,1274972.05,290353.49,9910.27,65.21,1593715.0625
Parapuã,PARAPUA,5095,2025,Abril,4,1373180.46,230955.94,10556.45,3754.14,1716475.575
Parapuã,PARAPUA,5095,2025,Maio,5,1271168.98,285404.32,8376.25,6213.71,1588961.2249999999
Parapuã,PARAPUA,5095,2025,Junho,6,963548.03,76877.43,10783.24,77.67,1204435.0374999999
Parapuã,PARAPUA,5095,2025,Julho,7,1744624.24,87338.97,9962.05,5535.17,2180780.3
Parapuã,PARAPUA,5095,2025,Agosto,8,1287320.94,118158.79,8800.31,0.0,1609151.1749999998
Parapuã,PARAPUA,5095,2025,Setembro,9,1554421.72,106666.04,10714.07,5366.91,1943027.15
Parapuã,PARAPUA,5095,2025,Outubro,10,1280928.26,102979.55,10674.37,67.14,1601160.325
Parapuã,PARAPUA,5095,2025,Novembro,11,1180139.29,71535.04,9823.87,2734.21,1475174.1125
Parapuã,PARAPUA,5095,2025,Dezembro,12,1850087.91,86153.03,11284.53,5095.49,2312609.8874999997
Paraíso,PARAISO,5058,2025,Janeiro,1,1027772.75,970683.48,6409.92,2307.51,1284715.9375
Paraíso,PARAISO,5058,2025,Fevereiro,2,1080977.29,317521.8,7442.24,2479.71,1351221.6125
Paraíso,PARAISO,5058,2025,Março,3,1104471.79,169263.92,8584.99,56.49,1380589.7375
Paraíso,PARAISO,5058,2025,Abril,4,1189546.93,155063.93,9144.75,3252.1,1486933.6624999999
Paraíso,PARAISO,5058,2025,Maio,5,1101177.3,145235.03,7256.1,5382.76,1376471.625
Paraíso,PARAISO,5058,2025,Junho,6,834694.07,33866.58,9341.22,67.28,1043367.5874999999
Paraíso,PARAISO,5058,2025,Julho,7,1511318.04,49174.85,8629.84,4794.96,1889147.55
Paraíso,PARAISO,5058,2025,Agosto,8,1115169.28,48079.11,7623.46,0.0,1393961.5999999999
Paraíso,PARAISO,5058,2025,Setembro,9,1346551.04,59986.36,9281.29,4649.2,1683188.8
Paraíso,PARAISO,5058,2025,Outubro,10,1109631.49,45317.21,9246.9,58.16,1387039.3624999998
Paraíso,PARAISO,5058,2025,Novembro,11,1022320.89,41069.76,8510.14,2368.57,1277901.1125
Paraíso,PARAISO,5058,2025,Dezembro,12,1602678.2,65133.82,9775.47,4414.07,2003347.7499999998
Pardinho,PARDINHO,5071,2025,Janeiro,1,939809.57,836196.05,5967.03,2148.08,1174761.9625
Pardinho,PARDINHO,5071,2025,Fevereiro,2,1006287.61,392740.5,6928.02,2308.38,1257859.5125
Pardinho,PARDINHO,5071,2025,Março,3,1028158.77,297747.91,7991.81,52.59,1285198.4625
Pardinho,PARDINHO,5071,2025,Abril,4,1107355.68,246707.97,8512.9,3027.4,1384194.5999999999
Pardinho,PARDINHO,5071,2025,Maio,5,1025091.91,266010.18,6754.75,5010.84,1281364.8875
Pardinho,PARDINHO,5071,2025,Junho,6,777021.24,65958.99,8695.79,62.63,971276.5499999999
Pardinho,PARDINHO,5071,2025,Julho,7,1406894.15,75251.49,8033.56,4463.65,1758617.6874999998
Pardinho,PARDINHO,5071,2025,Agosto,8,1038117.12,102691.48,7096.72,0.0,1297646.4
Pardinho,PARDINHO,5071,2025,Setembro,9,1253511.66,85486.5,8640.01,4327.96,1566889.5749999997
Pardinho,PARDINHO,5071,2025,Outubro,10,1032961.96,77486.32,8607.99,54.14,1291202.45
Pardinho,PARDINHO,5071,2025,Novembro,11,951684.05,57624.4,7922.14,2204.91,1189605.0625
Pardinho,PARDINHO,5071,2025,Dezembro,12,1491941.82,104432.22,9100.03,4109.08,1864927.275
Pariquera-Açu,PARIQUERA ACU,5101,2025,Janeiro,1,986278.65,1360944.01,6279.64,2260.61,1232848.3125
Pariquera-Açu,PARIQUERA ACU,5101,2025,Fevereiro,2,1059005.47,530991.08,7290.97,2429.31,1323756.8375
Pariquera-Açu,PARIQUERA ACU,5101,2025,Março,3,1082022.42,463179.54,8410.49,55.35,1352528.025
Pariquera-Açu,PARIQUERA ACU,5101,2025,Abril,4,1165368.33,495297.17,8958.87,3186.0,1456710.4125
Pariquera-Açu,PARIQUERA ACU,5101,2025,Maio,5,1078794.9,347546.82,7108.62,5273.35,1348493.6249999998
Pariquera-Açu,PARIQUERA ACU,5101,2025,Junho,6,817728.18,97465.59,9151.35,65.91,1022160.225
Pariquera-Açu,PARIQUERA ACU,5101,2025,Julho,7,1480599.16,163668.13,8454.43,4697.49,1850748.9499999997
Pariquera-Açu,PARIQUERA ACU,5101,2025,Agosto,8,1092502.48,159632.61,7468.51,0.0,1365628.0999999999
Pariquera-Açu,PARIQUERA ACU,5101,2025,Setembro,9,1319181.2,149775.72,9092.64,4554.7,1648976.4999999998
Pariquera-Açu,PARIQUERA ACU,5101,2025,Outubro,10,1087077.25,157911.85,9058.95,56.98,1358846.5625
Pariquera-Açu,PARIQUERA ACU,5101,2025,Novembro,11,1001541.31,113944.42,8337.16,2320.42,1251926.6375
Pariquera-Açu,PARIQUERA ACU,5101,2025,Dezembro,12,1570102.35,198613.93,9576.77,4324.35,1962627.9375
Parisi,PARISI,7547,2025,Janeiro,1,317200.3,190448.2,2010.99,723.94,396500.37499999994
Parisi,PARISI,7547,2025,Fevereiro,2,339135.32,82167.28,2334.86,777.96,423919.14999999997
Parisi,PARISI,7547,2025,Março,3,346506.26,62360.36,2693.37,17.72,433132.825
Parisi,PARISI,7547,2025,Abril,4,373196.91,58806.52,2868.99,1020.28,466496.13749999995
Parisi,PARISI,7547,2025,Maio,5,345472.68,49570.24,2276.46,1688.73,431840.85
Parisi,PARISI,7547,2025,Junho,6,261868.82,15581.21,2930.62,21.11,327336.02499999997
Parisi,PARISI,7547,2025,Julho,7,474146.26,18197.54,2707.44,1504.32,592682.825
Parisi,PARISI,7547,2025,Agosto,8,349862.39,14608.02,2391.71,0.0,437327.9875
Parisi,PARISI,7547,2025,Setembro,9,422453.86,17990.59,2911.82,1458.59,528067.325
Parisi,PARISI,7547,2025,Outubro,10,348125.01,40264.79,2901.03,18.25,435156.2625
Parisi,PARISI,7547,2025,Novembro,11,320733.03,18399.03,2669.89,743.09,400916.28750000003
Parisi,PARISI,7547,2025,Dezembro,12,502808.71,24093.3,3066.86,1384.83,628510.8875
Patrocínio Paulista,PATROCINIO PAULISTA,5113,2025,Janeiro,1,2264418.16,1355151.54,14336.5,5161.01,2830522.7
Patrocínio Paulista,PATROCINIO PAULISTA,5113,2025,Fevereiro,2,2417723.99,428364.2,16645.38,5546.15,3022154.9875000003
Patrocínio Paulista,PATROCINIO PAULISTA,5113,2025,Março,3,2470272.01,338208.72,19201.26,126.35,3087840.0124999997
Patrocínio Paulista,PATROCINIO PAULISTA,5113,2025,Abril,4,2660551.86,270460.64,20453.23,7273.68,3325689.8249999997
Patrocínio Paulista,PATROCINIO PAULISTA,5113,2025,Maio,5,2462903.52,281770.21,16229.07,12039.13,3078629.4
Patrocínio Paulista,PATROCINIO PAULISTA,5113,2025,Junho,6,1866884.63,105843.58,20892.65,150.48,2333605.7874999996
Patrocínio Paulista,PATROCINIO PAULISTA,5113,2025,Julho,7,3380228.17,129537.36,19301.57,10724.44,4225285.212499999
Patrocínio Paulista,PATROCINIO PAULISTA,5113,2025,Agosto,8,2494198.12,109511.57,17050.7,0.0,3117747.65
Patrocínio Paulista,PATROCINIO PAULISTA,5113,2025,Setembro,9,3011708.75,148797.11,20758.63,10398.44,3764635.9375
Patrocínio Paulista,PATROCINIO PAULISTA,5113,2025,Outubro,10,2481812.24,131049.09,20681.71,130.08,3102265.3000000003
Patrocínio Paulista,PATROCINIO PAULISTA,5113,2025,Novembro,11,2286532.53,103152.55,19033.86,5297.56,2858165.6624999996
Patrocínio Paulista,PATROCINIO PAULISTA,5113,2025,Dezembro,12,3584565.17,136604.9,21863.9,9872.56,4480706.462499999
Paulicéia,PAULICEIA,5125,2025,Janeiro,1,1101358.14,704312.94,6960.87,2505.85,1376697.6749999998
Paulicéia,PAULICEIA,5125,2025,Fevereiro,2,1173890.33,212702.39,8081.92,2692.85,1467362.9125
Paulicéia,PAULICEIA,5125,2025,Março,3,1199404.25,245899.75,9322.89,61.35,1499255.3125
Paulicéia,PAULICEIA,5125,2025,Abril,4,1291791.84,178811.9,9930.77,3531.63,1614739.8
Paulicéia,PAULICEIA,5125,2025,Maio,5,1195826.59,150890.73,7879.79,5845.42,1494783.2375
Paulicéia,PAULICEIA,5125,2025,Junho,6,906438.38,35000.54,10144.12,73.06,1133047.9749999999
Paulicéia,PAULICEIA,5125,2025,Julho,7,1641220.08,73068.84,9371.59,5207.1,2051525.1
Paulicéia,PAULICEIA,5125,2025,Agosto,8,1211021.22,69860.01,8278.72,0.0,1513776.525
Paulicéia,PAULICEIA,5125,2025,Setembro,9,1462290.9,86087.92,10079.05,5048.81,1827863.6249999998
Paulicéia,PAULICEIA,5125,2025,Outubro,10,1205007.44,75978.45,10041.7,63.16,1506259.2999999998
Paulicéia,PAULICEIA,5125,2025,Novembro,11,1110192.25,77512.52,9241.61,2572.15,1387740.3125
Paulicéia,PAULICEIA,5125,2025,Dezembro,12,1740432.91,97865.05,10615.69,4793.48,2175541.1374999997
Paulistânia,PAULISTANIA,7924,2025,Janeiro,1,381653.05,154318.25,2416.98,870.09,477066.31249999994
Paulistânia,PAULISTANIA,7924,2025,Fevereiro,2,407601.77,52901.84,2806.23,935.02,509502.2125
Paulistânia,PAULISTANIA,7924,2025,Março,3,416460.79,46570.91,3237.12,21.3,520575.98749999993
Paulistânia,PAULISTANIA,7924,2025,Abril,4,448539.89,56891.14,3448.19,1226.26,560674.8624999999
Paulistânia,PAULISTANIA,7924,2025,Maio,5,415218.54,56224.5,2736.04,2029.67,519023.17499999993
Paulistânia,PAULISTANIA,7924,2025,Junho,6,314736.29,14412.6,3522.27,25.37,393420.36249999993
Paulistânia,PAULISTANIA,7924,2025,Julho,7,569869.42,26732.3,3254.03,1808.02,712336.775
Paulistânia,PAULISTANIA,7924,2025,Agosto,8,420494.47,18720.16,2874.56,0.0,525618.0874999999
Paulistânia,PAULISTANIA,7924,2025,Setembro,9,507741.09,15060.26,3499.68,1753.06,634676.3625
Paulistânia,PAULISTANIA,7924,2025,Outubro,10,418406.34,10280.29,3486.71,21.93,523007.925
Paulistânia,PAULISTANIA,7924,2025,Novembro,11,385484.32,8249.83,3208.9,893.11,481855.39999999997
Paulistânia,PAULISTANIA,7924,2025,Dezembro,12,604318.4,14858.57,3686.01,1664.4,755398.0
Paulo de Faria,PAULO DE FARIA,5149,2025,Janeiro,1,1259558.85,623911.78,7981.38,2873.22,1574448.5625
Paulo de Faria,PAULO DE FARIA,5149,2025,Fevereiro,2,1345989.02,255711.99,9266.77,3087.64,1682486.275
Paulo de Faria,PAULO DE FARIA,5149,2025,Março,3,1375243.42,226677.37,10689.67,70.34,1719054.275
Paulo de Faria,PAULO DE FARIA,5149,2025,Abril,4,1481175.52,240662.78,11386.67,4049.39,1851469.4
Paulo de Faria,PAULO DE FARIA,5149,2025,Maio,5,1371141.25,169292.44,9035.01,6702.39,1713926.5625
Paulo de Faria,PAULO DE FARIA,5149,2025,Junho,6,1039327.16,52326.75,11631.3,83.77,1299158.95
Paulo de Faria,PAULO DE FARIA,5149,2025,Julho,7,1881831.84,52533.0,10745.52,5970.48,2352289.8
Paulo de Faria,PAULO DE FARIA,5149,2025,Agosto,8,1388563.49,49436.14,9492.42,0.0,1735704.3624999998
Paulo de Faria,PAULO DE FARIA,5149,2025,Setembro,9,1676670.67,59107.45,11556.69,5788.99,2095838.3375
Paulo de Faria,PAULO DE FARIA,5149,2025,Outubro,10,1381668.06,44486.78,11513.87,72.42,1727085.075
Paulo de Faria,PAULO DE FARIA,5149,2025,Novembro,11,1272952.45,43706.08,10596.48,2949.24,1591190.5624999998
Paulo de Faria,PAULO DE FARIA,5149,2025,Dezembro,12,1995589.8,67162.46,12172.01,5496.22,2494487.25
Paulínia,PAULINIA,5137,2025,Janeiro,1,115343600.84,20882830.66,728070.9,262098.86,144179501.04999998
Paulínia,PAULINIA,5137,2025,Fevereiro,2,122782753.97,8231336.31,845326.27,281658.12,153478442.46249998
Paulínia,PAULINIA,5137,2025,Março,3,125451375.87,6844935.3,975125.12,6416.84,156814219.8375
Paulínia,PAULINIA,5137,2025,Abril,4,135114631.24,5677792.83,1038705.96,369389.85,168893289.05
Paulínia,PAULINIA,5137,2025,Maio,5,125077171.28,5626689.41,824184.25,611400.54,156346464.1
Paulínia,PAULINIA,5137,2025,Junho,6,94808686.79,1943302.01,1061021.46,7641.95,118510858.4875
Paulínia,PAULINIA,5137,2025,Julho,7,171662987.86,2570295.23,980219.53,544634.76,214578734.82500002
Paulínia,PAULINIA,5137,2025,Agosto,8,126666449.65,2454870.11,865910.42,0.0,158333062.0625
Paulínia,PAULINIA,5137,2025,Setembro,9,152947936.2,2095070.28,1054215.38,528078.92,191184920.24999997
Paulínia,PAULINIA,5137,2025,Outubro,10,126037439.85,1577187.58,1050308.87,6605.98,157546799.81249997
Paulínia,PAULINIA,5137,2025,Novembro,11,116120269.32,1374999.17,966623.87,269033.37,145150336.64999998
Paulínia,PAULINIA,5137,2025,Dezembro,12,182040127.4,2553882.01,1110345.72,501372.26,227550159.25
Pederneiras,PEDERNEIRAS,5150,2025,Janeiro,1,4972829.03,4857867.99,31512.01,11344.03,6216036.2875
Pederneiras,PEDERNEIRAS,5150,2025,Fevereiro,2,5314223.2,1629031.97,36587.0,12190.59,6642779.0
Pederneiras,PEDERNEIRAS,5150,2025,Março,3,5429725.19,1354924.25,42204.89,277.73,6787156.4875
Pederneiras,PEDERNEIRAS,5150,2025,Abril,4,5847965.49,1160031.25,44956.76,15987.75,7309956.8625
Pederneiras,PEDERNEIRAS,5150,2025,Maio,5,5413529.05,1101618.47,35671.94,26462.34,6766911.312499999
Pederneiras,PEDERNEIRAS,5150,2025,Junho,6,4103463.29,294975.17,45922.61,330.76,5129329.1125
Pederneiras,PEDERNEIRAS,5150,2025,Julho,7,7429833.61,487244.71,42425.38,23572.62,9287292.0125
Pederneiras,PEDERNEIRAS,5150,2025,Agosto,8,5482315.42,516208.94,37477.91,0.0,6852894.274999999
Pederneiras,PEDERNEIRAS,5150,2025,Setembro,9,6619817.89,510385.08,45628.04,22856.05,8274772.362499999
Pederneiras,PEDERNEIRAS,5150,2025,Outubro,10,5455090.93,476517.76,45458.96,285.92,6818863.6625
Pederneiras,PEDERNEIRAS,5150,2025,Novembro,11,5025860.79,378739.07,41836.94,11644.17,6282325.9875
Pederneiras,PEDERNEIRAS,5150,2025,Dezembro,12,7878971.9,689147.91,48057.44,21700.15,9848714.875
Pedra Bela,PEDRA BELA,5162,2025,Janeiro,1,528338.47,594848.78,3355.0,1207.77,660423.0874999999
Pedra Bela,PEDRA BELA,5162,2025,Fevereiro,2,565791.62,258977.29,3895.32,1297.9,707239.5249999999
Pedra Bela,PEDRA BELA,5162,2025,Março,3,578088.82,220418.99,4493.45,29.57,722611.0249999999
Pedra Bela,PEDRA BELA,5162,2025,Abril,4,622617.78,173427.67,4786.43,1702.17,778272.225
Pedra Bela,PEDRA BELA,5162,2025,Maio,5,576364.46,167967.4,3797.9,2817.38,720455.575
Pedra Bela,PEDRA BELA,5162,2025,Junho,6,436885.14,49236.3,4889.26,35.21,546106.4249999999
Pedra Bela,PEDRA BELA,5162,2025,Julho,7,791035.19,61410.93,4516.92,2509.72,988793.9874999999
Pedra Bela,PEDRA BELA,5162,2025,Agosto,8,583687.96,61847.22,3990.18,0.0,729609.95
Pedra Bela,PEDRA BELA,5162,2025,Setembro,9,704794.91,94733.56,4857.9,2433.43,880993.6375
Pedra Bela,PEDRA BELA,5162,2025,Outubro,10,580789.44,64962.78,4839.9,30.44,725986.7999999999
Pedra Bela,PEDRA BELA,5162,2025,Novembro,11,535090.42,53225.6,4454.27,1239.72,668863.025
Pedra Bela,PEDRA BELA,5162,2025,Dezembro,12,838853.79,78271.93,5116.55,2310.36,1048567.2375
Pedranópolis,PEDRANOPOLIS,5174,2025,Janeiro,1,523836.9,225737.32,3324.08,1196.64,654796.125
Pedranópolis,PEDRANOPOLIS,5174,2025,Fevereiro,2,560577.17,102234.29,3859.42,1285.94,700721.4625
Pedranópolis,PEDRANOPOLIS,5174,2025,Março,3,572761.03,62067.77,4452.03,29.3,715951.2875
Pedranópolis,PEDRANOPOLIS,5174,2025,Abril,4,616879.61,70638.63,4742.32,1686.49,771099.5125
Pedranópolis,PEDRANOPOLIS,5174,2025,Maio,5,571052.56,53027.89,3762.9,2791.41,713815.7000000001
Pedranópolis,PEDRANOPOLIS,5174,2025,Junho,6,432858.71,18353.75,4844.2,34.89,541073.3875
Pedranópolis,PEDRANOPOLIS,5174,2025,Julho,7,783744.85,16030.04,4475.29,2486.59,979681.0624999999
Pedranópolis,PEDRANOPOLIS,5174,2025,Agosto,8,578308.57,17774.53,3953.4,0.0,722885.7124999999
Pedranópolis,PEDRANOPOLIS,5174,2025,Setembro,9,698299.38,17111.83,4813.13,2411.0,872874.225
Pedranópolis,PEDRANOPOLIS,5174,2025,Outubro,10,575436.77,19244.51,4795.29,30.16,719295.9625
Pedranópolis,PEDRANOPOLIS,5174,2025,Novembro,11,530158.91,15307.2,4413.22,1228.3,662698.6375
Pedranópolis,PEDRANOPOLIS,5174,2025,Dezembro,12,831122.74,24233.8,5069.4,2289.07,1038903.4249999999
Pedregulho,PEDREGULHO,5186,2025,Janeiro,1,2464354.21,1443009.31,15635.45,5628.62,3080442.7624999997
Pedregulho,PEDREGULHO,5186,2025,Fevereiro,2,2636781.77,539808.48,18153.53,6048.66,3295977.2125
Pedregulho,PEDREGULHO,5186,2025,Março,3,2694090.91,365935.03,20940.99,137.8,3367613.6375
Pedregulho,PEDREGULHO,5186,2025,Abril,4,2901611.06,381240.33,22306.4,7932.71,3627013.8249999997
Pedregulho,PEDREGULHO,5186,2025,Maio,5,2686054.79,320646.35,17699.51,13129.94,3357568.4875
Pedregulho,PEDREGULHO,5186,2025,Junho,6,2036033.64,144119.4,22785.63,164.11,2545042.05
Pedregulho,PEDREGULHO,5186,2025,Julho,7,3686493.6,153034.58,21050.39,11696.13,4608117.0
Pedregulho,PEDREGULHO,5186,2025,Agosto,8,2720184.83,152103.52,18595.58,0.0,3400231.0375
Pedregulho,PEDREGULHO,5186,2025,Setembro,9,3284584.49,128621.29,22639.47,11340.59,4105730.6125000003
Pedregulho,PEDREGULHO,5186,2025,Outubro,10,2706676.74,154089.06,22555.57,141.86,3383345.9250000003
Pedregulho,PEDREGULHO,5186,2025,Novembro,11,2493703.71,127407.42,20758.42,5777.54,3117129.6374999997
Pedregulho,PEDREGULHO,5186,2025,Dezembro,12,3909344.54,184824.25,23844.87,10767.06,4886680.675
Pedreira,PEDREIRA,5198,2025,Janeiro,1,2925767.25,5569292.92,18523.12,6668.15,3657209.0625
Pedreira,PEDREIRA,5198,2025,Fevereiro,2,3123761.5,1913418.12,21506.26,7165.77,3904701.875
Pedreira,PEDREIRA,5198,2025,Março,3,3191654.9,1486128.93,24808.52,163.25,3989568.6249999995
Pedreira,PEDREIRA,5198,2025,Abril,4,3437501.36,1354749.48,26426.1,9397.78,4296876.699999999
Pedreira,PEDREIRA,5198,2025,Maio,5,3182134.62,1231609.58,20968.38,15554.87,3977668.275
Pedreira,PEDREIRA,5198,2025,Junho,6,2412062.9,321475.02,26993.84,194.42,3015078.6249999995
Pedreira,PEDREIRA,5198,2025,Julho,7,4367341.63,407607.36,24938.13,13856.25,5459177.0375
Pedreira,PEDREIRA,5198,2025,Agosto,8,3222568.04,435698.73,22029.95,0.0,4028210.05
Pedreira,PEDREIRA,5198,2025,Setembro,9,3891205.07,489208.92,26820.68,13435.05,4864006.337499999
Pedreira,PEDREIRA,5198,2025,Outubro,10,3206565.17,431987.33,26721.3,168.07,4008206.4625
Pedreira,PEDREIRA,5198,2025,Novembro,11,2954258.76,354370.01,24592.24,6844.58,3692823.4499999997
Pedreira,PEDREIRA,5198,2025,Dezembro,12,4631350.28,709546.6,28248.72,12755.6,5789187.85
Pedrinhas Paulista,PEDRINHAS PAULISTA,7559,2025,Janeiro,1,681667.19,484734.48,4313.96,1552.99,852083.9874999999
Pedrinhas Paulista,PEDRINHAS PAULISTA,7559,2025,Fevereiro,2,727512.2,147123.04,5008.73,1668.88,909390.2499999999
Pedrinhas Paulista,PEDRINHAS PAULISTA,7559,2025,Março,3,743324.32,105504.58,5777.81,38.02,929155.3999999999
Pedrinhas Paulista,PEDRINHAS PAULISTA,7559,2025,Abril,4,800581.02,111528.84,6154.54,2188.71,1000726.275
Pedrinhas Paulista,PEDRINHAS PAULISTA,7559,2025,Maio,5,741107.08,95975.01,4883.46,3622.67,926383.8499999999
Pedrinhas Paulista,PEDRINHAS PAULISTA,7559,2025,Junho,6,561760.3,21540.16,6286.76,45.28,702200.375
Pedrinhas Paulista,PEDRINHAS PAULISTA,7559,2025,Julho,7,1017137.29,30172.45,5808.0,3227.07,1271421.6125
Pedrinhas Paulista,PEDRINHAS PAULISTA,7559,2025,Agosto,8,750523.87,34020.02,5130.69,0.0,938154.8374999999
Pedrinhas Paulista,PEDRINHAS PAULISTA,7559,2025,Setembro,9,906246.9,23201.95,6246.44,3128.97,1132808.625
Pedrinhas Paulista,PEDRINHAS PAULISTA,7559,2025,Outubro,10,746796.86,25552.17,6223.29,39.14,933496.075
Pedrinhas Paulista,PEDRINHAS PAULISTA,7559,2025,Novembro,11,688035.66,15439.03,5727.44,1594.08,860044.575
Pedrinhas Paulista,PEDRINHAS PAULISTA,7559,2025,Dezembro,12,1078623.91,27119.77,6579.02,2970.73,1348279.8874999997
Pedro de Toledo,PEDRO DE TOLEDO,5204,2025,Janeiro,1,1214871.89,399426.91,7735.09,2784.56,1518589.8624999998
Pedro de Toledo,PEDRO DE TOLEDO,5204,2025,Fevereiro,2,1304454.84,185099.51,8980.82,2992.36,1630568.55
Pedro de Toledo,PEDRO DE TOLEDO,5204,2025,Março,3,1332806.51,163098.64,10359.82,68.17,1666008.1375
Pedro de Toledo,PEDRO DE TOLEDO,5204,2025,Abril,4,1435469.79,125013.72,11035.3,3924.43,1794337.2375
Pedro de Toledo,PEDRO DE TOLEDO,5204,2025,Maio,5,1328830.93,114684.12,8756.21,6495.57,1661038.6624999999
Pedro de Toledo,PEDRO DE TOLEDO,5204,2025,Junho,6,1007255.87,35996.65,11272.39,81.19,1259069.8375
Pedro de Toledo,PEDRO DE TOLEDO,5204,2025,Julho,7,1823762.76,51831.88,10413.94,5786.25,2279703.4499999997
Pedro de Toledo,PEDRO DE TOLEDO,5204,2025,Agosto,8,1345715.56,72461.16,9199.51,0.0,1682144.45
Pedro de Toledo,PEDRO DE TOLEDO,5204,2025,Setembro,9,1624932.4,72001.37,11200.08,5610.36,2031165.4999999998
Pedro de Toledo,PEDRO DE TOLEDO,5204,2025,Outubro,10,1339032.91,75796.6,11158.57,70.18,1673791.1374999997
Pedro de Toledo,PEDRO DE TOLEDO,5204,2025,Novembro,11,1233672.01,59041.08,10269.5,2858.23,1542090.0125
Pedro de Toledo,PEDRO DE TOLEDO,5204,2025,Dezembro,12,1934010.41,72733.78,11796.41,5326.62,2417513.0124999997
Penápolis,PENAPOLIS,5216,2025,Janeiro,1,3674784.78,8059338.72,23230.32,8362.7,4593480.975
Penápolis,PENAPOLIS,5216,2025,Fevereiro,2,3917588.32,3013709.04,26971.54,8986.77,4896985.399999999
Penápolis,PENAPOLIS,5216,2025,Março,3,4002735.15,2377440.0,31112.99,204.74,5003418.9375
Penápolis,PENAPOLIS,5216,2025,Abril,4,4311057.41,2193547.99,33141.64,11786.0,5388821.7625
Penápolis,PENAPOLIS,5216,2025,Maio,5,3990795.53,1895953.87,26296.97,19507.75,4988494.4125
Penápolis,PENAPOLIS,5216,2025,Junho,6,3025029.1,614812.11,33853.66,243.83,3781286.375
Penápolis,PENAPOLIS,5216,2025,Julho,7,5477193.62,662682.26,31275.54,17377.48,6846492.024999999
Penápolis,PENAPOLIS,5216,2025,Agosto,8,4041504.1,736087.73,27628.31,0.0,5051880.125
Penápolis,PENAPOLIS,5216,2025,Setembro,9,4880058.72,830704.03,33636.5,16849.24,6100073.399999999
Penápolis,PENAPOLIS,5216,2025,Outubro,10,4021434.5,832550.58,33511.85,210.77,5026793.125
Penápolis,PENAPOLIS,5216,2025,Novembro,11,3705010.65,707344.91,30841.74,8583.96,4631263.3125
Penápolis,PENAPOLIS,5216,2025,Dezembro,12,5808293.54,1072445.57,35427.43,15997.12,7260366.925
Pereira Barreto,PEREIRA BARRETO,5228,2025,Janeiro,1,2817411.3,2358016.02,17806.83,6410.3,3521764.1249999995
Pereira Barreto,PEREIRA BARRETO,5228,2025,Fevereiro,2,3002965.48,808780.31,20674.61,6888.67,3753706.8499999996
Pereira Barreto,PEREIRA BARRETO,5228,2025,Março,3,3068233.43,624158.68,23849.17,156.94,3835291.7875
Pereira Barreto,PEREIRA BARRETO,5228,2025,Abril,4,3304572.99,560738.11,25404.2,9034.37,4130716.2375000003
Pereira Barreto,PEREIRA BARRETO,5228,2025,Maio,5,3059081.3,541349.16,20157.53,14953.36,3823851.6249999995
Pereira Barreto,PEREIRA BARRETO,5228,2025,Junho,6,2318788.3,166799.25,25949.99,186.9,2898485.3749999995
Pereira Barreto,PEREIRA BARRETO,5228,2025,Julho,7,4198456.29,215656.07,23973.77,13320.43,5248070.3625
Pereira Barreto,PEREIRA BARRETO,5228,2025,Agosto,8,3097951.16,202763.33,21178.05,0.0,3872438.95
Pereira Barreto,PEREIRA BARRETO,5228,2025,Setembro,9,3740731.96,194686.76,25783.53,12915.52,4675914.949999999
Pereira Barreto,PEREIRA BARRETO,5228,2025,Outubro,10,3082567.12,188997.93,25687.98,161.57,3853208.9
Pereira Barreto,PEREIRA BARRETO,5228,2025,Novembro,11,2840017.42,132354.19,23641.25,6579.9,3550021.775
Pereira Barreto,PEREIRA BARRETO,5228,2025,Dezembro,12,4452255.71,314958.49,27156.34,12262.34,5565319.637499999
Pereiras,PEREIRAS,5230,2025,Janeiro,1,760380.97,545239.76,4806.75,1730.39,950476.2124999999
Pereiras,PEREIRAS,5230,2025,Fevereiro,2,810616.85,253191.89,5580.88,1859.52,1013271.0624999999
Pereiras,PEREIRAS,5230,2025,Março,3,828235.2,256102.37,6437.82,42.36,1035293.9999999999
Pereiras,PEREIRAS,5230,2025,Abril,4,892032.41,184040.31,6857.58,2438.73,1115040.5125
Pereiras,PEREIRAS,5230,2025,Maio,5,825764.69,211593.88,5441.3,4036.49,1032205.8624999999
Pereiras,PEREIRAS,5230,2025,Junho,6,625930.89,53956.56,7004.91,50.45,782413.6124999999
Pereiras,PEREIRAS,5230,2025,Julho,7,1133326.19,97114.65,6471.45,3595.7,1416657.7374999998
Pereiras,PEREIRAS,5230,2025,Agosto,8,836257.17,104686.06,5716.78,0.0,1045321.4625
Pereiras,PEREIRAS,5230,2025,Setembro,9,1009768.64,152532.76,6959.97,3486.4,1262210.8
Pereiras,PEREIRAS,5230,2025,Outubro,10,832104.42,70383.37,6934.18,43.61,1040130.525
Pereiras,PEREIRAS,5230,2025,Novembro,11,766630.85,53024.99,6381.69,1776.17,958288.5624999999
Pereiras,PEREIRAS,5230,2025,Dezembro,12,1201836.49,69155.56,7330.55,3310.08,1502295.6124999998
Peruíbe,PERUIBE,5241,2025,Janeiro,1,2627789.55,5179779.99,16731.14,6023.06,3284736.9374999995
Peruíbe,PERUIBE,5241,2025,Fevereiro,2,2821559.16,2197117.44,19425.68,6472.53,3526948.95
Peruíbe,PERUIBE,5241,2025,Março,3,2882884.34,1807029.38,22408.47,147.46,3603605.425
Peruíbe,PERUIBE,5241,2025,Abril,4,3104946.85,1735810.75,23869.56,8488.61,3881183.5625
Peruíbe,PERUIBE,5241,2025,Maio,5,2874285.08,1409915.83,18939.83,14050.04,3592856.35
Peruíbe,PERUIBE,5241,2025,Junho,6,2178712.48,508651.41,24382.37,175.61,2723390.5999999996
Peruíbe,PERUIBE,5241,2025,Julho,7,3944831.5,718360.74,22525.54,12515.76,4931039.375
Peruíbe,PERUIBE,5241,2025,Agosto,8,2910806.85,724939.93,19898.7,0.0,3638508.5625
Peruíbe,PERUIBE,5241,2025,Setembro,9,3514757.86,811440.26,24225.97,12135.3,4393447.324999999
Peruíbe,PERUIBE,5241,2025,Outubro,10,2896352.14,836777.7,24136.2,151.81,3620440.175
Peruíbe,PERUIBE,5241,2025,Novembro,11,2668454.64,609281.57,22213.11,6182.41,3335568.3
Peruíbe,PERUIBE,5241,2025,Dezembro,12,4183299.13,949210.7,25515.85,11521.58,5229123.9125
Piacatu,PIACATU,5253,2025,Janeiro,1,552322.16,596972.72,3494.11,1257.85,690402.7
Piacatu,PIACATU,5253,2025,Fevereiro,2,589251.21,217264.19,4056.84,1351.72,736564.0125
Piacatu,PIACATU,5253,2025,Março,3,602058.29,150098.91,4679.76,30.8,752572.8625
Piacatu,PIACATU,5253,2025,Abril,4,648433.57,114987.8,4984.89,1772.75,810541.9624999999
Piacatu,PIACATU,5253,2025,Maio,5,600262.43,121432.68,3955.37,2934.19,750328.0375
Piacatu,PIACATU,5253,2025,Junho,6,454999.84,37099.39,5091.99,36.67,568749.8
Piacatu,PIACATU,5253,2025,Julho,7,823834.13,40642.91,4704.21,2613.78,1029792.6625
Piacatu,PIACATU,5253,2025,Agosto,8,607889.59,63437.94,4155.62,0.0,759861.9874999999
Piacatu,PIACATU,5253,2025,Setembro,9,734018.04,33619.34,5059.32,2534.32,917522.55
Piacatu,PIACATU,5253,2025,Outubro,10,604870.89,54182.95,5040.58,31.7,756088.6124999999
Piacatu,PIACATU,5253,2025,Novembro,11,557277.03,40194.83,4638.96,1291.13,696596.2875
Piacatu,PIACATU,5253,2025,Dezembro,12,873635.44,58485.39,5328.7,2406.15,1092044.2999999998
Piedade,PIEDADE,5265,2025,Janeiro,1,3165847.12,5438789.95,20146.6,7252.59,3957308.9
Piedade,PIEDADE,5265,2025,Fevereiro,2,3397547.44,2062933.45,23391.2,7793.82,4246934.3
Piedade,PIEDADE,5265,2025,Março,3,3471391.44,1749860.42,26982.89,177.56,4339239.3
Piedade,PIEDADE,5265,2025,Abril,4,3738785.41,1433144.79,28742.25,10221.46,4673481.7625
Piedade,PIEDADE,5265,2025,Maio,5,3461036.75,1364995.34,22806.18,16918.19,4326295.9375
Piedade,PIEDADE,5265,2025,Junho,6,2623471.14,424591.33,29359.75,211.46,3279338.925
Piedade,PIEDADE,5265,2025,Julho,7,4750122.69,648154.87,27123.86,15070.7,5937653.3625
Piedade,PIEDADE,5265,2025,Agosto,8,3505014.0,651002.63,23960.79,0.0,4381267.5
Piedade,PIEDADE,5265,2025,Setembro,9,4232254.55,722713.78,29171.42,14612.58,5290318.187499999
Piedade,PIEDADE,5265,2025,Outubro,10,3487608.54,635320.25,29063.32,182.8,4359510.675
Piedade,PIEDADE,5265,2025,Novembro,11,3213188.43,484853.41,26747.65,7444.48,4016485.5375
Piedade,PIEDADE,5265,2025,Dezembro,12,5037270.7,646963.63,30724.61,13873.58,6296588.375
Pilar do Sul,PILAR DO SUL,5277,2025,Janeiro,1,2472114.8,3609817.42,15727.29,5661.68,3090143.4999999995
Pilar do Sul,PILAR DO SUL,5277,2025,Fevereiro,2,2652269.09,1451145.45,18260.16,6084.19,3315336.3625
Pilar do Sul,PILAR DO SUL,5277,2025,Março,3,2709914.84,1307086.48,21063.99,138.61,3387393.55
Pilar do Sul,PILAR DO SUL,5277,2025,Abril,4,2918653.87,1012636.05,22437.42,7979.31,3648317.3375
Pilar do Sul,PILAR DO SUL,5277,2025,Maio,5,2701831.52,1057595.05,17803.46,13207.06,3377289.4
Pilar do Sul,PILAR DO SUL,5277,2025,Junho,6,2047992.42,294449.49,22919.46,165.08,2559990.525
Pilar do Sul,PILAR DO SUL,5277,2025,Julho,7,3708146.48,553857.97,21174.03,11764.83,4635183.1
Pilar do Sul,PILAR DO SUL,5277,2025,Agosto,8,2736162.03,544652.73,18704.8,0.0,3420202.5374999996
Pilar do Sul,PILAR DO SUL,5277,2025,Setembro,9,3303876.73,478976.17,22772.44,11407.2,4129845.9124999996
Pilar do Sul,PILAR DO SUL,5277,2025,Outubro,10,2722574.59,312634.85,22688.05,142.7,3403218.2375
Pilar do Sul,PILAR DO SUL,5277,2025,Novembro,11,2508350.65,247869.32,20880.35,5811.48,3135438.3124999995
Pilar do Sul,PILAR DO SUL,5277,2025,Dezembro,12,3932306.35,359046.56,23984.93,10830.3,4915382.9375
Pindamonhangaba,PINDAMONHANGABA,5289,2025,Janeiro,1,17080864.74,13911839.1,107453.97,38682.45,21351080.924999997
Pindamonhangaba,PINDAMONHANGABA,5289,2025,Fevereiro,2,18121167.45,5888527.03,124759.37,41569.14,22651459.312499996
Pindamonhangaba,PINDAMONHANGABA,5289,2025,Março,3,18515021.99,4651687.56,143916.02,947.04,23143777.487499997
Pindamonhangaba,PINDAMONHANGABA,5289,2025,Abril,4,19941195.15,4156994.49,153299.74,54517.23,24926493.937499996
Pindamonhangaba,PINDAMONHANGABA,5289,2025,Maio,5,18459794.17,3707296.2,121639.08,90234.92,23074742.712500002
Pindamonhangaba,PINDAMONHANGABA,5289,2025,Junho,6,13992552.16,1166935.04,156593.23,1127.85,17490690.2
Pindamonhangaba,PINDAMONHANGABA,5289,2025,Julho,7,25335266.14,1409460.57,144667.89,80381.14,31669082.675
Pindamonhangaba,PINDAMONHANGABA,5289,2025,Agosto,8,18694351.37,1559658.27,127797.33,0.0,23367939.2125
Pindamonhangaba,PINDAMONHANGABA,5289,2025,Setembro,9,22573163.36,1594627.82,155588.74,77937.71,28216454.2
Pindamonhangaba,PINDAMONHANGABA,5289,2025,Outubro,10,18601517.55,1622704.81,155012.18,974.96,23251896.9375
Pindamonhangaba,PINDAMONHANGABA,5289,2025,Novembro,11,17137869.75,1166546.15,142661.35,39705.89,21422337.1875
Pindamonhangaba,PINDAMONHANGABA,5289,2025,Dezembro,12,26866799.49,2010365.31,163872.86,73996.15,33583499.3625
Pindorama,PINDORAMA,5290,2025,Janeiro,1,984087.3,1473966.67,6223.33,2240.34,1230109.125
Pindorama,PINDORAMA,5290,2025,Fevereiro,2,1049509.14,566528.41,7225.59,2407.53,1311886.4249999998
Pindorama,PINDORAMA,5290,2025,Março,3,1072319.7,443687.4,8335.07,54.85,1340399.6249999998
Pindorama,PINDORAMA,5290,2025,Abril,4,1154918.23,398999.19,8878.54,3157.43,1443647.7874999999
Pindorama,PINDORAMA,5290,2025,Maio,5,1069121.11,354092.61,7044.87,5226.06,1336401.3875
Pindorama,PINDORAMA,5290,2025,Junho,6,810395.44,123940.8,9069.28,65.32,1012994.2999999999
Pindorama,PINDORAMA,5290,2025,Julho,7,1467322.32,132516.15,8378.61,4655.37,1834152.9
Pindorama,PINDORAMA,5290,2025,Agosto,8,1082705.78,175455.31,7401.54,0.0,1353382.2249999999
Pindorama,PINDORAMA,5290,2025,Setembro,9,1307351.82,132035.49,9011.11,4513.86,1634189.775
Pindorama,PINDORAMA,5290,2025,Outubro,10,1077329.19,162460.7,8977.72,56.47,1346661.4874999998
Pindorama,PINDORAMA,5290,2025,Novembro,11,992560.28,113958.3,8262.4,2299.61,1240700.3499999999
Pindorama,PINDORAMA,5290,2025,Dezembro,12,1556022.91,211381.96,9490.89,4285.58,1945028.6374999997
Pinhalzinho,PINHALZINHO,5319,2025,Janeiro,1,736133.09,1648691.61,4679.97,1684.75,920166.3624999999
Pinhalzinho,PINHALZINHO,5319,2025,Fevereiro,2,789236.51,618555.84,5433.68,1810.47,986545.6375
Pinhalzinho,PINHALZINHO,5319,2025,Março,3,806390.17,501098.02,6268.02,41.25,1007987.7125
Pinhalzinho,PINHALZINHO,5319,2025,Abril,4,868504.71,430156.2,6676.71,2374.4,1085630.8875
Pinhalzinho,PINHALZINHO,5319,2025,Maio,5,803984.81,407983.03,5297.78,3930.03,1004981.0125000001
Pinhalzinho,PINHALZINHO,5319,2025,Junho,6,609421.72,126974.6,6820.15,49.12,761777.1499999999
Pinhalzinho,PINHALZINHO,5319,2025,Julho,7,1103434.26,146713.14,6300.76,3500.86,1379292.825
Pinhalzinho,PINHALZINHO,5319,2025,Agosto,8,814200.55,141363.64,5565.99,0.0,1017750.6875
Pinhalzinho,PINHALZINHO,5319,2025,Setembro,9,983135.59,162882.74,6776.4,3394.44,1228919.4874999998
Pinhalzinho,PINHALZINHO,5319,2025,Outubro,10,810157.33,120389.73,6751.29,42.46,1012696.6624999999
Pinhalzinho,PINHALZINHO,5319,2025,Novembro,11,746410.65,91621.03,6213.37,1729.32,933013.3125
Pinhalzinho,PINHALZINHO,5319,2025,Dezembro,12,1170137.58,184777.75,7137.2,3222.78,1462671.975
Piquerobi,PIQUEROBI,5320,2025,Janeiro,1,752495.97,315741.83,4764.88,1715.31,940619.9624999999
Piquerobi,PIQUEROBI,5320,2025,Fevereiro,2,803555.38,89358.23,5532.26,1843.32,1004444.225
Piquerobi,PIQUEROBI,5320,2025,Março,3,821020.26,67433.19,6381.74,42.0,1026275.325
Piquerobi,PIQUEROBI,5320,2025,Abril,4,884261.72,65132.78,6797.84,2417.48,1105327.15
Piquerobi,PIQUEROBI,5320,2025,Maio,5,818571.27,62343.62,5393.9,4001.33,1023214.0875
Piquerobi,PIQUEROBI,5320,2025,Junho,6,620478.27,14714.86,6943.89,50.01,775597.8375
Piquerobi,PIQUEROBI,5320,2025,Julho,7,1123453.53,16785.08,6415.08,3564.38,1404316.9124999999
Piquerobi,PIQUEROBI,5320,2025,Agosto,8,828972.35,17453.62,5666.98,0.0,1036215.4374999999
Piquerobi,PIQUEROBI,5320,2025,Setembro,9,1000972.32,19358.85,6899.34,3456.03,1251215.4
Piquerobi,PIQUEROBI,5320,2025,Outubro,10,824855.77,18959.68,6873.78,43.23,1031069.7125
Piquerobi,PIQUEROBI,5320,2025,Novembro,11,759952.56,13206.07,6326.1,1760.7,949940.7000000001
Piquerobi,PIQUEROBI,5320,2025,Dezembro,12,1191367.03,25493.15,7266.69,3281.25,1489208.7874999999
Piquete,PIQUETE,5332,2025,Janeiro,1,575526.59,760100.15,3664.38,1319.14,719408.2374999999
Piquete,PIQUETE,5332,2025,Fevereiro,2,617965.17,323049.47,4254.52,1417.58,772456.4625
Piquete,PIQUETE,5332,2025,Março,3,631396.33,234957.04,4907.8,32.3,789245.4124999999
Piquete,PIQUETE,5332,2025,Abril,4,680031.46,222865.4,5227.8,1859.14,850039.325
Piquete,PIQUETE,5332,2025,Maio,5,629512.96,165772.79,4148.12,3077.18,786891.2
Piquete,PIQUETE,5332,2025,Junho,6,477171.79,40991.09,5340.12,38.46,596464.7374999999
Piquete,PIQUETE,5332,2025,Julho,7,863979.21,78278.79,4933.44,2741.14,1079974.0125
Piquete,PIQUETE,5332,2025,Agosto,8,637511.79,69180.59,4358.12,0.0,796889.7375
Piquete,PIQUETE,5332,2025,Setembro,9,769786.42,43766.83,5305.86,2657.82,962233.025
Piquete,PIQUETE,5332,2025,Outubro,10,634345.99,71589.78,5286.2,33.25,792932.4874999999
Piquete,PIQUETE,5332,2025,Novembro,11,584432.91,49559.34,4865.01,1354.04,730541.1375
Piquete,PIQUETE,5332,2025,Dezembro,12,916207.32,82552.46,5588.37,2523.4,1145259.15
Piracaia,PIRACAIA,5344,2025,Janeiro,1,1644561.13,2789824.56,10466.33,3767.78,2055701.4124999999
Piracaia,PIRACAIA,5344,2025,Fevereiro,2,1765053.87,1194302.16,12151.92,4048.95,2206317.3375
Piracaia,PIRACAIA,5344,2025,Março,3,1803416.43,977365.53,14017.83,92.24,2254270.5374999996
Piracaia,PIRACAIA,5344,2025,Abril,4,1942329.8,878508.64,14931.84,5310.13,2427912.25
Piracaia,PIRACAIA,5344,2025,Maio,5,1798037.08,747735.29,11848.0,8789.14,2247546.35
Piracaia,PIRACAIA,5344,2025,Junho,6,1362914.86,215603.69,15252.63,109.86,1703643.575
Piracaia,PIRACAIA,5344,2025,Julho,7,2467727.84,278356.7,14091.07,7829.35,3084659.8
Piracaia,PIRACAIA,5344,2025,Agosto,8,1820883.63,293534.55,12447.83,0.0,2276104.5374999996
Piracaia,PIRACAIA,5344,2025,Setembro,9,2198691.08,343367.84,15154.79,7591.36,2748363.85
Piracaia,PIRACAIA,5344,2025,Outubro,10,1811841.35,341682.75,15098.63,94.96,2264801.6875
Piracaia,PIRACAIA,5344,2025,Novembro,11,1669277.84,246753.89,13895.63,3867.47,2086597.3
Piracaia,PIRACAIA,5344,2025,Dezembro,12,2616903.6,371228.58,15961.69,7207.44,3271129.5
Piracicaba,PIRACICABA,5356,2025,Janeiro,1,45268008.05,67899887.62,286568.63,103162.08,56585010.06249999
Piracicaba,PIRACICABA,5356,2025,Fevereiro,2,48327278.97,27154676.48,332720.33,110860.61,60409098.7125
Piracicaba,PIRACICABA,5356,2025,Março,3,49377648.27,20869051.97,383809.15,2525.67,61722060.3375
Piracicaba,PIRACICABA,5356,2025,Abril,4,53181104.56,18631984.3,408834.56,145391.81,66476380.7
Piracicaba,PIRACICABA,5356,2025,Maio,5,49230361.38,16298419.98,324398.83,240647.19,61537951.725
Piracicaba,PIRACICABA,5356,2025,Junho,6,37316689.09,4779531.96,417617.93,3007.87,46645861.362500004
Piracicaba,PIRACICABA,5356,2025,Julho,7,67566533.85,6153867.09,385814.3,214368.18,84458167.31249999
Piracicaba,PIRACICABA,5356,2025,Agosto,8,49855901.18,5527409.41,340822.25,0.0,62319876.474999994
Piracicaba,PIRACICABA,5356,2025,Setembro,9,60200291.5,5520649.28,414939.06,207851.81,75250364.375
Piracicaba,PIRACICABA,5356,2025,Outubro,10,49608322.99,5037236.94,413401.46,2600.11,62010403.7375
Piracicaba,PIRACICABA,5356,2025,Novembro,11,45704925.72,3863195.34,380463.05,105891.51,57131157.15
Piracicaba,PIRACICABA,5356,2025,Dezembro,12,71650974.88,7517061.85,437031.96,197340.07,89563718.6
Piraju,PIRAJU,5370,2025,Janeiro,1,2040825.41,3091916.51,12929.76,4654.59,2551031.7624999997
Piraju,PIRAJU,5370,2025,Fevereiro,2,2180490.01,1149709.67,15012.09,5001.95,2725612.5124999997
Piraju,PIRAJU,5370,2025,Março,3,2227881.88,931789.25,17317.18,113.96,2784852.3499999996
Piraju,PIRAJU,5370,2025,Abril,4,2399490.93,821613.66,18446.3,6559.97,2999363.6625
Piraju,PIRAJU,5370,2025,Maio,5,2221236.4,708751.03,14636.63,10857.82,2776545.4999999995
Piraju,PIRAJU,5370,2025,Junho,6,1683700.59,234379.6,18842.6,135.71,2104625.7375
Piraju,PIRAJU,5370,2025,Julho,7,3048550.54,256667.36,17407.65,9672.13,3810688.175
Piraju,PIRAJU,5370,2025,Agosto,8,2249460.28,280562.99,15377.64,0.0,2811825.3499999996
Piraju,PIRAJU,5370,2025,Setembro,9,2716191.29,306875.55,18721.73,9378.12,3395239.1125
Piraju,PIRAJU,5370,2025,Outubro,10,2238289.74,308382.61,18652.36,117.32,2797862.1750000003
Piraju,PIRAJU,5370,2025,Novembro,11,2062171.43,226369.5,17166.2,4777.74,2577714.2874999996
Piraju,PIRAJU,5370,2025,Dezembro,12,3232837.41,366585.11,19718.55,8903.83,4041046.7625
Pirajuí,PIRAJUI,5381,2025,Janeiro,1,1821052.89,2051157.1,11530.57,4150.9,2276316.1125
Pirajuí,PIRAJUI,5381,2025,Fevereiro,2,1944529.71,818442.44,13387.56,4460.66,2430662.1374999997
Pirajuí,PIRAJUI,5381,2025,Março,3,1986793.1,614066.36,15443.21,101.62,2483491.375
Pirajuí,PIRAJUI,5381,2025,Abril,4,2139831.59,547080.96,16450.15,5850.09,2674789.4875
Pirajuí,PIRAJUI,5381,2025,Maio,5,1980866.76,477644.01,13052.74,9682.85,2476083.4499999997
Pirajuí,PIRAJUI,5381,2025,Junho,6,1501500.03,166945.88,16803.56,121.03,1876875.0374999999
Pirajuí,PIRAJUI,5381,2025,Julho,7,2718653.64,176152.73,15523.89,8625.47,3398317.05
Pirajuí,PIRAJUI,5381,2025,Agosto,8,2006036.41,212091.25,13713.56,0.0,2507545.5124999997
Pirajuí,PIRAJUI,5381,2025,Setembro,9,2422260.43,201571.81,16695.77,8363.27,3027825.5375
Pirajuí,PIRAJUI,5381,2025,Outubro,10,1996074.68,199311.34,16633.91,104.62,2495093.3499999996
Pirajuí,PIRAJUI,5381,2025,Novembro,11,1839014.9,155747.61,15308.57,4260.72,2298768.6249999995
Pirajuí,PIRAJUI,5381,2025,Dezembro,12,2882998.02,263182.47,17584.72,7940.31,3603747.525
Pirangí,PIRANGI,5393,2025,Janeiro,1,858753.52,1573765.21,5436.65,1957.15,1073441.9
Pirangí,PIRANGI,5393,2025,Fevereiro,2,916843.62,531164.38,6312.22,2103.2,1146054.525
Pirangí,PIRANGI,5393,2025,Março,3,936770.75,462599.22,7281.46,47.92,1170963.4375
Pirangí,PIRANGI,5393,2025,Abril,4,1008928.23,348947.17,7756.23,2758.31,1261160.2874999999
Pirangí,PIRANGI,5393,2025,Maio,5,933976.49,405246.18,6154.35,4565.45,1167470.6124999998
Pirangí,PIRANGI,5393,2025,Junho,6,707955.61,120161.46,7922.86,57.06,884944.5125
Pirangí,PIRANGI,5393,2025,Julho,7,1281842.19,173321.59,7319.5,4066.9,1602302.7374999998
Pirangí,PIRANGI,5393,2025,Agosto,8,945843.96,211337.16,6465.93,0.0,1182304.95
Pirangí,PIRANGI,5393,2025,Setembro,9,1142093.12,215711.38,7872.04,3943.27,1427616.4000000001
Pirangí,PIRANGI,5393,2025,Outubro,10,941147.01,138734.74,7842.87,49.33,1176433.7625
Pirangí,PIRANGI,5393,2025,Novembro,11,867093.5,110311.42,7217.98,2008.93,1083866.875
Pirangí,PIRANGI,5393,2025,Dezembro,12,1359330.39,138025.33,8291.18,3743.85,1699162.9874999998
Pirapora do Bom Jesus,PIRAPORA DO BOM JESUS,5400,2025,Janeiro,1,1104589.78,947372.96,6886.68,2479.14,1380737.2249999999
Pirapora do Bom Jesus,PIRAPORA DO BOM JESUS,5400,2025,Fevereiro,2,1161378.55,476762.92,7995.78,2664.15,1451723.1875
Pirapora do Bom Jesus,PIRAPORA DO BOM JESUS,5400,2025,Março,3,1186620.53,391822.51,9223.52,60.7,1483275.6624999999
Pirapora do Bom Jesus,PIRAPORA DO BOM JESUS,5400,2025,Abril,4,1278023.41,348548.7,9824.92,3493.99,1597529.2624999997
Pirapora do Bom Jesus,PIRAPORA DO BOM JESUS,5400,2025,Maio,5,1183081.0,305780.84,7795.8,5783.12,1478851.25
Pirapora do Bom Jesus,PIRAPORA DO BOM JESUS,5400,2025,Junho,6,896777.21,97145.93,10036.0,72.28,1120971.5125
Pirapora do Bom Jesus,PIRAPORA DO BOM JESUS,5400,2025,Julho,7,1623727.32,141876.56,9271.71,5151.6,2029659.15
Pirapora do Bom Jesus,PIRAPORA DO BOM JESUS,5400,2025,Agosto,8,1198113.68,162499.87,8190.48,0.0,1497642.0999999999
Pirapora do Bom Jesus,PIRAPORA DO BOM JESUS,5400,2025,Setembro,9,1446705.23,181319.46,9971.62,4995.0,1808381.5374999999
Pirapora do Bom Jesus,PIRAPORA DO BOM JESUS,5400,2025,Outubro,10,1192164.0,119729.45,9934.67,62.48,1490205.0
Pirapora do Bom Jesus,PIRAPORA DO BOM JESUS,5400,2025,Novembro,11,1098359.38,105406.27,9143.11,2544.74,1372949.2249999999
Pirapora do Bom Jesus,PIRAPORA DO BOM JESUS,5400,2025,Dezembro,12,1721882.69,142581.14,10502.55,4742.38,2152353.3625
Pirapozinho,PIRAPOZINHO,5411,2025,Janeiro,1,1909392.84,2412683.75,12091.49,4352.82,2386741.05
Pirapozinho,PIRAPOZINHO,5411,2025,Fevereiro,2,2039122.85,944777.44,14038.81,4677.66,2548903.5625
Pirapozinho,PIRAPOZINHO,5411,2025,Março,3,2083442.16,800694.8,16194.46,106.57,2604302.6999999997
Pirapozinho,PIRAPOZINHO,5411,2025,Abril,4,2243925.33,691692.17,17250.38,6134.67,2804906.6625
Pirapozinho,PIRAPOZINHO,5411,2025,Maio,5,2077227.54,622800.93,13687.7,10153.88,2596534.425
Pirapozinho,PIRAPOZINHO,5411,2025,Junho,6,1574541.64,218611.97,17620.99,126.91,1968177.0499999998
Pirapozinho,PIRAPOZINHO,5411,2025,Julho,7,2850904.62,278074.92,16279.06,9045.06,3563630.775
Pirapozinho,PIRAPOZINHO,5411,2025,Agosto,8,2103621.58,256122.01,14380.67,0.0,2629526.975
Pirapozinho,PIRAPOZINHO,5411,2025,Setembro,9,2540093.14,267889.14,17507.95,8770.11,3175116.425
Pirapozinho,PIRAPOZINHO,5411,2025,Outubro,10,2093175.26,267300.66,17443.08,109.71,2616469.0749999997
Pirapozinho,PIRAPOZINHO,5411,2025,Novembro,11,1928475.19,180041.22,16053.27,4467.99,2410593.9875
Pirapozinho,PIRAPOZINHO,5411,2025,Dezembro,12,3023243.66,332222.0,18440.14,8326.57,3779054.575
Pirassununga,PIRASSUNUNGA,5368,2025,Janeiro,1,5398080.95,10296439.76,33997.39,12238.75,6747601.1875
Pirassununga,PIRASSUNUNGA,5368,2025,Fevereiro,2,5733360.63,3631812.15,39472.65,13152.07,7166700.7875
Pirassununga,PIRASSUNUNGA,5368,2025,Março,3,5857972.36,2863486.38,45533.63,299.64,7322465.45
Pirassununga,PIRASSUNUNGA,5368,2025,Abril,4,6309199.64,2614742.48,48502.54,17248.72,7886499.549999999
Pirassununga,PIRASSUNUNGA,5368,2025,Maio,5,5840498.82,2371251.33,38485.42,28549.45,7300623.525
Pirassununga,PIRASSUNUNGA,5368,2025,Junho,6,4427107.02,676987.33,49544.57,356.84,5533883.774999999
Pirassununga,PIRASSUNUNGA,5368,2025,Julho,7,8015831.08,887815.17,45771.51,25431.81,10019788.85
Pirassununga,PIRASSUNUNGA,5368,2025,Agosto,8,5914710.43,894488.22,40433.83,0.0,7393388.0375
Pirassununga,PIRASSUNUNGA,5368,2025,Setembro,9,7141928.71,937029.72,49226.76,24658.73,8927410.8875
Pirassununga,PIRASSUNUNGA,5368,2025,Outubro,10,5885338.71,716692.32,49044.34,308.47,7356673.387499999
Pirassununga,PIRASSUNUNGA,5368,2025,Novembro,11,5422254.82,532438.85,45136.66,12562.56,6777818.525
Pirassununga,PIRASSUNUNGA,5368,2025,Dezembro,12,8500393.3,929197.72,51847.77,23411.66,10625491.625
Piratininga,PIRATININGA,5423,2025,Janeiro,1,918232.11,1809480.14,5829.92,2098.72,1147790.1375
Piratininga,PIRATININGA,5423,2025,Fevereiro,2,983165.49,787189.61,6768.83,2255.34,1228956.8624999998
Piratininga,PIRATININGA,5423,2025,Março,3,1004534.1,633140.19,7808.18,51.38,1255667.625
Piratininga,PIRATININGA,5423,2025,Abril,4,1081911.25,544674.22,8317.29,2957.84,1352389.0625
Piratininga,PIRATININGA,5423,2025,Maio,5,1001537.71,520482.66,6599.54,4895.7,1251922.1375
Piratininga,PIRATININGA,5423,2025,Junho,6,759167.12,145118.8,8495.98,61.19,948958.8999999999
Piratininga,PIRATININGA,5423,2025,Julho,7,1374567.03,214217.49,7848.97,4361.09,1718208.7874999999
Piratininga,PIRATININGA,5423,2025,Agosto,8,1014263.64,201709.92,6933.66,0.0,1267829.55
Piratininga,PIRATININGA,5423,2025,Setembro,9,1224708.91,189984.93,8441.48,4228.52,1530886.1374999997
Piratininga,PIRATININGA,5423,2025,Outubro,10,1009226.93,188761.43,8410.2,52.9,1261533.6625
Piratininga,PIRATININGA,5423,2025,Novembro,11,929816.59,161604.98,7740.1,2154.25,1162270.7374999998
Piratininga,PIRATININGA,5423,2025,Dezembro,12,1457660.51,223672.86,8890.94,4014.67,1822075.6375
Pitangueiras,PITANGUEIRAS,5435,2025,Janeiro,1,3689684.69,3838639.89,23295.56,8386.19,4612105.8625
Pitangueiras,PITANGUEIRAS,5435,2025,Fevereiro,2,3928590.56,1049800.98,27047.29,9012.01,4910738.2
Pitangueiras,PITANGUEIRAS,5435,2025,Março,3,4013976.52,910200.78,31200.37,205.31,5017470.649999999
Pitangueiras,PITANGUEIRAS,5435,2025,Abril,4,4323164.68,722586.39,33234.72,11819.1,5403955.85
Pitangueiras,PITANGUEIRAS,5435,2025,Maio,5,4002003.37,704990.01,26370.82,19562.54,5002504.212499999
Pitangueiras,PITANGUEIRAS,5435,2025,Junho,6,3033524.66,251137.4,33948.73,244.51,3791905.825
Pitangueiras,PITANGUEIRAS,5435,2025,Julho,7,5492575.89,312520.76,31363.37,17426.28,6865719.862499999
Pitangueiras,PITANGUEIRAS,5435,2025,Agosto,8,4052854.35,334608.76,27705.91,0.0,5066067.9375
Pitangueiras,PITANGUEIRAS,5435,2025,Setembro,9,4893763.98,351335.16,33730.96,16896.56,6117204.975000001
Pitangueiras,PITANGUEIRAS,5435,2025,Outubro,10,4032728.38,307691.22,33605.97,211.37,5040910.475
Pitangueiras,PITANGUEIRAS,5435,2025,Novembro,11,3715415.88,228619.14,30928.36,8608.07,4644269.85
Pitangueiras,PITANGUEIRAS,5435,2025,Dezembro,12,5824605.68,347963.35,35526.93,16042.04,7280757.1
Planalto,PLANALTO,5447,2025,Janeiro,1,951950.43,510449.9,5986.74,2155.17,1189938.0375
Planalto,PLANALTO,5447,2025,Fevereiro,2,1009611.51,136541.8,6950.9,2316.0,1262014.3875
Planalto,PLANALTO,5447,2025,Março,3,1031554.91,127626.3,8018.21,52.76,1289443.6375
Planalto,PLANALTO,5447,2025,Abril,4,1111013.41,130780.14,8541.02,3037.4,1388766.7624999997
Planalto,PLANALTO,5447,2025,Maio,5,1028477.92,134189.65,6777.06,5027.39,1285597.4
Planalto,PLANALTO,5447,2025,Junho,6,779587.84,28877.85,8724.51,62.84,974484.7999999999
Planalto,PLANALTO,5447,2025,Julho,7,1411541.3,31400.27,8060.1,4478.39,1764426.625
Planalto,PLANALTO,5447,2025,Agosto,8,1041546.16,58882.38,7120.16,0.0,1301932.7
Planalto,PLANALTO,5447,2025,Setembro,9,1257652.17,54380.44,8668.55,4342.26,1572065.2125
Planalto,PLANALTO,5447,2025,Outubro,10,1036373.97,30662.1,8636.42,54.32,1295467.4625
Planalto,PLANALTO,5447,2025,Novembro,11,954827.58,27979.08,7948.3,2212.19,1193534.4749999999
Planalto,PLANALTO,5447,2025,Dezembro,12,1496869.89,33120.17,9130.09,4122.66,1871087.3624999998
Platina,PLATINA,5459,2025,Janeiro,1,917857.06,282222.55,5779.83,2080.69,1147321.325
Platina,PLATINA,5459,2025,Fevereiro,2,974717.86,88133.34,6710.67,2235.96,1218397.325
Platina,PLATINA,5459,2025,Março,3,995902.87,65453.33,7741.09,50.94,1244878.5875
Platina,PLATINA,5459,2025,Abril,4,1072615.17,67744.7,8245.83,2932.42,1340768.9625
Platina,PLATINA,5459,2025,Maio,5,992932.22,55060.85,6542.83,4853.64,1241165.275
Platina,PLATINA,5459,2025,Junho,6,752644.14,14059.63,8422.98,60.67,940805.1749999999
Platina,PLATINA,5459,2025,Julho,7,1362756.37,20188.91,7781.53,4323.61,1703445.4625000001
Platina,PLATINA,5459,2025,Agosto,8,1005548.8,17763.24,6874.08,0.0,1256936.0
Platina,PLATINA,5459,2025,Setembro,9,1214185.87,15309.39,8368.95,4192.18,1517732.3375000001
Platina,PLATINA,5459,2025,Outubro,10,1000555.37,28773.83,8337.94,52.44,1250694.2125
Platina,PLATINA,5459,2025,Novembro,11,921827.35,11055.64,7673.6,2135.74,1152284.1875
Platina,PLATINA,5459,2025,Dezembro,12,1445135.89,22422.43,8814.54,3980.17,1806419.8624999998
Poloni,POLONI,5472,2025,Janeiro,1,650117.66,635047.68,4103.85,1477.35,812647.075
Poloni,POLONI,5472,2025,Fevereiro,2,692077.88,240117.48,4764.77,1587.6,865097.35
Poloni,POLONI,5472,2025,Março,3,707119.85,191850.24,5496.4,36.17,883899.8124999999
Poloni,POLONI,5472,2025,Abril,4,761587.8,168843.11,5854.78,2082.1,951984.75
Poloni,POLONI,5472,2025,Maio,5,705010.6,158589.91,4645.6,3446.22,881263.2499999999
Poloni,POLONI,5472,2025,Junho,6,534399.11,31988.7,5980.56,43.07,667998.8875
Poloni,POLONI,5472,2025,Julho,7,967596.45,51462.5,5525.11,3069.89,1209495.5624999998
Poloni,POLONI,5472,2025,Agosto,8,713968.74,62352.48,4880.8,0.0,892460.9249999999
Poloni,POLONI,5472,2025,Setembro,9,862107.09,40295.41,5942.2,2976.57,1077633.8624999998
Poloni,POLONI,5472,2025,Outubro,10,710423.26,52995.69,5920.18,37.24,888029.075
Poloni,POLONI,5472,2025,Novembro,11,654524.08,40901.72,5448.48,1516.43,818155.0999999999
Poloni,POLONI,5472,2025,Dezembro,12,1026088.28,56254.65,6258.58,2826.04,1282610.3499999999
Pompéia,POMPEIA,5484,2025,Janeiro,1,4550690.28,3045934.03,28710.28,10335.44,5688362.85
Pompéia,POMPEIA,5484,2025,Fevereiro,2,4841736.52,989838.82,33334.05,11106.73,6052170.649999999
Pompéia,POMPEIA,5484,2025,Março,3,4946969.25,765078.91,38452.46,253.04,6183711.5625
Pompéia,POMPEIA,5484,2025,Abril,4,5328023.88,697278.8,40959.67,14566.28,6660029.85
Pompéia,POMPEIA,5484,2025,Maio,5,4932213.11,607311.12,32500.35,24109.58,6165266.3875
Pompéia,POMPEIA,5484,2025,Junho,6,3738625.07,231870.17,41839.64,301.35,4673281.337499999
Pompéia,POMPEIA,5484,2025,Julho,7,6769248.38,212800.24,38653.35,21476.78,8461560.475
Pompéia,POMPEIA,5484,2025,Agosto,8,4994883.69,199718.7,34145.76,0.0,6243604.6125
Pompéia,POMPEIA,5484,2025,Setembro,9,6031251.01,235135.17,41571.25,20823.93,7539063.762499999
Pompéia,POMPEIA,5484,2025,Outubro,10,4970079.72,210173.32,41417.21,260.5,6212599.649999999
Pompéia,POMPEIA,5484,2025,Novembro,11,4579012.37,202307.85,38117.23,10608.89,5723765.462499999
Pompéia,POMPEIA,5484,2025,Dezembro,12,7178453.86,386096.13,43784.66,19770.79,8973067.325
Pongaí,PONGAI,5496,2025,Janeiro,1,563401.66,331668.7,3559.83,1281.5,704252.075
Pongaí,PONGAI,5496,2025,Fevereiro,2,600333.28,140838.87,4133.13,1377.14,750416.6
Pongaí,PONGAI,5496,2025,Março,3,613381.22,128711.12,4767.77,31.37,766726.5249999999
Pongaí,PONGAI,5496,2025,Abril,4,660628.69,102409.51,5078.64,1806.09,825785.8624999999
Pongaí,PONGAI,5496,2025,Maio,5,611551.59,98780.1,4029.76,2989.38,764439.4874999999
Pongaí,PONGAI,5496,2025,Junho,6,463557.04,24712.63,5187.75,37.36,579446.2999999999
Pongaí,PONGAI,5496,2025,Julho,7,839328.01,38438.42,4792.68,2662.93,1049160.0125
Pongaí,PONGAI,5496,2025,Agosto,8,619322.2,26215.39,4233.78,0.0,774152.7499999999
Pongaí,PONGAI,5496,2025,Setembro,9,747822.75,45221.94,5154.47,2581.99,934778.4375
Pongaí,PONGAI,5496,2025,Outubro,10,616246.72,16338.41,5135.37,32.3,770308.3999999999
Pongaí,PONGAI,5496,2025,Novembro,11,567757.77,18171.33,4726.21,1315.41,709697.2125
Pongaí,PONGAI,5496,2025,Dezembro,12,890065.93,44009.59,5428.92,2451.41,1112582.4125
Pontal,PONTAL,5502,2025,Janeiro,1,2818874.87,3149941.01,17791.88,6404.91,3523593.5875
Pontal,PONTAL,5502,2025,Fevereiro,2,3000443.52,1008795.52,20657.25,6882.88,3750554.4
Pontal,PONTAL,5502,2025,Março,3,3065656.67,924621.63,23829.14,156.81,3832070.8375
Pontal,PONTAL,5502,2025,Abril,4,3301797.75,780426.74,25382.87,9026.78,4127247.1875
Pontal,PONTAL,5502,2025,Maio,5,3056512.23,794941.6,20140.6,14940.8,3820640.2874999996
Pontal,PONTAL,5502,2025,Junho,6,2316840.93,194190.23,25928.19,186.75,2896051.1625
Pontal,PONTAL,5502,2025,Julho,7,4194930.34,412039.14,23953.64,13309.25,5243662.925
Pontal,PONTAL,5502,2025,Agosto,8,3095349.44,475785.3,21160.26,0.0,3869186.8
Pontal,PONTAL,5502,2025,Setembro,9,3737590.42,450269.86,25761.87,12904.67,4671988.024999999
Pontal,PONTAL,5502,2025,Outubro,10,3079978.32,311058.54,25666.41,161.43,3849972.8999999994
Pontal,PONTAL,5502,2025,Novembro,11,2837632.31,238242.88,23621.4,6574.37,3547040.3874999997
Pontal,PONTAL,5502,2025,Dezembro,12,4448516.62,391443.58,27133.53,12252.04,5560645.774999999
Pontalinda,PONTALINDA,7560,2025,Janeiro,1,407935.25,205994.84,2582.81,929.79,509919.0625
Pontalinda,PONTALINDA,7560,2025,Fevereiro,2,435568.21,93444.15,2998.77,999.17,544460.2625
Pontalinda,PONTALINDA,7560,2025,Março,3,445035.07,65997.69,3459.23,22.76,556293.8375
Pontalinda,PONTALINDA,7560,2025,Abril,4,479315.18,60299.09,3684.78,1310.4,599143.975
Pontalinda,PONTALINDA,7560,2025,Maio,5,443707.59,51293.42,2923.77,2168.93,554634.4875
Pontalinda,PONTALINDA,7560,2025,Junho,6,336331.03,15136.74,3763.94,27.11,420413.78750000003
Pontalinda,PONTALINDA,7560,2025,Julho,7,608969.4,18904.25,3477.3,1932.08,761211.75
Pontalinda,PONTALINDA,7560,2025,Agosto,8,449345.51,25606.74,3071.79,0.0,561681.8875
Pontalinda,PONTALINDA,7560,2025,Setembro,9,542578.31,29703.27,3739.8,1873.34,678222.8875000001
Pontalinda,PONTALINDA,7560,2025,Outubro,10,447114.11,36911.33,3725.94,23.43,558892.6375
Pontalinda,PONTALINDA,7560,2025,Novembro,11,411933.24,11231.17,3429.07,954.39,514916.55
Pontalinda,PONTALINDA,7560,2025,Dezembro,12,645782.0,25404.6,3938.92,1778.6,807227.5
Pontes Gestal,PONTES GESTAL,5514,2025,Janeiro,1,778848.83,222151.1,4901.73,1764.58,973561.0374999999
Pontes Gestal,PONTES GESTAL,5514,2025,Fevereiro,2,826633.96,70131.76,5691.15,1896.26,1033292.45
Pontes Gestal,PONTES GESTAL,5514,2025,Março,3,844600.44,62635.6,6565.02,43.2,1055750.5499999998
Pontes Gestal,PONTES GESTAL,5514,2025,Abril,4,909658.23,54553.64,6993.08,2486.91,1137072.7874999999
Pontes Gestal,PONTES GESTAL,5514,2025,Maio,5,842081.11,61588.38,5548.81,4116.25,1052601.3875
Pontes Gestal,PONTES GESTAL,5514,2025,Junho,6,638298.77,31524.55,7143.32,51.45,797873.4625
Pontes Gestal,PONTES GESTAL,5514,2025,Julho,7,1155719.76,13719.42,6599.32,3666.75,1444649.7
Pontes Gestal,PONTES GESTAL,5514,2025,Agosto,8,852780.91,15891.12,5829.74,0.0,1065976.1375
Pontes Gestal,PONTES GESTAL,5514,2025,Setembro,9,1029720.82,17434.12,7097.5,3555.29,1287151.025
Pontes Gestal,PONTES GESTAL,5514,2025,Outubro,10,848546.11,21345.55,7071.2,44.47,1060682.6375
Pontes Gestal,PONTES GESTAL,5514,2025,Novembro,11,781778.83,27318.28,6507.79,1811.27,977223.5374999999
Pontes Gestal,PONTES GESTAL,5514,2025,Dezembro,12,1225583.78,30702.05,7475.39,3375.49,1531979.7249999999
Populina,POPULINA,5526,2025,Janeiro,1,599705.18,293320.17,3804.61,1369.62,749631.475
Populina,POPULINA,5526,2025,Fevereiro,2,641613.45,121454.14,4417.34,1471.83,802016.8124999999
Populina,POPULINA,5526,2025,Março,3,655558.6,89976.5,5095.61,33.53,819448.2499999999
Populina,POPULINA,5526,2025,Abril,4,706054.9,89337.64,5427.86,1930.28,882568.625
Populina,POPULINA,5526,2025,Maio,5,653603.16,82285.98,4306.86,3194.93,817003.95
Populina,POPULINA,5526,2025,Junho,6,495432.19,23987.86,5544.47,39.93,619290.2374999999
Populina,POPULINA,5526,2025,Julho,7,897041.96,31397.49,5122.23,2846.04,1121302.45
Populina,POPULINA,5526,2025,Agosto,8,661908.09,31560.28,4524.9,0.0,827385.1124999999
Populina,POPULINA,5526,2025,Setembro,9,799244.6,16522.02,5508.91,2759.53,999055.7499999999
Populina,POPULINA,5526,2025,Outubro,10,658621.13,16560.94,5488.49,34.52,823276.4125
Populina,POPULINA,5526,2025,Novembro,11,606797.98,29108.61,5051.19,1405.86,758497.475
Populina,POPULINA,5526,2025,Dezembro,12,951268.73,48173.73,5802.22,2619.97,1189085.9124999999
Porangaba,PORANGABA,5538,2025,Janeiro,1,528989.04,753178.42,3344.82,1204.11,661236.3
Porangaba,PORANGABA,5538,2025,Fevereiro,2,564075.24,352007.85,3883.51,1293.96,705094.0499999999
Porangaba,PORANGABA,5538,2025,Março,3,576335.13,292617.59,4479.81,29.48,720418.9125
Porangaba,PORANGABA,5538,2025,Abril,4,620729.02,249104.53,4771.91,1697.01,775911.275
Porangaba,PORANGABA,5538,2025,Maio,5,574616.0,233634.36,3786.38,2808.83,718270.0
Porangaba,PORANGABA,5538,2025,Junho,6,435559.81,62133.79,4874.43,35.11,544449.7625
Porangaba,PORANGABA,5538,2025,Julho,7,788635.52,72549.75,4503.22,2502.1,985794.4
Porangaba,PORANGABA,5538,2025,Agosto,8,581917.29,69151.46,3978.07,0.0,727396.6125
Porangaba,PORANGABA,5538,2025,Setembro,9,702656.86,75821.96,4843.16,2426.04,878321.075
Porangaba,PORANGABA,5538,2025,Outubro,10,579027.57,84029.16,4825.22,30.35,723784.4624999999
Porangaba,PORANGABA,5538,2025,Novembro,11,533467.17,57369.23,4440.76,1235.96,666833.9625
Porangaba,PORANGABA,5538,2025,Dezembro,12,836309.05,103108.33,5101.03,2303.35,1045386.3125
Porto Feliz,PORTO FELIZ,5540,2025,Janeiro,1,7012713.55,6083115.92,44402.71,15984.57,8765891.9375
Porto Feliz,PORTO FELIZ,5540,2025,Fevereiro,2,7488127.11,2287404.7,51553.74,17177.43,9360158.8875
Porto Feliz,PORTO FELIZ,5540,2025,Março,3,7650877.82,1815674.54,59469.76,391.34,9563597.275
Porto Feliz,PORTO FELIZ,5540,2025,Abril,4,8240208.83,1624648.12,63347.35,22527.9,10300261.0375
Porto Feliz,PORTO FELIZ,5540,2025,Maio,5,7628056.28,1302642.79,50264.36,37287.36,9535070.35
Porto Feliz,PORTO FELIZ,5540,2025,Junho,6,5782078.3,451249.81,64708.3,466.06,7227597.874999999
Porto Feliz,PORTO FELIZ,5540,2025,Julho,7,10469176.1,543036.4,59780.45,33215.53,13086470.124999998
Porto Feliz,PORTO FELIZ,5540,2025,Agosto,8,7724981.28,472424.26,52809.1,0.0,9656226.6
Porto Feliz,PORTO FELIZ,5540,2025,Setembro,9,9327805.01,556488.74,64293.22,32205.84,11659756.2625
Porto Feliz,PORTO FELIZ,5540,2025,Outubro,10,7686619.98,522302.32,64054.98,402.88,9608274.975
Porto Feliz,PORTO FELIZ,5540,2025,Novembro,11,7081803.5,362955.88,58951.3,16407.48,8852254.375
Porto Feliz,PORTO FELIZ,5540,2025,Dezembro,12,11102044.62,787078.28,67716.43,30577.09,13877555.774999999
Porto Ferreira,PORTO FERREIRA,5551,2025,Janeiro,1,4133592.58,5857539.02,26099.89,9395.72,5166990.725
Porto Ferreira,PORTO FERREIRA,5551,2025,Fevereiro,2,4401516.31,2319974.69,30303.26,10096.88,5501895.387499999
Porto Ferreira,PORTO FERREIRA,5551,2025,Março,3,4497181.07,1859014.54,34956.29,230.03,5621476.3375
Porto Ferreira,PORTO FERREIRA,5551,2025,Abril,4,4843589.46,1629142.67,37235.53,13241.89,6054486.824999999
Porto Ferreira,PORTO FERREIRA,5551,2025,Maio,5,4483766.59,1593357.88,29545.36,21917.49,5604708.2375
Porto Ferreira,PORTO FERREIRA,5551,2025,Junho,6,3398701.92,613962.07,38035.5,273.95,4248377.399999999
Porto Ferreira,PORTO FERREIRA,5551,2025,Julho,7,6153774.99,706823.02,35138.91,19524.07,7692218.7375
Porto Ferreira,PORTO FERREIRA,5551,2025,Agosto,8,4540739.04,783048.83,31041.16,0.0,5675923.8
Porto Ferreira,PORTO FERREIRA,5551,2025,Setembro,9,5482877.8,761464.37,37791.51,18930.57,6853597.249999999
Porto Ferreira,PORTO FERREIRA,5551,2025,Outubro,10,4518190.29,581915.49,37651.47,236.81,5647737.8625
Porto Ferreira,PORTO FERREIRA,5551,2025,Novembro,11,4162679.55,462399.51,34651.53,9644.31,5203349.437499999
Porto Ferreira,PORTO FERREIRA,5551,2025,Dezembro,12,6525774.7,748639.85,39803.67,17973.19,8157218.375
Potim,POTIM,7572,2025,Janeiro,1,575519.02,667141.42,3641.85,1311.03,719398.775
Potim,POTIM,7572,2025,Fevereiro,2,614165.91,338710.13,4228.37,1408.87,767707.3875
Potim,POTIM,7572,2025,Março,3,627514.5,266821.88,4877.63,32.1,784393.125
Potim,POTIM,7572,2025,Abril,4,675850.62,253326.48,5195.66,1847.71,844813.2749999999
Potim,POTIM,7572,2025,Maio,5,625642.71,192509.55,4122.61,3058.26,782053.3875
Potim,POTIM,7572,2025,Junho,6,474238.13,62468.1,5307.29,38.23,592797.6625
Potim,POTIM,7572,2025,Julho,7,858667.46,132586.48,4903.11,2724.29,1073334.325
Potim,POTIM,7572,2025,Agosto,8,633592.36,106098.34,4331.33,0.0,791990.45
Potim,POTIM,7572,2025,Setembro,9,765053.77,119135.43,5273.24,2641.48,956317.2125
Potim,POTIM,7572,2025,Outubro,10,630446.02,133317.47,5253.7,33.04,788057.525
Potim,POTIM,7572,2025,Novembro,11,580839.81,105314.66,4835.1,1345.72,726049.7625000001
Potim,POTIM,7572,2025,Dezembro,12,910574.47,156382.37,5554.01,2507.89,1138218.0875
Potirendaba,POTIRENDABA,5563,2025,Janeiro,1,1935911.02,2490166.32,12265.97,4415.64,2419888.775
Potirendaba,POTIRENDABA,5563,2025,Fevereiro,2,2068548.03,715743.68,14241.4,4745.16,2585685.0375
Potirendaba,POTIRENDABA,5563,2025,Março,3,2113506.89,616354.42,16428.15,108.11,2641883.6125
Potirendaba,POTIRENDABA,5563,2025,Abril,4,2276305.88,645192.08,17499.31,6223.19,2845382.3499999996
Potirendaba,POTIRENDABA,5563,2025,Maio,5,2107202.58,530276.89,13885.21,10300.4,2634003.225
Potirendaba,POTIRENDABA,5563,2025,Junho,6,1597262.78,139419.59,17875.26,128.75,1996578.4749999999
Potirendaba,POTIRENDABA,5563,2025,Julho,7,2892044.07,184968.23,16513.97,9175.58,3615055.0874999994
Potirendaba,POTIRENDABA,5563,2025,Agosto,8,2133977.51,170465.73,14588.18,0.0,2667471.8874999997
Potirendaba,POTIRENDABA,5563,2025,Setembro,9,2576747.48,159470.07,17760.6,8896.66,3220934.3499999996
Potirendaba,POTIRENDABA,5563,2025,Outubro,10,2123380.44,153740.05,17694.78,111.29,2654225.55
Potirendaba,POTIRENDABA,5563,2025,Novembro,11,1956303.69,133030.24,16284.92,4532.46,2445379.6125
Potirendaba,POTIRENDABA,5563,2025,Dezembro,12,3066870.02,228267.26,18706.24,8446.73,3833587.525
Poá,POA,5460,2025,Janeiro,1,4435901.55,7584312.83,28064.38,10102.92,5544876.937499999
Poá,POA,5460,2025,Fevereiro,2,4732810.0,3850737.52,32584.13,10856.85,5916012.5
Poá,POA,5460,2025,Março,3,4835675.26,3079906.51,37587.38,247.34,6044594.074999999
Poá,POA,5460,2025,Abril,4,5208157.15,2932896.35,40038.18,14238.58,6510196.4375
Poá,POA,5460,2025,Maio,5,4821251.09,2395833.21,31769.18,23567.17,6026563.8625
Poá,POA,5460,2025,Junho,6,3654515.69,763513.07,40898.36,294.57,4568144.6125
Poá,POA,5460,2025,Julho,7,6616957.83,960236.13,37783.75,20993.61,8271197.2875
Poá,POA,5460,2025,Agosto,8,4882511.75,939274.07,33377.57,0.0,6103139.6875
Poá,POA,5460,2025,Setembro,9,5895563.49,1144586.12,40636.01,20355.44,7369454.3625
Poá,POA,5460,2025,Outubro,10,4858265.81,1016822.78,40485.43,254.64,6072832.262499999
Poá,POA,5460,2025,Novembro,11,4475996.46,787071.57,37259.69,10370.22,5594995.574999999
Poá,POA,5460,2025,Dezembro,12,7016957.25,1183143.21,42799.62,19326.0,8771196.5625
Pracinha,PRACINHA,7780,2025,Janeiro,1,207728.3,64202.3,1316.45,473.91,259660.37499999997
Pracinha,PRACINHA,7780,2025,Fevereiro,2,222007.92,23698.64,1528.46,509.28,277509.9
Pracinha,PRACINHA,7780,2025,Março,3,226833.15,19833.63,1763.16,11.6,283541.4375
Pracinha,PRACINHA,7780,2025,Abril,4,244305.63,14582.26,1878.12,667.91,305382.0375
Pracinha,PRACINHA,7780,2025,Maio,5,226156.54,16337.54,1490.24,1105.5,282695.675
Pracinha,PRACINHA,7780,2025,Junho,6,171427.0,7059.25,1918.47,13.82,214283.75
Pracinha,PRACINHA,7780,2025,Julho,7,310390.03,10112.69,1772.37,984.77,387987.53750000003
Pracinha,PRACINHA,7780,2025,Agosto,8,229030.17,9520.81,1565.68,0.0,286287.7125
Pracinha,PRACINHA,7780,2025,Setembro,9,276550.67,11481.45,1906.16,954.84,345688.33749999997
Pracinha,PRACINHA,7780,2025,Outubro,10,227892.84,10281.74,1899.1,11.94,284866.05
Pracinha,PRACINHA,7780,2025,Novembro,11,209961.24,11829.52,1747.79,486.45,262451.55
Pracinha,PRACINHA,7780,2025,Dezembro,12,329153.31,18933.8,2007.66,906.55,411441.63749999995
Pradópolis,PRADOPOLIS,5575,2025,Janeiro,1,2036080.52,2712401.72,12734.4,4584.27,2545100.65
Pradópolis,PRADOPOLIS,5575,2025,Fevereiro,2,2147544.98,682888.78,14785.27,4926.37,2684431.2249999996
Pradópolis,PRADOPOLIS,5575,2025,Março,3,2194220.8,612456.74,17055.53,112.23,2742775.9999999995
Pradópolis,PRADOPOLIS,5575,2025,Abril,4,2363237.01,541236.26,18167.6,6460.85,2954046.2624999997
Pradópolis,PRADOPOLIS,5575,2025,Maio,5,2187675.74,499033.81,14415.48,10693.77,2734594.6750000003
Pradópolis,PRADOPOLIS,5575,2025,Junho,6,1658261.55,174355.5,18557.91,133.66,2072826.9375
Pradópolis,PRADOPOLIS,5575,2025,Julho,7,3002489.98,320104.85,17144.64,9525.99,3753112.4749999996
Pradópolis,PRADOPOLIS,5575,2025,Agosto,8,2215473.18,185438.49,15145.3,0.0,2769341.475
Pradópolis,PRADOPOLIS,5575,2025,Setembro,9,2675152.35,233657.93,18438.87,9236.42,3343940.4375
Pradópolis,PRADOPOLIS,5575,2025,Outubro,10,2204471.42,179419.55,18370.54,115.54,2755589.275
Pradópolis,PRADOPOLIS,5575,2025,Novembro,11,2031014.08,188043.49,16906.84,4705.56,2538767.6
Pradópolis,PRADOPOLIS,5575,2025,Dezembro,12,3183992.45,215546.24,19420.62,8769.31,3979990.5625
Praia Grande,PRAIA GRANDE,5587,2025,Janeiro,1,10477611.61,25266384.82,66306.92,23869.88,13097014.5125
Praia Grande,PRAIA GRANDE,5587,2025,Fevereiro,2,11182078.22,12524766.82,76985.6,25651.19,13977597.775
Praia Grande,PRAIA GRANDE,5587,2025,Março,3,11425115.11,10101704.84,88806.65,584.39,14281393.8875
Praia Grande,PRAIA GRANDE,5587,2025,Abril,4,12305167.68,8771368.54,94597.09,33641.09,15381459.6
Praia Grande,PRAIA GRANDE,5587,2025,Maio,5,11391035.53,7780975.89,75060.16,55681.51,14238794.412499998
Praia Grande,PRAIA GRANDE,5587,2025,Junho,6,8634422.32,3082596.47,96629.41,695.97,10793027.9
Praia Grande,PRAIA GRANDE,5587,2025,Julho,7,15633701.77,3712256.91,89270.61,49601.01,19542127.2125
Praia Grande,PRAIA GRANDE,5587,2025,Agosto,8,11535774.39,3796225.91,78860.25,0.0,14419717.9875
Praia Grande,PRAIA GRANDE,5587,2025,Setembro,9,13929283.48,4070388.58,96009.57,48093.23,17411604.349999998
Praia Grande,PRAIA GRANDE,5587,2025,Outubro,10,11478489.17,3914130.43,95653.79,601.62,14348111.462499999
Praia Grande,PRAIA GRANDE,5587,2025,Novembro,11,10575312.03,2926493.73,88032.43,24501.42,13219140.037499998
Praia Grande,PRAIA GRANDE,5587,2025,Dezembro,12,16578769.24,4621668.53,101121.47,45661.0,20723461.55
Pratânia,PRATANIA,7791,2025,Janeiro,1,501650.15,406064.33,3171.76,1141.8,627062.6875
Pratânia,PRATANIA,7791,2025,Fevereiro,2,534889.55,171451.2,3682.57,1227.01,668611.9375
Pratânia,PRATANIA,7791,2025,Março,3,546515.11,335335.98,4248.03,27.95,683143.8875
Pratânia,PRATANIA,7791,2025,Abril,4,588612.02,134216.25,4525.01,1609.21,735765.025
Pratânia,PRATANIA,7791,2025,Maio,5,544884.93,314858.01,3590.47,2663.5,681106.1625
Pratânia,PRATANIA,7791,2025,Junho,6,413023.61,60956.42,4622.22,33.29,516279.51249999995
Pratânia,PRATANIA,7791,2025,Julho,7,747830.91,317946.39,4270.22,2372.64,934788.6375
Pratânia,PRATANIA,7791,2025,Agosto,8,551808.44,226966.88,3772.24,0.0,689760.5499999999
Pratânia,PRATANIA,7791,2025,Setembro,9,666300.84,172578.18,4592.57,2300.52,832876.0499999999
Pratânia,PRATANIA,7791,2025,Outubro,10,549068.23,51993.8,4575.55,28.78,686335.2875
Pratânia,PRATANIA,7791,2025,Novembro,11,505865.17,45734.13,4210.99,1172.01,632331.4624999999
Pratânia,PRATANIA,7791,2025,Dezembro,12,793037.77,72435.27,4837.1,2184.17,991297.2125
Presidente Alves,PRESIDENTE ALVES,5599,2025,Janeiro,1,561676.25,291193.4,3569.47,1284.97,702095.3125
Presidente Alves,PRESIDENTE ALVES,5599,2025,Fevereiro,2,601958.94,108540.89,4144.33,1380.87,752448.6749999999
Presidente Alves,PRESIDENTE ALVES,5599,2025,Março,3,615042.22,86883.73,4780.68,31.46,768802.7749999999
Presidente Alves,PRESIDENTE ALVES,5599,2025,Abril,4,662417.62,81657.39,5092.4,1810.98,828022.0249999999
Presidente Alves,PRESIDENTE ALVES,5599,2025,Maio,5,613207.63,74605.68,4040.67,2997.47,766509.5375
Presidente Alves,PRESIDENTE ALVES,5599,2025,Junho,6,464812.32,19786.87,5201.8,37.47,581015.4
Presidente Alves,PRESIDENTE ALVES,5599,2025,Julho,7,841600.85,40338.14,4805.66,2670.15,1052001.0625
Presidente Alves,PRESIDENTE ALVES,5599,2025,Agosto,8,620999.28,29395.99,4245.24,0.0,776249.1
Presidente Alves,PRESIDENTE ALVES,5599,2025,Setembro,9,749847.8,44058.95,5168.43,2588.98,937309.75
Presidente Alves,PRESIDENTE ALVES,5599,2025,Outubro,10,617915.48,36673.8,5149.28,32.39,772394.35
Presidente Alves,PRESIDENTE ALVES,5599,2025,Novembro,11,569295.21,26329.45,4739.0,1318.97,711619.0125
Presidente Alves,PRESIDENTE ALVES,5599,2025,Dezembro,12,892476.17,34664.39,5443.62,2458.04,1115595.2125
Presidente Bernardes,PRESIDENTE BERNARDES,5605,2025,Janeiro,1,1290330.54,1596449.49,8145.12,2932.17,1612913.175
Presidente Bernardes,PRESIDENTE BERNARDES,5605,2025,Fevereiro,2,1373603.48,553267.84,9456.89,3150.98,1717004.3499999999
Presidente Bernardes,PRESIDENTE BERNARDES,5605,2025,Março,3,1403458.06,425248.55,10908.99,71.79,1754322.575
Presidente Bernardes,PRESIDENTE BERNARDES,5605,2025,Abril,4,1511563.48,403193.85,11620.28,4132.46,1889454.3499999999
Presidente Bernardes,PRESIDENTE BERNARDES,5605,2025,Maio,5,1399271.74,386098.22,9220.37,6839.9,1749089.6749999998
Presidente Bernardes,PRESIDENTE BERNARDES,5605,2025,Junho,6,1060650.11,101907.9,11869.93,85.49,1325812.6375
Presidente Bernardes,PRESIDENTE BERNARDES,5605,2025,Julho,7,1920439.71,176811.53,10965.98,6092.97,2400549.6374999997
Presidente Bernardes,PRESIDENTE BERNARDES,5605,2025,Agosto,8,1417051.42,178043.36,9687.17,0.0,1771314.275
Presidente Bernardes,PRESIDENTE BERNARDES,5605,2025,Setembro,9,1711069.43,161718.56,11793.79,5907.76,2138836.7874999996
Presidente Bernardes,PRESIDENTE BERNARDES,5605,2025,Outubro,10,1410014.52,124865.93,11750.09,73.9,1762518.15
Presidente Bernardes,PRESIDENTE BERNARDES,5605,2025,Novembro,11,1299068.48,68111.21,10813.88,3009.75,1623835.5999999999
Presidente Bernardes,PRESIDENTE BERNARDES,5605,2025,Dezembro,12,2036531.55,150313.32,12421.73,5608.99,2545664.4375
Presidente Epitácio,PRESIDENTE EPITACIO,5617,2025,Janeiro,1,2738036.08,3134670.79,17355.2,6247.71,3422545.1
Presidente Epitácio,PRESIDENTE EPITACIO,5617,2025,Fevereiro,2,2926802.54,1364959.03,20150.25,6713.95,3658503.175
Presidente Epitácio,PRESIDENTE EPITACIO,5617,2025,Março,3,2990415.14,1137087.1,23244.3,152.96,3738018.925
Presidente Epitácio,PRESIDENTE EPITACIO,5617,2025,Abril,4,3220760.52,989833.54,24759.89,8805.24,4025950.65
Presidente Epitácio,PRESIDENTE EPITACIO,5617,2025,Maio,5,2981495.13,884680.82,19646.28,14574.1,3726868.9124999996
Presidente Epitácio,PRESIDENTE EPITACIO,5617,2025,Junho,6,2259977.86,308135.11,25291.83,182.16,2824972.3249999997
Presidente Epitácio,PRESIDENTE EPITACIO,5617,2025,Julho,7,4091972.64,389404.58,23365.73,12982.59,5114965.8
Presidente Epitácio,PRESIDENTE EPITACIO,5617,2025,Agosto,8,3019379.15,389908.29,20640.92,0.0,3774223.9374999995
Presidente Epitácio,PRESIDENTE EPITACIO,5617,2025,Setembro,9,3645857.37,390948.41,25129.59,12587.95,4557321.712499999
Presidente Epitácio,PRESIDENTE EPITACIO,5617,2025,Outubro,10,3004385.29,441041.08,25036.47,157.47,3755481.6125
Presidente Epitácio,PRESIDENTE EPITACIO,5617,2025,Novembro,11,2767987.27,342293.02,23041.65,6413.01,3459984.0875
Presidente Epitácio,PRESIDENTE EPITACIO,5617,2025,Dezembro,12,4339335.05,517685.8,26467.58,11951.33,5424168.812499999
Presidente Prudente,PRESIDENTE PRUDENTE,5629,2025,Janeiro,1,10540770.15,34250355.56,66447.1,23920.35,13175962.6875
Presidente Prudente,PRESIDENTE PRUDENTE,5629,2025,Fevereiro,2,11205719.25,13425683.92,77148.37,25705.42,14007149.0625
Presidente Prudente,PRESIDENTE PRUDENTE,5629,2025,Março,3,11449269.97,10456856.05,88994.41,585.63,14311587.4625
Presidente Prudente,PRESIDENTE PRUDENTE,5629,2025,Abril,4,12331183.13,9089799.93,94797.09,33712.22,15413978.9125
Presidente Prudente,PRESIDENTE PRUDENTE,5629,2025,Maio,5,11415118.33,8123364.71,75218.85,55799.23,14268897.9125
Presidente Prudente,PRESIDENTE PRUDENTE,5629,2025,Junho,6,8652677.12,2446641.75,96833.7,697.44,10815846.399999999
Presidente Prudente,PRESIDENTE PRUDENTE,5629,2025,Julho,7,15666754.37,3131897.42,89459.35,49705.87,19583442.9625
Presidente Prudente,PRESIDENTE PRUDENTE,5629,2025,Agosto,8,11560163.19,3101790.82,79026.97,0.0,14450203.987499999
Presidente Prudente,PRESIDENTE PRUDENTE,5629,2025,Setembro,9,13958732.62,3230205.04,96212.55,48194.91,17448415.775
Presidente Prudente,PRESIDENTE PRUDENTE,5629,2025,Outubro,10,11502756.86,2901837.54,95856.02,602.89,14378446.075
Presidente Prudente,PRESIDENTE PRUDENTE,5629,2025,Novembro,11,10597670.23,2215102.48,88218.54,24553.22,13247087.7875
Presidente Prudente,PRESIDENTE PRUDENTE,5629,2025,Dezembro,12,16613819.89,3687457.53,101335.26,45757.54,20767274.8625
Presidente Venceslau,PRESIDENTE VENCESLAU,5630,2025,Janeiro,1,1868358.47,4235827.28,11806.1,4250.09,2335448.0875
Presidente Venceslau,PRESIDENTE VENCESLAU,5630,2025,Fevereiro,2,1990995.31,1591274.74,13707.47,4567.25,2488744.1374999997
Presidente Venceslau,PRESIDENTE VENCESLAU,5630,2025,Março,3,2034268.6,1278189.17,15812.23,104.05,2542835.75
Presidente Venceslau,PRESIDENTE VENCESLAU,5630,2025,Abril,4,2190964.02,1107641.84,16843.23,5989.88,2738705.025
Presidente Venceslau,PRESIDENTE VENCESLAU,5630,2025,Maio,5,2028200.65,1023371.12,13364.64,9914.22,2535250.8124999995
Presidente Venceslau,PRESIDENTE VENCESLAU,5630,2025,Junho,6,1537379.19,300683.36,17205.09,123.92,1921723.9874999998
Presidente Venceslau,PRESIDENTE VENCESLAU,5630,2025,Julho,7,2783617.34,424517.6,15894.84,8831.58,3479521.675
Presidente Venceslau,PRESIDENTE VENCESLAU,5630,2025,Agosto,8,2053971.74,457255.84,14041.25,0.0,2567464.675
Presidente Venceslau,PRESIDENTE VENCESLAU,5630,2025,Setembro,9,2480141.66,491501.87,17094.73,8563.11,3100177.075
Presidente Venceslau,PRESIDENTE VENCESLAU,5630,2025,Outubro,10,2043771.97,429542.83,17031.38,107.12,2554714.9625
Presidente Venceslau,PRESIDENTE VENCESLAU,5630,2025,Novembro,11,1882959.16,334450.94,15674.38,4362.54,2353698.9499999997
Presidente Venceslau,PRESIDENTE VENCESLAU,5630,2025,Dezembro,12,2951888.82,532196.96,18004.92,8130.05,3689861.0249999994
Promissão,PROMISSAO,5642,2025,Janeiro,1,3280733.97,2884827.6,20728.73,7462.15,4100917.4625
Promissão,PROMISSAO,5642,2025,Fevereiro,2,3495718.48,1220329.93,24067.08,8019.02,4369648.1
Promissão,PROMISSAO,5642,2025,Março,3,3571696.18,990683.98,27762.55,182.69,4464620.225
Promissão,PROMISSAO,5642,2025,Abril,4,3846816.41,862450.87,29572.75,10516.81,4808520.5125
Promissão,PROMISSAO,5642,2025,Maio,5,3561042.29,822583.59,23465.15,17407.04,4451302.8625
Promissão,PROMISSAO,5642,2025,Junho,6,2699275.49,265776.9,30208.09,217.57,3374094.3625000003
Promissão,PROMISSAO,5642,2025,Julho,7,4887375.95,402788.0,27907.6,15506.17,6109219.9375
Promissão,PROMISSAO,5642,2025,Agosto,8,3606290.25,407539.28,24653.13,0.0,4507862.8125
Promissão,PROMISSAO,5642,2025,Setembro,9,4354544.18,494615.58,30014.31,15034.81,5443180.225
Promissão,PROMISSAO,5642,2025,Outubro,10,3588381.86,485377.69,29903.09,188.08,4485477.324999999
Promissão,PROMISSAO,5642,2025,Novembro,11,3306032.47,365934.14,27520.52,7659.58,4132540.5875
Promissão,PROMISSAO,5642,2025,Dezembro,12,5182821.01,547644.33,31612.39,14274.45,6478526.262499999
Quadra,QUADRA,7808,2025,Janeiro,1,467812.31,331013.11,2958.44,1065.01,584765.3875
Quadra,QUADRA,7808,2025,Fevereiro,2,498914.55,109885.36,3434.89,1144.49,623643.1875
Quadra,QUADRA,7808,2025,Março,3,509758.21,60451.85,3962.32,26.07,637197.7625
Quadra,QUADRA,7808,2025,Abril,4,549023.81,68012.3,4220.67,1500.98,686279.7625000001
Quadra,QUADRA,7808,2025,Maio,5,508237.67,47969.47,3348.98,2484.36,635297.0874999999
Quadra,QUADRA,7808,2025,Junho,6,385244.93,31293.1,4311.35,31.05,481556.1625
Quadra,QUADRA,7808,2025,Julho,7,697534.14,28338.15,3983.02,2213.06,871917.6749999999
Quadra,QUADRA,7808,2025,Agosto,8,514695.53,34364.14,3518.53,0.0,643369.4125
Quadra,QUADRA,7808,2025,Setembro,9,621487.53,37670.36,4283.69,2145.79,776859.4125
Quadra,QUADRA,7808,2025,Outubro,10,512139.62,26913.59,4267.82,26.84,640174.5249999999
Quadra,QUADRA,7808,2025,Novembro,11,471842.26,14980.93,3927.77,1093.19,589802.825
Quadra,QUADRA,7808,2025,Dezembro,12,739700.53,28148.67,4511.77,2037.27,924625.6625
Quatá,QUATA,5654,2025,Janeiro,1,1601691.58,1334508.17,10087.92,3631.56,2002114.475
Quatá,QUATA,5654,2025,Fevereiro,2,1701239.43,403220.6,11712.58,3902.57,2126549.2874999996
Quatá,QUATA,5654,2025,Março,3,1738215.02,346574.78,13511.03,88.91,2172768.775
Quatá,QUATA,5654,2025,Abril,4,1872106.06,289186.42,14391.98,5118.15,2340132.5749999997
Quatá,QUATA,5654,2025,Maio,5,1733030.16,264601.6,11419.64,8471.37,2166287.6999999997
Quatá,QUATA,5654,2025,Junho,6,1313639.5,114220.68,14701.18,105.88,1642049.375
Quatá,QUATA,5654,2025,Julho,7,2378508.66,140145.2,13581.62,7546.29,2973135.825
Quatá,QUATA,5654,2025,Agosto,8,1755050.7,132388.99,11997.78,0.0,2193813.375
Quatá,QUATA,5654,2025,Setembro,9,2119198.76,108265.05,14606.88,7316.9,2648998.4499999997
Quatá,QUATA,5654,2025,Outubro,10,1746335.34,115009.43,14552.75,91.53,2182919.175
Quatá,QUATA,5654,2025,Novembro,11,1608926.12,97297.36,13393.24,3727.64,2011157.6500000001
Quatá,QUATA,5654,2025,Dezembro,12,2522291.05,145972.75,15384.6,6946.86,3152863.8124999995
Queiroz,QUEIROZ,5666,2025,Janeiro,1,1267865.48,202105.03,7991.15,2876.74,1584831.8499999999
Queiroz,QUEIROZ,5666,2025,Fevereiro,2,1347636.45,88977.81,9278.11,3091.42,1684545.5624999998
Queiroz,QUEIROZ,5666,2025,Março,3,1376926.65,75113.13,10702.76,70.43,1721158.3124999998
Queiroz,QUEIROZ,5666,2025,Abril,4,1482988.42,66077.11,11400.61,4054.34,1853735.525
Queiroz,QUEIROZ,5666,2025,Maio,5,1372819.47,62698.44,9046.06,6710.6,1716024.3375
Queiroz,QUEIROZ,5666,2025,Junho,6,1040599.25,27440.3,11645.54,83.88,1300749.0625
Queiroz,QUEIROZ,5666,2025,Julho,7,1884135.12,24880.99,10758.67,5977.79,2355168.9
Queiroz,QUEIROZ,5666,2025,Agosto,8,1390263.04,32086.37,9504.04,0.0,1737828.8
Queiroz,QUEIROZ,5666,2025,Setembro,9,1678722.84,36256.39,11570.84,5796.08,2098403.55
Queiroz,QUEIROZ,5666,2025,Outubro,10,1383359.16,25577.59,11527.96,72.51,1729198.9499999997
Queiroz,QUEIROZ,5666,2025,Novembro,11,1274510.49,25104.78,10609.45,2952.85,1593138.1124999998
Queiroz,QUEIROZ,5666,2025,Dezembro,12,1998032.32,34038.61,12186.91,5502.95,2497540.4
Queluz,QUELUZ,5678,2025,Janeiro,1,760895.51,451125.69,4832.06,1739.5,951119.3875
Queluz,QUELUZ,5678,2025,Fevereiro,2,814884.21,214271.4,5610.26,1869.31,1018605.2625
Queluz,QUELUZ,5678,2025,Março,3,832595.31,180422.94,6471.71,42.59,1040744.1375000001
Queluz,QUELUZ,5678,2025,Abril,4,896728.37,147145.75,6893.68,2451.57,1120910.4625
Queluz,QUELUZ,5678,2025,Maio,5,830111.79,129892.94,5469.94,4057.74,1037639.7375
Queluz,QUELUZ,5678,2025,Junho,6,629226.0,60954.52,7041.78,50.72,786532.5
Queluz,QUELUZ,5678,2025,Julho,7,1139292.39,53931.36,6505.52,3614.63,1424115.4874999998
Queluz,QUELUZ,5678,2025,Agosto,8,840659.51,41796.46,5746.87,0.0,1050824.3875
Queluz,QUELUZ,5678,2025,Setembro,9,1015084.4,51993.43,6996.61,3504.75,1268855.5
Queluz,QUELUZ,5678,2025,Outubro,10,836484.9,43427.13,6970.69,43.84,1045606.125
Queluz,QUELUZ,5678,2025,Novembro,11,770666.65,29987.57,6415.29,1785.52,963333.3125
Queluz,QUELUZ,5678,2025,Dezembro,12,1208163.36,53513.27,7369.14,3327.51,1510204.2
Quintana,QUINTANA,5680,2025,Janeiro,1,829500.95,656484.94,5246.27,1888.61,1036876.1874999999
Quintana,QUINTANA,5680,2025,Fevereiro,2,884736.82,255185.49,6091.18,2029.55,1105921.025
Quintana,QUINTANA,5680,2025,Março,3,903966.13,235777.28,7026.47,46.24,1129957.6624999999
Quintana,QUINTANA,5680,2025,Abril,4,973596.74,203101.15,7484.61,2661.72,1216995.9249999998
Quintana,QUINTANA,5680,2025,Maio,5,901269.72,207670.44,5938.83,4405.57,1126587.15
Quintana,QUINTANA,5680,2025,Junho,6,683163.82,50565.83,7645.41,55.07,853954.7749999999
Quintana,QUINTANA,5680,2025,Julho,7,1236953.57,76758.83,7063.18,3924.48,1546191.9625
Quintana,QUINTANA,5680,2025,Agosto,8,912721.6,74040.68,6239.5,0.0,1140902.0
Quintana,QUINTANA,5680,2025,Setembro,9,1102098.35,98381.27,7596.37,3805.18,1377622.9375
Quintana,QUINTANA,5680,2025,Outubro,10,908189.14,88950.45,7568.22,47.6,1135236.425
Quintana,QUINTANA,5680,2025,Novembro,11,836728.89,56610.59,6965.21,1938.58,1045911.1124999999
Quintana,QUINTANA,5680,2025,Dezembro,12,1311728.22,72296.2,8000.83,3612.74,1639660.275
Rafard,RAFARD,5691,2025,Janeiro,1,1065838.43,948481.74,6700.88,2412.26,1332298.0374999999
Rafard,RAFARD,5691,2025,Fevereiro,2,1130044.66,284182.12,7780.05,2592.27,1412555.8249999997
Rafard,RAFARD,5691,2025,Março,3,1154605.62,263871.76,8974.67,59.06,1443257.0250000001
Rafard,RAFARD,5691,2025,Abril,4,1243542.46,219145.92,9559.85,3399.72,1554428.075
Rafard,RAFARD,5691,2025,Maio,5,1151161.59,210292.7,7585.47,5627.09,1438951.9875
Rafard,RAFARD,5691,2025,Junho,6,872582.24,60826.81,9765.23,70.33,1090727.7999999998
Rafard,RAFARD,5691,2025,Julho,7,1579919.31,65828.51,9021.56,5012.61,1974899.1375
Rafard,RAFARD,5691,2025,Agosto,8,1165788.69,82946.96,7969.5,0.0,1457235.8624999998
Rafard,RAFARD,5691,2025,Setembro,9,1407673.26,86824.95,9702.59,4860.23,1759591.575
Rafard,RAFARD,5691,2025,Outubro,10,1159999.53,75386.97,9666.63,60.8,1449999.4124999999
Rafard,RAFARD,5691,2025,Novembro,11,1068725.75,43305.14,8896.43,2476.08,1335907.1875
Rafard,RAFARD,5691,2025,Dezembro,12,1675426.46,105967.54,10219.19,4614.44,2094283.075
Rancharia,RANCHARIA,5708,2025,Janeiro,1,3974134.09,2669553.69,25105.49,9037.74,4967667.6125
Rancharia,RANCHARIA,5708,2025,Fevereiro,2,4233819.25,1106253.55,29148.71,9712.19,5292274.0625
Rancharia,RANCHARIA,5708,2025,Março,3,4325839.2,957313.66,33624.46,221.27,5407299.0
Rancharia,RANCHARIA,5708,2025,Abril,4,4659049.48,797310.47,35816.86,12737.37,5823811.850000001
Rancharia,RANCHARIA,5708,2025,Maio,5,4312935.8,865910.8,28419.68,21082.43,5391169.749999999
Rancharia,RANCHARIA,5708,2025,Junho,6,3269211.92,229819.75,36586.35,263.51,4086514.9
Rancharia,RANCHARIA,5708,2025,Julho,7,5919317.16,384011.77,33800.12,18780.2,7399146.45
Rancharia,RANCHARIA,5708,2025,Agosto,8,4367737.61,316363.53,29858.49,0.0,5459672.0125
Rancharia,RANCHARIA,5708,2025,Setembro,9,5273981.04,382204.17,36351.66,18209.32,6592476.3
Rancharia,RANCHARIA,5708,2025,Outubro,10,4346047.97,223619.66,36216.96,227.79,5432559.962499999
Rancharia,RANCHARIA,5708,2025,Novembro,11,4004082.13,200576.81,33331.32,9276.86,5005102.6625
Rancharia,RANCHARIA,5708,2025,Dezembro,12,6277143.74,319520.03,38287.16,17288.42,7846429.675
Redenção da Serra,REDENCAO DA SERRA,5710,2025,Janeiro,1,385531.97,163391.29,2434.36,876.35,481914.96249999997
Redenção da Serra,REDENCAO DA SERRA,5710,2025,Fevereiro,2,410533.76,68571.47,2826.41,941.75,513167.2
Redenção da Serra,REDENCAO DA SERRA,5710,2025,Março,3,419456.51,50846.46,3260.41,21.46,524320.6375
Redenção da Serra,REDENCAO DA SERRA,5710,2025,Abril,4,451766.36,42322.28,3472.99,1235.08,564707.95
Redenção da Serra,REDENCAO DA SERRA,5710,2025,Maio,5,418205.33,53497.48,2755.72,2044.27,522756.6625
Redenção da Serra,REDENCAO DA SERRA,5710,2025,Junho,6,317000.28,11041.91,3547.61,25.55,396250.35000000003
Redenção da Serra,REDENCAO DA SERRA,5710,2025,Julho,7,573968.66,17054.8,3277.44,1821.03,717460.825
Redenção da Serra,REDENCAO DA SERRA,5710,2025,Agosto,8,423519.2,11735.24,2895.24,0.0,529399.0
Redenção da Serra,REDENCAO DA SERRA,5710,2025,Setembro,9,511393.41,22473.34,3524.85,1765.67,639241.7625
Redenção da Serra,REDENCAO DA SERRA,5710,2025,Outubro,10,421416.06,19972.49,3511.79,22.09,526770.075
Redenção da Serra,REDENCAO DA SERRA,5710,2025,Novembro,11,388257.22,15593.54,3231.98,899.53,485321.52499999997
Redenção da Serra,REDENCAO DA SERRA,5710,2025,Dezembro,12,608665.43,14738.19,3712.53,1676.38,760831.7875
Regente Feijó,REGENTE FEIJO,5721,2025,Janeiro,1,1580110.86,2059282.34,9993.38,3597.52,1975138.575
Regente Feijó,REGENTE FEIJO,5721,2025,Fevereiro,2,1685294.89,873727.65,11602.8,3865.99,2106618.6125
Regente Feijó,REGENTE FEIJO,5721,2025,Março,3,1721923.93,814060.98,13384.4,88.08,2152404.9124999996
Regente Feijó,REGENTE FEIJO,5721,2025,Abril,4,1854560.11,685704.47,14257.1,5070.18,2318200.1375
Regente Feijó,REGENTE FEIJO,5721,2025,Maio,5,1716787.66,641264.13,11312.61,8391.98,2145984.5749999997
Regente Feijó,REGENTE FEIJO,5721,2025,Junho,6,1301327.67,180156.3,14563.4,104.89,1626659.5875
Regente Feijó,REGENTE FEIJO,5721,2025,Julho,7,2356216.54,232228.71,13454.32,7475.56,2945270.675
Regente Feijó,REGENTE FEIJO,5721,2025,Agosto,8,1738601.83,294733.11,11885.34,0.0,2173252.2875
Regente Feijó,REGENTE FEIJO,5721,2025,Setembro,9,2099336.97,310846.42,14469.98,7248.32,2624171.2125
Regente Feijó,REGENTE FEIJO,5721,2025,Outubro,10,1729968.15,225939.93,14416.36,90.67,2162460.1874999995
Regente Feijó,REGENTE FEIJO,5721,2025,Novembro,11,1593846.77,148781.65,13267.71,3692.71,1992308.4625
Regente Feijó,REGENTE FEIJO,5721,2025,Dezembro,12,2498651.37,277664.51,15240.41,6881.75,3123314.2125
Reginópolis,REGINOPOLIS,5733,2025,Janeiro,1,1063088.64,569839.4,6735.16,2424.6,1328860.7999999998
Reginópolis,REGINOPOLIS,5733,2025,Fevereiro,2,1135825.19,201964.42,7819.85,2605.53,1419781.4874999998
Reginópolis,REGINOPOLIS,5733,2025,Março,3,1160511.79,171818.08,9020.58,59.36,1450639.7375
Reginópolis,REGINOPOLIS,5733,2025,Abril,4,1249903.57,146164.57,9608.75,3417.11,1562379.4625
Reginópolis,REGINOPOLIS,5733,2025,Maio,5,1157050.14,126887.63,7624.27,5655.88,1446312.6749999998
Reginópolis,REGINOPOLIS,5733,2025,Junho,6,877045.77,26259.45,9815.18,70.69,1096307.2125
Reginópolis,REGINOPOLIS,5733,2025,Julho,7,1588001.09,36740.05,9067.71,5038.25,1985001.3625
Reginópolis,REGINOPOLIS,5733,2025,Agosto,8,1171752.06,43826.03,8010.27,0.0,1464690.075
Reginópolis,REGINOPOLIS,5733,2025,Setembro,9,1414873.94,34808.54,9752.22,4885.09,1768592.4249999998
Reginópolis,REGINOPOLIS,5733,2025,Outubro,10,1165933.28,60098.07,9716.08,61.11,1457416.5999999999
Reginópolis,REGINOPOLIS,5733,2025,Novembro,11,1074192.61,40551.93,8941.94,2488.74,1342740.7625
Reginópolis,REGINOPOLIS,5733,2025,Dezembro,12,1683996.79,60565.8,10271.46,4638.04,2104995.9875
Registro,REGISTRO,5745,2025,Janeiro,1,3443289.35,5327549.2,21817.83,7854.22,4304111.6875
Registro,REGISTRO,5745,2025,Fevereiro,2,3679385.48,2364207.89,25331.58,8440.35,4599231.85
Registro,REGISTRO,5745,2025,Março,3,3759355.09,1832203.72,29221.21,192.29,4699193.8625
Registro,REGISTRO,5745,2025,Abril,4,4048930.3,1571538.44,31126.52,11069.37,5061162.874999999
Registro,REGISTRO,5745,2025,Maio,5,3748141.44,1446408.69,24698.03,18321.61,4685176.8
Registro,REGISTRO,5745,2025,Junho,6,2841096.93,482287.57,31795.24,229.0,3551371.1625
Registro,REGISTRO,5745,2025,Julho,7,5144161.41,686026.94,29373.88,16320.87,6430201.7625
Registro,REGISTRO,5745,2025,Agosto,8,3795766.76,620857.44,25948.42,0.0,4744708.449999999
Registro,REGISTRO,5745,2025,Setembro,9,4583334.37,634147.6,31591.28,15824.75,5729167.962499999
Registro,REGISTRO,5745,2025,Outubro,10,3776917.45,590541.83,31474.22,197.96,4721146.8125
Registro,REGISTRO,5745,2025,Novembro,11,3479733.26,457517.46,28966.46,8062.02,4349666.574999999
Registro,REGISTRO,5745,2025,Dezembro,12,5455129.33,745530.81,33273.32,15024.44,6818911.6625
Restinga,RESTINGA,5757,2025,Janeiro,1,732462.75,778875.24,4631.35,1667.24,915578.4375
Restinga,RESTINGA,5757,2025,Fevereiro,2,781035.63,174178.76,5377.22,1791.66,976294.5375
Restinga,RESTINGA,5757,2025,Março,3,798011.05,137562.74,6202.89,40.82,997513.8125
Restinga,RESTINGA,5757,2025,Abril,4,859480.16,211310.37,6607.33,2349.73,1074350.2
Restinga,RESTINGA,5757,2025,Maio,5,795630.69,119044.01,5242.73,3889.19,994538.3624999999
Restinga,RESTINGA,5757,2025,Junho,6,603089.28,30087.94,6749.28,48.61,753861.6
Restinga,RESTINGA,5757,2025,Julho,7,1091968.58,51240.36,6235.29,3464.49,1364960.725
Restinga,RESTINGA,5757,2025,Agosto,8,805740.28,47960.54,5508.16,0.0,1007175.35
Restinga,RESTINGA,5757,2025,Setembro,9,972919.92,52291.36,6705.99,3359.17,1216149.9
Restinga,RESTINGA,5757,2025,Outubro,10,801739.07,52648.23,6681.14,42.02,1002173.8374999999
Restinga,RESTINGA,5757,2025,Novembro,11,738654.78,50627.61,6148.81,1711.35,923318.475
Restinga,RESTINGA,5757,2025,Dezembro,12,1157978.79,74323.88,7063.04,3189.29,1447473.4875
Ribeira,RIBEIRA,5769,2025,Janeiro,1,559102.18,105730.54,3559.8,1281.5,698877.725
Ribeira,RIBEIRA,5769,2025,Fevereiro,2,600329.65,30334.67,4133.11,1377.13,750412.0625
Ribeira,RIBEIRA,5769,2025,Março,3,613377.52,30774.54,4767.74,31.37,766721.9
Ribeira,RIBEIRA,5769,2025,Abril,4,660624.7,26458.22,5078.61,1806.08,825780.8749999999
Ribeira,RIBEIRA,5769,2025,Maio,5,611547.89,38895.28,4029.74,2989.36,764434.8624999999
Ribeira,RIBEIRA,5769,2025,Junho,6,463554.24,6601.68,5187.72,37.36,579442.7999999999
Ribeira,RIBEIRA,5769,2025,Julho,7,839322.94,13491.59,4792.65,2662.92,1049153.6749999998
Ribeira,RIBEIRA,5769,2025,Agosto,8,619318.46,16944.22,4233.75,0.0,774148.075
Ribeira,RIBEIRA,5769,2025,Setembro,9,747818.23,12048.44,5154.44,2581.97,934772.7875
Ribeira,RIBEIRA,5769,2025,Outubro,10,616243.0,10430.08,5135.34,32.3,770303.75
Ribeira,RIBEIRA,5769,2025,Novembro,11,567754.33,29848.68,4726.18,1315.4,709692.9124999999
Ribeira,RIBEIRA,5769,2025,Dezembro,12,890060.55,5152.69,5428.89,2451.39,1112575.6875
Ribeirão Bonito,RIBEIRAO BONITO,5770,2025,Janeiro,1,825420.54,986444.16,5225.78,1881.23,1031775.675
Ribeirão Bonito,RIBEIRAO BONITO,5770,2025,Fevereiro,2,881282.29,370204.89,6067.39,2021.62,1101602.8625
Ribeirão Bonito,RIBEIRAO BONITO,5770,2025,Março,3,900436.52,260914.69,6999.03,46.06,1125545.65
Ribeirão Bonito,RIBEIRAO BONITO,5770,2025,Abril,4,969795.25,263896.74,7455.39,2651.32,1212244.0625
Ribeirão Bonito,RIBEIRAO BONITO,5770,2025,Maio,5,897750.64,225948.72,5915.64,4388.37,1122188.3
Ribeirão Bonito,RIBEIRAO BONITO,5770,2025,Junho,6,680496.35,63579.28,7615.56,54.85,850620.4374999999
Ribeirão Bonito,RIBEIRAO BONITO,5770,2025,Julho,7,1232123.78,101549.43,7035.6,3909.16,1540154.7249999999
Ribeirão Bonito,RIBEIRAO BONITO,5770,2025,Agosto,8,909157.8,90401.37,6215.14,0.0,1136447.25
Ribeirão Bonito,RIBEIRAO BONITO,5770,2025,Setembro,9,1097795.11,90278.59,7566.71,3790.33,1372243.8875
Ribeirão Bonito,RIBEIRAO BONITO,5770,2025,Outubro,10,904643.04,94658.56,7538.67,47.41,1130803.8
Ribeirão Bonito,RIBEIRAO BONITO,5770,2025,Novembro,11,833461.81,59141.9,6938.01,1931.01,1041827.2625000001
Ribeirão Bonito,RIBEIRAO BONITO,5770,2025,Dezembro,12,1306606.46,99183.25,7969.59,3598.64,1633258.075
Ribeirão Branco,RIBEIRAO BRANCO,5782,2025,Janeiro,1,1310221.26,1027489.03,8342.18,3003.11,1637776.575
Ribeirão Branco,RIBEIRAO BRANCO,5782,2025,Fevereiro,2,1406835.17,383298.89,9685.68,3227.22,1758543.9625
Ribeirão Branco,RIBEIRAO BRANCO,5782,2025,Março,3,1437412.03,331308.68,11172.91,73.52,1796765.0374999999
Ribeirão Branco,RIBEIRAO BRANCO,5782,2025,Abril,4,1548132.86,284701.34,11901.41,4232.44,1935166.075
Ribeirão Branco,RIBEIRAO BRANCO,5782,2025,Maio,5,1433124.43,251284.13,9443.44,7005.38,1791405.5374999999
Ribeirão Branco,RIBEIRAO BRANCO,5782,2025,Junho,6,1086310.5,112023.07,12157.1,87.56,1357888.125
Ribeirão Branco,RIBEIRAO BRANCO,5782,2025,Julho,7,1966901.06,124529.63,11231.28,6240.38,2458626.3249999997
Ribeirão Branco,RIBEIRAO BRANCO,5782,2025,Agosto,8,1451334.25,166073.5,9921.53,0.0,1814167.8125
Ribeirão Branco,RIBEIRAO BRANCO,5782,2025,Setembro,9,1752465.47,177961.16,12079.12,6050.69,2190581.8375
Ribeirão Branco,RIBEIRAO BRANCO,5782,2025,Outubro,10,1444127.11,131754.8,12034.36,75.69,1805158.8875
Ribeirão Branco,RIBEIRAO BRANCO,5782,2025,Novembro,11,1330496.95,116734.21,11075.5,3082.56,1663121.1874999998
Ribeirão Branco,RIBEIRAO BRANCO,5782,2025,Dezembro,12,2085801.52,148685.54,12722.25,5744.68,2607251.9
Ribeirão Corrente,RIBEIRAO CORRENTE,5794,2025,Janeiro,1,574646.74,540192.64,3643.25,1311.54,718308.4249999999
Ribeirão Corrente,RIBEIRAO CORRENTE,5794,2025,Fevereiro,2,614401.78,144194.11,4229.99,1409.41,768002.225
Ribeirão Corrente,RIBEIRAO CORRENTE,5794,2025,Março,3,627755.49,103923.46,4879.5,32.11,784694.3624999999
Ribeirão Corrente,RIBEIRAO CORRENTE,5794,2025,Abril,4,676110.18,103143.15,5197.66,1848.42,845137.725
Ribeirão Corrente,RIBEIRAO CORRENTE,5794,2025,Maio,5,625882.98,99594.91,4124.2,3059.43,782353.725
Ribeirão Corrente,RIBEIRAO CORRENTE,5794,2025,Junho,6,474420.26,27976.79,5309.32,38.24,593025.325
Ribeirão Corrente,RIBEIRAO CORRENTE,5794,2025,Julho,7,858997.22,50819.44,4904.99,2725.34,1073746.525
Ribeirão Corrente,RIBEIRAO CORRENTE,5794,2025,Agosto,8,633835.69,65904.24,4332.99,0.0,792294.6124999999
Ribeirão Corrente,RIBEIRAO CORRENTE,5794,2025,Setembro,9,765347.58,53447.47,5275.27,2642.49,956684.4749999999
Ribeirão Corrente,RIBEIRAO CORRENTE,5794,2025,Outubro,10,630688.14,39883.95,5255.72,33.06,788360.1749999999
Ribeirão Corrente,RIBEIRAO CORRENTE,5794,2025,Novembro,11,581062.87,49795.3,4836.96,1346.24,726328.5874999999
Ribeirão Corrente,RIBEIRAO CORRENTE,5794,2025,Dezembro,12,910924.17,50250.98,5556.14,2508.85,1138655.2125
Ribeirão Grande,RIBEIRAO GRANDE,7584,2025,Janeiro,1,560494.6,365617.82,3568.67,1284.69,700618.2499999999
Ribeirão Grande,RIBEIRAO GRANDE,7584,2025,Fevereiro,2,601824.68,125334.53,4143.4,1380.56,752280.85
Ribeirão Grande,RIBEIRAO GRANDE,7584,2025,Março,3,614905.04,95493.08,4779.62,31.45,768631.3
Ribeirão Grande,RIBEIRAO GRANDE,7584,2025,Abril,4,662269.88,87009.94,5091.26,1810.58,827837.35
Ribeirão Grande,RIBEIRAO GRANDE,7584,2025,Maio,5,613070.86,76904.53,4039.77,2996.8,766338.575
Ribeirão Grande,RIBEIRAO GRANDE,7584,2025,Junho,6,464708.65,21695.86,5200.64,37.46,580885.8125
Ribeirão Grande,RIBEIRAO GRANDE,7584,2025,Julho,7,841413.14,29147.61,4804.59,2669.55,1051766.425
Ribeirão Grande,RIBEIRAO GRANDE,7584,2025,Agosto,8,620860.77,31995.45,4244.3,0.0,776075.9625
Ribeirão Grande,RIBEIRAO GRANDE,7584,2025,Setembro,9,749680.55,34495.18,5167.28,2588.4,937100.6875
Ribeirão Grande,RIBEIRAO GRANDE,7584,2025,Outubro,10,617777.65,36696.95,5148.13,32.38,772222.0625
Ribeirão Grande,RIBEIRAO GRANDE,7584,2025,Novembro,11,569168.24,40065.7,4737.95,1318.68,711460.2999999999
Ribeirão Grande,RIBEIRAO GRANDE,7584,2025,Dezembro,12,892277.11,34965.05,5442.4,2457.5,1115346.3875
Ribeirão Pires,RIBEIRAO PIRES,5812,2025,Janeiro,1,6239472.57,9221459.79,39450.48,14201.81,7799340.7125
Ribeirão Pires,RIBEIRAO PIRES,5812,2025,Fevereiro,2,6652976.57,4299914.34,45803.96,15261.63,8316220.7125
Ribeirão Pires,RIBEIRAO PIRES,5812,2025,Março,3,6797575.7,3531460.88,52837.1,347.7,8496969.625
Ribeirão Pires,RIBEIRAO PIRES,5812,2025,Abril,4,7321178.65,2998040.79,56282.22,20015.37,9151473.3125
Ribeirão Pires,RIBEIRAO PIRES,5812,2025,Maio,5,6777299.45,2756463.96,44658.38,33128.7,8471624.3125
Ribeirão Pires,RIBEIRAO PIRES,5812,2025,Junho,6,5137203.33,927369.54,57491.39,414.08,6421504.1625
Ribeirão Pires,RIBEIRAO PIRES,5812,2025,Julho,7,9301549.28,1144484.57,53113.14,29511.0,11626936.599999998
Ribeirão Pires,RIBEIRAO PIRES,5812,2025,Agosto,8,6863414.41,1107196.86,46919.31,0.0,8579268.0125
Ribeirão Pires,RIBEIRAO PIRES,5812,2025,Setembro,9,8287475.27,1124537.43,57122.6,28613.93,10359344.087499999
Ribeirão Pires,RIBEIRAO PIRES,5812,2025,Outubro,10,6829331.54,1038821.05,56910.93,357.94,8536664.424999999
Ribeirão Pires,RIBEIRAO PIRES,5812,2025,Novembro,11,6291970.22,810828.01,52376.46,14577.56,7864962.774999999
Ribeirão Pires,RIBEIRAO PIRES,5812,2025,Dezembro,12,9863834.0,1321429.6,60164.02,27166.83,12329792.5
Ribeirão Preto,RIBEIRAO PRETO,5824,2025,Janeiro,1,46876324.02,122946882.79,295730.66,106460.33,58595405.025
Ribeirão Preto,RIBEIRAO PRETO,5824,2025,Fevereiro,2,49872375.13,48955616.62,343357.9,114404.99,62340468.9125
Ribeirão Preto,RIBEIRAO PRETO,5824,2025,Março,3,50956326.33,39004326.08,396080.1,2606.42,63695407.912499994
Ribeirão Preto,RIBEIRAO PRETO,5824,2025,Abril,4,54881384.87,35211465.96,421905.62,150040.2,68601731.08749999
Ribeirão Preto,RIBEIRAO PRETO,5824,2025,Maio,5,50804330.45,31103120.62,334770.35,248341.04,63505413.0625
Ribeirão Preto,RIBEIRAO PRETO,5824,2025,Junho,6,38509760.05,10677051.42,430969.81,3104.04,48137200.06249999
Ribeirão Preto,RIBEIRAO PRETO,5824,2025,Julho,7,69726738.08,12606326.21,398149.37,221221.86,87158422.6
Ribeirão Preto,RIBEIRAO PRETO,5824,2025,Agosto,8,51449869.71,11579002.08,351718.85,0.0,64312337.137499996
Ribeirão Preto,RIBEIRAO PRETO,5824,2025,Setembro,9,62124985.83,12193864.09,428205.29,214497.15,77656232.2875
Ribeirão Preto,RIBEIRAO PRETO,5824,2025,Outubro,10,51194376.07,11399682.92,426618.53,2683.24,63992970.0875
Ribeirão Preto,RIBEIRAO PRETO,5824,2025,Novembro,11,47166181.28,8899929.83,392627.03,109277.02,58957726.6
Ribeirão Preto,RIBEIRAO PRETO,5824,2025,Dezembro,12,73941764.86,15234784.04,451004.53,203649.33,92427206.07499999
Ribeirão do Sul,RIBEIRAO DO SUL,5800,2025,Janeiro,1,786241.28,469883.53,4981.3,1793.22,982801.6
Ribeirão do Sul,RIBEIRAO DO SUL,5800,2025,Fevereiro,2,840052.92,134146.47,5783.54,1927.04,1050066.15
Ribeirão do Sul,RIBEIRAO DO SUL,5800,2025,Março,3,858311.05,125154.54,6671.59,43.9,1072888.8125
Ribeirão do Sul,RIBEIRAO DO SUL,5800,2025,Abril,4,924424.94,103307.43,7106.6,2527.29,1155531.1749999998
Ribeirão do Sul,RIBEIRAO DO SUL,5800,2025,Maio,5,855750.82,84477.08,5638.89,4183.07,1069688.525
Ribeirão do Sul,RIBEIRAO DO SUL,5800,2025,Junho,6,648660.43,28758.45,7259.28,52.28,810825.5375
Ribeirão do Sul,RIBEIRAO DO SUL,5800,2025,Julho,7,1174480.86,55367.2,6706.45,3726.27,1468101.075
Ribeirão do Sul,RIBEIRAO DO SUL,5800,2025,Agosto,8,866624.32,49339.75,5924.37,0.0,1083280.4
Ribeirão do Sul,RIBEIRAO DO SUL,5800,2025,Setembro,9,1046436.54,50079.45,7212.71,3613.0,1308045.675
Ribeirão do Sul,RIBEIRAO DO SUL,5800,2025,Outubro,10,862320.77,43794.51,7185.99,45.2,1077900.9625
Ribeirão do Sul,RIBEIRAO DO SUL,5800,2025,Novembro,11,794469.65,37258.11,6613.43,1840.67,993087.0625
Ribeirão do Sul,RIBEIRAO DO SUL,5800,2025,Dezembro,12,1245478.99,77886.02,7596.74,3430.28,1556848.7374999998
Ribeirão dos Índios,RIBEIRAO DOS INDIOS,7936,2025,Janeiro,1,369267.33,213307.03,2328.17,838.12,461584.1625
Ribeirão dos Índios,RIBEIRAO DOS INDIOS,7936,2025,Fevereiro,2,392626.09,61655.97,2703.13,900.67,490782.6125
Ribeirão dos Índios,RIBEIRAO DOS INDIOS,7936,2025,Março,3,401159.63,46791.17,3118.19,20.52,501449.5375
Ribeirão dos Índios,RIBEIRAO DOS INDIOS,7936,2025,Abril,4,432060.11,35806.73,3321.5,1181.21,540075.1375
Ribeirão dos Índios,RIBEIRAO DOS INDIOS,7936,2025,Maio,5,399963.02,41809.41,2635.52,1955.09,499953.775
Ribeirão dos Índios,RIBEIRAO DOS INDIOS,7936,2025,Junho,6,303172.58,6040.13,3392.86,24.44,378965.725
Ribeirão dos Índios,RIBEIRAO DOS INDIOS,7936,2025,Julho,7,548931.88,10092.22,3134.48,1741.59,686164.85
Ribeirão dos Índios,RIBEIRAO DOS INDIOS,7936,2025,Agosto,8,405045.1,9108.04,2768.95,0.0,506306.37499999994
Ribeirão dos Índios,RIBEIRAO DOS INDIOS,7936,2025,Setembro,9,489086.2,12233.16,3371.1,1688.65,611357.75
Ribeirão dos Índios,RIBEIRAO DOS INDIOS,7936,2025,Outubro,10,403033.7,13611.08,3358.6,21.12,503792.125
Ribeirão dos Índios,RIBEIRAO DOS INDIOS,7936,2025,Novembro,11,371321.27,24845.44,3091.0,860.3,464151.5875
Ribeirão dos Índios,RIBEIRAO DOS INDIOS,7936,2025,Dezembro,12,582115.17,18547.11,3550.59,1603.25,727643.9625
Rifaina,RIFAINA,5848,2025,Janeiro,1,1211588.7,475426.04,7680.95,2765.07,1514485.8749999998
Rifaina,RIFAINA,5848,2025,Fevereiro,2,1295325.01,204806.11,8917.96,2971.42,1619156.2625
Rifaina,RIFAINA,5848,2025,Março,3,1323478.25,152262.9,10287.31,67.7,1654347.8125
Rifaina,RIFAINA,5848,2025,Abril,4,1425423.0,129140.15,10958.07,3896.96,1781778.75
Rifaina,RIFAINA,5848,2025,Maio,5,1319530.49,128404.34,8694.92,6450.11,1649413.1124999998
Rifaina,RIFAINA,5848,2025,Junho,6,1000206.13,53803.39,11193.49,80.62,1250257.6624999999
Rifaina,RIFAINA,5848,2025,Julho,7,1810998.32,37855.85,10341.05,5745.75,2263747.9
Rifaina,RIFAINA,5848,2025,Agosto,8,1336296.95,47776.64,9135.12,0.0,1670371.1874999998
Rifaina,RIFAINA,5848,2025,Setembro,9,1613559.56,55884.25,11121.69,5571.09,2016949.45
Rifaina,RIFAINA,5848,2025,Outubro,10,1329661.07,52993.09,11080.48,69.69,1662076.3375
Rifaina,RIFAINA,5848,2025,Novembro,11,1225037.59,37963.67,10197.62,2838.23,1531296.9875
Rifaina,RIFAINA,5848,2025,Dezembro,12,1920474.35,54451.03,11713.85,5289.34,2400592.9375
Rincão,RINCAO,5850,2025,Janeiro,1,812351.96,648685.74,5141.22,1850.79,1015439.95
Rincão,RINCAO,5850,2025,Fevereiro,2,867021.47,240820.72,5969.21,1988.91,1083776.8375
Rincão,RINCAO,5850,2025,Março,3,885865.75,220958.87,6885.77,45.31,1107332.1875
Rincão,RINCAO,5850,2025,Abril,4,954102.12,171261.27,7334.75,2608.42,1192627.65
Rincão,RINCAO,5850,2025,Maio,5,883223.33,192927.37,5819.92,4317.36,1104029.1624999999
Rincão,RINCAO,5850,2025,Junho,6,669484.63,42011.17,7492.33,53.96,836855.7875
Rincão,RINCAO,5850,2025,Julho,7,1212185.68,81541.83,6921.75,3845.9,1515232.0999999999
Rincão,RINCAO,5850,2025,Agosto,8,894445.9,111645.2,6114.56,0.0,1118057.375
Rincão,RINCAO,5850,2025,Setembro,9,1080030.7,76972.69,7444.27,3728.99,1350038.3749999998
Rincão,RINCAO,5850,2025,Outubro,10,890004.2,78744.11,7416.68,46.65,1112505.2499999998
Rincão,RINCAO,5850,2025,Novembro,11,819974.82,68728.76,6825.74,1899.76,1024968.5249999999
Rincão,RINCAO,5850,2025,Dezembro,12,1285463.09,69150.03,7840.63,3540.4,1606828.8625
Rinópolis,RINOPOLIS,5861,2025,Janeiro,1,915074.86,1340239.14,5765.07,2075.37,1143843.575
Rinópolis,RINOPOLIS,5861,2025,Fevereiro,2,972228.57,299756.7,6693.53,2230.25,1215285.7125
Rinópolis,RINOPOLIS,5861,2025,Março,3,993359.47,433842.59,7721.32,50.81,1241699.3375
Rinópolis,RINOPOLIS,5861,2025,Abril,4,1069875.86,204876.35,8224.77,2924.93,1337344.825
Rinópolis,RINOPOLIS,5861,2025,Maio,5,990396.42,399699.31,6526.12,4841.24,1237995.525
Rinópolis,RINOPOLIS,5861,2025,Junho,6,750721.99,132932.75,8401.47,60.51,938402.4874999999
Rinópolis,RINOPOLIS,5861,2025,Julho,7,1359276.09,286421.58,7761.66,4312.57,1699095.1125
Rinópolis,RINOPOLIS,5861,2025,Agosto,8,1002980.77,221918.51,6856.52,0.0,1253725.9625
Rinópolis,RINOPOLIS,5861,2025,Setembro,9,1211085.01,178597.17,8347.58,4181.48,1513856.2625
Rinópolis,RINOPOLIS,5861,2025,Outubro,10,998000.09,118986.34,8316.64,52.31,1247500.1124999998
Rinópolis,RINOPOLIS,5861,2025,Novembro,11,919473.13,104276.6,7654.0,2130.28,1149341.4124999999
Rinópolis,RINOPOLIS,5861,2025,Dezembro,12,1441445.21,122233.8,8792.03,3970.01,1801806.5125
Rio Claro,RIO CLARO,5873,2025,Janeiro,1,18737094.27,29949831.22,118219.71,42558.01,23421367.8375
Rio Claro,RIO CLARO,5873,2025,Fevereiro,2,19936714.78,10761778.76,137258.92,45733.93,24920893.475
Rio Claro,RIO CLARO,5873,2025,Março,3,20370029.33,8659992.79,158334.87,1041.93,25462536.662499998
Rio Claro,RIO CLARO,5873,2025,Abril,4,21939089.8,7648236.78,168658.74,59979.27,27423862.25
Rio Claro,RIO CLARO,5873,2025,Maio,5,20309268.27,6756018.06,133826.01,99275.49,25386585.3375
Rio Claro,RIO CLARO,5873,2025,Junho,6,15394456.36,1919612.66,172282.19,1240.85,19243070.45
Rio Claro,RIO CLARO,5873,2025,Julho,7,27873589.05,2302939.99,159162.07,88434.47,34841986.3125
Rio Claro,RIO CLARO,5873,2025,Agosto,8,20567325.6,2185439.03,140601.25,0.0,25709157.0
Rio Claro,RIO CLARO,5873,2025,Setembro,9,24834753.1,2415875.07,171177.06,85746.24,31043441.375
Rio Claro,RIO CLARO,5873,2025,Outubro,10,20465190.82,2218237.01,170542.75,1072.64,25581488.525
Rio Claro,RIO CLARO,5873,2025,Novembro,11,18854901.15,1647653.38,156954.49,43684.0,23568626.437499996
Rio Claro,RIO CLARO,5873,2025,Dezembro,12,29558565.69,3091302.58,180291.17,81409.77,36948207.1125
Rio Grande da Serra,RIO GRANDE DA SERRA,5897,2025,Janeiro,1,863170.13,1703510.93,5425.72,1953.21,1078962.6624999999
Rio Grande da Serra,RIO GRANDE DA SERRA,5897,2025,Fevereiro,2,915000.23,900219.73,6299.53,2098.97,1143750.2874999999
Rio Grande da Serra,RIO GRANDE DA SERRA,5897,2025,Março,3,934887.31,763798.35,7266.82,47.82,1168609.1375
Rio Grande da Serra,RIO GRANDE DA SERRA,5897,2025,Abril,4,1006899.71,675008.82,7740.63,2752.76,1258624.6375
Rio Grande da Serra,RIO GRANDE DA SERRA,5897,2025,Maio,5,932098.66,617957.92,6141.98,4556.27,1165123.325
Rio Grande da Serra,RIO GRANDE DA SERRA,5897,2025,Junho,6,706532.21,186830.9,7906.93,56.95,883165.2625
Rio Grande da Serra,RIO GRANDE DA SERRA,5897,2025,Julho,7,1279264.95,236209.67,7304.78,4058.72,1599081.1874999998
Rio Grande da Serra,RIO GRANDE DA SERRA,5897,2025,Agosto,8,943942.26,284014.17,6452.93,0.0,1179927.825
Rio Grande da Serra,RIO GRANDE DA SERRA,5897,2025,Setembro,9,1139796.86,305997.5,7856.21,3935.34,1424746.075
Rio Grande da Serra,RIO GRANDE DA SERRA,5897,2025,Outubro,10,939254.77,239799.09,7827.1,49.23,1174068.4625
Rio Grande da Serra,RIO GRANDE DA SERRA,5897,2025,Novembro,11,865350.14,183288.11,7203.46,2004.89,1081687.675
Rio Grande da Serra,RIO GRANDE DA SERRA,5897,2025,Dezembro,12,1356597.35,332157.81,8274.51,3736.32,1695746.6875
Rio das Pedras,RIO DAS PEDRAS,5885,2025,Janeiro,1,3287415.95,3490914.07,20790.77,7484.49,4109269.9375
Rio das Pedras,RIO DAS PEDRAS,5885,2025,Fevereiro,2,3506180.04,1323853.49,24139.11,8043.02,4382725.05
Rio das Pedras,RIO DAS PEDRAS,5885,2025,Março,3,3582385.12,1359224.42,27845.64,183.24,4477981.399999999
Rio das Pedras,RIO DAS PEDRAS,5885,2025,Abril,4,3858328.7,889795.15,29661.25,10548.28,4822910.875
Rio das Pedras,RIO DAS PEDRAS,5885,2025,Maio,5,3571699.34,1012969.98,23535.38,17459.13,4464624.175
Rio das Pedras,RIO DAS PEDRAS,5885,2025,Junho,6,2707353.55,273247.26,30298.49,218.22,3384191.9374999995
Rio das Pedras,RIO DAS PEDRAS,5885,2025,Julho,7,4902002.3,569602.29,27991.11,15552.57,6127502.874999999
Rio das Pedras,RIO DAS PEDRAS,5885,2025,Agosto,8,3617082.72,572409.46,24726.91,0.0,4521353.4
Rio das Pedras,RIO DAS PEDRAS,5885,2025,Setembro,9,4367575.93,540462.48,30104.14,15079.8,5459469.9125
Rio das Pedras,RIO DAS PEDRAS,5885,2025,Outubro,10,3599120.74,345542.93,29992.58,188.64,4498900.925
Rio das Pedras,RIO DAS PEDRAS,5885,2025,Novembro,11,3315926.36,241558.02,27602.88,7682.51,4144907.9499999997
Rio das Pedras,RIO DAS PEDRAS,5885,2025,Dezembro,12,5198331.53,468134.33,31706.99,14317.17,6497914.4125
Riolândia,RIOLANDIA,5903,2025,Janeiro,1,1369738.17,675747.43,8626.83,3105.58,1712172.7125
Riolândia,RIOLANDIA,5903,2025,Fevereiro,2,1454839.34,296289.36,10016.18,3337.34,1818549.175
Riolândia,RIOLANDIA,5903,2025,Março,3,1486459.55,205206.09,11554.15,76.03,1858074.4375
Riolândia,RIOLANDIA,5903,2025,Abril,4,1600958.39,190264.71,12307.51,4376.86,2001197.9874999998
Riolândia,RIOLANDIA,5903,2025,Maio,5,1482025.64,200847.19,9765.67,7244.42,1852532.0499999998
Riolândia,RIOLANDIA,5903,2025,Junho,6,1123377.7,62280.64,12571.93,90.55,1404222.1249999998
Riolândia,RIOLANDIA,5903,2025,Julho,7,2034015.85,85049.09,11614.51,6453.32,2542519.8125
Riolândia,RIOLANDIA,5903,2025,Agosto,8,1500856.82,92150.03,10260.08,0.0,1876071.025
Riolândia,RIOLANDIA,5903,2025,Setembro,9,1812263.26,79177.33,12491.28,6257.15,2265329.0749999997
Riolândia,RIOLANDIA,5903,2025,Outubro,10,1493403.75,63126.79,12444.99,78.27,1866754.6875
Riolândia,RIOLANDIA,5903,2025,Novembro,11,1375896.29,50198.06,11453.42,3187.75,1719870.3625
Riolândia,RIOLANDIA,5903,2025,Dezembro,12,2156973.43,58714.06,13156.36,5940.7,2696216.7875
Riversul,RIVERSUL,5836,2025,Janeiro,1,657104.31,372266.32,4147.27,1492.98,821380.3875000001
Riversul,RIVERSUL,5836,2025,Fevereiro,2,699400.61,119959.75,4815.19,1604.39,874250.7625
Riversul,RIVERSUL,5836,2025,Março,3,714601.73,95503.55,5554.55,36.55,893252.1625
Riversul,RIVERSUL,5836,2025,Abril,4,769646.0,64611.52,5916.72,2104.14,962057.5
Riversul,RIVERSUL,5836,2025,Maio,5,712470.17,53917.08,4694.76,3482.69,890587.7125
Riversul,RIVERSUL,5836,2025,Junho,6,540053.48,33452.42,6043.84,43.53,675066.85
Riversul,RIVERSUL,5836,2025,Julho,7,977834.38,25194.28,5583.57,3102.37,1222292.9749999999
Riversul,RIVERSUL,5836,2025,Agosto,8,721523.09,33109.52,4932.44,0.0,901903.8624999999
Riversul,RIVERSUL,5836,2025,Setembro,9,871228.87,22966.94,6005.07,3008.07,1089036.0875
Riversul,RIVERSUL,5836,2025,Outubro,10,717940.1,27747.52,5982.82,37.63,897425.1249999999
Riversul,RIVERSUL,5836,2025,Novembro,11,661449.47,21271.68,5506.13,1532.48,826811.8374999999
Riversul,RIVERSUL,5836,2025,Dezembro,12,1036945.11,37860.57,6324.8,2855.94,1296181.3875
Rosana,ROSANA,7304,2025,Janeiro,1,3813792.97,1256389.28,24152.33,8694.62,4767241.2125
Rosana,ROSANA,7304,2025,Fevereiro,2,4073078.42,454300.38,28042.05,9343.46,5091348.024999999
Rosana,ROSANA,7304,2025,Março,3,4161604.74,362942.51,32347.87,212.87,5202005.925
Rosana,ROSANA,7304,2025,Abril,4,4482164.39,360753.78,34457.04,12253.79,5602705.487499999
Rosana,ROSANA,7304,2025,Maio,5,4149191.24,283856.58,27340.71,20282.02,5186489.05
Rosana,ROSANA,7304,2025,Junho,6,3145093.29,82835.71,35197.32,253.51,3931366.6125
Rosana,ROSANA,7304,2025,Julho,7,5694584.85,95044.95,32516.87,18067.2,7118231.062499999
Rosana,ROSANA,7304,2025,Agosto,8,4201912.45,104513.85,28724.89,0.0,5252390.5625
Rosana,ROSANA,7304,2025,Setembro,9,5073749.51,108096.95,34971.54,17517.99,6342186.887499999
Rosana,ROSANA,7304,2025,Outubro,10,4181046.27,89386.62,34841.95,219.14,5226307.837499999
Rosana,ROSANA,7304,2025,Novembro,11,3852063.48,71927.58,32065.86,8924.66,4815079.35
Rosana,ROSANA,7304,2025,Dezembro,12,6038826.22,145070.37,36833.55,16632.05,7548532.774999999
Roseira,ROSEIRA,5915,2025,Janeiro,1,675121.86,734523.02,4288.94,1543.98,843902.325
Roseira,ROSEIRA,5915,2025,Fevereiro,2,723292.02,324804.64,4979.67,1659.2,904115.025
Roseira,ROSEIRA,5915,2025,Março,3,739012.41,258458.32,5744.29,37.8,923765.5125
Roseira,ROSEIRA,5915,2025,Abril,4,795936.98,255719.93,6118.84,2176.01,994921.225
Roseira,ROSEIRA,5915,2025,Maio,5,736808.03,227751.82,4855.13,3601.66,921010.0375
Roseira,ROSEIRA,5915,2025,Junho,6,558501.61,70041.37,6250.29,45.02,698127.0125
Roseira,ROSEIRA,5915,2025,Julho,7,1011237.04,73357.69,5774.3,3208.35,1264046.3
Roseira,ROSEIRA,5915,2025,Agosto,8,746170.2,113703.89,5100.93,0.0,932712.7499999999
Roseira,ROSEIRA,5915,2025,Setembro,9,900989.9,69553.04,6210.2,3110.82,1126237.375
Roseira,ROSEIRA,5915,2025,Outubro,10,742464.81,102687.71,6187.19,38.91,928081.0125000001
Roseira,ROSEIRA,5915,2025,Novembro,11,684044.47,56170.63,5694.21,1584.83,855055.5874999999
Roseira,ROSEIRA,5915,2025,Dezembro,12,1072366.98,81949.04,6540.86,2953.5,1340458.7249999999
Rubinéia,RUBINEIA,5939,2025,Janeiro,1,564829.71,312236.11,3570.86,1285.48,706037.1375
Rubinéia,RUBINEIA,5939,2025,Fevereiro,2,602194.81,114960.04,4145.95,1381.41,752743.5125000001
Rubinéia,RUBINEIA,5939,2025,Março,3,615283.21,85447.72,4782.56,31.47,769104.0125
Rubinéia,RUBINEIA,5939,2025,Abril,4,662677.18,71844.66,5094.39,1811.69,828346.475
Rubinéia,RUBINEIA,5939,2025,Maio,5,613447.9,82896.27,4042.26,2998.65,766809.875
Rubinéia,RUBINEIA,5939,2025,Junho,6,464994.45,24253.79,5203.84,37.48,581243.0625
Rubinéia,RUBINEIA,5939,2025,Julho,7,841930.62,37889.3,4807.54,2671.19,1052413.275
Rubinéia,RUBINEIA,5939,2025,Agosto,8,621242.61,37478.66,4246.91,0.0,776553.2625
Rubinéia,RUBINEIA,5939,2025,Setembro,9,750141.61,32982.95,5170.46,2589.99,937677.0125
Rubinéia,RUBINEIA,5939,2025,Outubro,10,618157.59,20288.73,5151.3,32.4,772696.9874999999
Rubinéia,RUBINEIA,5939,2025,Novembro,11,569518.28,27867.04,4740.86,1319.49,711897.85
Rubinéia,RUBINEIA,5939,2025,Dezembro,12,892825.87,32822.6,5445.75,2459.01,1116032.3375
Rubiácea,RUBIACEA,5927,2025,Janeiro,1,479918.48,154337.29,3035.06,1092.59,599898.1
Rubiácea,RUBIACEA,5927,2025,Fevereiro,2,511836.37,64510.06,3523.86,1174.13,639795.4624999999
Rubiácea,RUBIACEA,5927,2025,Março,3,522960.88,48853.87,4064.94,26.75,653701.1
Rubiácea,RUBIACEA,5927,2025,Abril,4,563243.46,38195.01,4329.99,1539.85,704054.325
Rubiácea,RUBIACEA,5927,2025,Maio,5,521400.96,37710.46,3435.72,2548.71,651751.2
Rubiácea,RUBIACEA,5927,2025,Junho,6,395222.72,17048.01,4423.01,31.86,494028.39999999997
Rubiácea,RUBIACEA,5927,2025,Julho,7,715600.18,18139.15,4086.18,2270.38,894500.225
Rubiácea,RUBIACEA,5927,2025,Agosto,8,528026.08,19215.94,3609.66,0.0,660032.5999999999
Rubiácea,RUBIACEA,5927,2025,Setembro,9,637583.98,20194.79,4394.64,2201.37,796979.975
Rubiácea,RUBIACEA,5927,2025,Outubro,10,525403.97,30560.64,4378.35,27.54,656754.9624999999
Rubiácea,RUBIACEA,5927,2025,Novembro,11,484062.91,18954.26,4029.5,1121.5,605078.6375
Rubiácea,RUBIACEA,5927,2025,Dezembro,12,758858.68,23482.21,4628.63,2090.04,948573.35
Sabino,SABINO,5940,2025,Janeiro,1,937276.24,414853.45,5863.69,2110.87,1171595.2999999998
Sabino,SABINO,5940,2025,Fevereiro,2,988858.93,145087.79,6808.03,2268.4,1236073.6625
Sabino,SABINO,5940,2025,Março,3,1010351.29,132911.2,7853.39,51.68,1262939.1125
Sabino,SABINO,5940,2025,Abril,4,1088176.52,119061.96,8365.46,2974.97,1360220.65
Sabino,SABINO,5940,2025,Maio,5,1007337.55,108705.36,6637.76,4924.05,1259171.9375
Sabino,SABINO,5940,2025,Junho,6,763563.4,31430.02,8545.18,61.55,954454.25
Sabino,SABINO,5940,2025,Julho,7,1382527.05,60457.89,7894.42,4386.34,1728158.8125
Sabino,SABINO,5940,2025,Agosto,8,1020137.16,43272.3,6973.81,0.0,1275171.45
Sabino,SABINO,5940,2025,Setembro,9,1231801.11,42000.32,8490.36,4253.0,1539751.3875
Sabino,SABINO,5940,2025,Outubro,10,1015071.29,55992.77,8458.9,53.2,1268839.1125
Sabino,SABINO,5940,2025,Novembro,11,935201.09,32545.92,7784.93,2166.72,1169001.3624999998
Sabino,SABINO,5940,2025,Dezembro,12,1466101.72,46868.47,8942.42,4037.92,1832627.15
Sagres,SAGRES,5952,2025,Janeiro,1,287729.25,93404.14,1821.79,655.83,359661.5625
Sagres,SAGRES,5952,2025,Fevereiro,2,307228.1,37399.65,2115.18,704.77,384035.12499999994
Sagres,SAGRES,5952,2025,Março,3,313905.55,31520.49,2439.97,16.06,392381.93749999994
Sagres,SAGRES,5952,2025,Abril,4,338085.04,54546.12,2599.06,924.29,422606.29999999993
Sagres,SAGRES,5952,2025,Maio,5,312969.22,27888.54,2062.28,1529.85,391211.52499999997
Sagres,SAGRES,5952,2025,Junho,6,237231.14,2896.55,2654.9,19.12,296538.925
Sagres,SAGRES,5952,2025,Julho,7,429536.66,5150.32,2452.71,1362.79,536920.825
Sagres,SAGRES,5952,2025,Agosto,8,316945.92,21579.15,2166.69,0.0,396182.39999999997
Sagres,SAGRES,5952,2025,Setembro,9,382707.69,8958.51,2637.87,1321.36,478384.6125
Sagres,SAGRES,5952,2025,Outubro,10,315372.01,17241.0,2628.09,16.53,394215.0125
Sagres,SAGRES,5952,2025,Novembro,11,290557.17,10608.72,2418.69,673.18,363196.46249999997
Sagres,SAGRES,5952,2025,Dezembro,12,455502.43,12175.02,2778.32,1254.54,569378.0375
Sales,SALES,5964,2025,Janeiro,1,947139.35,473974.74,5966.8,2147.99,1183924.1875
Sales,SALES,5964,2025,Fevereiro,2,1006247.7,207239.25,6927.75,2308.29,1257809.6249999998
Sales,SALES,5964,2025,Março,3,1028117.99,182282.45,7991.49,52.59,1285147.4874999998
Sales,SALES,5964,2025,Abril,4,1107311.75,162742.37,8512.56,3027.28,1384139.6875
Sales,SALES,5964,2025,Maio,5,1025051.25,138460.12,6754.48,5010.64,1281314.0625
Sales,SALES,5964,2025,Junho,6,776990.41,32827.9,8695.44,62.63,971238.0125
Sales,SALES,5964,2025,Julho,7,1406838.34,55306.56,8033.24,4463.47,1758547.925
Sales,SALES,5964,2025,Agosto,8,1038075.94,26635.27,7096.44,0.0,1297594.9249999998
Sales,SALES,5964,2025,Setembro,9,1253461.94,51627.6,8639.66,4327.79,1566827.4249999998
Sales,SALES,5964,2025,Outubro,10,1032920.99,45483.25,8607.65,54.14,1291151.2374999998
Sales,SALES,5964,2025,Novembro,11,951646.3,37953.56,7921.82,2204.82,1189557.875
Sales,SALES,5964,2025,Dezembro,12,1491882.64,66055.96,9099.67,4108.92,1864853.2999999998
Sales Oliveira,SALES OLIVEIRA,5976,2025,Janeiro,1,1090196.51,1476585.55,6880.81,2477.03,1362745.6375
Sales Oliveira,SALES OLIVEIRA,5976,2025,Fevereiro,2,1160387.91,513489.1,7988.96,2661.88,1450484.8874999997
Sales Oliveira,SALES OLIVEIRA,5976,2025,Março,3,1185608.36,402725.41,9215.65,60.64,1482010.45
Sales Oliveira,SALES OLIVEIRA,5976,2025,Abril,4,1276933.28,352534.91,9816.54,3491.01,1596166.5999999999
Sales Oliveira,SALES OLIVEIRA,5976,2025,Maio,5,1182071.85,318898.26,7789.15,5778.19,1477589.8125
Sales Oliveira,SALES OLIVEIRA,5976,2025,Junho,6,896012.27,97244.2,10027.44,72.22,1120015.3375
Sales Oliveira,SALES OLIVEIRA,5976,2025,Julho,7,1622342.3,146765.07,9263.8,5147.2,2027927.875
Sales Oliveira,SALES OLIVEIRA,5976,2025,Agosto,8,1197091.71,159708.93,8183.49,0.0,1496364.6375
Sales Oliveira,SALES OLIVEIRA,5976,2025,Setembro,9,1445471.21,174371.34,9963.12,4990.74,1806839.0125
Sales Oliveira,SALES OLIVEIRA,5976,2025,Outubro,10,1191147.1,129973.14,9926.2,62.43,1488933.875
Sales Oliveira,SALES OLIVEIRA,5976,2025,Novembro,11,1097422.5,103983.36,9135.31,2542.56,1371778.125
Sales Oliveira,SALES OLIVEIRA,5976,2025,Dezembro,12,1720413.95,175882.93,10493.59,4738.34,2150517.4375
Salesópolis,SALESOPOLIS,5988,2025,Janeiro,1,1090022.69,1298247.67,6940.18,2498.4,1362528.3624999998
Salesópolis,SALESOPOLIS,5988,2025,Fevereiro,2,1170399.51,530506.11,8057.89,2684.84,1462999.3875
Salesópolis,SALESOPOLIS,5988,2025,Março,3,1195837.56,425228.35,9295.17,61.17,1494796.95
Salesópolis,SALESOPOLIS,5988,2025,Abril,4,1287950.41,361492.44,9901.24,3521.13,1609938.0124999997
Salesópolis,SALESOPOLIS,5988,2025,Maio,5,1192270.54,313836.37,7856.35,5828.04,1490338.175
Salesópolis,SALESOPOLIS,5988,2025,Junho,6,903742.89,131738.15,10113.95,72.85,1129678.6125
Salesópolis,SALESOPOLIS,5988,2025,Julho,7,1636339.56,125810.83,9343.73,5191.61,2045424.45
Salesópolis,SALESOPOLIS,5988,2025,Agosto,8,1207419.99,116028.27,8254.1,0.0,1509274.9874999998
Salesópolis,SALESOPOLIS,5988,2025,Setembro,9,1457942.46,120582.55,10049.08,5033.8,1822428.075
Salesópolis,SALESOPOLIS,5988,2025,Outubro,10,1201424.09,109658.66,10011.84,62.97,1501780.1125
Salesópolis,SALESOPOLIS,5988,2025,Novembro,11,1106890.85,85855.53,9214.13,2564.5,1383613.5625
Salesópolis,SALESOPOLIS,5988,2025,Dezembro,12,1735257.35,144511.89,10584.13,4779.22,2169071.6875
Salmourão,SALMOURAO,5990,2025,Janeiro,1,401061.63,259348.95,2536.25,913.03,501327.0375
Salmourão,SALMOURAO,5990,2025,Fevereiro,2,427715.69,79929.11,2944.71,981.16,534644.6124999999
Salmourão,SALMOURAO,5990,2025,Março,3,437011.88,63058.07,3396.86,22.35,546264.85
Salmourão,SALMOURAO,5990,2025,Abril,4,470673.98,56121.81,3618.35,1286.78,588342.475
Salmourão,SALMOURAO,5990,2025,Maio,5,435708.33,60092.7,2871.06,2129.82,544635.4125
Salmourão,SALMOURAO,5990,2025,Junho,6,330267.58,20241.74,3696.09,26.62,412834.475
Salmourão,SALMOURAO,5990,2025,Julho,7,597990.77,27643.79,3414.61,1897.24,747488.4625
Salmourão,SALMOURAO,5990,2025,Agosto,8,441244.61,27217.53,3016.41,0.0,551555.7625
Salmourão,SALMOURAO,5990,2025,Setembro,9,532796.58,37298.06,3672.38,1839.57,665995.7249999999
Salmourão,SALMOURAO,5990,2025,Outubro,10,439053.44,27627.3,3658.77,23.01,548816.7999999999
Salmourão,SALMOURAO,5990,2025,Novembro,11,404506.82,13819.16,3367.25,937.18,505633.52499999997
Salmourão,SALMOURAO,5990,2025,Dezembro,12,634139.7,53368.32,3867.91,1746.54,792674.6249999999
Saltinho,SALTINHO,7596,2025,Janeiro,1,1001056.04,1492137.71,6357.46,2288.63,1251320.05
Saltinho,SALTINHO,7596,2025,Fevereiro,2,1072130.5,492886.08,7381.33,2459.42,1340163.125
Saltinho,SALTINHO,7596,2025,Março,3,1095432.72,435014.21,8514.73,56.03,1369290.9
Saltinho,SALTINHO,7596,2025,Abril,4,1179811.6,453822.63,9069.91,3225.49,1474764.5
Saltinho,SALTINHO,7596,2025,Maio,5,1092165.19,348469.01,7196.72,5338.71,1365206.4874999998
Saltinho,SALTINHO,7596,2025,Junho,6,827862.88,103858.56,9264.77,66.73,1034828.6
Saltinho,SALTINHO,7596,2025,Julho,7,1498949.32,112579.05,8559.21,4755.71,1873686.65
Saltinho,SALTINHO,7596,2025,Agosto,8,1106042.66,97506.0,7561.07,0.0,1382553.3249999997
Saltinho,SALTINHO,7596,2025,Setembro,9,1335530.78,134348.15,9205.34,4611.15,1669413.4749999999
Saltinho,SALTINHO,7596,2025,Outubro,10,1100550.19,91890.6,9171.22,57.68,1375687.7374999998
Saltinho,SALTINHO,7596,2025,Novembro,11,1013954.15,54981.61,8440.49,2349.18,1267442.6875
Saltinho,SALTINHO,7596,2025,Dezembro,12,1589561.78,125078.66,9695.46,4377.95,1986952.2249999999
Salto,SALTO,6002,2025,Janeiro,1,10496658.62,15881464.41,66411.1,23907.39,13120823.274999999
Salto,SALTO,6002,2025,Fevereiro,2,11199648.42,5819138.61,77106.57,25691.49,13999560.524999999
Salto,SALTO,6002,2025,Março,3,11443067.19,4704458.74,88946.19,585.31,14303833.987499999
Salto,SALTO,6002,2025,Abril,4,12324502.57,4295099.38,94745.73,33693.95,15405628.2125
Salto,SALTO,6002,2025,Maio,5,11408934.06,3753190.29,75178.1,55769.0,14261167.575
Salto,SALTO,6002,2025,Junho,6,8647989.44,1278957.61,96781.24,697.06,10809986.799999999
Salto,SALTO,6002,2025,Julho,7,15658266.73,1495718.92,89410.88,49678.95,19572833.412499998
Salto,SALTO,6002,2025,Agosto,8,11553900.34,1554582.32,78984.16,0.0,14442375.424999999
Salto,SALTO,6002,2025,Setembro,9,13951170.31,1613049.35,96160.42,48168.8,17438962.8875
Salto,SALTO,6002,2025,Outubro,10,11496525.11,1571902.47,95804.09,602.57,14370656.3875
Salto,SALTO,6002,2025,Novembro,11,10591928.83,1105721.06,88170.75,24539.92,13239911.0375
Salto,SALTO,6002,2025,Dezembro,12,16604819.16,2307029.14,101280.36,45732.75,20756023.95
Salto Grande,SALTO GRANDE,6014,2025,Janeiro,1,845461.58,634814.88,5355.58,1927.96,1056826.9749999999
Salto Grande,SALTO GRANDE,6014,2025,Fevereiro,2,903170.65,197991.0,6218.09,2071.83,1128963.3125
Salto Grande,SALTO GRANDE,6014,2025,Março,3,922800.61,199115.15,7172.87,47.2,1153500.7625
Salto Grande,SALTO GRANDE,6014,2025,Abril,4,993882.0,164602.56,7640.56,2717.17,1242352.5
Salto Grande,SALTO GRANDE,6014,2025,Maio,5,920048.02,166734.49,6062.57,4497.37,1150060.025
Salto Grande,SALTO GRANDE,6014,2025,Junho,6,697397.8,50521.7,7804.71,56.21,871747.25
Salto Grande,SALTO GRANDE,6014,2025,Julho,7,1262725.97,80433.44,7210.34,4006.25,1578407.4625
Salto Grande,SALTO GRANDE,6014,2025,Agosto,8,931738.5,101678.61,6369.5,0.0,1164673.125
Salto Grande,SALTO GRANDE,6014,2025,Setembro,9,1125060.99,92299.05,7754.64,3884.47,1406326.2374999998
Salto Grande,SALTO GRANDE,6014,2025,Outubro,10,927111.61,69246.63,7725.91,48.59,1158889.5125
Salto Grande,SALTO GRANDE,6014,2025,Novembro,11,854162.46,35181.56,7110.33,1978.97,1067703.075
Salto Grande,SALTO GRANDE,6014,2025,Dezembro,12,1339058.58,60355.82,8167.53,3688.02,1673823.225
Salto de Pirapora,SALTO DE PIRAPORA,6026,2025,Janeiro,1,3562335.96,3734369.39,22567.86,8124.22,4452919.949999999
Salto de Pirapora,SALTO DE PIRAPORA,6026,2025,Fevereiro,2,3805871.32,1412500.24,26202.4,8730.5,4757339.149999999
Salto de Pirapora,SALTO DE PIRAPORA,6026,2025,Março,3,3888590.04,1186101.58,30225.75,198.9,4860737.55
Salto de Pirapora,SALTO DE PIRAPORA,6026,2025,Abril,4,4188119.94,984536.22,32196.55,11449.9,5235149.925
Salto de Pirapora,SALTO DE PIRAPORA,6026,2025,Maio,5,3876990.89,859988.39,25547.07,18951.45,4846238.6125
Salto de Pirapora,SALTO DE PIRAPORA,6026,2025,Junho,6,2938765.02,289499.84,32888.26,236.88,3673456.275
Salto de Pirapora,SALTO DE PIRAPORA,6026,2025,Julho,7,5321001.7,366042.67,30383.66,16881.93,6651252.125
Salto de Pirapora,SALTO DE PIRAPORA,6026,2025,Agosto,8,3926253.42,401218.8,26840.44,0.0,4907816.774999999
Salto de Pirapora,SALTO DE PIRAPORA,6026,2025,Setembro,9,4740895.16,501742.13,32677.29,16368.75,5926118.95
Salto de Pirapora,SALTO DE PIRAPORA,6026,2025,Outubro,10,3906756.14,399236.36,32556.2,204.76,4883445.175
Salto de Pirapora,SALTO DE PIRAPORA,6026,2025,Novembro,11,3599355.68,325005.97,29962.24,8339.17,4499194.6
Salto de Pirapora,SALTO DE PIRAPORA,6026,2025,Dezembro,12,5642659.72,520145.72,34417.15,15540.93,7053324.649999999
Sandovalina,SANDOVALINA,6038,2025,Janeiro,1,1699395.0,420070.63,10757.61,3872.64,2124243.75
Sandovalina,SANDOVALINA,6038,2025,Fevereiro,2,1814175.67,80678.46,12490.11,4161.64,2267719.5875
Sandovalina,SANDOVALINA,6038,2025,Março,3,1853605.88,73472.29,14407.95,94.81,2317007.3499999996
Sandovalina,SANDOVALINA,6038,2025,Abril,4,1996385.24,59271.93,15347.39,5457.92,2495481.55
Sandovalina,SANDOVALINA,6038,2025,Maio,5,1848076.82,56646.33,12177.73,9033.74,2310096.025
Sandovalina,SANDOVALINA,6038,2025,Junho,6,1400845.05,26260.66,15677.11,112.91,1751056.3125
Sandovalina,SANDOVALINA,6038,2025,Julho,7,2536405.21,36738.37,14483.23,8047.25,3170506.5124999997
Sandovalina,SANDOVALINA,6038,2025,Agosto,8,1871559.19,48557.47,12794.25,0.0,2339448.9875
Sandovalina,SANDOVALINA,6038,2025,Setembro,9,2259881.1,33676.74,15576.55,7802.63,2824851.375
Sandovalina,SANDOVALINA,6038,2025,Outubro,10,1862265.26,34048.42,15518.83,97.61,2327831.5749999997
Sandovalina,SANDOVALINA,6038,2025,Novembro,11,1715734.18,30951.38,14282.34,3975.1,2144667.7249999996
Sandovalina,SANDOVALINA,6038,2025,Dezembro,12,2689732.56,34373.16,16405.91,7408.02,3362165.6999999997
Santa Adélia,SANTA ADELIA,6040,2025,Janeiro,1,1075266.53,2209466.45,6816.56,2453.9,1344083.1624999999
Santa Adélia,SANTA ADELIA,6040,2025,Fevereiro,2,1149552.59,565734.63,7914.36,2637.02,1436940.7375
Santa Adélia,SANTA ADELIA,6040,2025,Março,3,1174537.55,457434.87,9129.6,60.08,1468171.9375
Santa Adélia,SANTA ADELIA,6040,2025,Abril,4,1265009.7,396202.58,9724.88,3458.41,1581262.1249999998
Santa Adélia,SANTA ADELIA,6040,2025,Maio,5,1171034.06,457499.81,7716.42,5724.23,1463792.575
Santa Adélia,SANTA ADELIA,6040,2025,Junho,6,887645.6,102020.58,9933.81,71.55,1109557.0
Santa Adélia,SANTA ADELIA,6040,2025,Julho,7,1607193.41,167784.45,9177.3,5099.14,2008991.7624999997
Santa Adélia,SANTA ADELIA,6040,2025,Agosto,8,1185913.66,134753.4,8107.08,0.0,1482392.0749999997
Santa Adélia,SANTA ADELIA,6040,2025,Setembro,9,1431973.88,140896.49,9870.08,4944.13,1789967.3499999999
Santa Adélia,SANTA ADELIA,6040,2025,Outubro,10,1180024.56,91208.25,9833.51,61.85,1475030.7
Santa Adélia,SANTA ADELIA,6040,2025,Novembro,11,1087175.13,98571.81,9050.01,2518.82,1358968.9124999999
Santa Adélia,SANTA ADELIA,6040,2025,Dezembro,12,1704349.3,142933.63,10395.6,4694.09,2130436.625
Santa Albertina,SANTA ALBERTINA,6051,2025,Janeiro,1,868710.44,865497.02,5490.32,1976.46,1085888.0499999998
Santa Albertina,SANTA ALBERTINA,6051,2025,Fevereiro,2,925893.61,187084.82,6374.53,2123.96,1157367.0125
Santa Albertina,SANTA ALBERTINA,6051,2025,Março,3,946017.45,155633.21,7353.33,48.39,1182521.8124999998
Santa Albertina,SANTA ALBERTINA,6051,2025,Abril,4,1018887.18,129700.95,7832.79,2785.54,1273608.975
Santa Albertina,SANTA ALBERTINA,6051,2025,Maio,5,943195.6,112635.34,6215.1,4610.52,1178994.5
Santa Albertina,SANTA ALBERTINA,6051,2025,Junho,6,714943.71,49396.58,8001.07,57.63,893679.6375
Santa Albertina,SANTA ALBERTINA,6051,2025,Julho,7,1294495.02,42445.19,7391.75,4107.04,1618118.775
Santa Albertina,SANTA ALBERTINA,6051,2025,Agosto,8,955180.21,32357.57,6529.75,0.0,1193975.2625
Santa Albertina,SANTA ALBERTINA,6051,2025,Setembro,9,1153366.51,50764.31,7949.74,3982.2,1441708.1375
Santa Albertina,SANTA ALBERTINA,6051,2025,Outubro,10,950436.9,50479.66,7920.28,49.82,1188046.125
Santa Albertina,SANTA ALBERTINA,6051,2025,Novembro,11,875652.42,27208.31,7289.22,2028.76,1094565.525
Santa Albertina,SANTA ALBERTINA,6051,2025,Dezembro,12,1372748.09,76679.43,8373.02,3780.8,1715935.1125
Santa Branca,SANTA BRANCA,6087,2025,Janeiro,1,659968.68,910706.82,4193.19,1509.51,824960.85
Santa Branca,SANTA BRANCA,6087,2025,Fevereiro,2,707144.27,388421.73,4868.5,1622.16,883930.3375
Santa Branca,SANTA BRANCA,6087,2025,Março,3,722513.7,287118.54,5616.05,36.96,903142.1249999999
Santa Branca,SANTA BRANCA,6087,2025,Abril,4,778167.41,268660.87,5982.23,2127.43,972709.2625
Santa Branca,SANTA BRANCA,6087,2025,Maio,5,720358.54,222692.91,4746.73,3521.25,900448.175
Santa Branca,SANTA BRANCA,6087,2025,Junho,6,546032.87,56763.6,6110.75,44.01,682541.0874999999
Santa Branca,SANTA BRANCA,6087,2025,Julho,7,988660.82,89347.66,5645.39,3136.72,1235826.025
Santa Branca,SANTA BRANCA,6087,2025,Agosto,8,729511.69,119126.66,4987.05,0.0,911889.6124999999
Santa Branca,SANTA BRANCA,6087,2025,Setembro,9,880874.98,108744.5,6071.56,3041.37,1101093.7249999999
Santa Branca,SANTA BRANCA,6087,2025,Outubro,10,725889.02,97708.12,6049.06,38.05,907361.275
Santa Branca,SANTA BRANCA,6087,2025,Novembro,11,668772.94,104671.28,5567.09,1549.45,835966.1749999999
Santa Branca,SANTA BRANCA,6087,2025,Dezembro,12,1048426.01,116870.92,6394.83,2887.56,1310532.5125
Santa Bárbara D'Oeste,SANTA BARBARA DOESTE,6063,2025,Janeiro,1,10509601.35,20390876.99,66446.05,23919.97,13137001.687499998
Santa Bárbara D'Oeste,SANTA BARBARA DOESTE,6063,2025,Fevereiro,2,11205541.44,7952716.98,77147.14,25705.01,14006926.799999999
Santa Bárbara D'Oeste,SANTA BARBARA DOESTE,6063,2025,Março,3,11449088.29,6423698.35,88992.99,585.62,14311360.362499999
Santa Bárbara D'Oeste,SANTA BARBARA DOESTE,6063,2025,Abril,4,12330987.46,5665414.8,94795.58,33711.68,15413734.325000001
Santa Bárbara D'Oeste,SANTA BARBARA DOESTE,6063,2025,Maio,5,11414937.2,4984635.87,75217.65,55798.34,14268671.499999998
Santa Bárbara D'Oeste,SANTA BARBARA DOESTE,6063,2025,Junho,6,8652539.83,1454147.64,96832.17,697.43,10815674.7875
Santa Bárbara D'Oeste,SANTA BARBARA DOESTE,6063,2025,Julho,7,15666505.78,1866198.43,89457.93,49705.09,19583132.224999998
Santa Bárbara D'Oeste,SANTA BARBARA DOESTE,6063,2025,Agosto,8,11559979.76,1896124.86,79025.72,0.0,14449974.7
Santa Bárbara D'Oeste,SANTA BARBARA DOESTE,6063,2025,Setembro,9,13958511.13,2091066.77,96211.02,48194.15,17448138.9125
Santa Bárbara D'Oeste,SANTA BARBARA DOESTE,6063,2025,Outubro,10,11502574.34,2004198.82,95854.5,602.88,14378217.924999999
Santa Bárbara D'Oeste,SANTA BARBARA DOESTE,6063,2025,Novembro,11,10597502.08,1471627.23,88217.14,24552.83,13246877.6
Santa Bárbara D'Oeste,SANTA BARBARA DOESTE,6063,2025,Dezembro,12,16613556.27,2519718.5,101333.65,45756.81,20766945.3375
Santa Clara D'Oeste,SANTA CLARA DOESTE,6099,2025,Janeiro,1,577053.04,266221.3,3651.9,1314.65,721316.3
Santa Clara D'Oeste,SANTA CLARA DOESTE,6099,2025,Fevereiro,2,615860.52,90662.84,4240.03,1412.76,769825.65
Santa Clara D'Oeste,SANTA CLARA DOESTE,6099,2025,Março,3,629245.94,85036.39,4891.09,32.19,786557.4249999999
Santa Clara D'Oeste,SANTA CLARA DOESTE,6099,2025,Abril,4,677715.43,69297.28,5210.0,1852.81,847144.2875
Santa Clara D'Oeste,SANTA CLARA DOESTE,6099,2025,Maio,5,627368.98,69092.32,4133.99,3066.7,784211.225
Santa Clara D'Oeste,SANTA CLARA DOESTE,6099,2025,Junho,6,475546.65,21652.39,5321.93,38.33,594433.3125
Santa Clara D'Oeste,SANTA CLARA DOESTE,6099,2025,Julho,7,861036.69,22840.49,4916.64,2731.81,1076295.8624999998
Santa Clara D'Oeste,SANTA CLARA DOESTE,6099,2025,Agosto,8,635340.57,18744.01,4343.28,0.0,794175.7124999999
Santa Clara D'Oeste,SANTA CLARA DOESTE,6099,2025,Setembro,9,767164.7,21630.69,5287.79,2648.77,958955.8749999999
Santa Clara D'Oeste,SANTA CLARA DOESTE,6099,2025,Outubro,10,632185.55,36695.9,5268.2,33.13,790231.9375
Santa Clara D'Oeste,SANTA CLARA DOESTE,6099,2025,Novembro,11,582442.46,46650.86,4848.45,1349.43,728053.075
Santa Clara D'Oeste,SANTA CLARA DOESTE,6099,2025,Dezembro,12,913086.92,26614.86,5569.33,2514.81,1141358.65
Santa Cruz da Conceição,SANTA CRUZ DA CONCEICAO,6105,2025,Janeiro,1,514182.99,634006.72,3245.72,1168.43,642728.7374999999
Santa Cruz da Conceição,SANTA CRUZ DA CONCEICAO,6105,2025,Fevereiro,2,547361.42,209934.69,3768.44,1255.62,684201.775
Santa Cruz da Conceição,SANTA CRUZ DA CONCEICAO,6105,2025,Março,3,559258.04,125299.42,4347.08,28.61,699072.55
Santa Cruz da Conceição,SANTA CRUZ DA CONCEICAO,6105,2025,Abril,4,602336.51,156151.44,4630.52,1646.73,752920.6375
Santa Cruz da Conceição,SANTA CRUZ DA CONCEICAO,6105,2025,Maio,5,557589.85,127935.65,3674.19,2725.6,696987.3124999999
Santa Cruz da Conceição,SANTA CRUZ DA CONCEICAO,6105,2025,Junho,6,422653.96,30695.74,4730.0,34.07,528317.45
Santa Cruz da Conceição,SANTA CRUZ DA CONCEICAO,6105,2025,Julho,7,765267.87,42994.75,4369.79,2427.96,956584.8374999999
Santa Cruz da Conceição,SANTA CRUZ DA CONCEICAO,6105,2025,Agosto,8,564674.8,65547.57,3860.2,0.0,705843.5
Santa Cruz da Conceição,SANTA CRUZ DA CONCEICAO,6105,2025,Setembro,9,681836.79,48807.75,4699.66,2354.16,852295.9875
Santa Cruz da Conceição,SANTA CRUZ DA CONCEICAO,6105,2025,Outubro,10,561870.7,32784.33,4682.24,29.45,702338.3749999999
Santa Cruz da Conceição,SANTA CRUZ DA CONCEICAO,6105,2025,Novembro,11,517660.28,29842.09,4309.18,1199.34,647075.35
Santa Cruz da Conceição,SANTA CRUZ DA CONCEICAO,6105,2025,Dezembro,12,811528.81,61123.53,4949.88,2235.1,1014411.0125000001
Santa Cruz da Esperança,SANTA CRUZ DA ESPERANCA,7810,2025,Janeiro,1,393298.87,147673.21,2491.0,896.74,491623.58749999997
Santa Cruz da Esperança,SANTA CRUZ DA ESPERANCA,7810,2025,Fevereiro,2,420084.52,57706.13,2892.17,963.66,525105.65
Santa Cruz da Esperança,SANTA CRUZ DA ESPERANCA,7810,2025,Março,3,429214.85,48317.53,3336.26,21.95,536518.5624999999
Santa Cruz da Esperança,SANTA CRUZ DA ESPERANCA,7810,2025,Abril,4,462276.36,45605.95,3553.79,1263.82,577845.45
Santa Cruz da Esperança,SANTA CRUZ DA ESPERANCA,7810,2025,Maio,5,427934.56,42571.24,2819.83,2091.82,534918.2
Santa Cruz da Esperança,SANTA CRUZ DA ESPERANCA,7810,2025,Junho,6,324375.05,3498.28,3630.14,26.15,405468.81249999994
Santa Cruz da Esperança,SANTA CRUZ DA ESPERANCA,7810,2025,Julho,7,587321.6,21167.03,3353.69,1863.39,734151.9999999999
Santa Cruz da Esperança,SANTA CRUZ DA ESPERANCA,7810,2025,Agosto,8,433372.06,12343.81,2962.6,0.0,541715.075
Santa Cruz da Esperança,SANTA CRUZ DA ESPERANCA,7810,2025,Setembro,9,523290.59,29251.22,3606.85,1806.75,654113.2375
Santa Cruz da Esperança,SANTA CRUZ DA ESPERANCA,7810,2025,Outubro,10,431219.98,16625.29,3593.49,22.6,539024.975
Santa Cruz da Esperança,SANTA CRUZ DA ESPERANCA,7810,2025,Novembro,11,397289.73,19326.48,3307.17,920.46,496612.1625
Santa Cruz da Esperança,SANTA CRUZ DA ESPERANCA,7810,2025,Dezembro,12,622825.57,23864.47,3798.9,1715.38,778531.9624999999
Santa Cruz das Palmeiras,SANTA CRUZ DAS PALMEIRAS,6117,2025,Janeiro,1,1578816.73,2829876.1,9986.86,3595.18,1973520.9124999999
Santa Cruz das Palmeiras,SANTA CRUZ DAS PALMEIRAS,6117,2025,Fevereiro,2,1684195.39,938412.62,11595.23,3863.47,2105244.2375
Santa Cruz das Palmeiras,SANTA CRUZ DAS PALMEIRAS,6117,2025,Março,3,1720800.54,850394.08,13375.67,88.02,2151000.675
Santa Cruz das Palmeiras,SANTA CRUZ DAS PALMEIRAS,6117,2025,Abril,4,1853350.18,688070.97,14247.8,5066.87,2316687.7249999996
Santa Cruz das Palmeiras,SANTA CRUZ DAS PALMEIRAS,6117,2025,Maio,5,1715667.62,710627.72,11305.23,8386.5,2144584.525
Santa Cruz das Palmeiras,SANTA CRUZ DAS PALMEIRAS,6117,2025,Junho,6,1300478.68,143958.35,14553.9,104.82,1625598.3499999999
Santa Cruz das Palmeiras,SANTA CRUZ DAS PALMEIRAS,6117,2025,Julho,7,2354679.33,305921.85,13445.55,7470.69,2943349.1625
Santa Cruz das Palmeiras,SANTA CRUZ DAS PALMEIRAS,6117,2025,Agosto,8,1737467.55,282097.14,11877.58,0.0,2171834.4375
Santa Cruz das Palmeiras,SANTA CRUZ DAS PALMEIRAS,6117,2025,Setembro,9,2097967.35,330869.09,14460.54,7243.59,2622459.1875
Santa Cruz das Palmeiras,SANTA CRUZ DAS PALMEIRAS,6117,2025,Outubro,10,1728839.5,173518.62,14406.95,90.61,2161049.375
Santa Cruz das Palmeiras,SANTA CRUZ DAS PALMEIRAS,6117,2025,Novembro,11,1592806.94,119810.89,13259.06,3690.3,1991008.6749999998
Santa Cruz das Palmeiras,SANTA CRUZ DAS PALMEIRAS,6117,2025,Dezembro,12,2497021.23,227358.86,15230.47,6877.26,3121276.5374999996
Santa Cruz do Rio Pardo,SANTA CRUZ DO RIO PARDO,6129,2025,Janeiro,1,5810928.03,7269036.35,36695.98,13210.22,7263660.0375
Santa Cruz do Rio Pardo,SANTA CRUZ DO RIO PARDO,6129,2025,Fevereiro,2,6188454.91,2227139.45,42605.85,14196.04,7735568.6375
Santa Cruz do Rio Pardo,SANTA CRUZ DO RIO PARDO,6129,2025,Março,3,6322957.89,1773707.53,49147.93,323.42,7903697.362499999
Santa Cruz do Rio Pardo,SANTA CRUZ DO RIO PARDO,6129,2025,Abril,4,6810002.03,1411357.02,52352.51,18617.86,8512502.5375
Santa Cruz do Rio Pardo,SANTA CRUZ DO RIO PARDO,6129,2025,Maio,5,6304097.36,1366699.12,41540.26,30815.6,7880121.7
Santa Cruz do Rio Pardo,SANTA CRUZ DO RIO PARDO,6129,2025,Junho,6,4778515.42,455884.76,53477.25,385.17,5973144.274999999
Santa Cruz do Rio Pardo,SANTA CRUZ DO RIO PARDO,6129,2025,Julho,7,8652099.96,663149.23,49404.69,27450.5,10815124.950000001
Santa Cruz do Rio Pardo,SANTA CRUZ DO RIO PARDO,6129,2025,Agosto,8,6384199.63,632066.88,43643.32,0.0,7980249.5375
Santa Cruz do Rio Pardo,SANTA CRUZ DO RIO PARDO,6129,2025,Setembro,9,7708830.24,682056.43,53134.21,26616.06,9636037.799999999
Santa Cruz do Rio Pardo,SANTA CRUZ DO RIO PARDO,6129,2025,Outubro,10,6352496.49,592152.82,52937.31,332.95,7940620.6125
Santa Cruz do Rio Pardo,SANTA CRUZ DO RIO PARDO,6129,2025,Novembro,11,5852654.61,398221.41,48719.45,13559.73,7315818.2625
Santa Cruz do Rio Pardo,SANTA CRUZ DO RIO PARDO,6129,2025,Dezembro,12,9175125.04,657431.53,55963.27,25270.0,11468906.299999999
Santa Ernestina,SANTA ERNESTINA,6130,2025,Janeiro,1,374097.15,614145.71,2359.4,849.36,467621.4375
Santa Ernestina,SANTA ERNESTINA,6130,2025,Fevereiro,2,397891.35,184203.39,2739.38,912.74,497364.18749999994
Santa Ernestina,SANTA ERNESTINA,6130,2025,Março,3,406539.32,136337.89,3160.0,20.79,508174.14999999997
Santa Ernestina,SANTA ERNESTINA,6130,2025,Abril,4,437854.18,137864.13,3366.04,1197.05,547317.725
Santa Ernestina,SANTA ERNESTINA,6130,2025,Maio,5,405326.66,110745.47,2670.86,1981.31,506658.32499999995
Santa Ernestina,SANTA ERNESTINA,6130,2025,Junho,6,307238.23,23335.87,3438.36,24.76,384047.7875
Santa Ernestina,SANTA ERNESTINA,6130,2025,Julho,7,556293.25,40246.1,3176.51,1764.95,695366.5625
Santa Ernestina,SANTA ERNESTINA,6130,2025,Agosto,8,410476.9,61579.1,2806.08,0.0,513096.125
Santa Ernestina,SANTA ERNESTINA,6130,2025,Setembro,9,495645.02,59226.13,3416.3,1711.3,619556.275
Santa Ernestina,SANTA ERNESTINA,6130,2025,Outubro,10,408438.52,60664.11,3403.64,21.41,510548.15
Santa Ernestina,SANTA ERNESTINA,6130,2025,Novembro,11,376300.81,24422.06,3132.45,871.83,470376.01249999995
Santa Ernestina,SANTA ERNESTINA,6130,2025,Dezembro,12,589921.54,69869.85,3598.2,1624.75,737401.925
Santa Fé do Sul,SANTA FE DO SUL,6142,2025,Janeiro,1,2163427.01,4928725.87,13700.01,4931.88,2704283.7624999997
Santa Fé do Sul,SANTA FE DO SUL,6142,2025,Fevereiro,2,2310386.84,1847932.34,15906.39,5299.92,2887983.55
Santa Fé do Sul,SANTA FE DO SUL,6142,2025,Março,3,2360601.94,1324933.38,18348.8,120.74,2950752.425
Santa Fé do Sul,SANTA FE DO SUL,6142,2025,Abril,4,2542434.14,1227626.28,19545.19,6950.76,3178042.675
Santa Fé do Sul,SANTA FE DO SUL,6142,2025,Maio,5,2353560.58,1037465.41,15508.57,11504.64,2941950.725
Santa Fé do Sul,SANTA FE DO SUL,6142,2025,Junho,6,1784002.52,375770.4,19965.1,143.8,2230003.15
Santa Fé do Sul,SANTA FE DO SUL,6142,2025,Julho,7,3230159.73,427146.11,18444.66,10248.32,4037699.6624999996
Santa Fé do Sul,SANTA FE DO SUL,6142,2025,Agosto,8,2383465.82,426368.03,16293.72,0.0,2979332.2749999994
Santa Fé do Sul,SANTA FE DO SUL,6142,2025,Setembro,9,2878001.08,437175.15,19837.03,9936.79,3597501.35
Santa Fé do Sul,SANTA FE DO SUL,6142,2025,Outubro,10,2371629.83,424431.63,19763.52,124.3,2964537.2875
Santa Fé do Sul,SANTA FE DO SUL,6142,2025,Novembro,11,2185019.74,288846.84,18188.83,5062.37,2731274.6750000003
Santa Fé do Sul,SANTA FE DO SUL,6142,2025,Dezembro,12,3425424.99,548603.18,20893.23,9434.26,4281781.2375
Santa Gertrudes,SANTA GERTRUDES,6154,2025,Janeiro,1,5855662.59,3404422.23,36534.28,13152.01,7319578.2375
Santa Gertrudes,SANTA GERTRUDES,6154,2025,Fevereiro,2,6161185.18,856951.92,42418.1,14133.48,7701481.475
Santa Gertrudes,SANTA GERTRUDES,6154,2025,Março,3,6295095.46,780988.27,48931.35,321.99,7868869.324999999
Santa Gertrudes,SANTA GERTRUDES,6154,2025,Abril,4,6779993.41,939487.04,52121.81,18535.82,8474991.7625
Santa Gertrudes,SANTA GERTRUDES,6154,2025,Maio,5,6276318.04,699727.97,41357.21,30679.81,7845397.55
Santa Gertrudes,SANTA GERTRUDES,6154,2025,Junho,6,4757458.66,349910.84,53241.6,383.47,5946823.325
Santa Gertrudes,SANTA GERTRUDES,6154,2025,Julho,7,8613974.05,858419.47,49186.99,27329.54,10767467.5625
Santa Gertrudes,SANTA GERTRUDES,6154,2025,Agosto,8,6356067.34,298746.66,43451.01,0.0,7945084.175
Santa Gertrudes,SANTA GERTRUDES,6154,2025,Setembro,9,7674860.9,294969.57,52900.07,26498.77,9593576.125
Santa Gertrudes,SANTA GERTRUDES,6154,2025,Outubro,10,6324503.9,292818.58,52704.04,331.49,7905629.875
Santa Gertrudes,SANTA GERTRUDES,6154,2025,Novembro,11,5826864.6,216214.55,48504.77,13499.98,7283580.749999999
Santa Gertrudes,SANTA GERTRUDES,6154,2025,Dezembro,12,9134694.4,357406.78,55716.67,25158.64,11418368.0
Santa Isabel,SANTA ISABEL,6166,2025,Janeiro,1,2986086.17,4300191.67,18957.41,6824.49,3732607.7125
Santa Isabel,SANTA ISABEL,6166,2025,Fevereiro,2,3196999.69,1841838.08,22010.48,7333.77,3996249.6125
Santa Isabel,SANTA ISABEL,6166,2025,Março,3,3266484.89,1531444.59,25390.17,167.08,4083106.1125
Santa Isabel,SANTA ISABEL,6166,2025,Abril,4,3518095.34,1335043.49,27045.68,9618.12,4397619.175
Santa Isabel,SANTA ISABEL,6166,2025,Maio,5,3256741.4,1158701.78,21459.99,15919.56,4070926.7499999995
Santa Isabel,SANTA ISABEL,6166,2025,Junho,6,2468614.95,366137.94,27626.72,198.98,3085768.6875
Santa Isabel,SANTA ISABEL,6166,2025,Julho,7,4469736.2,516169.12,25522.82,14181.12,5587170.25
Santa Isabel,SANTA ISABEL,6166,2025,Agosto,8,3298122.8,550497.44,22546.45,0.0,4122653.4999999995
Santa Isabel,SANTA ISABEL,6166,2025,Setembro,9,3982436.37,638903.81,27449.51,13750.04,4978045.462499999
Santa Isabel,SANTA ISABEL,6166,2025,Outubro,10,3281744.74,554541.97,27347.79,172.01,4102180.9250000003
Santa Isabel,SANTA ISABEL,6166,2025,Novembro,11,3023522.88,377655.81,25168.81,7005.05,3779403.5999999996
Santa Isabel,SANTA ISABEL,6166,2025,Dezembro,12,4739934.66,596089.54,28911.02,13054.66,5924918.325
Santa Lúcia,SANTA LUCIA,6178,2025,Janeiro,1,464973.37,511900.25,2943.76,1059.73,581216.7124999999
Santa Lúcia,SANTA LUCIA,6178,2025,Fevereiro,2,496439.77,181247.69,3417.85,1138.81,620549.7125
Santa Lúcia,SANTA LUCIA,6178,2025,Março,3,507229.64,161068.78,3942.66,25.94,634037.0499999999
Santa Lúcia,SANTA LUCIA,6178,2025,Abril,4,546300.47,142584.39,4199.73,1493.53,682875.5874999999
Santa Lúcia,SANTA LUCIA,6178,2025,Maio,5,505716.64,115080.71,3332.37,2472.04,632145.7999999999
Santa Lúcia,SANTA LUCIA,6178,2025,Junho,6,383333.99,31122.29,4289.96,30.9,479167.4875
Santa Lúcia,SANTA LUCIA,6178,2025,Julho,7,694074.14,48637.52,3963.26,2202.09,867592.6749999999
Santa Lúcia,SANTA LUCIA,6178,2025,Agosto,8,512142.47,42407.84,3501.08,0.0,640178.0874999999
Santa Lúcia,SANTA LUCIA,6178,2025,Setembro,9,618404.75,36321.53,4262.44,2135.15,773005.9375
Santa Lúcia,SANTA LUCIA,6178,2025,Outubro,10,509599.24,51793.54,4246.65,26.71,636999.0499999999
Santa Lúcia,SANTA LUCIA,6178,2025,Novembro,11,469501.77,34339.33,3908.29,1087.77,586877.2125
Santa Lúcia,SANTA LUCIA,6178,2025,Dezembro,12,736031.37,48653.98,4489.39,2027.17,920039.2124999999
Santa Maria da Serra,SANTA MARIA DA SERRA,6180,2025,Janeiro,1,741536.61,452053.16,4714.51,1697.18,926920.7625
Santa Maria da Serra,SANTA MARIA DA SERRA,6180,2025,Fevereiro,2,795060.58,163521.8,5473.78,1823.83,993825.7249999999
Santa Maria da Serra,SANTA MARIA DA SERRA,6180,2025,Março,3,812340.83,186100.85,6314.27,41.55,1015426.0374999999
Santa Maria da Serra,SANTA MARIA DA SERRA,6180,2025,Abril,4,874913.73,168884.48,6725.98,2391.93,1093642.1624999999
Santa Maria da Serra,SANTA MARIA DA SERRA,6180,2025,Maio,5,809917.72,170397.21,5336.88,3959.03,1012397.1499999999
Santa Maria da Serra,SANTA MARIA DA SERRA,6180,2025,Junho,6,613918.87,102256.5,6870.48,49.48,767398.5874999999
Santa Maria da Serra,SANTA MARIA DA SERRA,6180,2025,Julho,7,1111576.92,51804.35,6347.26,3526.7,1389471.15
Santa Maria da Serra,SANTA MARIA DA SERRA,6180,2025,Agosto,8,820208.85,68941.45,5607.07,0.0,1025261.0624999999
Santa Maria da Serra,SANTA MARIA DA SERRA,6180,2025,Setembro,9,990390.52,65502.11,6826.41,3419.49,1237988.15
Santa Maria da Serra,SANTA MARIA DA SERRA,6180,2025,Outubro,10,816135.79,53970.19,6801.11,42.78,1020169.7375
Santa Maria da Serra,SANTA MARIA DA SERRA,6180,2025,Novembro,11,751918.7,38881.15,6259.22,1742.08,939898.3749999999
Santa Maria da Serra,SANTA MARIA DA SERRA,6180,2025,Dezembro,12,1178772.46,63029.01,7189.87,3246.56,1473465.575
Santa Mercedes,SANTA MERCEDES,6191,2025,Janeiro,1,405087.85,275490.12,2563.51,922.84,506359.81249999994
Santa Mercedes,SANTA MERCEDES,6191,2025,Fevereiro,2,432313.26,109723.3,2976.36,991.71,540391.575
Santa Mercedes,SANTA MERCEDES,6191,2025,Março,3,441709.37,73951.78,3433.38,22.59,552136.7124999999
Santa Mercedes,SANTA MERCEDES,6191,2025,Abril,4,475733.32,75685.29,3657.24,1300.61,594666.65
Santa Mercedes,SANTA MERCEDES,6191,2025,Maio,5,440391.81,56996.81,2901.92,2152.72,550489.7625
Santa Mercedes,SANTA MERCEDES,6191,2025,Junho,6,333817.67,7766.4,3735.81,26.91,417272.08749999997
Santa Mercedes,SANTA MERCEDES,6191,2025,Julho,7,604418.65,24082.4,3451.31,1917.64,755523.3125
Santa Mercedes,SANTA MERCEDES,6191,2025,Agosto,8,445987.6,19262.43,3048.84,0.0,557484.4999999999
Santa Mercedes,SANTA MERCEDES,6191,2025,Setembro,9,538523.68,35809.68,3711.85,1859.35,673154.6
Santa Mercedes,SANTA MERCEDES,6191,2025,Outubro,10,443772.88,29249.82,3698.1,23.26,554716.1
Santa Mercedes,SANTA MERCEDES,6191,2025,Novembro,11,408854.91,19937.31,3403.44,947.26,511068.63749999995
Santa Mercedes,SANTA MERCEDES,6191,2025,Dezembro,12,640956.15,38617.12,3909.48,1765.31,801195.1875
Santa Rita D'Oeste,SANTA RITA DOESTE,6208,2025,Janeiro,1,381538.76,317746.44,2413.06,868.68,476923.45
Santa Rita D'Oeste,SANTA RITA DOESTE,6208,2025,Fevereiro,2,406941.34,80646.19,2801.68,933.51,508676.675
Santa Rita D'Oeste,SANTA RITA DOESTE,6208,2025,Março,3,415786.01,68894.77,3231.88,21.27,519732.5125
Santa Rita D'Oeste,SANTA RITA DOESTE,6208,2025,Abril,4,447813.13,47450.03,3442.6,1224.28,559766.4125
Santa Rita D'Oeste,SANTA RITA DOESTE,6208,2025,Maio,5,414545.78,58213.15,2731.61,2026.38,518182.22500000003
Santa Rita D'Oeste,SANTA RITA DOESTE,6208,2025,Junho,6,314226.33,10022.01,3516.56,25.33,392782.9125
Santa Rita D'Oeste,SANTA RITA DOESTE,6208,2025,Julho,7,568946.08,15955.59,3248.76,1805.09,711182.5999999999
Santa Rita D'Oeste,SANTA RITA DOESTE,6208,2025,Agosto,8,419813.15,14530.64,2869.9,0.0,524766.4375
Santa Rita D'Oeste,SANTA RITA DOESTE,6208,2025,Setembro,9,506918.41,13341.29,3494.01,1750.22,633648.0125
Santa Rita D'Oeste,SANTA RITA DOESTE,6208,2025,Outubro,10,417728.41,16299.59,3481.06,21.89,522160.51249999995
Santa Rita D'Oeste,SANTA RITA DOESTE,6208,2025,Novembro,11,384859.74,8486.88,3203.7,891.66,481074.675
Santa Rita D'Oeste,SANTA RITA DOESTE,6208,2025,Dezembro,12,603339.24,22897.98,3680.04,1661.71,754174.0499999999
Santa Rita do Passa Quatro,SANTA RITA DO PASSA QUATRO,6210,2025,Janeiro,1,2005344.74,3396911.84,12703.61,4573.18,2506680.925
Santa Rita do Passa Quatro,SANTA RITA DO PASSA QUATRO,6210,2025,Fevereiro,2,2142352.3,1037205.6,14749.52,4914.46,2677940.3749999995
Santa Rita do Passa Quatro,SANTA RITA DO PASSA QUATRO,6210,2025,Março,3,2188915.26,903395.33,17014.29,111.96,2736144.0749999997
Santa Rita do Passa Quatro,SANTA RITA DO PASSA QUATRO,6210,2025,Abril,4,2357522.8,778769.84,18123.67,6445.23,2946903.4999999995
Santa Rita do Passa Quatro,SANTA RITA DO PASSA QUATRO,6210,2025,Maio,5,2182386.02,668407.29,14380.63,10667.91,2727982.525
Santa Rita do Passa Quatro,SANTA RITA DO PASSA QUATRO,6210,2025,Junho,6,1654251.94,163957.54,18513.04,133.34,2067814.9249999998
Santa Rita do Passa Quatro,SANTA RITA DO PASSA QUATRO,6210,2025,Julho,7,2995230.07,208965.73,17103.18,9502.96,3744037.5874999994
Santa Rita do Passa Quatro,SANTA RITA DO PASSA QUATRO,6210,2025,Agosto,8,2210116.25,203078.16,15108.68,0.0,2762645.3125
Santa Rita do Passa Quatro,SANTA RITA DO PASSA QUATRO,6210,2025,Setembro,9,2668683.94,232491.48,18394.28,9214.09,3335854.925
Santa Rita do Passa Quatro,SANTA RITA DO PASSA QUATRO,6210,2025,Outubro,10,2199141.09,198907.29,18326.12,115.26,2748926.3625
Santa Rita do Passa Quatro,SANTA RITA DO PASSA QUATRO,6210,2025,Novembro,11,2026103.16,187956.19,16865.96,4694.18,2532628.9499999997
Santa Rita do Passa Quatro,SANTA RITA DO PASSA QUATRO,6210,2025,Dezembro,12,3176293.69,299740.97,19373.66,8748.1,3970367.1125
Santa Rosa do Vitérbo,SANTA ROSA DO VITERBO,6221,2025,Janeiro,1,1908743.3,2270780.67,12073.26,4346.26,2385929.125
Santa Rosa do Vitérbo,SANTA ROSA DO VITERBO,6221,2025,Fevereiro,2,2036049.33,933549.55,14017.65,4670.61,2545061.6625
Santa Rosa do Vitérbo,SANTA ROSA DO VITERBO,6221,2025,Março,3,2080301.85,736863.36,16170.05,106.41,2600377.3125
Santa Rosa do Vitérbo,SANTA ROSA DO VITERBO,6221,2025,Abril,4,2240543.12,673481.98,17224.38,6125.42,2800678.9
Santa Rosa do Vitérbo,SANTA ROSA DO VITERBO,6221,2025,Maio,5,2074096.59,583127.49,13667.06,10138.57,2592620.7375
Santa Rosa do Vitérbo,SANTA ROSA DO VITERBO,6221,2025,Junho,6,1572168.38,201628.45,17594.43,126.72,1965210.4749999999
Santa Rosa do Vitérbo,SANTA ROSA DO VITERBO,6221,2025,Julho,7,2846607.53,197499.03,16254.52,9031.43,3558259.4124999996
Santa Rosa do Vitérbo,SANTA ROSA DO VITERBO,6221,2025,Agosto,8,2100450.85,191390.47,14358.99,0.0,2625563.5625
Santa Rosa do Vitérbo,SANTA ROSA DO VITERBO,6221,2025,Setembro,9,2536264.53,168286.69,17481.56,8756.89,3170330.6624999996
Santa Rosa do Vitérbo,SANTA ROSA DO VITERBO,6221,2025,Outubro,10,2090020.28,209081.71,17416.78,109.54,2612525.35
Santa Rosa do Vitérbo,SANTA ROSA DO VITERBO,6221,2025,Novembro,11,1925568.45,205779.76,16029.07,4461.26,2406960.5625
Santa Rosa do Vitérbo,SANTA ROSA DO VITERBO,6221,2025,Dezembro,12,3018686.81,294690.34,18412.35,8314.02,3773358.5124999997
Santa Salete,SANTA SALETE,7821,2025,Janeiro,1,233304.52,241673.04,1475.77,531.26,291630.64999999997
Santa Salete,SANTA SALETE,7821,2025,Fevereiro,2,248874.87,50867.63,1713.44,570.91,311093.58749999997
Santa Salete,SANTA SALETE,7821,2025,Março,3,254284.04,69655.1,1976.53,13.01,317855.05
Santa Salete,SANTA SALETE,7821,2025,Abril,4,273871.0,41251.21,2105.41,748.74,342338.75
Santa Salete,SANTA SALETE,7821,2025,Maio,5,253525.54,51416.76,1670.58,1239.28,316906.925
Santa Salete,SANTA SALETE,7821,2025,Junho,6,192172.75,11992.86,2150.64,15.49,240215.9375
Santa Salete,SANTA SALETE,7821,2025,Julho,7,347952.8,24907.89,1986.86,1103.95,434940.99999999994
Santa Salete,SANTA SALETE,7821,2025,Agosto,8,256746.94,33557.6,1755.16,0.0,320933.675
Santa Salete,SANTA SALETE,7821,2025,Setembro,9,310018.27,27354.47,2136.84,1070.39,387522.8375
Santa Salete,SANTA SALETE,7821,2025,Outubro,10,255471.96,2058.31,2128.93,13.39,319339.94999999995
Santa Salete,SANTA SALETE,7821,2025,Novembro,11,235370.32,4900.28,1959.3,545.32,294212.89999999997
Santa Salete,SANTA SALETE,7821,2025,Dezembro,12,368986.78,23580.08,2250.62,1016.26,461233.47500000003
Santana da Ponte Pensa,SANTANA DA PONTE PENSA,6245,2025,Janeiro,1,318522.43,191198.68,2005.03,721.79,398153.0375
Santana da Ponte Pensa,SANTANA DA PONTE PENSA,6245,2025,Fevereiro,2,338130.17,40852.24,2327.94,775.66,422662.71249999997
Santana da Ponte Pensa,SANTANA DA PONTE PENSA,6245,2025,Março,3,345479.26,30818.21,2685.39,17.67,431849.075
Santana da Ponte Pensa,SANTANA DA PONTE PENSA,6245,2025,Abril,4,372090.8,25923.57,2860.48,1017.26,465113.49999999994
Santana da Ponte Pensa,SANTANA DA PONTE PENSA,6245,2025,Maio,5,344448.74,19464.73,2269.71,1683.73,430560.925
Santana da Ponte Pensa,SANTANA DA PONTE PENSA,6245,2025,Junho,6,261092.67,7447.5,2921.94,21.05,326365.8375
Santana da Ponte Pensa,SANTANA DA PONTE PENSA,6245,2025,Julho,7,472740.95,10196.36,2699.42,1499.86,590926.1875
Santana da Ponte Pensa,SANTANA DA PONTE PENSA,6245,2025,Agosto,8,348825.44,8280.84,2384.62,0.0,436031.8
Santana da Ponte Pensa,SANTANA DA PONTE PENSA,6245,2025,Setembro,9,421201.76,14349.26,2903.19,1454.27,526502.2
Santana da Ponte Pensa,SANTANA DA PONTE PENSA,6245,2025,Outubro,10,347093.22,7893.34,2892.43,18.19,433866.52499999997
Santana da Ponte Pensa,SANTANA DA PONTE PENSA,6245,2025,Novembro,11,319782.42,7461.98,2661.98,740.89,399728.02499999997
Santana da Ponte Pensa,SANTANA DA PONTE PENSA,6245,2025,Dezembro,12,501318.45,13124.91,3057.77,1380.72,626648.0625
Santana do Parnaíba,SANTANA DO PARNAIBA,6233,2025,Janeiro,1,13997055.85,37823628.29,88423.32,31831.59,17496319.8125
Santana do Parnaíba,SANTANA DO PARNAIBA,6233,2025,Fevereiro,2,14911815.64,16228204.25,102663.84,34207.04,18639769.55
Santana do Parnaíba,SANTANA DO PARNAIBA,6233,2025,Março,3,15235916.52,11108935.86,118427.76,779.32,19044895.65
Santana do Parnaíba,SANTANA DO PARNAIBA,6233,2025,Abril,4,16409507.09,9724655.73,126149.57,44861.95,20511883.862499997
Santana do Parnaíba,SANTANA DO PARNAIBA,6233,2025,Maio,5,15190469.83,8303518.17,100096.17,74253.85,18988087.287499998
Santana do Parnaíba,SANTANA DO PARNAIBA,6233,2025,Junho,6,11514399.32,2806392.08,128859.76,928.11,14392999.15
Santana do Parnaíba,SANTANA DO PARNAIBA,6233,2025,Julho,7,20848260.4,3028266.39,119046.47,66145.23,26060325.499999996
Santana do Parnaíba,SANTANA DO PARNAIBA,6233,2025,Agosto,8,15383485.74,3031879.58,105163.76,0.0,19229357.175
Santana do Parnaíba,SANTANA DO PARNAIBA,6233,2025,Setembro,9,18575340.22,3340450.68,128033.17,64134.54,23219175.275
Santana do Parnaíba,SANTANA DO PARNAIBA,6233,2025,Outubro,10,15307093.27,2711003.27,127558.73,802.29,19133866.5875
Santana do Parnaíba,SANTANA DO PARNAIBA,6233,2025,Novembro,11,14102665.01,1977855.76,117395.29,32673.77,17628331.2625
Santana do Parnaíba,SANTANA DO PARNAIBA,6233,2025,Dezembro,12,22108551.34,3495362.87,134850.13,60891.05,27635689.174999997
Santo Anastácio,SANTO ANASTACIO,6257,2025,Janeiro,1,1191078.12,2302617.46,7511.01,2703.89,1488847.6500000001
Santo Anastácio,SANTO ANASTACIO,6257,2025,Fevereiro,2,1266665.48,666209.3,8720.65,2905.67,1583331.8499999999
Santo Anastácio,SANTO ANASTACIO,6257,2025,Março,3,1294195.82,522580.17,10059.7,66.2,1617744.775
Santo Anastácio,SANTO ANASTACIO,6257,2025,Abril,4,1393885.0,482733.45,10715.62,3810.74,1742356.25
Santo Anastácio,SANTO ANASTACIO,6257,2025,Maio,5,1290335.41,437726.46,8502.54,6307.4,1612919.2624999997
Santo Anastácio,SANTO ANASTACIO,6257,2025,Junho,6,978076.21,141163.86,10945.83,78.84,1222595.2625
Santo Anastácio,SANTO ANASTACIO,6257,2025,Julho,7,1770929.34,164785.96,10112.25,5618.62,2213661.675
Santo Anastácio,SANTO ANASTACIO,6257,2025,Agosto,8,1306730.91,163899.63,8933.0,0.0,1633413.6374999997
Santo Anastácio,SANTO ANASTACIO,6257,2025,Setembro,9,1577858.98,197318.61,10875.62,5447.83,1972323.7249999999
Santo Anastácio,SANTO ANASTACIO,6257,2025,Outubro,10,1300241.84,157367.25,10835.32,68.15,1625302.3
Santo Anastácio,SANTO ANASTACIO,6257,2025,Novembro,11,1197933.2,118859.01,9972.0,2775.43,1497416.4999999998
Santo Anastácio,SANTO ANASTACIO,6257,2025,Dezembro,12,1877983.17,218671.51,11454.68,5172.31,2347478.9625
Santo André,SANTO ANDRE,6269,2025,Janeiro,1,38577814.93,96599155.93,243303.28,87586.95,48222268.662499994
Santo André,SANTO ANDRE,6269,2025,Fevereiro,2,41030958.05,37808791.36,282487.12,94123.17,51288697.56249999
Santo André,SANTO ANDRE,6269,2025,Março,3,41922745.45,29421618.09,325862.69,2144.35,52403431.8125
Santo André,SANTO ANDRE,6269,2025,Abril,4,45151966.28,26167020.96,347109.83,123440.95,56439957.85
Santo André,SANTO ANDRE,6269,2025,Maio,5,41797695.54,23169321.7,275421.98,204314.93,52247119.425
Santo André,SANTO ANDRE,6269,2025,Junho,6,31682717.03,6628249.59,354567.12,2553.75,39603396.2875
Santo André,SANTO ANDRE,6269,2025,Julho,7,57365522.65,7802280.91,327565.11,182003.46,71706903.3125
Santo André,SANTO ANDRE,6269,2025,Agosto,8,42328793.04,7403827.18,289365.84,0.0,52910991.3
Santo André,SANTO ANDRE,6269,2025,Setembro,9,51111415.5,7830646.92,352292.69,176470.91,63889269.375
Santo André,SANTO ANDRE,6269,2025,Outubro,10,42118593.53,6920318.31,350987.23,2207.55,52648241.9125
Santo André,SANTO ANDRE,6269,2025,Novembro,11,38804520.55,4966684.7,323021.78,89904.3,48505650.68749999
Santo André,SANTO ANDRE,6269,2025,Dezembro,12,60833305.9,9554090.85,371050.06,167546.2,76041632.375
Santo Antônio da Alegria,SANTO ANTONIO DA ALEGRIA,6270,2025,Janeiro,1,647190.17,585834.83,4104.04,1477.42,808987.7125
Santo Antônio da Alegria,SANTO ANTONIO DA ALEGRIA,6270,2025,Fevereiro,2,692110.54,233102.01,4765.0,1587.67,865138.175
Santo Antônio da Alegria,SANTO ANTONIO DA ALEGRIA,6270,2025,Março,3,707153.21,146233.54,5496.65,36.17,883941.5125
Santo Antônio da Alegria,SANTO ANTONIO DA ALEGRIA,6270,2025,Abril,4,761623.74,137096.91,5855.05,2082.2,952029.6749999999
Santo Antônio da Alegria,SANTO ANTONIO DA ALEGRIA,6270,2025,Maio,5,705043.87,123884.19,4645.82,3446.39,881304.8374999999
Santo Antônio da Alegria,SANTO ANTONIO DA ALEGRIA,6270,2025,Junho,6,534424.33,39750.1,5980.84,43.08,668030.4124999999
Santo Antônio da Alegria,SANTO ANTONIO DA ALEGRIA,6270,2025,Julho,7,967642.11,33335.92,5525.37,3070.04,1209552.6375
Santo Antônio da Alegria,SANTO ANTONIO DA ALEGRIA,6270,2025,Agosto,8,714002.43,37258.96,4881.03,0.0,892503.0375
Santo Antônio da Alegria,SANTO ANTONIO DA ALEGRIA,6270,2025,Setembro,9,862147.77,35555.1,5942.48,2976.71,1077684.7125
Santo Antônio da Alegria,SANTO ANTONIO DA ALEGRIA,6270,2025,Outubro,10,710456.78,40941.79,5920.46,37.24,888070.975
Santo Antônio da Alegria,SANTO ANTONIO DA ALEGRIA,6270,2025,Novembro,11,654554.97,40007.45,5448.73,1516.51,818193.7124999999
Santo Antônio da Alegria,SANTO ANTONIO DA ALEGRIA,6270,2025,Dezembro,12,1026136.7,47451.87,6258.88,2826.17,1282670.8749999998
Santo Antônio da Posse,SANTO ANTONIO DA POSSE,6300,2025,Janeiro,1,2896508.23,2346206.51,18313.44,6592.67,3620635.2874999996
Santo Antônio da Posse,SANTO ANTONIO DA POSSE,6300,2025,Fevereiro,2,3088399.75,806156.74,21262.8,7084.65,3860499.6875
Santo Antônio da Posse,SANTO ANTONIO DA POSSE,6300,2025,Março,3,3155524.58,734607.92,24527.68,161.41,3944405.725
Santo Antônio da Posse,SANTO ANTONIO DA POSSE,6300,2025,Abril,4,3398587.99,624136.83,26126.95,9291.4,4248234.9875
Santo Antônio da Posse,SANTO ANTONIO DA POSSE,6300,2025,Maio,5,3146112.07,605434.94,20731.01,15378.78,3932640.0874999994
Santo Antônio da Posse,SANTO ANTONIO DA POSSE,6300,2025,Junho,6,2384757.76,220478.96,26688.26,192.22,2980947.1999999997
Santo Antônio da Posse,SANTO ANTONIO DA POSSE,6300,2025,Julho,7,4317902.25,263899.87,24655.82,13699.4,5397377.8125
Santo Antônio da Posse,SANTO ANTONIO DA POSSE,6300,2025,Agosto,8,3186087.78,292605.57,21780.56,0.0,3982609.7249999996
Santo Antônio da Posse,SANTO ANTONIO DA POSSE,6300,2025,Setembro,9,3847155.67,332182.75,26517.07,13282.96,4808944.587499999
Santo Antônio da Posse,SANTO ANTONIO DA POSSE,6300,2025,Outubro,10,3170266.06,290837.32,26418.81,166.16,3962832.5749999997
Santo Antônio da Posse,SANTO ANTONIO DA POSSE,6300,2025,Novembro,11,2920815.83,201313.14,24313.85,6767.1,3651019.7875
Santo Antônio da Posse,SANTO ANTONIO DA POSSE,6300,2025,Dezembro,12,4578922.25,342330.59,27928.93,12611.2,5723652.8125
Santo Antônio do Aracanguá,SANTO ANTONIO DO ARACANGUA,7602,2025,Janeiro,1,2338945.51,581167.65,14785.41,5322.61,2923681.8874999997
Santo Antônio do Aracanguá,SANTO ANTONIO DO ARACANGUA,7602,2025,Fevereiro,2,2493429.7,234875.45,17166.59,5719.82,3116787.125
Santo Antônio do Aracanguá,SANTO ANTONIO DO ARACANGUA,7602,2025,Março,3,2547623.15,191523.19,19802.5,130.31,3184528.9374999995
Santo Antônio do Aracanguá,SANTO ANTONIO DO ARACANGUA,7602,2025,Abril,4,2743861.2,192270.4,21093.68,7501.44,3429826.5
Santo Antônio do Aracanguá,SANTO ANTONIO DO ARACANGUA,7602,2025,Maio,5,2540023.93,138724.56,16737.25,12416.11,3175029.9125
Santo Antônio do Aracanguá,SANTO ANTONIO DO ARACANGUA,7602,2025,Junho,6,1925342.02,48910.79,21546.86,155.19,2406677.525
Santo Antônio do Aracanguá,SANTO ANTONIO DO ARACANGUA,7602,2025,Julho,7,3486072.58,72491.06,19905.96,11060.25,4357590.725
Santo Antônio do Aracanguá,SANTO ANTONIO DO ARACANGUA,7602,2025,Agosto,8,2572298.45,70961.45,17584.61,0.0,3215373.0625
Santo Antônio do Aracanguá,SANTO ANTONIO DO ARACANGUA,7602,2025,Setembro,9,3106013.79,69849.42,21408.64,10724.04,3882517.2375
Santo Antônio do Aracanguá,SANTO ANTONIO DO ARACANGUA,7602,2025,Outubro,10,2559524.74,81312.48,21329.31,134.15,3199405.9250000003
Santo Antônio do Aracanguá,SANTO ANTONIO DO ARACANGUA,7602,2025,Novembro,11,2358130.27,57999.78,19629.86,5463.44,2947662.8375
Santo Antônio do Aracanguá,SANTO ANTONIO DO ARACANGUA,7602,2025,Dezembro,12,3696807.95,110458.51,22548.52,10181.69,4621009.9375
Santo Antônio do Jardim,SANTO ANTONIO DO JARDIM,6282,2025,Janeiro,1,479171.72,774138.66,3030.24,1090.86,598964.6499999999
Santo Antônio do Jardim,SANTO ANTONIO DO JARDIM,6282,2025,Fevereiro,2,511023.54,273686.51,3518.26,1172.27,638779.4249999999
Santo Antônio do Jardim,SANTO ANTONIO DO JARDIM,6282,2025,Março,3,522130.39,147017.26,4058.48,26.71,652662.9874999999
Santo Antônio do Jardim,SANTO ANTONIO DO JARDIM,6282,2025,Abril,4,562348.99,158137.25,4323.11,1537.41,702936.2374999999
Santo Antônio do Jardim,SANTO ANTONIO DO JARDIM,6282,2025,Maio,5,520572.94,121463.29,3430.27,2544.66,650716.1749999999
Santo Antônio do Jardim,SANTO ANTONIO DO JARDIM,6282,2025,Junho,6,394595.08,36665.53,4415.99,31.81,493243.85
Santo Antônio do Jardim,SANTO ANTONIO DO JARDIM,6282,2025,Julho,7,714463.76,65862.28,4079.69,2266.78,893079.7
Santo Antônio do Jardim,SANTO ANTONIO DO JARDIM,6282,2025,Agosto,8,527187.54,51204.42,3603.93,0.0,658984.425
Santo Antônio do Jardim,SANTO ANTONIO DO JARDIM,6282,2025,Setembro,9,636571.46,48408.58,4387.66,2197.87,795714.325
Santo Antônio do Jardim,SANTO ANTONIO DO JARDIM,6282,2025,Outubro,10,524569.59,48500.5,4371.4,27.49,655711.9874999999
Santo Antônio do Jardim,SANTO ANTONIO DO JARDIM,6282,2025,Novembro,11,483294.19,26128.31,4023.1,1119.72,604117.7374999999
Santo Antônio do Jardim,SANTO ANTONIO DO JARDIM,6282,2025,Dezembro,12,757653.56,41421.33,4621.27,2086.72,947066.9500000001
Santo Antônio do Pinhal,SANTO ANTONIO DO PINHAL,6294,2025,Janeiro,1,459653.52,700535.28,2926.61,1053.55,574566.9
Santo Antônio do Pinhal,SANTO ANTONIO DO PINHAL,6294,2025,Fevereiro,2,493547.69,332110.26,3397.94,1132.18,616934.6124999999
Santo Antônio do Pinhal,SANTO ANTONIO DO PINHAL,6294,2025,Março,3,504274.7,209651.88,3919.69,25.79,630343.375
Santo Antônio do Pinhal,SANTO ANTONIO DO PINHAL,6294,2025,Abril,4,543117.92,179983.31,4175.27,1484.83,678897.4
Santo Antônio do Pinhal,SANTO ANTONIO DO PINHAL,6294,2025,Maio,5,502770.52,153135.21,3312.96,2457.64,628463.15
Santo Antônio do Pinhal,SANTO ANTONIO DO PINHAL,6294,2025,Junho,6,381100.82,37950.27,4264.97,30.72,476376.02499999997
Santo Antônio do Pinhal,SANTO ANTONIO DO PINHAL,6294,2025,Julho,7,690030.71,52705.08,3940.17,2189.26,862538.3875
Santo Antônio do Pinhal,SANTO ANTONIO DO PINHAL,6294,2025,Agosto,8,509158.91,76407.94,3480.69,0.0,636448.6375
Santo Antônio do Pinhal,SANTO ANTONIO DO PINHAL,6294,2025,Setembro,9,614802.15,73434.73,4237.61,2122.71,768502.6875
Santo Antônio do Pinhal,SANTO ANTONIO DO PINHAL,6294,2025,Outubro,10,506630.5,74521.61,4221.91,26.55,633288.125
Santo Antônio do Pinhal,SANTO ANTONIO DO PINHAL,6294,2025,Novembro,11,466766.62,49158.92,3885.52,1081.43,583458.2749999999
Santo Antônio do Pinhal,SANTO ANTONIO DO PINHAL,6294,2025,Dezembro,12,731743.52,69257.84,4463.24,2015.36,914679.4
Santo Expedito,SANTO EXPEDITO,6312,2025,Janeiro,1,256473.56,184502.76,1621.27,583.64,320591.94999999995
Santo Expedito,SANTO EXPEDITO,6312,2025,Fevereiro,2,273412.18,64845.23,1882.37,627.2,341765.225
Santo Expedito,SANTO EXPEDITO,6312,2025,Março,3,279354.66,60328.45,2171.41,14.29,349193.32499999995
Santo Expedito,SANTO EXPEDITO,6312,2025,Abril,4,300872.76,45503.69,2312.99,822.56,376090.95
Santo Expedito,SANTO EXPEDITO,6312,2025,Maio,5,278521.38,46789.44,1835.29,1361.46,348151.725
Santo Expedito,SANTO EXPEDITO,6312,2025,Junho,6,211119.63,11429.28,2362.68,17.02,263899.5375
Santo Expedito,SANTO EXPEDITO,6312,2025,Julho,7,382258.51,10994.24,2182.75,1212.79,477823.1375
Santo Expedito,SANTO EXPEDITO,6312,2025,Agosto,8,282060.38,9218.82,1928.21,0.0,352575.475
Santo Expedito,SANTO EXPEDITO,6312,2025,Setembro,9,340583.9,8728.05,2347.52,1175.92,425729.875
Santo Expedito,SANTO EXPEDITO,6312,2025,Outubro,10,280659.71,23658.56,2338.82,14.71,350824.6375
Santo Expedito,SANTO EXPEDITO,6312,2025,Novembro,11,258576.19,8931.3,2152.47,599.08,323220.2375
Santo Expedito,SANTO EXPEDITO,6312,2025,Dezembro,12,405366.28,21694.52,2472.51,1116.45,506707.85000000003
Santos,SANTOS,6336,2025,Janeiro,1,54102185.2,58387311.39,341190.57,122825.48,67627731.5
Santos,SANTOS,6336,2025,Fevereiro,2,57538787.87,23925634.98,396139.09,131991.39,71923484.83749999
Santos,SANTOS,6336,2025,Março,3,58789364.72,19052821.49,456965.79,3007.08,73486705.89999999
Santos,SANTOS,6336,2025,Abril,4,63317785.72,16210533.06,486761.21,173104.48,79147232.14999999
Santos,SANTOS,6336,2025,Maio,5,58614003.95,15032580.66,386231.46,286516.18,73267504.9375
Santos,SANTOS,6336,2025,Junho,6,44429504.48,4603401.57,497218.76,3581.19,55536880.599999994
Santos,SANTOS,6336,2025,Julho,7,80445175.93,5930463.96,459353.14,255228.22,100556469.91250001
Santos,SANTOS,6336,2025,Agosto,8,59358775.9,5831376.87,405785.29,0.0,74198469.875
Santos,SANTOS,6336,2025,Setembro,9,71674877.56,6170364.2,494029.28,247469.78,89593596.95
Santos,SANTOS,6336,2025,Outubro,10,59064007.62,5517423.91,492198.6,3095.71,73830009.52499999
Santos,SANTOS,6336,2025,Novembro,11,54416596.21,3810454.9,452981.9,126075.15,68020745.2625
Santos,SANTOS,6336,2025,Dezembro,12,85308139.27,6847941.49,520333.23,234954.43,106635174.08749999
Santópolis do Aguapeí,SANTOPOLIS DO AGUAPEI,6324,2025,Janeiro,1,318288.97,208757.92,2014.65,725.25,397861.21249999997
Santópolis do Aguapeí,SANTOPOLIS DO AGUAPEI,6324,2025,Fevereiro,2,339752.2,96351.75,2339.1,779.38,424690.25
Santópolis do Aguapeí,SANTOPOLIS DO AGUAPEI,6324,2025,Março,3,347136.55,75302.4,2698.27,17.76,433920.68749999994
Santópolis do Aguapeí,SANTOPOLIS DO AGUAPEI,6324,2025,Abril,4,373875.75,70853.97,2874.2,1022.14,467344.6875
Santópolis do Aguapeí,SANTOPOLIS DO AGUAPEI,6324,2025,Maio,5,346101.09,62198.68,2280.6,1691.81,432626.3625
Santópolis do Aguapeí,SANTOPOLIS DO AGUAPEI,6324,2025,Junho,6,262345.15,19922.22,2935.95,21.15,327931.4375
Santópolis do Aguapeí,SANTOPOLIS DO AGUAPEI,6324,2025,Julho,7,475008.72,24786.65,2712.37,1507.06,593760.8999999999
Santópolis do Aguapeí,SANTOPOLIS DO AGUAPEI,6324,2025,Agosto,8,350498.78,33021.99,2396.06,0.0,438123.47500000003
Santópolis do Aguapeí,SANTOPOLIS DO AGUAPEI,6324,2025,Setembro,9,423222.29,25151.18,2917.12,1461.25,529027.8624999999
Santópolis do Aguapeí,SANTOPOLIS DO AGUAPEI,6324,2025,Outubro,10,348758.25,20288.07,2906.31,18.28,435947.8125
Santópolis do Aguapeí,SANTOPOLIS DO AGUAPEI,6324,2025,Novembro,11,321316.44,20716.55,2674.75,744.44,401645.55
Santópolis do Aguapeí,SANTOPOLIS DO AGUAPEI,6324,2025,Dezembro,12,503723.3,24799.75,3072.44,1387.35,629654.125
Sarapuí,SARAPUI,6580,2025,Janeiro,1,804850.65,690404.56,5086.35,1831.04,1006063.3125
Sarapuí,SARAPUI,6580,2025,Fevereiro,2,857768.27,281833.95,5905.5,1967.68,1072210.3375
Sarapuí,SARAPUI,6580,2025,Março,3,876411.43,262922.69,6812.29,44.83,1095514.2875
Sarapuí,SARAPUI,6580,2025,Abril,4,943919.56,207704.54,7256.47,2580.58,1179899.45
Sarapuí,SARAPUI,6580,2025,Maio,5,873797.21,183429.88,5757.8,4271.28,1092246.5125
Sarapuí,SARAPUI,6580,2025,Junho,6,662339.62,64801.56,7412.36,53.39,827924.5249999999
Sarapuí,SARAPUI,6580,2025,Julho,7,1199248.74,82292.6,6847.88,3804.85,1499060.9249999998
Sarapuí,SARAPUI,6580,2025,Agosto,8,884900.02,87528.95,6049.31,0.0,1106125.025
Sarapuí,SARAPUI,6580,2025,Setembro,9,1068504.18,97414.68,7364.82,3689.19,1335630.2249999999
Sarapuí,SARAPUI,6580,2025,Outubro,10,880505.71,85760.46,7337.53,46.15,1100632.1375
Sarapuí,SARAPUI,6580,2025,Novembro,11,811223.72,82988.3,6752.9,1879.48,1014029.6499999999
Sarapuí,SARAPUI,6580,2025,Dezembro,12,1271744.11,114821.36,7756.95,3502.62,1589680.1375
Sarutaiá,SARUTAIA,6592,2025,Janeiro,1,420317.56,198103.25,2672.0,961.9,525396.95
Sarutaiá,SARUTAIA,6592,2025,Fevereiro,2,450609.2,91783.22,3102.32,1033.68,563261.5
Sarutaiá,SARUTAIA,6592,2025,Março,3,460402.97,61713.63,3578.68,23.55,575503.7124999999
Sarutaiá,SARUTAIA,6592,2025,Abril,4,495866.84,55233.8,3812.02,1355.65,619833.55
Sarutaiá,SARUTAIA,6592,2025,Maio,5,459029.65,55244.74,3024.73,2243.82,573787.0625
Sarutaiá,SARUTAIA,6592,2025,Junho,6,347945.17,15795.01,3893.92,28.05,434931.46249999997
Sarutaiá,SARUTAIA,6592,2025,Julho,7,629998.26,17421.6,3597.38,1998.79,787497.825
Sarutaiá,SARUTAIA,6592,2025,Agosto,8,464862.25,18661.81,3177.87,0.0,581077.8125
Sarutaiá,SARUTAIA,6592,2025,Setembro,9,561314.56,31293.71,3868.94,1938.03,701643.2000000001
Sarutaiá,SARUTAIA,6592,2025,Outubro,10,462553.81,32978.58,3854.6,24.24,578192.2625
Sarutaiá,SARUTAIA,6592,2025,Novembro,11,426158.07,11042.49,3547.48,987.34,532697.5875
Sarutaiá,SARUTAIA,6592,2025,Dezembro,12,668082.07,19470.69,4074.94,1840.02,835102.5874999999
Sebastianópolis do Sul,SEBASTIANOPOLIS DO SUL,6609,2025,Janeiro,1,1077901.54,924969.33,6756.35,2432.23,1347376.925
Sebastianópolis do Sul,SEBASTIANOPOLIS DO SUL,6609,2025,Fevereiro,2,1139399.47,141055.69,7844.46,2613.73,1424249.3375
Sebastianópolis do Sul,SEBASTIANOPOLIS DO SUL,6609,2025,Março,3,1164163.75,156353.94,9048.97,59.55,1455204.6875
Sebastianópolis do Sul,SEBASTIANOPOLIS DO SUL,6609,2025,Abril,4,1253836.83,171446.73,9638.98,3427.86,1567296.0375
Sebastianópolis do Sul,SEBASTIANOPOLIS DO SUL,6609,2025,Maio,5,1160691.21,108679.24,7648.27,5673.68,1450864.0125
Sebastianópolis do Sul,SEBASTIANOPOLIS DO SUL,6609,2025,Junho,6,879805.71,39246.17,9846.07,70.92,1099757.1375
Sebastianópolis do Sul,SEBASTIANOPOLIS DO SUL,6609,2025,Julho,7,1592998.29,37697.8,9096.24,5054.1,1991247.8625
Sebastianópolis do Sul,SEBASTIANOPOLIS DO SUL,6609,2025,Agosto,8,1175439.39,32875.02,8035.48,0.0,1469299.2374999998
Sebastianópolis do Sul,SEBASTIANOPOLIS DO SUL,6609,2025,Setembro,9,1419326.35,27628.99,9782.91,4900.47,1774157.9375
Sebastianópolis do Sul,SEBASTIANOPOLIS DO SUL,6609,2025,Outubro,10,1169602.31,20982.38,9746.66,61.3,1462002.8875
Sebastianópolis do Sul,SEBASTIANOPOLIS DO SUL,6609,2025,Novembro,11,1077572.94,51620.69,8970.08,2496.58,1346966.1749999998
Sebastianópolis do Sul,SEBASTIANOPOLIS DO SUL,6609,2025,Dezembro,12,1689296.08,38533.29,10303.79,4652.63,2111620.1
Serra Azul,SERRA AZUL,6610,2025,Janeiro,1,630653.67,443331.37,3974.36,1430.73,788317.0875
Serra Azul,SERRA AZUL,6610,2025,Fevereiro,2,670240.32,217366.82,4614.42,1537.5,837800.3999999999
Serra Azul,SERRA AZUL,6610,2025,Março,3,684807.66,201446.72,5322.96,35.03,856009.575
Serra Azul,SERRA AZUL,6610,2025,Abril,4,737556.95,171706.81,5670.04,2016.41,921946.1874999999
Serra Azul,SERRA AZUL,6610,2025,Maio,5,682764.97,149477.3,4499.02,3337.48,853456.2124999999
Serra Azul,SERRA AZUL,6610,2025,Junho,6,517536.89,53834.85,5791.85,41.72,646921.1124999999
Serra Azul,SERRA AZUL,6610,2025,Julho,7,937065.28,61042.58,5350.77,2973.02,1171331.5999999999
Serra Azul,SERRA AZUL,6610,2025,Agosto,8,691440.44,88753.82,4726.79,0.0,864300.5499999999
Serra Azul,SERRA AZUL,6610,2025,Setembro,9,834904.5,66989.78,5754.7,2882.65,1043630.625
Serra Azul,SERRA AZUL,6610,2025,Outubro,10,688006.83,75773.09,5733.37,36.06,860008.5374999999
Serra Azul,SERRA AZUL,6610,2025,Novembro,11,633871.48,87947.38,5276.56,1468.59,792339.35
Serra Azul,SERRA AZUL,6610,2025,Dezembro,12,993711.49,94152.82,6061.1,2736.87,1242139.3624999998
Serra Negra,SERRA NEGRA,6622,2025,Janeiro,1,1157729.62,3750820.01,7304.96,2629.72,1447162.0250000001
Serra Negra,SERRA NEGRA,6622,2025,Fevereiro,2,1231916.98,1259502.08,8481.42,2825.96,1539896.2249999999
Serra Negra,SERRA NEGRA,6622,2025,Março,3,1258692.08,931467.02,9783.73,64.38,1573365.1
Serra Negra,SERRA NEGRA,6622,2025,Abril,4,1355646.49,826967.79,10421.66,3706.2,1694558.1124999998
Serra Negra,SERRA NEGRA,6622,2025,Maio,5,1254937.58,742164.4,8269.29,6134.37,1568671.975
Serra Negra,SERRA NEGRA,6622,2025,Junho,6,951244.6,192634.57,10645.55,76.67,1189055.75
Serra Negra,SERRA NEGRA,6622,2025,Julho,7,1722347.34,253305.0,9834.84,5464.49,2152934.175
Serra Negra,SERRA NEGRA,6622,2025,Agosto,8,1270883.29,248695.5,8687.94,0.0,1588604.1125
Serra Negra,SERRA NEGRA,6622,2025,Setembro,9,1534573.5,306762.76,10577.27,5298.38,1918216.875
Serra Negra,SERRA NEGRA,6622,2025,Outubro,10,1264572.24,288587.72,10538.07,66.28,1580715.2999999998
Serra Negra,SERRA NEGRA,6622,2025,Novembro,11,1165070.23,210252.82,9698.43,2699.29,1456337.7874999999
Serra Negra,SERRA NEGRA,6622,2025,Dezembro,12,1826464.36,327239.76,11140.44,5030.42,2283080.45
Serrana,SERRANA,6634,2025,Janeiro,1,1814487.18,3083319.52,11401.68,4104.5,2268108.9749999996
Serrana,SERRANA,6634,2025,Fevereiro,2,1922793.76,1426576.34,13237.92,4410.8,2403492.1999999997
Serrana,SERRANA,6634,2025,Março,3,1964584.72,1136260.03,15270.59,100.49,2455730.9
Serrana,SERRANA,6634,2025,Abril,4,2115912.55,967566.63,16266.27,5784.69,2644890.6874999995
Serrana,SERRANA,6634,2025,Maio,5,1958724.63,969114.35,12906.83,9574.61,2448405.7874999996
Serrana,SERRANA,6634,2025,Junho,6,1484716.26,296051.28,16615.73,119.67,1855895.325
Serrana,SERRANA,6634,2025,Julho,7,2688264.52,428223.41,15350.36,8529.05,3360330.65
Serrana,SERRANA,6634,2025,Agosto,8,1983612.93,460548.13,13560.27,0.0,2479516.1624999996
Serrana,SERRANA,6634,2025,Setembro,9,2395184.4,535195.74,16509.15,8269.78,2993980.4999999995
Serrana,SERRANA,6634,2025,Outubro,10,1973762.56,532823.46,16447.97,103.45,2467203.1999999997
Serrana,SERRANA,6634,2025,Novembro,11,1818458.39,408538.21,15137.45,4213.1,2273072.9875
Serrana,SERRANA,6634,2025,Dezembro,12,2850771.87,571723.89,17388.16,7851.55,3563464.8375
Sertãozinho,SERTAOZINHO,6646,2025,Janeiro,1,10021348.47,17524374.73,63533.27,22871.4,12526685.5875
Sertãozinho,SERTAOZINHO,6646,2025,Fevereiro,2,10714327.01,6774430.87,73765.26,24578.18,13392908.7625
Sertãozinho,SERTAOZINHO,6646,2025,Março,3,10947197.56,5703207.73,85091.83,559.95,13683996.95
Sertãozinho,SERTAOZINHO,6646,2025,Abril,4,11790437.14,4741513.02,90640.05,32233.87,14738046.425
Sertãozinho,SERTAOZINHO,6646,2025,Maio,5,10914543.54,4568212.55,71920.36,53352.32,13643179.424999999
Sertãozinho,SERTAOZINHO,6646,2025,Junho,6,8273240.67,1359917.33,92587.36,666.86,10341550.837499999
Sertãozinho,SERTAOZINHO,6646,2025,Julho,7,14979737.2,1907290.47,85536.38,47526.18,18724671.499999996
Sertãozinho,SERTAOZINHO,6646,2025,Agosto,8,11053227.91,1957283.8,75561.49,0.0,13816534.8875
Sertãozinho,SERTAOZINHO,6646,2025,Setembro,9,13346615.47,1833582.98,91993.44,46081.47,16683269.3375
Sertãozinho,SERTAOZINHO,6646,2025,Outubro,10,10998338.95,1792438.83,91652.55,576.45,13747923.687499998
Sertãozinho,SERTAOZINHO,6646,2025,Novembro,11,10132942.11,1333007.14,84349.99,23476.52,12666177.6375
Sertãozinho,SERTAOZINHO,6646,2025,Dezembro,12,15885272.08,2078921.54,96891.52,43750.98,19856590.099999998
Sete Barras,SETE BARRAS,6658,2025,Janeiro,1,1483725.14,735049.38,9446.88,3400.79,1854656.4249999998
Sete Barras,SETE BARRAS,6658,2025,Fevereiro,2,1593132.99,302376.44,10968.29,3654.58,1991416.2374999998
Sete Barras,SETE BARRAS,6658,2025,Março,3,1627758.94,237340.52,12652.46,83.26,2034698.6749999998
Sete Barras,SETE BARRAS,6658,2025,Abril,4,1753141.78,216416.01,13477.44,4792.91,2191427.225
Sete Barras,SETE BARRAS,6658,2025,Maio,5,1622903.55,178721.9,10693.97,7933.06,2028629.4375
Sete Barras,SETE BARRAS,6658,2025,Junho,6,1230163.37,58831.75,13766.98,99.16,1537704.2125000001
Sete Barras,SETE BARRAS,6658,2025,Julho,7,2227364.68,53888.15,12718.56,7066.75,2784205.85
Sete Barras,SETE BARRAS,6658,2025,Agosto,8,1643524.79,66725.83,11235.38,0.0,2054405.9875
Sete Barras,SETE BARRAS,6658,2025,Setembro,9,1984532.8,84817.75,13678.67,6851.94,2480666.0
Sete Barras,SETE BARRAS,6658,2025,Outubro,10,1635363.25,94603.71,13627.99,85.71,2044204.0625
Sete Barras,SETE BARRAS,6658,2025,Novembro,11,1506685.8,57153.27,12542.16,3490.77,1883357.25
Sete Barras,SETE BARRAS,6658,2025,Dezembro,12,2362010.32,70933.59,14406.98,6505.41,2952512.8999999994
Severínia,SEVERINIA,6660,2025,Janeiro,1,781407.72,970410.69,4893.88,1761.75,976759.6499999999
Severínia,SEVERINIA,6660,2025,Fevereiro,2,825309.48,399044.43,5682.03,1893.22,1031636.85
Severínia,SEVERINIA,6660,2025,Março,3,843247.17,354582.53,6554.5,43.13,1054058.9625
Severínia,SEVERINIA,6660,2025,Abril,4,908200.73,314306.75,6981.88,2482.93,1135250.9124999999
Severínia,SEVERINIA,6660,2025,Maio,5,840731.88,329435.22,5539.92,4109.65,1050914.8499999999
Severínia,SEVERINIA,6660,2025,Junho,6,637276.05,128276.51,7131.87,51.37,796595.0625
Severínia,SEVERINIA,6660,2025,Julho,7,1153868.01,182522.46,6588.75,3660.87,1442335.0125
Severínia,SEVERINIA,6660,2025,Agosto,8,851414.54,205529.3,5820.39,0.0,1064268.175
Severínia,SEVERINIA,6660,2025,Setembro,9,1028070.95,216728.64,7086.13,3549.59,1285088.6874999998
Severínia,SEVERINIA,6660,2025,Outubro,10,847186.52,160878.93,7059.87,44.4,1058983.15
Severínia,SEVERINIA,6660,2025,Novembro,11,780526.22,134797.35,6497.36,1808.36,975657.7749999999
Severínia,SEVERINIA,6660,2025,Dezembro,12,1223620.08,163608.4,7463.42,3370.08,1529525.1
Silveiras,SILVEIRAS,6671,2025,Janeiro,1,612116.56,338041.81,3897.35,1403.01,765145.7000000001
Silveiras,SILVEIRAS,6671,2025,Fevereiro,2,657253.18,152395.57,4525.01,1507.71,821566.475
Silveiras,SILVEIRAS,6671,2025,Março,3,671538.25,113778.79,5219.82,34.35,839422.8125
Silveiras,SILVEIRAS,6671,2025,Abril,4,723265.42,92094.2,5560.17,1977.34,904081.775
Silveiras,SILVEIRAS,6671,2025,Maio,5,669535.14,84953.67,4411.84,3272.81,836918.9249999999
Silveiras,SILVEIRAS,6671,2025,Junho,6,507508.66,24140.44,5679.62,40.91,634385.825
Silveiras,SILVEIRAS,6671,2025,Julho,7,918907.91,16394.88,5247.09,2915.42,1148634.8875
Silveiras,SILVEIRAS,6671,2025,Agosto,8,678042.51,22504.19,4635.2,0.0,847553.1375
Silveiras,SILVEIRAS,6671,2025,Setembro,9,818726.68,18242.76,5643.19,2826.79,1023408.35
Silveiras,SILVEIRAS,6671,2025,Outubro,10,674675.43,28660.49,5622.28,35.36,843344.2875
Silveiras,SILVEIRAS,6671,2025,Novembro,11,621589.05,25904.14,5174.31,1440.13,776986.3125
Silveiras,SILVEIRAS,6671,2025,Dezembro,12,974456.5,27170.79,5943.65,2683.83,1218070.625
Socorro,SOCORRO,6683,2025,Janeiro,1,1912607.15,5386942.18,12094.61,4353.95,2390758.9374999995
Socorro,SOCORRO,6683,2025,Fevereiro,2,2039649.01,1909695.14,14042.44,4678.86,2549561.2624999997
Socorro,SOCORRO,6683,2025,Março,3,2083979.76,1542418.52,16198.63,106.6,2604974.6999999997
Socorro,SOCORRO,6683,2025,Abril,4,2244504.34,1340929.54,17254.83,6136.25,2805630.425
Socorro,SOCORRO,6683,2025,Maio,5,2077763.53,1134128.03,13691.23,10156.5,2597204.4125
Socorro,SOCORRO,6683,2025,Junho,6,1574947.93,321032.06,17625.53,126.95,1968684.9124999999
Socorro,SOCORRO,6683,2025,Julho,7,2851640.25,432561.84,16283.26,9047.39,3564550.3125
Socorro,SOCORRO,6683,2025,Agosto,8,2104164.39,395549.51,14384.38,0.0,2630205.4875
Socorro,SOCORRO,6683,2025,Setembro,9,2540748.57,460130.07,17512.47,8772.37,3175935.7124999994
Socorro,SOCORRO,6683,2025,Outubro,10,2093715.37,407054.68,17447.58,109.74,2617144.2125
Socorro,SOCORRO,6683,2025,Novembro,11,1928972.8,325251.64,16057.41,4469.14,2411216.0
Socorro,SOCORRO,6683,2025,Dezembro,12,3024023.76,523414.2,18444.9,8328.72,3780029.6999999997
Sorocaba,SOROCABA,6695,2025,Janeiro,1,55408794.84,95362652.77,350960.27,126342.48,69260993.55
Sorocaba,SOROCABA,6695,2025,Fevereiro,2,59186362.35,42514131.45,407482.2,135770.86,73982952.9375
Sorocaba,SOROCABA,6695,2025,Março,3,60472748.41,32728298.04,470050.61,3093.18,75590935.51249999
Sorocaba,SOROCABA,6695,2025,Abril,4,65130836.91,28666411.38,500699.21,178061.18,81413546.13749999
Sorocaba,SOROCABA,6695,2025,Maio,5,60292366.33,25176299.64,397290.87,294720.33,75365457.9125
Sorocaba,SOROCABA,6695,2025,Junho,6,45701705.73,7992896.76,511456.2,3683.74,57127132.162499994
Sorocaba,SOROCABA,6695,2025,Julho,7,82748655.44,9352860.04,472506.33,262536.46,103435819.3
Sorocaba,SOROCABA,6695,2025,Agosto,8,61058464.2,8780280.73,417404.61,0.0,76323080.25
Sorocaba,SOROCABA,6695,2025,Setembro,9,73727227.0,9377848.44,508175.39,254555.87,92159033.75
Sorocaba,SOROCABA,6695,2025,Outubro,10,60755255.47,8928322.82,506292.29,3184.35,75944069.33749999
Sorocaba,SOROCABA,6695,2025,Novembro,11,55974769.38,6454289.04,465952.66,129685.21,69968461.725
Sorocaba,SOROCABA,6695,2025,Dezembro,12,87750865.62,11692550.93,535232.53,241682.15,109688582.025
Sud Menucci,SUD MENUCCI,6701,2025,Janeiro,1,1217935.22,589573.65,7655.05,2755.75,1522419.025
Sud Menucci,SUD MENUCCI,6701,2025,Fevereiro,2,1290956.05,222392.93,8887.89,2961.4,1613695.0625
Sud Menucci,SUD MENUCCI,6701,2025,Março,3,1319014.33,184106.4,10252.61,67.47,1648767.9125
Sud Menucci,SUD MENUCCI,6701,2025,Abril,4,1420615.23,169498.4,10921.11,3883.82,1775769.0374999999
Sud Menucci,SUD MENUCCI,6701,2025,Maio,5,1315079.89,159200.39,8665.6,6428.36,1643849.8624999998
Sud Menucci,SUD MENUCCI,6701,2025,Junho,6,996832.56,48359.33,11155.74,80.35,1246040.7
Sud Menucci,SUD MENUCCI,6701,2025,Julho,7,1804890.06,75429.4,10306.17,5726.37,2256112.5749999997
Sud Menucci,SUD MENUCCI,6701,2025,Agosto,8,1331789.8,57754.13,9104.31,0.0,1664737.25
Sud Menucci,SUD MENUCCI,6701,2025,Setembro,9,1608117.24,71925.86,11084.18,5552.3,2010146.5499999998
Sud Menucci,SUD MENUCCI,6701,2025,Outubro,10,1325176.29,71509.12,11043.1,69.46,1656470.3625
Sud Menucci,SUD MENUCCI,6701,2025,Novembro,11,1220905.7,57434.32,10163.23,2828.66,1526132.1249999998
Sud Menucci,SUD MENUCCI,6701,2025,Dezembro,12,1913996.84,70472.17,11674.34,5271.5,2392496.05
Sumaré,SUMARE,6713,2025,Janeiro,1,20117620.83,27350534.83,127526.36,45908.32,25147026.037499998
Sumaré,SUMARE,6713,2025,Fevereiro,2,21506199.49,11344859.56,148064.4,49334.26,26882749.362499997
Sumaré,SUMARE,6713,2025,Março,3,21973626.0,10592180.76,170799.52,1123.95,27467032.5
Sumaré,SUMARE,6713,2025,Abril,4,23666208.15,8500602.52,181936.12,64701.04,29582760.187499996
Sumaré,SUMARE,6713,2025,Maio,5,21908081.63,8779214.63,144361.24,107090.79,27385102.037499998
Sumaré,SUMARE,6713,2025,Junho,6,16606359.32,3190478.35,185844.82,1338.54,20757949.15
Sumaré,SUMARE,6713,2025,Julho,7,30067890.98,4320217.92,171691.84,95396.33,37584863.725
Sumaré,SUMARE,6713,2025,Agosto,8,22186454.09,3763996.65,151669.85,0.0,27733067.612499997
Sumaré,SUMARE,6713,2025,Setembro,9,26789827.73,3929035.51,184652.69,92496.46,33487284.662499998
Sumaré,SUMARE,6713,2025,Outubro,10,22076278.93,3127919.01,183968.44,1157.08,27595348.662499998
Sumaré,SUMARE,6713,2025,Novembro,11,20339221.88,2396021.07,169310.47,47122.95,25424027.349999998
Sumaré,SUMARE,6713,2025,Dezembro,12,31885514.6,3952134.4,194484.29,87818.62,39856893.25
Suzano,SUZANO,6725,2025,Janeiro,1,24170301.74,22246175.94,152779.11,54999.08,30212877.174999997
Suzano,SUZANO,6725,2025,Fevereiro,2,25764853.6,10555661.04,177384.09,59103.42,32206067.0
Suzano,SUZANO,6725,2025,Março,3,26324839.84,8565087.89,204621.21,1346.52,32906049.799999997
Suzano,SUZANO,6725,2025,Abril,4,28352586.83,7665471.95,217963.08,77513.13,35440733.537499994
Suzano,SUZANO,6725,2025,Maio,5,26246316.38,6704351.44,172947.63,128296.89,32807895.474999998
Suzano,SUZANO,6725,2025,Junho,6,19894747.89,2149500.52,222645.78,1603.59,24868434.8625
Suzano,SUZANO,6725,2025,Julho,7,36021929.86,2661866.11,205690.23,114286.69,45027412.324999996
Suzano,SUZANO,6725,2025,Agosto,8,26579812.12,2912149.52,181703.49,0.0,33224765.15
Suzano,SUZANO,6725,2025,Setembro,9,32094745.05,3106626.81,221217.59,110812.6,40118431.3125
Suzano,SUZANO,6725,2025,Outubro,10,26447820.08,2789120.9,220397.84,1386.21,33059775.099999998
Suzano,SUZANO,6725,2025,Novembro,11,24366791.29,1960340.95,202837.3,56454.23,30458489.112499997
Suzano,SUZANO,6725,2025,Dezembro,12,38199479.01,3333711.59,232996.04,105208.45,47749348.762499996
Suzanápolis,SUZANAPOLIS,7626,2025,Janeiro,1,882941.08,439758.33,5587.77,2011.55,1103676.3499999999
Suzanápolis,SUZANAPOLIS,7626,2025,Fevereiro,2,942328.02,105955.65,6487.68,2161.66,1177910.025
Suzanápolis,SUZANAPOLIS,7626,2025,Março,3,962809.05,78800.41,7483.85,49.25,1203511.3125
Suzanápolis,SUZANAPOLIS,7626,2025,Abril,4,1036972.21,91948.03,7971.82,2834.98,1296215.2625
Suzanápolis,SUZANAPOLIS,7626,2025,Maio,5,959937.12,61321.25,6325.42,4692.35,1199921.4
Suzanápolis,SUZANAPOLIS,7626,2025,Junho,6,727633.81,20839.36,8143.08,58.65,909542.2625000001
Suzanápolis,SUZANAPOLIS,7626,2025,Julho,7,1317472.03,29978.36,7522.95,4179.94,1646840.0374999999
Suzanápolis,SUZANAPOLIS,7626,2025,Agosto,8,972134.45,24024.75,6645.65,0.0,1215168.0624999998
Suzanápolis,SUZANAPOLIS,7626,2025,Setembro,9,1173838.52,24985.66,8090.85,4052.88,1467298.15
Suzanápolis,SUZANAPOLIS,7626,2025,Outubro,10,967306.95,28060.46,8060.87,50.7,1209133.6874999998
Suzanápolis,SUZANAPOLIS,7626,2025,Novembro,11,891195.06,21222.96,7418.61,2064.77,1113993.825
Suzanápolis,SUZANAPOLIS,7626,2025,Dezembro,12,1397114.07,33671.76,8521.64,3847.91,1746392.5875
São Bento do Sapucaí,SAO BENTO DO SAPUCAI,6348,2025,Janeiro,1,753018.28,1183263.3,4794.47,1725.96,941272.85
São Bento do Sapucaí,SAO BENTO DO SAPUCAI,6348,2025,Fevereiro,2,808544.86,458678.02,5566.61,1854.77,1010681.075
São Bento do Sapucaí,SAO BENTO DO SAPUCAI,6348,2025,Março,3,826118.18,290457.79,6421.36,42.26,1032647.725
São Bento do Sapucaí,SAO BENTO DO SAPUCAI,6348,2025,Abril,4,889752.32,253937.44,6840.05,2432.49,1112190.4
São Bento do Sapucaí,SAO BENTO DO SAPUCAI,6348,2025,Maio,5,823653.98,221511.08,5427.39,4026.17,1029567.475
São Bento do Sapucaí,SAO BENTO DO SAPUCAI,6348,2025,Junho,6,624330.97,73398.55,6987.0,50.32,780413.7124999999
São Bento do Sapucaí,SAO BENTO DO SAPUCAI,6348,2025,Julho,7,1130429.33,86952.44,6454.91,3586.51,1413036.6625
São Bento do Sapucaí,SAO BENTO DO SAPUCAI,6348,2025,Agosto,8,834119.64,70130.44,5702.16,0.0,1042649.5499999999
São Bento do Sapucaí,SAO BENTO DO SAPUCAI,6348,2025,Setembro,9,1007187.6,101138.72,6942.18,3477.49,1258984.5
São Bento do Sapucaí,SAO BENTO DO SAPUCAI,6348,2025,Outubro,10,829977.5,72069.24,6916.46,43.5,1037471.875
São Bento do Sapucaí,SAO BENTO DO SAPUCAI,6348,2025,Novembro,11,764671.29,61666.84,6365.38,1771.63,955839.1125
São Bento do Sapucaí,SAO BENTO DO SAPUCAI,6348,2025,Dezembro,12,1198764.52,85637.54,7311.81,3301.62,1498455.65
São Bernardo do Campo,SAO BERNARDO DO CAMPO,6350,2025,Janeiro,1,81714559.55,105122637.38,517019.51,186122.29,102143199.43749999
São Bernardo do Campo,SAO BERNARDO DO CAMPO,6350,2025,Fevereiro,2,87190792.21,43104581.05,600285.17,200011.76,108988490.26249999
São Bernardo do Campo,SAO BERNARDO DO CAMPO,6350,2025,Março,3,89085840.58,36543414.03,692458.26,4556.74,111357300.725
São Bernardo do Campo,SAO BERNARDO DO CAMPO,6350,2025,Abril,4,95947935.32,30215589.6,737608.44,262312.03,119934919.14999999
São Bernardo do Campo,SAO BERNARDO DO CAMPO,6350,2025,Maio,5,88820109.49,28397585.67,585271.75,434169.26,111025136.86249998
São Bernardo do Campo,SAO BERNARDO DO CAMPO,6350,2025,Junho,6,67325778.6,8895391.26,753455.18,5426.72,84157223.24999999
São Bernardo do Campo,SAO BERNARDO DO CAMPO,6350,2025,Julho,7,121901744.5,11332040.27,696075.91,386757.38,152377180.625
São Bernardo do Campo,SAO BERNARDO DO CAMPO,6350,2025,Agosto,8,89948691.77,10350131.69,614902.44,0.0,112435864.71249999
São Bernardo do Campo,SAO BERNARDO DO CAMPO,6350,2025,Setembro,9,108611765.84,10982432.69,748622.03,375000.71,135764707.29999998
São Bernardo do Campo,SAO BERNARDO DO CAMPO,6350,2025,Outubro,10,89502017.78,9062544.76,745847.92,4691.05,111877522.225
São Bernardo do Campo,SAO BERNARDO DO CAMPO,6350,2025,Novembro,11,82459612.17,6393241.87,686421.32,191046.64,103074515.21249999
São Bernardo do Campo,SAO BERNARDO DO CAMPO,6350,2025,Dezembro,12,129270784.44,11868346.58,788481.45,356035.71,161588480.54999998
São Caetano do Sul,SAO CAETANO DO SUL,6361,2025,Janeiro,1,33564749.59,41983914.59,211822.3,76254.09,41955936.987500004
São Caetano do Sul,SAO CAETANO DO SUL,6361,2025,Fevereiro,2,35721967.44,14636513.17,245936.15,81944.59,44652459.3
São Caetano do Sul,SAO CAETANO DO SUL,6361,2025,Março,3,36498366.59,11229200.09,283699.35,1866.89,45622958.237500004
São Caetano do Sul,SAO CAETANO DO SUL,6361,2025,Abril,4,39309758.92,9966662.24,302197.33,107468.94,49137198.65
São Caetano do Sul,SAO CAETANO DO SUL,6361,2025,Maio,5,36389496.86,8745473.64,239785.16,177878.65,45486871.074999996
São Caetano do Sul,SAO CAETANO DO SUL,6361,2025,Junho,6,27583294.18,2462339.79,308689.72,2223.32,34479117.724999994
São Caetano do Sul,SAO CAETANO DO SUL,6361,2025,Julho,7,49943004.74,2915979.83,285181.5,158454.05,62428755.925
São Caetano do Sul,SAO CAETANO DO SUL,6361,2025,Agosto,8,36851875.73,3007446.75,251924.83,0.0,46064844.662499994
São Caetano do Sul,SAO CAETANO DO SUL,6361,2025,Setembro,9,44498115.75,2832568.22,306709.59,153637.36,55622644.6875
São Caetano do Sul,SAO CAETANO DO SUL,6361,2025,Outubro,10,36668873.91,2517703.62,305573.04,1921.92,45836092.387499996
São Caetano do Sul,SAO CAETANO DO SUL,6361,2025,Novembro,11,33783608.42,1782669.41,281226.03,78271.59,42229510.525
São Caetano do Sul,SAO CAETANO DO SUL,6361,2025,Dezembro,12,52962091.94,3059320.77,323039.94,145867.42,66202614.925
São Carlos,SAO CARLOS,6373,2025,Janeiro,1,16636740.21,39219280.91,105116.01,37840.8,20795925.2625
São Carlos,SAO CARLOS,6373,2025,Fevereiro,2,17726890.3,14193775.88,122044.88,40664.69,22158612.875
São Carlos,SAO CARLOS,6373,2025,Março,3,18112175.42,10257136.01,140784.72,926.44,22640219.275000002
São Carlos,SAO CARLOS,6373,2025,Abril,4,19507318.16,8950633.17,149964.28,53331.05,24384147.7
São Carlos,SAO CARLOS,6373,2025,Maio,5,18058149.23,8043188.04,118992.47,88271.6,22572686.537499998
São Carlos,SAO CARLOS,6373,2025,Junho,6,13688104.69,2321176.8,153186.1,1103.31,17110130.862499997
São Carlos,SAO CARLOS,6373,2025,Julho,7,24784025.9,2726337.01,141520.23,78632.22,30980032.374999996
São Carlos,SAO CARLOS,6373,2025,Agosto,8,18287602.98,2715391.26,125016.74,0.0,22859503.724999998
São Carlos,SAO CARLOS,6373,2025,Setembro,9,22082020.47,2911111.85,152203.46,76241.95,27602525.5875
São Carlos,SAO CARLOS,6373,2025,Outubro,10,18196789.03,2855247.61,151639.46,953.75,22745986.2875
São Carlos,SAO CARLOS,6373,2025,Novembro,11,16764987.01,1977267.04,139557.35,38841.98,20956233.7625
São Carlos,SAO CARLOS,6373,2025,Dezembro,12,26282236.42,3959128.83,160307.34,72386.15,32852795.525000002
São Francisco,SAO FRANCISCO,6385,2025,Janeiro,1,262229.54,311958.29,1652.96,595.05,327786.92499999993
São Francisco,SAO FRANCISCO,6385,2025,Fevereiro,2,278757.27,68670.45,1919.17,639.46,348446.5875
São Francisco,SAO FRANCISCO,6385,2025,Março,3,284815.92,52409.14,2213.86,14.57,356019.89999999997
São Francisco,SAO FRANCISCO,6385,2025,Abril,4,306754.69,67082.24,2358.2,838.64,383443.3625
São Francisco,SAO FRANCISCO,6385,2025,Maio,5,283966.35,44285.04,1871.17,1388.08,354957.93749999994
São Francisco,SAO FRANCISCO,6385,2025,Junho,6,215246.93,8885.23,2408.87,17.35,269058.6625
São Francisco,SAO FRANCISCO,6385,2025,Julho,7,389731.49,15773.61,2225.42,1236.5,487164.3625
São Francisco,SAO FRANCISCO,6385,2025,Agosto,8,287574.54,14271.86,1965.9,0.0,359468.17499999993
São Francisco,SAO FRANCISCO,6385,2025,Setembro,9,347242.16,17822.4,2393.42,1198.91,434052.69999999995
São Francisco,SAO FRANCISCO,6385,2025,Outubro,10,286146.48,13454.13,2384.55,15.0,357683.1
São Francisco,SAO FRANCISCO,6385,2025,Novembro,11,263631.24,13565.86,2194.55,610.79,329539.05
São Francisco,SAO FRANCISCO,6385,2025,Dezembro,12,413291.01,13499.22,2520.85,1138.28,516613.7625
São Joaquim da Barra,SAO JOAQUIM DA BARRA,6427,2025,Janeiro,1,4567210.81,6502582.97,28831.12,10378.94,5709013.512499999
São Joaquim da Barra,SAO JOAQUIM DA BARRA,6427,2025,Fevereiro,2,4862115.34,2022046.97,33474.36,11153.47,6077644.175
São Joaquim da Barra,SAO JOAQUIM DA BARRA,6427,2025,Março,3,4967790.99,1746432.04,38614.31,254.1,6209738.7375
São Joaquim da Barra,SAO JOAQUIM DA BARRA,6427,2025,Abril,4,5350449.48,1559069.33,41132.07,14627.59,6688061.850000001
São Joaquim da Barra,SAO JOAQUIM DA BARRA,6427,2025,Maio,5,4952972.74,1387942.86,32637.15,24211.05,6191215.925
São Joaquim da Barra,SAO JOAQUIM DA BARRA,6427,2025,Junho,6,3754360.9,392686.21,42015.74,302.62,4692951.125
São Joaquim da Barra,SAO JOAQUIM DA BARRA,6427,2025,Julho,7,6797740.07,550295.74,38816.04,21567.17,8497175.0875
São Joaquim da Barra,SAO JOAQUIM DA BARRA,6427,2025,Agosto,8,5015907.11,557618.4,34289.48,0.0,6269883.8875
São Joaquim da Barra,SAO JOAQUIM DA BARRA,6427,2025,Setembro,9,6056636.48,547407.04,41746.23,20911.57,7570795.600000001
São Joaquim da Barra,SAO JOAQUIM DA BARRA,6427,2025,Outubro,10,4990998.74,523186.78,41591.53,261.59,6238748.425
São Joaquim da Barra,SAO JOAQUIM DA BARRA,6427,2025,Novembro,11,4598285.38,437069.29,38277.66,10653.54,5747856.725
São Joaquim da Barra,SAO JOAQUIM DA BARRA,6427,2025,Dezembro,12,7208667.89,681814.63,43968.95,19854.01,9010834.862499999
São José da Bela Vista,SAO JOSE DA BELA VISTA,6440,2025,Janeiro,1,674092.6,392052.91,4267.04,1536.09,842615.7499999999
São José da Bela Vista,SAO JOSE DA BELA VISTA,6440,2025,Fevereiro,2,719597.99,161498.93,4954.24,1650.73,899497.4874999999
São José da Bela Vista,SAO JOSE DA BELA VISTA,6440,2025,Março,3,735238.09,126260.63,5714.96,37.61,919047.6124999999
São José da Bela Vista,SAO JOSE DA BELA VISTA,6440,2025,Abril,4,791871.94,102796.3,6087.59,2164.9,989839.9249999999
São José da Bela Vista,SAO JOSE DA BELA VISTA,6440,2025,Maio,5,733044.98,101868.68,4830.33,3583.26,916306.225
São José da Bela Vista,SAO JOSE DA BELA VISTA,6440,2025,Junho,6,555649.21,34644.29,6218.37,44.79,694561.5125
São José da Bela Vista,SAO JOSE DA BELA VISTA,6440,2025,Julho,7,1006072.41,47801.28,5744.81,3191.96,1257590.5125
São José da Bela Vista,SAO JOSE DA BELA VISTA,6440,2025,Agosto,8,742359.33,48879.48,5074.88,0.0,927949.1624999999
São José da Bela Vista,SAO JOSE DA BELA VISTA,6440,2025,Setembro,9,896388.33,72210.8,6178.48,3094.93,1120485.4124999999
São José da Bela Vista,SAO JOSE DA BELA VISTA,6440,2025,Outubro,10,738672.86,42599.02,6155.59,38.72,923341.075
São José da Bela Vista,SAO JOSE DA BELA VISTA,6440,2025,Novembro,11,680550.89,43836.83,5665.13,1576.74,850688.6124999999
São José da Bela Vista,SAO JOSE DA BELA VISTA,6440,2025,Dezembro,12,1066890.14,104881.96,6507.45,2938.41,1333612.6749999998
São José do Barreiro,SAO JOSE DO BARREIRO,6439,2025,Janeiro,1,459545.32,205275.0,2925.93,1053.31,574431.65
São José do Barreiro,SAO JOSE DO BARREIRO,6439,2025,Fevereiro,2,493431.57,75143.81,3397.14,1131.91,616789.4625
São José do Barreiro,SAO JOSE DO BARREIRO,6439,2025,Março,3,504156.06,57902.95,3918.77,25.79,630195.075
São José do Barreiro,SAO JOSE DO BARREIRO,6439,2025,Abril,4,542990.14,50267.71,4174.29,1484.48,678737.6749999999
São José do Barreiro,SAO JOSE DO BARREIRO,6439,2025,Maio,5,502652.23,42355.8,3312.18,2457.06,628315.2875
São José do Barreiro,SAO JOSE DO BARREIRO,6439,2025,Junho,6,381011.16,9226.13,4263.97,30.71,476263.94999999995
São José do Barreiro,SAO JOSE DO BARREIRO,6439,2025,Julho,7,689868.37,12855.69,3939.24,2188.74,862335.4624999999
São José do Barreiro,SAO JOSE DO BARREIRO,6439,2025,Agosto,8,509039.12,14467.38,3479.87,0.0,636298.8999999999
São José do Barreiro,SAO JOSE DO BARREIRO,6439,2025,Setembro,9,614657.5,14242.89,4236.61,2122.21,768321.875
São José do Barreiro,SAO JOSE DO BARREIRO,6439,2025,Outubro,10,506511.3,16674.13,4220.91,26.55,633139.125
São José do Barreiro,SAO JOSE DO BARREIRO,6439,2025,Novembro,11,466656.8,13993.6,3884.61,1081.17,583321.0
São José do Barreiro,SAO JOSE DO BARREIRO,6439,2025,Dezembro,12,731571.36,20433.81,4462.19,2014.88,914464.2
São José do Rio Pardo,SAO JOSE DO RIO PARDO,6464,2025,Janeiro,1,3221153.59,7374390.42,20304.52,7309.44,4026441.9875
São José do Rio Pardo,SAO JOSE DO RIO PARDO,6464,2025,Fevereiro,2,3424178.52,2410145.08,23574.55,7854.91,4280223.149999999
São José do Rio Pardo,SAO JOSE DO RIO PARDO,6464,2025,Março,3,3498601.33,2148503.7,27194.39,178.95,4373251.6625
São José do Rio Pardo,SAO JOSE DO RIO PARDO,6464,2025,Abril,4,3768091.23,1786098.15,28967.54,10301.58,4710114.0375
São José do Rio Pardo,SAO JOSE DO RIO PARDO,6464,2025,Maio,5,3488165.48,1612044.46,22984.94,17050.8,4360206.85
São José do Rio Pardo,SAO JOSE DO RIO PARDO,6464,2025,Junho,6,2644034.76,436589.39,29589.88,213.12,3305043.4499999997
São José do Rio Pardo,SAO JOSE DO RIO PARDO,6464,2025,Julho,7,4787355.69,723862.69,27336.47,15188.83,5984194.6125
São José do Rio Pardo,SAO JOSE DO RIO PARDO,6464,2025,Agosto,8,3532487.44,612387.49,24148.6,0.0,4415609.3
São José do Rio Pardo,SAO JOSE DO RIO PARDO,6464,2025,Setembro,9,4265428.34,776804.7,29400.07,14727.12,5331785.425
São José do Rio Pardo,SAO JOSE DO RIO PARDO,6464,2025,Outubro,10,3514945.55,532589.89,29291.13,184.23,4393681.937499999
São José do Rio Pardo,SAO JOSE DO RIO PARDO,6464,2025,Novembro,11,3238374.44,347672.39,26957.31,7502.83,4047968.05
São José do Rio Pardo,SAO JOSE DO RIO PARDO,6464,2025,Dezembro,12,5076754.46,940406.33,30965.44,13982.32,6345943.074999999
São José do Rio Preto,SAO JOSE DO RIO PRETO,6476,2025,Janeiro,1,23862594.95,80109619.57,150746.89,54267.5,29828243.687499996
São José do Rio Preto,SAO JOSE DO RIO PRETO,6476,2025,Fevereiro,2,25422136.75,36428287.28,175024.58,58317.24,31777670.9375
São José do Rio Preto,SAO JOSE DO RIO PRETO,6476,2025,Março,3,25974674.21,27397500.66,201899.4,1328.6,32468342.7625
São José do Rio Preto,SAO JOSE DO RIO PRETO,6476,2025,Abril,4,27975448.67,24561644.08,215063.8,76482.07,34969310.8375
São José do Rio Preto,SAO JOSE DO RIO PRETO,6476,2025,Maio,5,25897195.24,21581378.56,170647.13,126590.32,32371494.049999997
São José do Rio Preto,SAO JOSE DO RIO PRETO,6476,2025,Junho,6,19630113.53,6489518.54,219684.21,1582.26,24537641.9125
São José do Rio Preto,SAO JOSE DO RIO PRETO,6476,2025,Julho,7,35542776.25,7825953.2,202954.19,112766.48,44428470.3125
São José do Rio Preto,SAO JOSE DO RIO PRETO,6476,2025,Agosto,8,26226254.91,8240451.92,179286.52,0.0,32782818.6375
São José do Rio Preto,SAO JOSE DO RIO PRETO,6476,2025,Setembro,9,31667829.75,8018326.82,218275.02,109338.6,39584787.1875
São José do Rio Preto,SAO JOSE DO RIO PRETO,6476,2025,Outubro,10,26096018.6,7228628.65,217466.17,1367.77,32620023.25
São José do Rio Preto,SAO JOSE DO RIO PRETO,6476,2025,Novembro,11,24042671.06,5211479.78,200139.22,55703.29,30053338.824999996
São José do Rio Preto,SAO JOSE DO RIO PRETO,6476,2025,Dezembro,12,37691360.25,8999335.58,229896.79,103808.99,47114200.3125
São José dos Campos,SAO JOSE DOS CAMPOS,6452,2025,Janeiro,1,83856085.49,90307117.46,528784.08,190357.43,104820106.86249998
São José dos Campos,SAO JOSE DOS CAMPOS,6452,2025,Fevereiro,2,89174784.11,36853870.99,613944.43,204562.95,111468480.13749999
São José dos Campos,SAO JOSE DOS CAMPOS,6452,2025,Março,3,91112953.55,26728100.9,708214.87,4660.43,113891191.93749999
São José dos Campos,SAO JOSE DOS CAMPOS,6452,2025,Abril,4,98131192.54,23892946.19,754392.43,268280.84,122663990.675
São José dos Campos,SAO JOSE DOS CAMPOS,6452,2025,Maio,5,90841175.86,20857748.43,598589.38,444048.61,113551469.82499999
São José dos Campos,SAO JOSE DOS CAMPOS,6452,2025,Junho,6,68857749.99,6577777.04,770599.75,5550.2,86072187.48749998
São José dos Campos,SAO JOSE DOS CAMPOS,6452,2025,Julho,7,124675570.36,7665740.0,711914.84,395557.89,155844462.95
São José dos Campos,SAO JOSE DOS CAMPOS,6452,2025,Agosto,8,91995438.58,7483147.37,628894.31,0.0,114994298.225
São José dos Campos,SAO JOSE DOS CAMPOS,6452,2025,Setembro,9,111083183.51,7793767.55,765656.62,383533.7,138853979.3875
São José dos Campos,SAO JOSE DOS CAMPOS,6452,2025,Outubro,10,91538600.7,7234048.08,762819.4,4797.8,114423250.875
São José dos Campos,SAO JOSE DOS CAMPOS,6452,2025,Novembro,11,84335947.95,5781787.55,702040.57,195393.83,105419934.9375
São José dos Campos,SAO JOSE DOS CAMPOS,6452,2025,Dezembro,12,132212289.88,9813502.02,806423.03,364137.16,165265362.35
São João da Boa Vista,SAO JOAO DA BOA VISTA,6397,2025,Janeiro,1,5710179.28,13991643.29,36021.8,12967.52,7137724.1
São João da Boa Vista,SAO JOAO DA BOA VISTA,6397,2025,Fevereiro,2,6074760.26,5148982.81,41823.09,13935.23,7593450.324999999
São João da Boa Vista,SAO JOAO DA BOA VISTA,6397,2025,Março,3,6206792.15,3888064.12,48244.98,317.48,7758490.1875
São João da Boa Vista,SAO JOAO DA BOA VISTA,6397,2025,Abril,4,6684888.28,3520510.89,51390.68,18275.81,8356110.35
São João da Boa Vista,SAO JOAO DA BOA VISTA,6397,2025,Maio,5,6188278.12,3067242.01,40777.08,30249.46,7735347.649999999
São João da Boa Vista,SAO JOAO DA BOA VISTA,6397,2025,Junho,6,4690724.26,759914.67,52494.76,378.09,5863405.324999999
São João da Boa Vista,SAO JOAO DA BOA VISTA,6397,2025,Julho,7,8493143.08,1035009.83,48497.03,26946.18,10616428.85
São João da Boa Vista,SAO JOAO DA BOA VISTA,6397,2025,Agosto,8,6266908.75,1038507.45,42841.51,0.0,7833635.9375
São João da Boa Vista,SAO JOAO DA BOA VISTA,6397,2025,Setembro,9,7567203.17,1136688.18,52158.02,26127.06,9459003.962499999
São João da Boa Vista,SAO JOAO DA BOA VISTA,6397,2025,Outubro,10,6235788.06,919187.32,51964.75,326.84,7794735.074999999
São João da Boa Vista,SAO JOAO DA BOA VISTA,6397,2025,Novembro,11,5745129.3,745048.72,47824.37,13310.61,7181411.624999999
São João da Boa Vista,SAO JOAO DA BOA VISTA,6397,2025,Dezembro,12,9006559.12,1344377.4,54935.11,24805.73,11258198.899999999
São João das Duas Pontes,SAO JOAO DAS DUAS PONTES,6403,2025,Janeiro,1,283914.65,181606.58,1798.81,647.55,354893.3125
São João das Duas Pontes,SAO JOAO DAS DUAS PONTES,6403,2025,Fevereiro,2,303352.64,89103.9,2088.5,695.88,379190.8
São João das Duas Pontes,SAO JOAO DAS DUAS PONTES,6403,2025,Março,3,309945.86,61593.76,2409.19,15.85,387432.32499999995
São João das Duas Pontes,SAO JOAO DAS DUAS PONTES,6403,2025,Abril,4,333820.34,59746.15,2566.27,912.63,417275.425
São João das Duas Pontes,SAO JOAO DAS DUAS PONTES,6403,2025,Maio,5,309021.34,64813.01,2036.27,1510.55,386276.675
São João das Duas Pontes,SAO JOAO DAS DUAS PONTES,6403,2025,Junho,6,234238.64,14089.21,2621.41,18.88,292798.3
São João das Duas Pontes,SAO JOAO DAS DUAS PONTES,6403,2025,Julho,7,424118.37,8159.47,2421.77,1345.6,530147.9624999999
São João das Duas Pontes,SAO JOAO DAS DUAS PONTES,6403,2025,Agosto,8,312947.88,8240.78,2139.36,0.0,391184.85
São João das Duas Pontes,SAO JOAO DAS DUAS PONTES,6403,2025,Setembro,9,377880.11,15980.79,2604.59,1304.7,472350.13749999995
São João das Duas Pontes,SAO JOAO DAS DUAS PONTES,6403,2025,Outubro,10,311393.82,14840.51,2594.94,16.32,389242.27499999997
São João das Duas Pontes,SAO JOAO DAS DUAS PONTES,6403,2025,Novembro,11,286892.01,8927.67,2388.18,664.69,358615.0125
São João das Duas Pontes,SAO JOAO DAS DUAS PONTES,6403,2025,Dezembro,12,449756.6,13980.21,2743.27,1238.71,562195.7499999999
São João de Iracema,SAO JOAO DE IRACEMA,7614,2025,Janeiro,1,325224.34,90341.21,2056.5,740.32,406530.425
São João de Iracema,SAO JOAO DE IRACEMA,7614,2025,Fevereiro,2,346810.04,49082.66,2387.69,795.57,433512.54999999993
São João de Iracema,SAO JOAO DE IRACEMA,7614,2025,Março,3,354347.78,36535.91,2754.32,18.12,442934.72500000003
São João de Iracema,SAO JOAO DE IRACEMA,7614,2025,Abril,4,381642.45,26427.4,2933.91,1043.37,477053.0625
São João de Iracema,SAO JOAO DE IRACEMA,7614,2025,Maio,5,353290.81,37944.65,2327.98,1726.95,441613.51249999995
São João de Iracema,SAO JOAO DE IRACEMA,7614,2025,Junho,6,267794.97,12958.04,2996.94,21.59,334743.71249999997
São João de Iracema,SAO JOAO DE IRACEMA,7614,2025,Julho,7,484876.3,9815.25,2768.71,1538.37,606095.375
São João de Iracema,SAO JOAO DE IRACEMA,7614,2025,Agosto,8,357779.86,11970.31,2445.84,0.0,447224.82499999995
São João de Iracema,SAO JOAO DE IRACEMA,7614,2025,Setembro,9,432014.09,13833.4,2977.72,1491.6,540017.6125
São João de Iracema,SAO JOAO DE IRACEMA,7614,2025,Outubro,10,356003.17,16058.13,2966.68,18.66,445003.96249999997
São João de Iracema,SAO JOAO DE IRACEMA,7614,2025,Novembro,11,327991.3,9458.06,2730.31,759.91,409989.12499999994
São João de Iracema,SAO JOAO DE IRACEMA,7614,2025,Dezembro,12,514187.39,13375.68,3136.26,1416.17,642734.2374999999
São João do Pau D'Alho,SAO JOAO DO PAU DALHO,6415,2025,Janeiro,1,310256.82,230812.13,1956.63,704.37,387821.02499999997
São João do Pau D'Alho,SAO JOAO DO PAU DALHO,6415,2025,Fevereiro,2,329969.21,62553.79,2271.75,756.93,412461.5125
São João do Pau D'Alho,SAO JOAO DO PAU DALHO,6415,2025,Março,3,337140.93,48291.74,2620.57,17.24,421426.1625
São João do Pau D'Alho,SAO JOAO DO PAU DALHO,6415,2025,Abril,4,363110.18,46597.61,2791.44,992.71,453887.725
São João do Pau D'Alho,SAO JOAO DO PAU DALHO,6415,2025,Maio,5,336135.28,37331.86,2214.93,1643.09,420169.10000000003
São João do Pau D'Alho,SAO JOAO DO PAU DALHO,6415,2025,Junho,6,254791.06,8089.98,2851.41,20.54,318488.82499999995
São João do Pau D'Alho,SAO JOAO DO PAU DALHO,6415,2025,Julho,7,461331.08,11561.81,2634.26,1463.66,576663.85
São João do Pau D'Alho,SAO JOAO DO PAU DALHO,6415,2025,Agosto,8,340406.34,19513.15,2327.07,0.0,425507.925
São João do Pau D'Alho,SAO JOAO DO PAU DALHO,6415,2025,Setembro,9,411035.82,21277.58,2833.12,1419.17,513794.77499999997
São João do Pau D'Alho,SAO JOAO DO PAU DALHO,6415,2025,Outubro,10,338715.93,10834.79,2822.62,17.75,423394.9125
São João do Pau D'Alho,SAO JOAO DO PAU DALHO,6415,2025,Novembro,11,312064.29,8436.62,2597.73,723.01,390080.36249999993
São João do Pau D'Alho,SAO JOAO DO PAU DALHO,6415,2025,Dezembro,12,489218.84,38721.7,2983.97,1347.4,611523.55
São Lourenço da Serra,SAO LOURENCO DA SERRA,7729,2025,Janeiro,1,639493.97,864148.64,4071.66,1465.76,799367.4624999999
São Lourenço da Serra,SAO LOURENCO DA SERRA,7729,2025,Fevereiro,2,686649.33,405554.18,4727.4,1575.14,858311.6624999999
São Lourenço da Serra,SAO LOURENCO DA SERRA,7729,2025,Março,3,701573.31,340491.44,5453.28,35.89,876966.6375000001
São Lourenço da Serra,SAO LOURENCO DA SERRA,7729,2025,Abril,4,755614.03,305695.86,5808.85,2065.77,944517.5375
São Lourenço da Serra,SAO LOURENCO DA SERRA,7729,2025,Maio,5,699480.61,259719.11,4609.16,3419.19,874350.7625
São Lourenço da Serra,SAO LOURENCO DA SERRA,7729,2025,Junho,6,530207.37,97135.85,5933.65,42.74,662759.2124999999
São Lourenço da Serra,SAO LOURENCO DA SERRA,7729,2025,Julho,7,960006.78,146914.48,5481.77,3045.81,1200008.4749999999
São Lourenço da Serra,SAO LOURENCO DA SERRA,7729,2025,Agosto,8,708368.48,135637.95,4842.51,0.0,885460.6
São Lourenço da Serra,SAO LOURENCO DA SERRA,7729,2025,Setembro,9,855344.87,126946.48,5895.59,2953.22,1069181.0875
São Lourenço da Serra,SAO LOURENCO DA SERRA,7729,2025,Outubro,10,704850.81,187855.74,5873.74,36.94,881063.5125000001
São Lourenço da Serra,SAO LOURENCO DA SERRA,7729,2025,Novembro,11,649390.1,124289.38,5405.74,1504.54,811737.6249999999
São Lourenço da Serra,SAO LOURENCO DA SERRA,7729,2025,Dezembro,12,1018039.81,156268.21,6209.49,2803.87,1272549.7625
São Luiz do Paraitinga,SAO LUIZ DO PARAITINGA,6488,2025,Janeiro,1,848628.46,910325.17,5396.87,1942.82,1060785.575
São Luiz do Paraitinga,SAO LUIZ DO PARAITINGA,6488,2025,Fevereiro,2,910134.14,333013.63,6266.03,2087.81,1137667.675
São Luiz do Paraitinga,SAO LUIZ DO PARAITINGA,6488,2025,Março,3,929915.45,237546.44,7228.17,47.57,1162394.3124999998
São Luiz do Paraitinga,SAO LUIZ DO PARAITINGA,6488,2025,Abril,4,1001544.88,195380.52,7699.47,2738.12,1251931.0999999999
São Luiz do Paraitinga,SAO LUIZ DO PARAITINGA,6488,2025,Maio,5,927141.64,153726.2,6109.31,4532.04,1158927.05
São Luiz do Paraitinga,SAO LUIZ DO PARAITINGA,6488,2025,Junho,6,702774.77,56712.74,7864.88,56.65,878468.4625
São Luiz do Paraitinga,SAO LUIZ DO PARAITINGA,6488,2025,Julho,7,1272461.65,64908.02,7265.93,4037.14,1590577.0624999998
São Luiz do Paraitinga,SAO LUIZ DO PARAITINGA,6488,2025,Agosto,8,938922.25,51358.61,6418.61,0.0,1173652.8125
São Luiz do Paraitinga,SAO LUIZ DO PARAITINGA,6488,2025,Setembro,9,1133735.26,75122.52,7814.43,3914.42,1417169.075
São Luiz do Paraitinga,SAO LUIZ DO PARAITINGA,6488,2025,Outubro,10,934259.68,48630.15,7785.47,48.97,1167824.6
São Luiz do Paraitinga,SAO LUIZ DO PARAITINGA,6488,2025,Novembro,11,860748.09,42131.78,7165.15,1994.23,1075935.1124999998
São Luiz do Paraitinga,SAO LUIZ DO PARAITINGA,6488,2025,Dezembro,12,1349382.78,73651.4,8230.5,3716.45,1686728.4749999999
São Manuel,SAO MANUEL,6490,2025,Janeiro,1,2768920.05,3696768.38,17510.39,6303.58,3461150.0624999995
São Manuel,SAO MANUEL,6490,2025,Fevereiro,2,2952972.78,1451641.38,20330.42,6773.99,3691215.9749999996
São Manuel,SAO MANUEL,6490,2025,Março,3,3017154.17,1204211.62,23452.14,154.33,3771442.7125
São Manuel,SAO MANUEL,6490,2025,Abril,4,3249559.2,1034718.51,24981.28,8883.97,4061949.0
São Manuel,SAO MANUEL,6490,2025,Maio,5,3008154.4,1016604.18,19821.95,14704.42,3760192.9999999995
São Manuel,SAO MANUEL,6490,2025,Junho,6,2280185.63,249652.38,25517.98,183.79,2850232.0374999996
São Manuel,SAO MANUEL,6490,2025,Julho,7,4128561.33,431709.69,23574.66,13098.68,5160701.6625
São Manuel,SAO MANUEL,6490,2025,Agosto,8,3046377.16,428639.18,20825.48,0.0,3807971.45
São Manuel,SAO MANUEL,6490,2025,Setembro,9,3678457.09,448512.09,25354.29,12700.5,4598071.3625
São Manuel,SAO MANUEL,6490,2025,Outubro,10,3031249.24,355827.27,25260.33,158.88,3789061.5500000003
São Manuel,SAO MANUEL,6490,2025,Novembro,11,2792737.44,268239.48,23247.68,6470.36,3490921.8
São Manuel,SAO MANUEL,6490,2025,Dezembro,12,4378135.56,488042.0,26704.24,12058.2,5472669.449999999
São Miguel Arcanjo,SAO MIGUEL ARCANJO,6506,2025,Janeiro,1,2174723.18,2476368.81,13779.39,4960.45,2718403.975
São Miguel Arcanjo,SAO MIGUEL ARCANJO,6506,2025,Fevereiro,2,2323773.14,955698.97,15998.55,5330.63,2904716.425
São Miguel Arcanjo,SAO MIGUEL ARCANJO,6506,2025,Março,3,2374279.19,795535.73,18455.11,121.44,2967848.9875
São Miguel Arcanjo,SAO MIGUEL ARCANJO,6506,2025,Abril,4,2557164.91,690643.1,19658.44,6991.03,3196456.1375
São Miguel Arcanjo,SAO MIGUEL ARCANJO,6506,2025,Maio,5,2367197.03,621315.85,15598.42,11571.3,2958996.2874999996
São Miguel Arcanjo,SAO MIGUEL ARCANJO,6506,2025,Junho,6,1794338.96,208285.04,20080.78,144.63,2242923.6999999997
São Miguel Arcanjo,SAO MIGUEL ARCANJO,6506,2025,Julho,7,3248875.16,250883.1,18551.53,10307.7,4061093.95
São Miguel Arcanjo,SAO MIGUEL ARCANJO,6506,2025,Agosto,8,2397275.54,226225.1,16388.13,0.0,2996594.425
São Miguel Arcanjo,SAO MIGUEL ARCANJO,6506,2025,Setembro,9,2894676.12,301520.95,19951.97,9994.36,3618345.15
São Miguel Arcanjo,SAO MIGUEL ARCANJO,6506,2025,Outubro,10,2385370.97,212038.07,19878.03,125.02,2981713.7125
São Miguel Arcanjo,SAO MIGUEL ARCANJO,6506,2025,Novembro,11,2197679.67,199808.42,18294.22,5091.7,2747099.5875
São Miguel Arcanjo,SAO MIGUEL ARCANJO,6506,2025,Dezembro,12,3445271.78,319550.38,21014.28,9488.92,4306589.725
São Paulo,SAO PAULO,1004,2025,Janeiro,1,587124549.98,1717121251.74,3699905.36,1331932.06,733905687.475
São Paulo,SAO PAULO,1004,2025,Fevereiro,2,623956495.75,707950642.67,4295772.8,1431328.17,779945619.6875
São Paulo,SAO PAULO,1004,2025,Março,3,637517878.92,495613566.93,4955383.68,32609.04,796897348.6499999
São Paulo,SAO PAULO,1004,2025,Abril,4,686624538.95,434106678.67,5278488.33,1877162.64,858280673.6875
São Paulo,SAO PAULO,1004,2025,Maio,5,635616248.77,382701676.35,4188333.44,3107010.77,794520310.9625
São Paulo,SAO PAULO,1004,2025,Junho,6,481798087.0,126171143.03,5391891.05,38834.81,602247608.75
São Paulo,SAO PAULO,1004,2025,Julho,7,872355708.71,145335794.47,4981272.37,2767720.9,1090444635.8875
São Paulo,SAO PAULO,1004,2025,Agosto,8,643692631.92,136313640.44,4400377.21,0.0,804615789.8999999
São Paulo,SAO PAULO,1004,2025,Setembro,9,777249696.89,137824043.89,5357303.97,2683587.59,971562121.1125
São Paulo,SAO PAULO,1004,2025,Outubro,10,640496134.53,126661338.26,5337451.88,33570.21,800620168.1624999
São Paulo,SAO PAULO,1004,2025,Novembro,11,590099130.3,90235886.53,4912182.05,1367171.81,737623912.8749999
São Paulo,SAO PAULO,1004,2025,Dezembro,12,925090180.09,150562032.07,5642546.73,2547869.89,1156362725.1125
São Pedro,SAO PEDRO,6518,2025,Janeiro,1,2055795.86,4204224.51,13047.54,4697.0,2569744.825
São Pedro,SAO PEDRO,6518,2025,Fevereiro,2,2200353.55,1675243.68,15148.84,5047.51,2750441.9374999995
São Pedro,SAO PEDRO,6518,2025,Março,3,2248177.14,1314328.04,17474.93,114.99,2810221.425
São Pedro,SAO PEDRO,6518,2025,Abril,4,2421349.49,1160176.91,18614.34,6619.73,3026686.8625000003
São Pedro,SAO PEDRO,6518,2025,Maio,5,2241471.13,1022420.44,14769.96,10956.73,2801838.9124999996
São Pedro,SAO PEDRO,6518,2025,Junho,6,1699038.54,227542.14,19014.25,136.95,2123798.175
São Pedro,SAO PEDRO,6518,2025,Julho,7,3076321.82,416825.68,17566.23,9760.24,3845402.2749999994
São Pedro,SAO PEDRO,6518,2025,Agosto,8,2269952.12,422269.67,15517.73,0.0,2837440.15
São Pedro,SAO PEDRO,6518,2025,Setembro,9,2740934.9,437678.78,18892.28,9463.55,3426168.6249999995
São Pedro,SAO PEDRO,6518,2025,Outubro,10,2258679.82,390954.54,18822.28,118.38,2823349.7749999994
São Pedro,SAO PEDRO,6518,2025,Novembro,11,2080957.13,322100.19,17322.58,4821.27,2601196.4124999996
São Pedro,SAO PEDRO,6518,2025,Dezembro,12,3262287.48,501394.58,19898.18,8984.94,4077859.3499999996
São Pedro do Turvo,SAO PEDRO DO TURVO,6520,2025,Janeiro,1,1393654.28,537847.02,8801.88,3168.59,1742067.8499999999
São Pedro do Turvo,SAO PEDRO DO TURVO,6520,2025,Fevereiro,2,1484358.87,222665.21,10219.41,3405.05,1855448.5875000001
São Pedro do Turvo,SAO PEDRO DO TURVO,6520,2025,Março,3,1516620.67,155675.32,11788.59,77.58,1895775.8375
São Pedro do Turvo,SAO PEDRO DO TURVO,6520,2025,Abril,4,1633442.77,152041.28,12557.24,4465.67,2041803.4625
São Pedro do Turvo,SAO PEDRO DO TURVO,6520,2025,Maio,5,1512096.79,118879.65,9963.82,7391.41,1890120.9875
São Pedro do Turvo,SAO PEDRO DO TURVO,6520,2025,Junho,6,1146171.68,51175.78,12827.02,92.39,1432714.5999999999
São Pedro do Turvo,SAO PEDRO DO TURVO,6520,2025,Julho,7,2075287.21,37479.84,11850.18,6584.26,2594109.0124999997
São Pedro do Turvo,SAO PEDRO DO TURVO,6520,2025,Agosto,8,1531310.07,57369.57,10468.26,0.0,1914137.5875
São Pedro do Turvo,SAO PEDRO DO TURVO,6520,2025,Setembro,9,1849035.13,38158.1,12744.74,6384.11,2311293.9124999996
São Pedro do Turvo,SAO PEDRO DO TURVO,6520,2025,Outubro,10,1523705.78,33578.93,12697.51,79.86,1904632.2249999999
São Pedro do Turvo,SAO PEDRO DO TURVO,6520,2025,Novembro,11,1403814.02,44693.99,11685.82,3252.43,1754767.525
São Pedro do Turvo,SAO PEDRO DO TURVO,6520,2025,Dezembro,12,2200739.67,53069.16,13423.31,6061.25,2750924.5875
São Roque,SAO ROQUE,6531,2025,Janeiro,1,4684552.12,9335153.21,29689.06,10687.79,5855690.149999999
São Roque,SAO ROQUE,6531,2025,Fevereiro,2,5006799.15,4203002.54,34470.47,11485.37,6258498.9375
São Roque,SAO ROQUE,6531,2025,Março,3,5115619.43,3488590.7,39763.37,261.66,6394524.2875
São Roque,SAO ROQUE,6531,2025,Abril,4,5509664.82,2874548.53,42356.05,15062.87,6887081.025
São Roque,SAO ROQUE,6531,2025,Maio,5,5100360.22,2675319.34,33608.34,24931.51,6375450.274999999
São Roque,SAO ROQUE,6531,2025,Junho,6,3866080.84,713174.72,43266.02,311.62,4832601.05
São Roque,SAO ROQUE,6531,2025,Julho,7,7000023.0,973947.96,39971.1,22208.96,8750028.75
São Roque,SAO ROQUE,6531,2025,Agosto,8,5165167.35,1000599.19,35309.84,0.0,6456459.187499999
São Roque,SAO ROQUE,6531,2025,Setembro,9,6236866.1,1036043.88,42988.49,21533.85,7796082.624999999
São Roque,SAO ROQUE,6531,2025,Outubro,10,5139517.77,992562.49,42829.19,269.38,6424397.212499999
São Roque,SAO ROQUE,6531,2025,Novembro,11,4735118.3,687317.48,39416.7,10970.56,5918897.874999999
São Roque,SAO ROQUE,6531,2025,Dezembro,12,7423178.95,1213344.42,45277.35,20444.81,9278973.6875
São Sebastião,SAO SEBASTIAO,6543,2025,Janeiro,1,4596455.97,7912403.3,29125.67,10484.98,5745569.962499999
São Sebastião,SAO SEBASTIAO,6543,2025,Fevereiro,2,4911788.71,3277476.81,33816.35,11267.42,6139735.887499999
São Sebastião,SAO SEBASTIAO,6543,2025,Março,3,5018543.99,2698359.62,39008.81,256.7,6273179.9875
São Sebastião,SAO SEBASTIAO,6543,2025,Abril,4,5405111.87,2284884.58,41552.29,14777.03,6756389.837499999
São Sebastião,SAO SEBASTIAO,6543,2025,Maio,5,5003574.35,1987595.56,32970.58,24458.4,6254467.937499999
São Sebastião,SAO SEBASTIAO,6543,2025,Junho,6,3792716.99,680488.57,42444.99,305.71,4740896.2375
São Sebastião,SAO SEBASTIAO,6543,2025,Julho,7,6867188.58,897928.09,39212.6,21787.51,8583985.725
São Sebastião,SAO SEBASTIAO,6543,2025,Agosto,8,5067151.68,931449.33,34639.79,0.0,6333939.6
São Sebastião,SAO SEBASTIAO,6543,2025,Setembro,9,6118513.57,1120630.36,42172.72,21125.22,7648141.9625
São Sebastião,SAO SEBASTIAO,6543,2025,Outubro,10,5041988.83,968091.94,42016.45,264.26,6302486.0375
São Sebastião,SAO SEBASTIAO,6543,2025,Novembro,11,4645263.36,736156.6,38668.72,10762.38,5806579.2
São Sebastião,SAO SEBASTIAO,6543,2025,Dezembro,12,7282314.61,1238893.34,44418.16,20056.84,9102893.2625
São Sebastião da Grama,SAO SEBASTIAO DA GRAMA,6555,2025,Janeiro,1,704015.78,1002059.23,4451.74,1602.59,880019.725
São Sebastião da Grama,SAO SEBASTIAO DA GRAMA,6555,2025,Fevereiro,2,750746.81,424896.78,5168.69,1722.18,938433.5125000001
São Sebastião da Grama,SAO SEBASTIAO DA GRAMA,6555,2025,Março,3,767063.92,268338.73,5962.34,39.24,958829.9
São Sebastião da Grama,SAO SEBASTIAO DA GRAMA,6555,2025,Abril,4,826149.24,228411.28,6351.1,2258.61,1032686.5499999999
São Sebastião da Grama,SAO SEBASTIAO DA GRAMA,6555,2025,Maio,5,764775.87,209877.84,5039.42,3738.37,955969.8374999999
São Sebastião da Grama,SAO SEBASTIAO DA GRAMA,6555,2025,Junho,6,579701.28,52987.01,6487.54,46.73,724626.6
São Sebastião da Grama,SAO SEBASTIAO DA GRAMA,6555,2025,Julho,7,1049621.68,87925.01,5993.49,3330.13,1312027.0999999999
São Sebastião da Grama,SAO SEBASTIAO DA GRAMA,6555,2025,Agosto,8,774493.41,90472.88,5294.55,0.0,968116.7625
São Sebastião da Grama,SAO SEBASTIAO DA GRAMA,6555,2025,Setembro,9,935189.77,81416.27,6445.93,3228.9,1168987.2125
São Sebastião da Grama,SAO SEBASTIAO DA GRAMA,6555,2025,Outubro,10,770647.37,60493.3,6422.04,40.39,963309.2124999999
São Sebastião da Grama,SAO SEBASTIAO DA GRAMA,6555,2025,Novembro,11,710009.5,35068.61,5910.36,1644.99,887511.875
São Sebastião da Grama,SAO SEBASTIAO DA GRAMA,6555,2025,Dezembro,12,1113072.0,66975.87,6789.13,3065.61,1391340.0
São Simão,SAO SIMAO,6567,2025,Janeiro,1,1381822.04,1396792.15,8731.58,3143.29,1727277.55
São Simão,SAO SIMAO,6567,2025,Fevereiro,2,1472503.88,532298.05,10137.79,3377.86,1840629.8499999999
São Simão,SAO SIMAO,6567,2025,Março,3,1504508.02,466639.0,11694.44,76.96,1880635.025
São Simão,SAO SIMAO,6567,2025,Abril,4,1620397.11,409752.73,12456.95,4430.0,2025496.3875
São Simão,SAO SIMAO,6567,2025,Maio,5,1500020.28,361603.96,9884.24,7332.38,1875025.3499999999
São Simão,SAO SIMAO,6567,2025,Junho,6,1137017.66,73636.76,12724.57,91.65,1421272.0749999997
São Simão,SAO SIMAO,6567,2025,Julho,7,2058712.71,136680.54,11755.54,6531.67,2573390.8874999997
São Simão,SAO SIMAO,6567,2025,Agosto,8,1519080.11,147311.0,10384.65,0.0,1898850.1375
São Simão,SAO SIMAO,6567,2025,Setembro,9,1834267.62,144231.8,12642.95,6333.12,2292834.525
São Simão,SAO SIMAO,6567,2025,Outubro,10,1511536.54,139075.96,12596.1,79.22,1889420.675
São Simão,SAO SIMAO,6567,2025,Novembro,11,1392602.32,96475.33,11592.49,3226.45,1740752.9
São Simão,SAO SIMAO,6567,2025,Dezembro,12,2183163.24,180917.93,13316.11,6012.84,2728954.0500000003
São Vicente,SAO VICENTE,6579,2025,Janeiro,1,8000592.7,15422395.2,50588.58,18211.42,10000740.875
São Vicente,SAO VICENTE,6579,2025,Fevereiro,2,8531318.67,7426574.43,58735.84,19570.46,10664148.337499999
São Vicente,SAO VICENTE,6579,2025,Março,3,8716742.63,6263010.77,67754.66,445.86,10895928.2875
São Vicente,SAO VICENTE,6579,2025,Abril,4,9388174.96,5440434.21,72172.45,25666.33,11735218.700000001
São Vicente,SAO VICENTE,6579,2025,Maio,5,8690741.76,4993131.79,57266.82,42481.97,10863427.2
São Vicente,SAO VICENTE,6579,2025,Junho,6,6587595.52,1808281.59,73722.99,530.99,8234494.399999999
São Vicente,SAO VICENTE,6579,2025,Julho,7,11927665.79,2295601.27,68108.63,37842.88,14909582.237499999
São Vicente,SAO VICENTE,6579,2025,Agosto,8,8801169.65,2380359.64,60166.09,0.0,11001462.0625
São Vicente,SAO VICENTE,6579,2025,Setembro,9,10627287.16,2634366.05,73250.09,36692.53,13284108.95
São Vicente,SAO VICENTE,6579,2025,Outubro,10,8757464.13,2692654.97,72978.65,459.0,10946830.1625
São Vicente,SAO VICENTE,6579,2025,Novembro,11,8068389.0,2141147.9,67163.96,18693.26,10085486.25
São Vicente,SAO VICENTE,6579,2025,Dezembro,12,12648700.96,3156627.99,77150.19,34836.87,15810876.200000001
Tabapuã,TABAPUA,6737,2025,Janeiro,1,904385.75,1376392.6,5741.12,2066.75,1130482.1875
Tabapuã,TABAPUA,6737,2025,Fevereiro,2,968189.82,468616.11,6665.73,2220.98,1210237.275
Tabapuã,TABAPUA,6737,2025,Março,3,989232.94,504211.67,7689.24,50.6,1236541.1749999998
Tabapuã,TABAPUA,6737,2025,Abril,4,1065431.47,274009.87,8190.6,2912.78,1331789.3375
Tabapuã,TABAPUA,6737,2025,Maio,5,986282.19,403701.62,6499.01,4821.13,1232852.7374999998
Tabapuã,TABAPUA,6737,2025,Junho,6,747603.41,71423.9,8366.57,60.26,934504.2625
Tabapuã,TABAPUA,6737,2025,Julho,7,1353629.49,190918.47,7729.41,4294.66,1692036.8624999998
Tabapuã,TABAPUA,6737,2025,Agosto,8,998814.27,216052.78,6828.04,0.0,1248517.8375
Tabapuã,TABAPUA,6737,2025,Setembro,9,1206054.03,196300.54,8312.9,4164.11,1507567.5374999999
Tabapuã,TABAPUA,6737,2025,Outubro,10,993854.28,170353.77,8282.09,52.09,1242317.8499999999
Tabapuã,TABAPUA,6737,2025,Novembro,11,915653.53,88445.57,7622.21,2121.43,1144566.9124999999
Tabapuã,TABAPUA,6737,2025,Dezembro,12,1435457.28,137277.6,8755.51,3953.52,1794321.5999999999
Tabatinga,TABATINGA,6749,2025,Janeiro,1,1127340.5,1673544.31,7137.47,2569.42,1409175.625
Tabatinga,TABATINGA,6749,2025,Fevereiro,2,1203671.13,537778.35,8286.95,2761.17,1504588.9124999999
Tabatinga,TABATINGA,6749,2025,Março,3,1229832.32,368417.03,9559.4,62.91,1537290.4
Tabatinga,TABATINGA,6749,2025,Abril,4,1324563.71,342231.63,10182.7,3621.22,1655704.6375
Tabatinga,TABATINGA,6749,2025,Maio,5,1226163.9,309948.01,8079.69,5993.72,1532704.8749999998
Tabatinga,TABATINGA,6749,2025,Junho,6,929434.1,100841.53,10401.47,74.92,1161792.625
Tabatinga,TABATINGA,6749,2025,Julho,7,1682856.72,148190.2,9609.35,5339.2,2103570.9
Tabatinga,TABATINGA,6749,2025,Agosto,8,1241744.0,161302.86,8488.74,0.0,1552180.0
Tabatinga,TABATINGA,6749,2025,Setembro,9,1499388.22,161920.08,10334.75,5176.89,1874235.275
Tabatinga,TABATINGA,6749,2025,Outubro,10,1235577.66,162754.06,10296.45,64.76,1544472.0749999997
Tabatinga,TABATINGA,6749,2025,Novembro,11,1138357.07,93511.63,9476.06,2637.4,1422946.3375
Tabatinga,TABATINGA,6749,2025,Dezembro,12,1784586.5,157680.91,10885.01,4915.08,2230733.125
Taboão da Serra,TABOAO DA SERRA,6750,2025,Janeiro,1,13418825.43,19839853.39,84787.39,30522.68,16773531.7875
Taboão da Serra,TABOAO DA SERRA,6750,2025,Fevereiro,2,14298647.63,9701906.95,98442.35,32800.46,17873309.5375
Taboão da Serra,TABOAO DA SERRA,6750,2025,Março,3,14609421.6,7623819.17,113558.05,747.27,18261777.0
Taboão da Serra,TABOAO DA SERRA,6750,2025,Abril,4,15734754.59,6752674.62,120962.35,43017.24,19668443.237499997
Taboão da Serra,TABOAO DA SERRA,6750,2025,Maio,5,14565843.66,5845236.43,95980.26,71200.56,18207304.575
Taboão da Serra,TABOAO DA SERRA,6750,2025,Junho,6,11040931.73,2062836.13,123561.1,889.94,13801164.6625
Taboão da Serra,TABOAO DA SERRA,6750,2025,Julho,7,19990988.1,2565183.52,114151.32,63425.36,24988735.125
Taboão da Serra,TABOAO DA SERRA,6750,2025,Agosto,8,14750922.84,2447333.75,100839.47,0.0,18438653.549999997
Taboão da Serra,TABOAO DA SERRA,6750,2025,Setembro,9,17811529.5,2641655.5,122768.5,61497.35,22264411.875
Taboão da Serra,TABOAO DA SERRA,6750,2025,Outubro,10,14677671.59,2450824.07,122313.57,769.3,18347089.487499997
Taboão da Serra,TABOAO DA SERRA,6750,2025,Novembro,11,13522768.95,1839495.28,112568.04,31330.24,16903461.187499996
Taboão da Serra,TABOAO DA SERRA,6750,2025,Dezembro,12,21199456.37,2954441.13,129305.15,58387.23,26499320.4625
Taciba,TACIBA,6762,2025,Janeiro,1,1943306.82,483593.49,12350.92,4446.22,2429133.525
Taciba,TACIBA,6762,2025,Fevereiro,2,2082874.17,177267.47,14340.03,4778.02,2603592.7125
Taciba,TACIBA,6762,2025,Março,3,2128144.4,148849.97,16541.92,108.85,2660180.4999999995
Taciba,TACIBA,6762,2025,Abril,4,2292070.88,121228.76,17620.5,6266.29,2865088.5999999996
Taciba,TACIBA,6762,2025,Maio,5,2121796.43,87330.55,13981.38,10371.74,2652245.5375
Taciba,TACIBA,6762,2025,Junho,6,1608324.93,27030.18,17999.06,129.64,2010406.1624999999
Taciba,TACIBA,6762,2025,Julho,7,2912073.49,43126.2,16628.34,9239.13,3640091.8625000003
Taciba,TACIBA,6762,2025,Agosto,8,2148756.79,51192.08,14689.22,0.0,2685945.9875
Taciba,TACIBA,6762,2025,Setembro,9,2594593.25,41674.16,17883.6,8958.28,3243241.5625
Taciba,TACIBA,6762,2025,Outubro,10,2138086.33,45083.67,17817.33,112.06,2672607.9125
Taciba,TACIBA,6762,2025,Novembro,11,1969852.45,43390.07,16397.71,4563.85,2462315.5625
Taciba,TACIBA,6762,2025,Dezembro,12,3088110.23,62911.76,18835.79,8505.23,3860137.7874999996
Taguaí,TAGUAI,6774,2025,Janeiro,1,848363.66,1040987.54,5378.38,1936.17,1060454.575
Taguaí,TAGUAI,6774,2025,Fevereiro,2,907017.08,395437.15,6244.57,2080.66,1133771.3499999999
Taguaí,TAGUAI,6774,2025,Março,3,926730.64,403034.06,7203.42,47.4,1158413.3
Taguaí,TAGUAI,6774,2025,Abril,4,998114.75,300447.52,7673.1,2728.75,1247643.4375
Taguaí,TAGUAI,6774,2025,Maio,5,923966.33,297486.78,6088.39,4516.52,1154957.9124999999
Taguaí,TAGUAI,6774,2025,Junho,6,700367.89,94646.09,7837.95,56.45,875459.8624999999
Taguaí,TAGUAI,6774,2025,Julho,7,1268103.67,121441.52,7241.05,4023.31,1585129.5875
Taguaí,TAGUAI,6774,2025,Agosto,8,935706.6,177137.28,6396.63,0.0,1169633.25
Taguaí,TAGUAI,6774,2025,Setembro,9,1129852.41,166142.17,7787.67,3901.01,1412315.5124999997
Taguaí,TAGUAI,6774,2025,Outubro,10,931060.0,113935.44,7758.81,48.8,1163825.0
Taguaí,TAGUAI,6774,2025,Novembro,11,857800.17,71417.99,7140.61,1987.4,1072250.2125
Taguaí,TAGUAI,6774,2025,Dezembro,12,1344761.37,149780.37,8202.31,3703.72,1680951.7125000001
Taiaçu,TAIACU,6786,2025,Janeiro,1,414952.47,498250.91,2623.18,944.32,518690.58749999997
Taiaçu,TAIACU,6786,2025,Fevereiro,2,442375.67,182427.5,3045.64,1014.79,552969.5874999999
Taiaçu,TAIACU,6786,2025,Março,3,451990.48,119072.85,3513.29,23.12,564988.1
Taiaçu,TAIACU,6786,2025,Abril,4,486806.36,117773.57,3742.37,1330.88,608507.95
Taiaçu,TAIACU,6786,2025,Maio,5,450642.25,113155.82,2969.46,2202.82,563302.8125
Taiaçu,TAIACU,6786,2025,Junho,6,341587.52,25737.95,3822.77,27.53,426984.4
Taiaçu,TAIACU,6786,2025,Julho,7,618486.93,32179.36,3531.65,1962.27,773108.6625
Taiaçu,TAIACU,6786,2025,Agosto,8,456368.29,27396.09,3119.8,0.0,570460.3624999999
Taiaçu,TAIACU,6786,2025,Setembro,9,551058.21,33694.37,3798.25,1902.62,688822.7625
Taiaçu,TAIACU,6786,2025,Outubro,10,454102.02,48787.55,3784.17,23.8,567627.525
Taiaçu,TAIACU,6786,2025,Novembro,11,418371.31,36610.47,3482.66,969.3,522964.13749999995
Taiaçu,TAIACU,6786,2025,Dezembro,12,655874.87,59555.1,4000.48,1806.4,819843.5874999999
Taiúva,TAIUVA,6798,2025,Janeiro,1,512958.32,605690.73,3238.59,1165.86,641197.9
Taiúva,TAIUVA,6798,2025,Fevereiro,2,546160.31,214548.72,3760.17,1252.87,682700.3875000001
Taiúva,TAIUVA,6798,2025,Março,3,558030.84,203263.43,4337.54,28.54,697538.5499999999
Taiúva,TAIUVA,6798,2025,Abril,4,601014.78,170071.04,4620.36,1643.11,751268.475
Taiúva,TAIUVA,6798,2025,Maio,5,556366.3,144321.17,3666.12,2719.62,695457.875
Taiúva,TAIUVA,6798,2025,Junho,6,421726.51,37203.02,4719.62,33.99,527158.1375
Taiúva,TAIUVA,6798,2025,Julho,7,763588.6,54860.82,4360.2,2422.64,954485.7499999999
Taiúva,TAIUVA,6798,2025,Agosto,8,563435.71,59150.65,3851.73,0.0,704294.6375
Taiúva,TAIUVA,6798,2025,Setembro,9,680340.6,53853.04,4689.34,2348.99,850425.7499999999
Taiúva,TAIUVA,6798,2025,Outubro,10,560637.76,53578.66,4671.97,29.38,700797.2
Taiúva,TAIUVA,6798,2025,Novembro,11,516524.35,30860.53,4299.72,1196.71,645655.4374999999
Taiúva,TAIUVA,6798,2025,Dezembro,12,809748.03,64871.84,4939.02,2230.2,1012185.0375
Tambaú,TAMBAU,6804,2025,Janeiro,1,1650620.06,2271954.76,10432.69,3755.67,2063275.075
Tambaú,TAMBAU,6804,2025,Fevereiro,2,1759382.2,845147.18,12112.87,4035.94,2199227.75
Tambaú,TAMBAU,6804,2025,Março,3,1797621.49,646427.14,13972.79,91.95,2247026.8625
Tambaú,TAMBAU,6804,2025,Abril,4,1936088.49,608594.98,14883.86,5293.07,2420110.6125
Tambaú,TAMBAU,6804,2025,Maio,5,1792259.43,545910.0,11809.92,8760.9,2240324.2874999996
Tambaú,TAMBAU,6804,2025,Junho,6,1358535.38,119195.06,15203.62,109.5,1698169.2249999999
Tambaú,TAMBAU,6804,2025,Julho,7,2459798.26,197602.46,14045.79,7804.2,3074747.8249999997
Tambaú,TAMBAU,6804,2025,Agosto,8,1815032.56,204211.47,12407.83,0.0,2268790.6999999997
Tambaú,TAMBAU,6804,2025,Setembro,9,2191626.0,169107.32,15106.09,7566.96,2739532.5
Tambaú,TAMBAU,6804,2025,Outubro,10,1806019.34,166616.18,15050.12,94.66,2257524.175
Tambaú,TAMBAU,6804,2025,Novembro,11,1663913.93,120028.35,13850.97,3855.04,2079892.4124999999
Tambaú,TAMBAU,6804,2025,Dezembro,12,2608494.67,222738.02,15910.4,7184.28,3260618.3375
Tanabi,TANABI,6816,2025,Janeiro,1,2602723.36,2484618.02,16491.69,5936.86,3253404.1999999997
Tanabi,TANABI,6816,2025,Fevereiro,2,2781178.91,1059485.02,19147.67,6379.9,3476473.6375
Tanabi,TANABI,6816,2025,Março,3,2841626.44,855156.35,22087.77,145.35,3552033.05
Tanabi,TANABI,6816,2025,Abril,4,3060510.94,732061.7,23527.96,8367.13,3825638.675
Tanabi,TANABI,6816,2025,Maio,5,2833150.25,717446.08,18668.78,13848.97,3541437.8125
Tanabi,TANABI,6816,2025,Junho,6,2147532.22,193114.81,24033.43,173.1,2684415.275
Tanabi,TANABI,6816,2025,Julho,7,3888375.73,210111.92,22203.17,12336.64,4860469.6625
Tanabi,TANABI,6816,2025,Agosto,8,2869149.34,239991.76,19613.93,0.0,3586436.675
Tanabi,TANABI,6816,2025,Setembro,9,3464457.02,262510.34,23879.26,11961.63,4330571.274999999
Tanabi,TANABI,6816,2025,Outubro,10,2854901.5,234575.18,23790.77,149.63,3568626.875
Tanabi,TANABI,6816,2025,Novembro,11,2630265.51,169979.24,21895.21,6093.93,3287831.8874999997
Tanabi,TANABI,6816,2025,Dezembro,12,4123430.58,281910.74,25150.68,11356.69,5154288.225
Tapiratiba,TAPIRATIBA,6830,2025,Janeiro,1,765190.5,876520.22,4852.05,1746.69,956488.125
Tapiratiba,TAPIRATIBA,6830,2025,Fevereiro,2,818255.28,321834.2,5633.47,1877.04,1022819.1
Tapiratiba,TAPIRATIBA,6830,2025,Março,3,836039.65,291565.12,6498.48,42.76,1045049.5625
Tapiratiba,TAPIRATIBA,6830,2025,Abril,4,900438.02,252308.93,6922.2,2461.71,1125547.525
Tapiratiba,TAPIRATIBA,6830,2025,Maio,5,833545.85,208911.96,5492.57,4074.53,1041932.3124999999
Tapiratiba,TAPIRATIBA,6830,2025,Junho,6,631829.03,73846.68,7070.91,50.93,789786.2875
Tapiratiba,TAPIRATIBA,6830,2025,Julho,7,1144005.5,77996.97,6532.43,3629.58,1430006.875
Tapiratiba,TAPIRATIBA,6830,2025,Agosto,8,844137.2,82287.44,5770.65,0.0,1055171.4999999998
Tapiratiba,TAPIRATIBA,6830,2025,Setembro,9,1019283.67,85924.26,7025.56,3519.25,1274104.5875
Tapiratiba,TAPIRATIBA,6830,2025,Outubro,10,839945.32,93786.68,6999.52,44.02,1049931.65
Tapiratiba,TAPIRATIBA,6830,2025,Novembro,11,773854.8,73043.62,6441.83,1792.91,967318.5
Tapiratiba,TAPIRATIBA,6830,2025,Dezembro,12,1213161.38,101803.42,7399.62,3341.27,1516451.7249999999
Tapiraí,TAPIRAI,6828,2025,Janeiro,1,1028093.23,372454.11,6545.87,2356.45,1285116.5374999999
Tapiraí,TAPIRAI,6828,2025,Fevereiro,2,1103903.46,217468.77,7600.08,2532.3,1379879.325
Tapiraí,TAPIRAI,6828,2025,Março,3,1127896.25,174611.94,8767.06,57.69,1409870.3125
Tapiraí,TAPIRAI,6828,2025,Abril,4,1214775.72,218986.52,9338.7,3321.08,1518469.65
Tapiraí,TAPIRAI,6828,2025,Maio,5,1124531.89,118226.92,7410.0,5496.92,1405664.8624999998
Tapiraí,TAPIRAI,6828,2025,Junho,6,852396.89,38740.01,9539.33,68.71,1065496.1125
Tapiraí,TAPIRAI,6828,2025,Julho,7,1543371.2,62689.64,8812.86,4896.65,1929213.9999999998
Tapiraí,TAPIRAI,6828,2025,Agosto,8,1138820.62,88870.05,7785.14,0.0,1423525.7750000001
Tapiraí,TAPIRAI,6828,2025,Setembro,9,1375109.7,60173.39,9478.14,4747.8,1718887.1249999998
Tapiraí,TAPIRAI,6828,2025,Outubro,10,1133165.38,63961.45,9443.02,59.39,1416456.7249999999
Tapiraí,TAPIRAI,6828,2025,Novembro,11,1044003.03,42532.62,8690.63,2418.8,1305003.7874999999
Tapiraí,TAPIRAI,6828,2025,Dezembro,12,1636668.99,76728.2,9982.79,4507.69,2045836.2374999998
Taquaral,TAQUARAL,7857,2025,Janeiro,1,292286.43,258550.77,1850.81,666.28,365358.0375
Taquaral,TAQUARAL,7857,2025,Fevereiro,2,312123.23,72301.43,2148.88,716.0,390154.0375
Taquaral,TAQUARAL,7857,2025,Março,3,318907.07,69418.44,2478.84,16.31,398633.83749999997
Taquaral,TAQUARAL,7857,2025,Abril,4,343471.81,69136.67,2640.47,939.02,429339.76249999995
Taquaral,TAQUARAL,7857,2025,Maio,5,317955.82,73217.63,2095.14,1554.23,397444.77499999997
Taquaral,TAQUARAL,7857,2025,Junho,6,241010.99,26037.75,2697.2,19.43,301263.7375
Taquaral,TAQUARAL,7857,2025,Julho,7,436380.55,25305.49,2491.79,1384.5,545475.6875
Taquaral,TAQUARAL,7857,2025,Agosto,8,321995.88,18023.54,2201.21,0.0,402494.85
Taquaral,TAQUARAL,7857,2025,Setembro,9,388805.45,26783.04,2679.9,1342.42,486006.8125
Taquaral,TAQUARAL,7857,2025,Outubro,10,320396.89,35081.85,2669.97,16.79,400496.1125
Taquaral,TAQUARAL,7857,2025,Novembro,11,295186.68,11155.88,2457.23,683.9,368983.35
Taquaral,TAQUARAL,7857,2025,Dezembro,12,462760.04,32664.55,2822.58,1274.53,578450.0499999999
Taquaritinga,TAQUARITINGA,6841,2025,Janeiro,1,3154058.06,7193082.62,19974.85,7190.76,3942572.5749999997
Taquaritinga,TAQUARITINGA,6841,2025,Fevereiro,2,3368583.1,2382073.41,23191.79,7727.38,4210728.875
Taquaritinga,TAQUARITINGA,6841,2025,Março,3,3441797.58,1896250.08,26752.86,176.05,4302246.975
Taquaritinga,TAQUARITINGA,6841,2025,Abril,4,3706912.0,1715186.19,28497.22,10134.33,4633640.0
Taquaritinga,TAQUARITINGA,6841,2025,Maio,5,3431531.16,1556026.91,22611.75,16773.96,4289413.95
Taquaritinga,TAQUARITINGA,6841,2025,Junho,6,2601105.86,413092.58,29109.45,209.66,3251382.3249999997
Taquaritinga,TAQUARITINGA,6841,2025,Julho,7,4709627.55,554621.19,26892.63,14942.22,5887034.437499999
Taquaritinga,TAQUARITINGA,6841,2025,Agosto,8,3475133.5,517862.32,23756.52,0.0,4343916.875
Taquaritinga,TAQUARITINGA,6841,2025,Setembro,9,4196174.27,543008.57,28922.73,14488.01,5245217.837499999
Taquaritinga,TAQUARITINGA,6841,2025,Outubro,10,3457876.42,559086.43,28815.55,181.24,4322345.524999999
Taquaritinga,TAQUARITINGA,6841,2025,Novembro,11,3185795.76,457250.86,26519.63,7381.01,3982244.6999999997
Taquaritinga,TAQUARITINGA,6841,2025,Dezembro,12,4994327.6,750986.29,30462.68,13755.3,6242909.499999999
Taquarituba,TAQUARITUBA,6853,2025,Janeiro,1,2325789.35,3015526.34,14710.62,5295.69,2907236.6875
Taquarituba,TAQUARITUBA,6853,2025,Fevereiro,2,2480816.32,1189370.12,17079.75,5690.88,3101020.3999999994
Taquarituba,TAQUARITUBA,6853,2025,Março,3,2534735.62,1027177.9,19702.33,129.65,3168419.525
Taquarituba,TAQUARITUBA,6853,2025,Abril,4,2729980.97,904267.8,20986.98,7463.49,3412476.2125
Taquarituba,TAQUARITUBA,6853,2025,Maio,5,2527174.85,819592.72,16652.58,12353.3,3158968.5625
Taquarituba,TAQUARITUBA,6853,2025,Junho,6,1915602.39,216660.41,21437.86,154.41,2394502.9875
Taquarituba,TAQUARITUBA,6853,2025,Julho,7,3468437.77,368209.72,19805.26,11004.3,4335547.212499999
Taquarituba,TAQUARITUBA,6853,2025,Agosto,8,2559286.1,394855.38,17495.66,0.0,3199107.625
Taquarituba,TAQUARITUBA,6853,2025,Setembro,9,3090301.56,392885.92,21300.34,10669.8,3862876.9499999997
Taquarituba,TAQUARITUBA,6853,2025,Outubro,10,2546577.0,320944.79,21221.41,133.47,3183221.25
Taquarituba,TAQUARITUBA,6853,2025,Novembro,11,2346201.31,224116.44,19530.56,5435.8,2932751.6374999997
Taquarituba,TAQUARITUBA,6853,2025,Dezembro,12,3678107.09,305256.73,22434.45,10130.19,4597633.8625
Taquarivaí,TAQUARIVAI,7638,2025,Janeiro,1,1146803.58,563247.8,7238.32,2605.73,1433504.475
Taquarivaí,TAQUARIVAI,7638,2025,Fevereiro,2,1220678.88,152354.18,8404.05,2800.18,1525848.5999999999
Taquarivaí,TAQUARIVAI,7638,2025,Março,3,1247209.72,116036.51,9694.48,63.79,1559012.15
Taquarivaí,TAQUARIVAI,7638,2025,Abril,4,1343279.66,110648.69,10326.58,3672.39,1679099.5749999997
Taquarivaí,TAQUARIVAI,7638,2025,Maio,5,1243489.47,85913.78,8193.86,6078.41,1554361.8375
Taquarivaí,TAQUARIVAI,7638,2025,Junho,6,942566.91,26421.09,10548.44,75.97,1178208.6375
Taquarivaí,TAQUARIVAI,7638,2025,Julho,7,1706635.31,58030.44,9745.12,5414.64,2133294.1374999997
Taquarivaí,TAQUARIVAI,7638,2025,Agosto,8,1259289.72,63553.09,8608.69,0.0,1574112.15
Taquarivaí,TAQUARIVAI,7638,2025,Setembro,9,1520574.42,64901.71,10480.78,5250.04,1900718.025
Taquarivaí,TAQUARIVAI,7638,2025,Outubro,10,1253036.24,44229.91,10441.94,65.68,1566295.2999999998
Taquarivaí,TAQUARIVAI,7638,2025,Novembro,11,1154441.94,47225.32,9609.96,2674.67,1443052.4249999998
Taquarivaí,TAQUARIVAI,7638,2025,Dezembro,12,1809802.53,48833.4,11038.81,4984.53,2262253.1625
Tarabaí,TARABAI,6865,2025,Janeiro,1,479036.94,379768.01,3026.65,1089.57,598796.1749999999
Tarabaí,TARABAI,6865,2025,Fevereiro,2,510417.55,140746.73,3514.09,1170.87,638021.9375
Tarabaí,TARABAI,6865,2025,Março,3,521511.22,124056.7,4053.67,26.68,651889.0249999999
Tarabaí,TARABAI,6865,2025,Abril,4,561682.13,106293.25,4317.98,1535.58,702102.6625
Tarabaí,TARABAI,6865,2025,Maio,5,519955.62,92570.58,3426.2,2541.64,649944.5249999999
Tarabaí,TARABAI,6865,2025,Junho,6,394127.16,29822.86,4410.75,31.77,492658.94999999995
Tarabaí,TARABAI,6865,2025,Julho,7,713616.52,40996.36,4074.85,2264.09,892020.65
Tarabaí,TARABAI,6865,2025,Agosto,8,526562.38,40237.75,3599.66,0.0,658202.975
Tarabaí,TARABAI,6865,2025,Setembro,9,635816.58,48797.5,4382.46,2195.27,794770.7249999999
Tarabaí,TARABAI,6865,2025,Outubro,10,523947.53,52063.61,4366.22,27.46,654934.4125
Tarabaí,TARABAI,6865,2025,Novembro,11,482721.08,40780.46,4018.33,1118.39,603401.35
Tarabaí,TARABAI,6865,2025,Dezembro,12,756755.1,53907.19,4615.79,2084.24,945943.8749999999
Tarumã,TARUMA,7316,2025,Janeiro,1,2189825.59,1349748.64,13831.12,4979.08,2737281.9875
Tarumã,TARUMA,7316,2025,Fevereiro,2,2332496.55,458983.68,16058.61,5350.64,2915620.6874999995
Tarumã,TARUMA,7316,2025,Março,3,2383192.2,401395.43,18524.39,121.9,2978990.25
Tarumã,TARUMA,7316,2025,Abril,4,2566764.47,326153.27,19732.23,7017.28,3208455.5875
Tarumã,TARUMA,7316,2025,Maio,5,2376083.45,338222.37,15656.98,11614.74,2970104.3125
Tarumã,TARUMA,7316,2025,Junho,6,1801074.89,161296.3,20156.16,145.17,2251343.6125
Tarumã,TARUMA,7316,2025,Julho,7,3261071.39,152803.85,18621.17,10346.39,4076339.2375
Tarumã,TARUMA,7316,2025,Agosto,8,2406274.88,141699.39,16449.65,0.0,3007843.5999999996
Tarumã,TARUMA,7316,2025,Setembro,9,2905542.69,153960.34,20026.87,10031.88,3631928.3625
Tarumã,TARUMA,7316,2025,Outubro,10,2394325.62,126486.4,19952.65,125.49,2992907.025
Tarumã,TARUMA,7316,2025,Novembro,11,2205929.73,125925.21,18362.9,5110.81,2757412.1624999996
Tarumã,TARUMA,7316,2025,Dezembro,12,3458205.28,207543.91,21093.17,9524.54,4322756.6
Tatui,TATUI,6877,2025,Janeiro,1,7735565.53,14847583.46,48893.79,17601.32,9669456.9125
Tatui,TATUI,6877,2025,Fevereiro,2,8245507.2,5497501.94,56768.1,18914.82,10306884.0
Tatui,TATUI,6877,2025,Março,3,8424719.18,4112583.39,65484.78,430.92,10530898.975
Tatui,TATUI,6877,2025,Abril,4,9073657.57,3827638.97,69754.56,24806.47,11342071.9625
Tatui,TATUI,6877,2025,Maio,5,8399589.38,3342262.59,55348.3,41058.76,10499486.725
Tatui,TATUI,6877,2025,Junho,6,6366901.57,1012351.0,71253.17,513.2,7958626.9625
Tatui,TATUI,6877,2025,Julho,7,11528071.79,1507577.8,65826.89,36575.09,14410089.737499999
Tatui,TATUI,6877,2025,Agosto,8,8506317.77,1280024.68,58150.44,0.0,10632897.212499999
Tatui,TATUI,6877,2025,Setembro,9,10271257.71,1378795.51,70796.1,35463.28,12839072.137500001
Tatui,TATUI,6877,2025,Outubro,10,8464076.46,1112998.56,70533.76,443.63,10580095.575000001
Tatui,TATUI,6877,2025,Novembro,11,7798086.34,971021.27,64913.87,18067.0,9747607.924999999
Tatui,TATUI,6877,2025,Dezembro,12,12224951.24,1672797.6,74565.55,33669.78,15281189.049999999
Taubaté,TAUBATE,6889,2025,Janeiro,1,19838088.35,34145740.93,125387.67,45138.41,24797610.4375
Taubaté,TAUBATE,6889,2025,Fevereiro,2,21145527.79,14326946.09,145581.28,48506.89,26431909.737499997
Taubaté,TAUBATE,6889,2025,Março,3,21605115.28,10605877.17,167935.11,1105.1,27006394.1
Taubaté,TAUBATE,6889,2025,Abril,4,23269311.83,9425329.41,178884.94,63615.97,29086639.787499998
Taubaté,TAUBATE,6889,2025,Maio,5,21540670.13,8265538.94,141940.22,105294.81,26925837.662499998
Taubaté,TAUBATE,6889,2025,Junho,6,16327860.84,2416324.45,182728.1,1316.09,20409826.049999997
Taubaté,TAUBATE,6889,2025,Julho,7,29563634.65,3064044.95,168812.46,93796.47,36954543.31249999
Taubaté,TAUBATE,6889,2025,Agosto,8,21814374.12,3001272.11,149126.26,0.0,27267967.65
Taubaté,TAUBATE,6889,2025,Setembro,9,26340546.45,3038657.59,181555.96,90945.24,32925683.062499996
Taubaté,TAUBATE,6889,2025,Outubro,10,21706046.66,3046290.16,180883.18,1137.68,27132558.325
Taubaté,TAUBATE,6889,2025,Novembro,11,19998121.09,2241328.27,166471.03,46332.67,24997651.362499997
Taubaté,TAUBATE,6889,2025,Dezembro,12,31350775.64,3841840.31,191222.67,86345.85,39188469.55
Tejupa,TEJUPA,6890,2025,Janeiro,1,643799.25,284026.41,4077.9,1468.01,804749.0625
Tejupa,TEJUPA,6890,2025,Fevereiro,2,687701.66,95049.13,4734.64,1577.56,859627.075
Tejupa,TEJUPA,6890,2025,Março,3,702648.51,59711.84,5461.64,35.94,878310.6375
Tejupa,TEJUPA,6890,2025,Abril,4,756772.05,59628.19,5817.75,2068.94,945965.0625
Tejupa,TEJUPA,6890,2025,Maio,5,700552.6,50673.03,4616.23,3424.43,875690.7499999999
Tejupa,TEJUPA,6890,2025,Junho,6,531019.94,20476.11,5942.74,42.8,663774.9249999999
Tejupa,TEJUPA,6890,2025,Julho,7,961478.04,19554.45,5490.17,3050.48,1201847.55
Tejupa,TEJUPA,6890,2025,Agosto,8,709454.09,14828.17,4849.93,0.0,886817.6124999999
Tejupa,TEJUPA,6890,2025,Setembro,9,856655.73,17546.36,5904.62,2957.75,1070819.6624999999
Tejupa,TEJUPA,6890,2025,Outubro,10,705931.03,27872.52,5882.74,37.0,882413.7875
Tejupa,TEJUPA,6890,2025,Novembro,11,650385.33,10160.28,5414.02,1506.85,812981.6624999999
Tejupa,TEJUPA,6890,2025,Dezembro,12,1019600.01,27774.5,6219.01,2808.17,1274500.0125
Teodoro Sampaio,TEODORO SAMPAIO,6907,2025,Janeiro,1,2706548.96,1525673.35,17218.14,6198.37,3383186.1999999997
Teodoro Sampaio,TEODORO SAMPAIO,6907,2025,Fevereiro,2,2903687.68,692561.41,19991.11,6660.93,3629609.6
Teodoro Sampaio,TEODORO SAMPAIO,6907,2025,Março,3,2966797.88,540772.97,23060.72,151.75,3708497.3499999996
Teodoro Sampaio,TEODORO SAMPAIO,6907,2025,Abril,4,3195324.08,735957.24,24564.34,8735.7,3994155.1
Teodoro Sampaio,TEODORO SAMPAIO,6907,2025,Maio,5,2957948.33,443001.66,19491.12,14459.0,3697435.4125
Teodoro Sampaio,TEODORO SAMPAIO,6907,2025,Junho,6,2242129.35,147666.02,25092.08,180.72,2802661.6875
Teodoro Sampaio,TEODORO SAMPAIO,6907,2025,Julho,7,4059655.67,214432.13,23181.2,12880.06,5074569.587499999
Teodoro Sampaio,TEODORO SAMPAIO,6907,2025,Agosto,8,2995533.15,217994.98,20477.9,0.0,3744416.4374999995
Teodoro Sampaio,TEODORO SAMPAIO,6907,2025,Setembro,9,3617063.67,207911.93,24931.13,12488.53,4521329.587499999
Teodoro Sampaio,TEODORO SAMPAIO,6907,2025,Outubro,10,2980657.7,191905.49,24838.74,156.22,3725822.125
Teodoro Sampaio,TEODORO SAMPAIO,6907,2025,Novembro,11,2746126.67,153320.78,22859.67,6362.37,3432658.3375
Teodoro Sampaio,TEODORO SAMPAIO,6907,2025,Dezembro,12,4305064.5,298465.91,26258.55,11856.95,5381330.625
Terra Roxa,TERRA ROXA,6919,2025,Janeiro,1,714833.15,828808.25,4511.17,1623.98,893541.4375
Terra Roxa,TERRA ROXA,6919,2025,Fevereiro,2,760769.3,241485.89,5237.69,1745.17,950961.625
Terra Roxa,TERRA ROXA,6919,2025,Março,3,777304.24,217523.63,6041.93,39.76,971630.2999999999
Terra Roxa,TERRA ROXA,6919,2025,Abril,4,837178.35,189462.52,6435.88,2288.76,1046472.9374999999
Terra Roxa,TERRA ROXA,6919,2025,Maio,5,774985.65,179100.81,5106.69,3788.27,968732.0625
Terra Roxa,TERRA ROXA,6919,2025,Junho,6,587440.3,51326.69,6574.15,47.35,734300.375
Terra Roxa,TERRA ROXA,6919,2025,Julho,7,1063634.16,86225.89,6073.5,3374.59,1329542.6999999997
Terra Roxa,TERRA ROXA,6919,2025,Agosto,8,784832.91,98082.68,5365.23,0.0,981041.1375
Terra Roxa,TERRA ROXA,6919,2025,Setembro,9,947674.58,82973.54,6531.98,3272.01,1184593.2249999999
Terra Roxa,TERRA ROXA,6919,2025,Outubro,10,780935.53,61491.77,6507.78,40.93,976169.4125
Terra Roxa,TERRA ROXA,6919,2025,Novembro,11,719488.15,55777.66,5989.26,1666.95,899360.1875
Terra Roxa,TERRA ROXA,6919,2025,Dezembro,12,1127931.54,87210.06,6879.77,3106.53,1409914.425
Tietê,TIETE,6920,2025,Janeiro,1,3716703.84,6238762.37,23520.45,8467.15,4645879.8
Tietê,TIETE,6920,2025,Fevereiro,2,3966517.81,1806371.37,27308.41,9099.01,4958147.2625
Tietê,TIETE,6920,2025,Março,3,4052728.09,1401534.35,31501.58,207.3,5065910.1125
Tietê,TIETE,6920,2025,Abril,4,4364901.21,1316154.78,33555.57,11933.2,5456126.512499999
Tietê,TIETE,6920,2025,Maio,5,4040639.35,1105474.53,26625.41,19751.4,5050799.1875
Tietê,TIETE,6920,2025,Junho,6,3062810.8,296232.24,34276.48,246.87,3828513.4999999995
Tietê,TIETE,6920,2025,Julho,7,5545602.1,424718.87,31666.16,17594.52,6932002.624999999
Tietê,TIETE,6920,2025,Agosto,8,4091981.26,378584.04,27973.38,0.0,5114976.574999999
Tietê,TIETE,6920,2025,Setembro,9,4941009.16,409206.45,34056.61,17059.68,6176261.45
Tietê,TIETE,6920,2025,Outubro,10,4071660.99,328499.15,33930.41,213.41,5089576.2375
Tietê,TIETE,6920,2025,Novembro,11,3751285.1,265801.4,31226.95,8691.17,4689106.375
Tietê,TIETE,6920,2025,Dezembro,12,5880837.36,467846.56,35869.91,16196.92,7351046.7
Timburi,TIMBURI,6932,2025,Janeiro,1,557733.48,171822.37,3551.09,1278.36,697166.85
Timburi,TIMBURI,6932,2025,Fevereiro,2,598860.02,49753.32,4122.99,1373.76,748575.025
Timburi,TIMBURI,6932,2025,Março,3,611875.95,39703.26,4756.07,31.3,764844.9374999999
Timburi,TIMBURI,6932,2025,Abril,4,659007.46,34499.46,5066.18,1801.66,823759.325
Timburi,TIMBURI,6932,2025,Maio,5,610050.8,32726.8,4019.87,2982.04,762563.5
Timburi,TIMBURI,6932,2025,Junho,6,462419.44,9902.89,5175.02,37.27,578024.2999999999
Timburi,TIMBURI,6932,2025,Julho,7,837268.25,14820.2,4780.92,2656.4,1046585.3125
Timburi,TIMBURI,6932,2025,Agosto,8,617802.34,20006.79,4223.39,0.0,772252.9249999999
Timburi,TIMBURI,6932,2025,Setembro,9,745987.54,20525.31,5141.83,2575.65,932484.425
Timburi,TIMBURI,6932,2025,Outubro,10,614734.41,13198.96,5122.77,32.22,768418.0125
Timburi,TIMBURI,6932,2025,Novembro,11,566364.45,15025.3,4714.61,1312.18,707955.5624999999
Timburi,TIMBURI,6932,2025,Dezembro,12,887881.66,14981.09,5415.6,2445.39,1109852.075
Torre de Pedra,TORRE DE PEDRA,7730,2025,Janeiro,1,257991.54,146741.64,1642.63,591.33,322489.425
Torre de Pedra,TORRE DE PEDRA,7730,2025,Fevereiro,2,277015.49,88149.74,1907.18,635.46,346269.3625
Torre de Pedra,TORRE DE PEDRA,7730,2025,Março,3,283036.28,69545.15,2200.02,14.48,353795.35000000003
Torre de Pedra,TORRE DE PEDRA,7730,2025,Abril,4,304837.97,43279.51,2343.47,833.4,381047.46249999997
Torre de Pedra,TORRE DE PEDRA,7730,2025,Maio,5,282192.02,90565.27,1859.48,1379.41,352740.025
Torre de Pedra,TORRE DE PEDRA,7730,2025,Junho,6,213901.98,27143.23,2393.82,17.24,267377.475
Torre de Pedra,TORRE DE PEDRA,7730,2025,Julho,7,387296.3,30085.68,2211.52,1228.77,484120.37499999994
Torre de Pedra,TORRE DE PEDRA,7730,2025,Agosto,8,285777.66,12914.41,1953.62,0.0,357222.07499999995
Torre de Pedra,TORRE DE PEDRA,7730,2025,Setembro,9,345072.46,12221.53,2378.46,1191.42,431340.575
Torre de Pedra,TORRE DE PEDRA,7730,2025,Outubro,10,284358.53,20802.15,2369.65,14.9,355448.16250000003
Torre de Pedra,TORRE DE PEDRA,7730,2025,Novembro,11,261983.97,9977.89,2180.84,606.98,327479.96249999997
Torre de Pedra,TORRE DE PEDRA,7730,2025,Dezembro,12,410708.62,35993.91,2505.1,1131.17,513385.77499999997
Torrinha,TORRINHA,6944,2025,Janeiro,1,995262.12,1087187.74,6284.5,2262.36,1244077.65
Torrinha,TORRINHA,6944,2025,Fevereiro,2,1059825.56,451656.67,7296.61,2431.19,1324781.95
Torrinha,TORRINHA,6944,2025,Março,3,1082860.34,382533.47,8417.0,55.39,1353575.425
Torrinha,TORRINHA,6944,2025,Abril,4,1166270.79,303027.6,8965.81,3188.47,1457838.4875
Torrinha,TORRINHA,6944,2025,Maio,5,1079630.31,332687.76,7114.12,5277.43,1349537.8875
Torrinha,TORRINHA,6944,2025,Junho,6,818361.42,78020.41,9158.43,65.96,1022951.775
Torrinha,TORRINHA,6944,2025,Julho,7,1481745.73,142425.87,8460.97,4701.13,1852182.1624999999
Torrinha,TORRINHA,6944,2025,Agosto,8,1093348.5,123118.29,7474.29,0.0,1366685.625
Torrinha,TORRINHA,6944,2025,Setembro,9,1320202.77,157049.47,9099.69,4558.23,1650253.4625
Torrinha,TORRINHA,6944,2025,Outubro,10,1087919.07,116888.42,9065.97,57.02,1359898.8375
Torrinha,TORRINHA,6944,2025,Novembro,11,1002316.9,74336.01,8343.62,2322.22,1252896.125
Torrinha,TORRINHA,6944,2025,Dezembro,12,1571318.23,118798.18,9584.19,4327.7,1964147.7874999999
Trabiju,TRABIJU,7948,2025,Janeiro,1,236739.64,99912.7,1504.13,541.47,295924.55
Trabiju,TRABIJU,7948,2025,Fevereiro,2,253657.5,38330.18,1746.36,581.88,317071.875
Trabiju,TRABIJU,7948,2025,Março,3,259170.62,37914.45,2014.52,13.26,323963.27499999997
Trabiju,TRABIJU,7948,2025,Abril,4,279133.99,26175.23,2145.87,763.12,348917.4875
Trabiju,TRABIJU,7948,2025,Maio,5,258397.55,27098.79,1702.69,1263.1,322996.93749999994
Trabiju,TRABIJU,7948,2025,Junho,6,195865.74,12014.98,2191.97,15.79,244832.175
Trabiju,TRABIJU,7948,2025,Julho,7,354639.42,14927.85,2025.04,1125.16,443299.27499999997
Trabiju,TRABIJU,7948,2025,Agosto,8,261680.85,12345.68,1788.89,0.0,327101.0625
Trabiju,TRABIJU,7948,2025,Setembro,9,315975.9,18661.35,2177.91,1090.96,394969.875
Trabiju,TRABIJU,7948,2025,Outubro,10,260381.37,15683.15,2169.84,13.65,325476.71249999997
Trabiju,TRABIJU,7948,2025,Novembro,11,239893.44,12615.62,1996.95,555.8,299866.8
Trabiju,TRABIJU,7948,2025,Dezembro,12,376077.61,28662.85,2293.87,1035.79,470097.01249999995
Tremembé,TREMEMBE,6956,2025,Janeiro,1,1578838.5,4391411.23,9957.92,3584.76,1973548.125
Tremembé,TREMEMBE,6956,2025,Fevereiro,2,1679314.78,1980915.03,11561.63,3852.27,2099143.475
Tremembé,TREMEMBE,6956,2025,Março,3,1715813.85,1357844.45,13336.91,87.76,2144767.3125
Tremembé,TREMEMBE,6956,2025,Abril,4,1847979.38,1252457.61,14206.51,5052.19,2309974.2249999996
Tremembé,TREMEMBE,6956,2025,Maio,5,1710695.81,1073524.82,11272.47,8362.2,2138369.7624999997
Tremembé,TREMEMBE,6956,2025,Junho,6,1296710.03,297041.73,14511.72,104.52,1620887.5374999999
Tremembé,TREMEMBE,6956,2025,Julho,7,2347855.73,399690.19,13406.58,7449.04,2934819.6624999996
Tremembé,TREMEMBE,6956,2025,Agosto,8,1732432.56,413285.2,11843.16,0.0,2165540.6999999997
Tremembé,TREMEMBE,6956,2025,Setembro,9,2091887.68,449141.88,14418.63,7222.6,2614859.5999999996
Tremembé,TREMEMBE,6956,2025,Outubro,10,1723829.52,385364.68,14365.2,90.35,2154786.9
Tremembé,TREMEMBE,6956,2025,Novembro,11,1588191.16,310668.36,13220.63,3679.6,1985238.9499999997
Tremembé,TREMEMBE,6956,2025,Dezembro,12,2489785.14,471226.12,15186.33,6857.33,3112231.425
Três Fronteiras,TRES FRONTEIRAS,6968,2025,Janeiro,1,416539.5,512070.23,2636.37,949.07,520674.375
Três Fronteiras,TRES FRONTEIRAS,6968,2025,Fevereiro,2,444600.06,186101.23,3060.95,1019.89,555750.075
Três Fronteiras,TRES FRONTEIRAS,6968,2025,Março,3,454263.22,158619.83,3530.96,23.24,567829.0249999999
Três Fronteiras,TRES FRONTEIRAS,6968,2025,Abril,4,489254.16,118831.83,3761.19,1337.57,611567.7
Três Fronteiras,TRES FRONTEIRAS,6968,2025,Maio,5,452908.22,103481.28,2984.4,2213.9,566135.2749999999
Três Fronteiras,TRES FRONTEIRAS,6968,2025,Junho,6,343305.12,42521.18,3841.99,27.67,429131.39999999997
Três Fronteiras,TRES FRONTEIRAS,6968,2025,Julho,7,621596.87,38989.85,3549.4,1972.14,776996.0874999999
Três Fronteiras,TRES FRONTEIRAS,6968,2025,Agosto,8,458663.04,61880.01,3135.49,0.0,573328.7999999999
Três Fronteiras,TRES FRONTEIRAS,6968,2025,Setembro,9,553829.1,49454.34,3817.35,1912.19,692286.3749999999
Três Fronteiras,TRES FRONTEIRAS,6968,2025,Outubro,10,456385.38,46500.42,3803.2,23.92,570481.725
Três Fronteiras,TRES FRONTEIRAS,6968,2025,Novembro,11,420475.0,31476.82,3500.17,974.18,525593.75
Três Fronteiras,TRES FRONTEIRAS,6968,2025,Dezembro,12,659172.8,65571.08,4020.6,1815.48,823966.0
Tuiuti,TUIUTI,7640,2025,Janeiro,1,446983.64,567190.03,2845.95,1024.51,558729.5499999999
Tuiuti,TUIUTI,7640,2025,Fevereiro,2,479943.67,191083.4,3304.28,1100.97,599929.5874999999
Tuiuti,TUIUTI,7640,2025,Março,3,490375.01,153429.63,3811.65,25.08,612968.7625
Tuiuti,TUIUTI,7640,2025,Abril,4,528147.56,128567.24,4060.18,1443.9,660184.4500000001
Tuiuti,TUIUTI,7640,2025,Maio,5,488912.28,127153.58,3221.64,2389.89,611140.35
Tuiuti,TUIUTI,7640,2025,Junho,6,370596.26,30707.74,4147.41,29.87,463245.325
Tuiuti,TUIUTI,7640,2025,Julho,7,671010.88,35955.9,3831.57,2128.91,838763.6
Tuiuti,TUIUTI,7640,2025,Agosto,8,495124.59,42210.74,3384.74,0.0,618905.7375
Tuiuti,TUIUTI,7640,2025,Setembro,9,597855.9,40545.38,4120.81,2064.2,747319.875
Tuiuti,TUIUTI,7640,2025,Outubro,10,492665.86,27596.8,4105.54,25.82,615832.325
Tuiuti,TUIUTI,7640,2025,Novembro,11,453900.78,25962.0,3778.42,1051.62,567375.975
Tuiuti,TUIUTI,7640,2025,Dezembro,12,711573.93,38644.45,4340.21,1959.81,889467.4125
Tupi Paulista,TUPI PAULISTA,6981,2025,Janeiro,1,788776.94,1856212.66,4993.46,1797.6,985971.1749999999
Tupi Paulista,TUPI PAULISTA,6981,2025,Fevereiro,2,842103.14,691824.15,5797.65,1931.75,1052628.925
Tupi Paulista,TUPI PAULISTA,6981,2025,Março,3,860405.83,513932.83,6687.88,44.01,1075507.2874999999
Tupi Paulista,TUPI PAULISTA,6981,2025,Abril,4,926681.08,462563.15,7123.94,2533.45,1158351.3499999999
Tupi Paulista,TUPI PAULISTA,6981,2025,Maio,5,857839.35,398826.19,5652.65,4193.28,1072299.1875
Tupi Paulista,TUPI PAULISTA,6981,2025,Junho,6,650243.54,100582.71,7277.0,52.41,812804.425
Tupi Paulista,TUPI PAULISTA,6981,2025,Julho,7,1177347.27,148088.01,6722.82,3735.37,1471684.0875
Tupi Paulista,TUPI PAULISTA,6981,2025,Agosto,8,868739.39,159091.72,5938.83,0.0,1085924.2375
Tupi Paulista,TUPI PAULISTA,6981,2025,Setembro,9,1048990.46,196842.12,7230.32,3621.82,1311238.075
Tupi Paulista,TUPI PAULISTA,6981,2025,Outubro,10,864425.34,186186.6,7203.52,45.31,1080531.6749999998
Tupi Paulista,TUPI PAULISTA,6981,2025,Novembro,11,796408.62,92006.36,6629.57,1845.16,995510.7749999999
Tupi Paulista,TUPI PAULISTA,6981,2025,Dezembro,12,1248518.69,248535.66,7615.28,3438.65,1560648.3624999998
Tupã,TUPA,6970,2025,Janeiro,1,3667600.88,9286492.38,23164.45,8338.99,4584501.1
Tupã,TUPA,6970,2025,Fevereiro,2,3906480.85,3022997.19,26895.07,8961.29,4883101.0625
Tupã,TUPA,6970,2025,Março,3,3991386.26,2544384.9,31024.78,204.16,4989232.824999999
Tupã,TUPA,6970,2025,Abril,4,4298834.34,2163726.66,33047.68,11752.58,5373542.925
Tupã,TUPA,6970,2025,Maio,5,3979480.49,2082215.59,26222.41,19452.44,4974350.6125
Tupã,TUPA,6970,2025,Junho,6,3016452.29,536572.84,33757.67,243.14,3770565.3625
Tupã,TUPA,6970,2025,Julho,7,5461664.22,880624.7,31186.86,17328.21,6827080.274999999
Tupã,TUPA,6970,2025,Agosto,8,4030045.29,825957.25,27549.98,0.0,5037556.6125
Tupã,TUPA,6970,2025,Setembro,9,4866222.37,874441.77,33541.13,16801.47,6082777.962499999
Tupã,TUPA,6970,2025,Outubro,10,4010032.59,685162.55,33416.84,210.18,5012540.7375
Tupã,TUPA,6970,2025,Novembro,11,3694505.9,569714.21,30754.3,8559.62,4618132.375
Tupã,TUPA,6970,2025,Dezembro,12,5791825.39,916442.12,35326.98,15951.76,7239781.737499999
Turiuba,TURIUBA,6993,2025,Janeiro,1,543118.81,193182.66,3403.76,1225.32,678898.5125000001
Turiuba,TURIUBA,6993,2025,Fevereiro,2,574014.27,77257.09,3951.93,1316.76,717517.8375
Turiuba,TURIUBA,6993,2025,Março,3,586490.18,66676.83,4558.75,30.0,733112.725
Turiuba,TURIUBA,6993,2025,Abril,4,631666.29,42941.88,4855.99,1726.91,789582.8625
Turiuba,TURIUBA,6993,2025,Maio,5,584740.76,46333.59,3853.09,2858.32,730925.95
Turiuba,TURIUBA,6993,2025,Junho,6,443234.39,9587.15,4960.32,35.73,554042.9874999999
Turiuba,TURIUBA,6993,2025,Julho,7,802531.31,12007.61,4582.57,2546.19,1003164.1375000001
Turiuba,TURIUBA,6993,2025,Agosto,8,592170.7,15678.88,4048.17,0.0,740213.3749999999
Turiuba,TURIUBA,6993,2025,Setembro,9,715037.7,4176.76,4928.5,2468.79,893797.1249999999
Turiuba,TURIUBA,6993,2025,Outubro,10,589230.05,6287.78,4910.24,30.88,736537.5625
Turiuba,TURIUBA,6993,2025,Novembro,11,542866.89,8495.94,4519.01,1257.74,678583.6124999999
Turiuba,TURIUBA,6993,2025,Dezembro,12,851044.85,19198.87,5190.91,2343.94,1063806.0625
Turmalina,TURMALINA,7006,2025,Janeiro,1,348558.06,216030.49,2207.72,794.76,435697.57499999995
Turmalina,TURMALINA,7006,2025,Fevereiro,2,372312.59,69612.75,2563.27,854.07,465390.7375
Turmalina,TURMALINA,7006,2025,Março,3,380404.62,52445.71,2956.86,19.46,475505.77499999997
Turmalina,TURMALINA,7006,2025,Abril,4,409706.39,51013.91,3149.66,1120.1,512132.9875
Turmalina,TURMALINA,7006,2025,Maio,5,379269.92,35059.35,2499.16,1853.94,474087.39999999997
Turmalina,TURMALINA,7006,2025,Junho,6,287487.18,14755.44,3217.32,23.17,359358.975
Turmalina,TURMALINA,7006,2025,Julho,7,520531.51,13499.66,2972.31,1651.49,650664.3875
Turmalina,TURMALINA,7006,2025,Agosto,8,384089.07,8403.7,2625.69,0.0,480111.33749999997
Turmalina,TURMALINA,7006,2025,Setembro,9,463782.09,13886.82,3196.68,1601.29,579727.6125
Turmalina,TURMALINA,7006,2025,Outubro,10,382181.73,14685.01,3184.84,20.03,477727.1625
Turmalina,TURMALINA,7006,2025,Novembro,11,352110.02,6711.33,2931.08,815.79,440137.525
Turmalina,TURMALINA,7006,2025,Dezembro,12,551997.98,10059.52,3366.89,1520.3,689997.475
Ubarana,UBARANA,7651,2025,Janeiro,1,987829.2,419164.38,6234.97,2244.53,1234786.4999999998
Ubarana,UBARANA,7651,2025,Fevereiro,2,1051472.27,164921.27,7239.1,2412.03,1314340.3375
Ubarana,UBARANA,7651,2025,Março,3,1074325.5,128491.43,8350.66,54.95,1342906.875
Ubarana,UBARANA,7651,2025,Abril,4,1157078.53,114010.26,8895.15,3163.34,1446348.1624999999
Ubarana,UBARANA,7651,2025,Maio,5,1071120.93,107258.04,7058.05,5235.84,1338901.1624999999
Ubarana,UBARANA,7651,2025,Junho,6,811911.3,38537.4,9086.25,65.44,1014889.125
Ubarana,UBARANA,7651,2025,Julho,7,1470066.98,33961.07,8394.29,4664.08,1837583.7249999999
Ubarana,UBARANA,7651,2025,Agosto,8,1084731.0,31466.37,7415.38,0.0,1355913.75
Ubarana,UBARANA,7651,2025,Setembro,9,1309797.25,44962.05,9027.96,4522.3,1637246.5625
Ubarana,UBARANA,7651,2025,Outubro,10,1079344.36,27105.53,8994.51,56.57,1349180.45
Ubarana,UBARANA,7651,2025,Novembro,11,994416.88,42840.57,8277.86,2303.92,1243021.0999999999
Ubarana,UBARANA,7651,2025,Dezembro,12,1558933.48,52792.69,9508.65,4293.59,1948666.8499999999
Ubatuba,UBATUBA,7018,2025,Janeiro,1,4217641.28,11169091.1,26853.72,9667.1,5272051.6
Ubatuba,UBATUBA,7018,2025,Fevereiro,2,4528644.43,4320928.28,31178.5,10388.51,5660805.5375
Ubatuba,UBATUBA,7018,2025,Março,3,4627072.26,2987918.49,35965.92,236.67,5783840.324999999
Ubatuba,UBATUBA,7018,2025,Abril,4,4983485.89,2621643.23,38311.0,13624.35,6229357.362499999
Ubatuba,UBATUBA,7018,2025,Maio,5,4613270.32,2136517.3,30398.71,22550.53,5766587.9
Ubatuba,UBATUBA,7018,2025,Junho,6,3496865.95,846548.62,39134.07,281.86,4371082.4375
Ubatuba,UBATUBA,7018,2025,Julho,7,6331513.25,1011550.21,36153.82,20087.98,7914391.5625
Ubatuba,UBATUBA,7018,2025,Agosto,8,4671888.3,969965.98,31937.71,0.0,5839860.374999999
Ubatuba,UBATUBA,7018,2025,Setembro,9,5641238.67,1063403.09,38883.04,19477.34,7051548.337499999
Ubatuba,UBATUBA,7018,2025,Outubro,10,4648688.29,1025139.43,38738.95,243.65,5810860.3625
Ubatuba,UBATUBA,7018,2025,Novembro,11,4282909.4,899465.89,35652.37,9922.86,5353636.75
Ubatuba,UBATUBA,7018,2025,Dezembro,12,6714257.36,1291068.18,40953.32,18492.31,8392821.7
Ubirajara,UBIRAJARA,7020,2025,Janeiro,1,671872.72,360128.65,4259.98,1533.55,839840.8999999999
Ubirajara,UBIRAJARA,7020,2025,Fevereiro,2,718407.78,153497.77,4946.04,1648.0,898009.725
Ubirajara,UBIRAJARA,7020,2025,Março,3,734022.01,126791.81,5705.5,37.55,917527.5125
Ubirajara,UBIRAJARA,7020,2025,Abril,4,790562.18,103419.51,6077.52,2161.32,988202.725
Ubirajara,UBIRAJARA,7020,2025,Maio,5,731832.52,99572.61,4822.34,3577.33,914790.65
Ubirajara,UBIRAJARA,7020,2025,Junho,6,554730.17,36849.13,6208.09,44.71,693412.7125
Ubirajara,UBIRAJARA,7020,2025,Julho,7,1004408.37,33102.51,5735.31,3186.68,1255510.4625
Ubirajara,UBIRAJARA,7020,2025,Agosto,8,741131.46,39799.61,5066.48,0.0,926414.325
Ubirajara,UBIRAJARA,7020,2025,Setembro,9,894905.7,36357.27,6168.26,3089.82,1118632.1249999998
Ubirajara,UBIRAJARA,7020,2025,Outubro,10,737451.1,33110.36,6145.41,38.65,921813.8749999999
Ubirajara,UBIRAJARA,7020,2025,Novembro,11,679425.26,37869.64,5655.76,1574.13,849281.575
Ubirajara,UBIRAJARA,7020,2025,Dezembro,12,1065125.51,65388.4,6496.69,2933.55,1331406.8875
Uchoa,UCHOA,7031,2025,Janeiro,1,675388.28,1035400.17,4251.35,1530.45,844235.35
Uchoa,UCHOA,7031,2025,Fevereiro,2,716952.66,379731.11,4936.03,1644.66,896190.825
Uchoa,UCHOA,7031,2025,Março,3,732535.27,317166.33,5693.95,37.47,915669.0875
Uchoa,UCHOA,7031,2025,Abril,4,788960.92,266059.12,6065.21,2156.94,986201.15
Uchoa,UCHOA,7031,2025,Maio,5,730350.22,235341.58,4812.57,3570.09,912937.7749999999
Uchoa,UCHOA,7031,2025,Junho,6,553606.58,85081.2,6195.51,44.62,692008.2249999999
Uchoa,UCHOA,7031,2025,Julho,7,1002373.97,82616.33,5723.69,3180.23,1252967.4625
Uchoa,UCHOA,7031,2025,Agosto,8,739630.33,77311.22,5056.22,0.0,924537.9124999999
Uchoa,UCHOA,7031,2025,Setembro,9,893093.1,100040.72,6155.77,3083.56,1116366.375
Uchoa,UCHOA,7031,2025,Outubro,10,735957.42,83082.42,6132.96,38.57,919946.775
Uchoa,UCHOA,7031,2025,Novembro,11,678049.1,76347.66,5644.31,1570.94,847561.3749999999
Uchoa,UCHOA,7031,2025,Dezembro,12,1062968.13,98928.23,6483.53,2927.61,1328710.1624999999
União Paulista,UNIAO PAULISTA,7043,2025,Janeiro,1,269791.45,110462.98,1708.13,614.91,337239.3125
União Paulista,UNIAO PAULISTA,7043,2025,Fevereiro,2,288061.27,36660.59,1983.22,660.8,360076.5875
União Paulista,UNIAO PAULISTA,7043,2025,Março,3,294322.14,36157.34,2287.75,15.05,367902.675
União Paulista,UNIAO PAULISTA,7043,2025,Abril,4,316993.16,43624.71,2436.91,866.63,396241.44999999995
União Paulista,UNIAO PAULISTA,7043,2025,Maio,5,293444.22,25566.07,1933.62,1434.41,366805.27499999997
União Paulista,UNIAO PAULISTA,7043,2025,Junho,6,222431.17,6866.88,2489.27,17.93,278038.9625
União Paulista,UNIAO PAULISTA,7043,2025,Julho,7,402739.45,7631.05,2299.7,1277.77,503424.3125
União Paulista,UNIAO PAULISTA,7043,2025,Agosto,8,297172.83,8165.18,2031.52,0.0,371466.0375
União Paulista,UNIAO PAULISTA,7043,2025,Setembro,9,358831.97,26855.59,2473.3,1238.93,448539.96249999997
União Paulista,UNIAO PAULISTA,7043,2025,Outubro,10,295697.11,8832.71,2464.14,15.5,369621.38749999995
União Paulista,UNIAO PAULISTA,7043,2025,Novembro,11,272430.38,9621.2,2267.8,631.18,340537.975
União Paulista,UNIAO PAULISTA,7043,2025,Dezembro,12,427085.31,11290.27,2604.99,1176.27,533856.6375
Uru,URU,7067,2025,Janeiro,1,410780.28,108187.94,2605.62,938.0,513475.35000000003
Uru,URU,7067,2025,Fevereiro,2,439414.64,28275.2,3025.25,1008.0,549268.2999999999
Uru,URU,7067,2025,Março,3,448965.1,28347.85,3489.78,22.96,561206.3749999999
Uru,URU,7067,2025,Abril,4,483547.94,19437.1,3717.32,1321.97,604434.9249999999
Uru,URU,7067,2025,Maio,5,447625.9,27447.06,2949.59,2188.08,559532.375
Uru,URU,7067,2025,Junho,6,339301.11,3466.32,3797.18,27.35,424126.38749999995
Uru,URU,7067,2025,Julho,7,614347.11,8742.74,3508.01,1949.14,767933.8875
Uru,URU,7067,2025,Agosto,8,453313.6,8739.4,3098.92,0.0,566641.9999999999
Uru,URU,7067,2025,Setembro,9,547369.73,7580.43,3772.82,1889.89,684212.1625
Uru,URU,7067,2025,Outubro,10,451062.5,2544.54,3758.84,23.64,563828.125
Uru,URU,7067,2025,Novembro,11,415570.96,6414.04,3459.35,962.82,519463.7
Uru,URU,7067,2025,Dezembro,12,651484.79,15109.28,3973.7,1794.31,814355.9875
Urupês,URUPES,7079,2025,Janeiro,1,1220932.07,2719723.28,7732.72,2783.71,1526165.0875
Urupês,URUPES,7079,2025,Fevereiro,2,1304055.68,670604.2,8978.07,2991.45,1630069.5999999999
Urupês,URUPES,7079,2025,Março,3,1332398.68,645761.99,10356.65,68.15,1665498.3499999999
Urupês,URUPES,7079,2025,Abril,4,1435030.54,445274.0,11031.93,3923.23,1793788.175
Urupês,URUPES,7079,2025,Maio,5,1328424.31,505269.97,8753.53,6493.59,1660530.3875
Urupês,URUPES,7079,2025,Junho,6,1006947.66,147673.32,11268.94,81.16,1258684.575
Urupês,URUPES,7079,2025,Julho,7,1823204.7,268391.76,10410.75,5784.48,2279005.875
Urupês,URUPES,7079,2025,Agosto,8,1345303.78,236632.41,9196.69,0.0,1681629.7249999999
Urupês,URUPES,7079,2025,Setembro,9,1624435.18,220711.74,11196.65,5608.64,2030543.9749999999
Urupês,URUPES,7079,2025,Outubro,10,1338623.17,116177.0,11155.16,70.16,1673278.9625
Urupês,URUPES,7079,2025,Novembro,11,1233294.51,109255.2,10266.36,2857.36,1541618.1375
Urupês,URUPES,7079,2025,Dezembro,12,1933418.61,131745.28,11792.8,5324.99,2416773.2625
Urânia,URANIA,7055,2025,Janeiro,1,626460.95,1021600.69,3958.33,1424.96,783076.1874999999
Urânia,URANIA,7055,2025,Fevereiro,2,667536.93,342594.67,4595.81,1531.3,834421.1625
Urânia,URANIA,7055,2025,Março,3,682045.51,278330.8,5301.49,34.89,852556.8875
Urânia,URANIA,7055,2025,Abril,4,734582.04,246162.93,5647.17,2008.27,918227.55
Urânia,URANIA,7055,2025,Maio,5,680011.06,233115.23,4480.87,3324.02,850013.8250000001
Urânia,URANIA,7055,2025,Junho,6,515449.43,59069.18,5768.49,41.55,644311.7875
Urânia,URANIA,7055,2025,Julho,7,933285.67,93180.99,5329.19,2961.03,1166607.0875
Urânia,URANIA,7055,2025,Agosto,8,688651.55,97578.68,4707.72,0.0,860814.4375
Urânia,URANIA,7055,2025,Setembro,9,831536.95,106669.23,5731.49,2871.02,1039421.1874999999
Urânia,URANIA,7055,2025,Outubro,10,685231.79,101876.38,5710.25,35.91,856539.7375
Urânia,URANIA,7055,2025,Novembro,11,631314.79,58995.85,5255.27,1462.66,789143.4875
Urânia,URANIA,7055,2025,Dezembro,12,989703.39,109000.02,6036.65,2725.83,1237129.2375
Valentim Gentil,VALENTIM GENTIL,7092,2025,Janeiro,1,879655.88,1226192.04,5567.95,2004.41,1099569.8499999999
Valentim Gentil,VALENTIM GENTIL,7092,2025,Fevereiro,2,938985.99,619407.51,6464.67,2153.99,1173732.4874999998
Valentim Gentil,VALENTIM GENTIL,7092,2025,Março,3,959394.38,507252.29,7457.31,49.07,1199242.9749999999
Valentim Gentil,VALENTIM GENTIL,7092,2025,Abril,4,1033294.51,403932.2,7943.55,2824.92,1291618.1375
Valentim Gentil,VALENTIM GENTIL,7092,2025,Maio,5,956532.63,398085.2,6302.98,4675.71,1195665.7874999999
Valentim Gentil,VALENTIM GENTIL,7092,2025,Junho,6,725053.2,95623.1,8114.2,58.44,906316.4999999999
Valentim Gentil,VALENTIM GENTIL,7092,2025,Julho,7,1312799.51,167577.75,7496.27,4165.12,1640999.3875
Valentim Gentil,VALENTIM GENTIL,7092,2025,Agosto,8,968686.7,205866.7,6622.08,0.0,1210858.3749999998
Valentim Gentil,VALENTIM GENTIL,7092,2025,Setembro,9,1169675.41,170473.74,8062.15,4038.5,1462094.2624999997
Valentim Gentil,VALENTIM GENTIL,7092,2025,Outubro,10,963876.32,127390.13,8032.28,50.52,1204845.4
Valentim Gentil,VALENTIM GENTIL,7092,2025,Novembro,11,888034.37,183854.27,7392.29,2057.44,1110042.9625
Valentim Gentil,VALENTIM GENTIL,7092,2025,Dezembro,12,1392159.1,203148.86,8491.41,3834.26,1740198.875
Valinhos,VALINHOS,7080,2025,Janeiro,1,12466558.57,27764573.46,78915.01,28408.68,15583198.2125
Valinhos,VALINHOS,7080,2025,Fevereiro,2,13308322.69,11485174.03,91624.23,30528.69,16635403.362499999
Valinhos,VALINHOS,7080,2025,Março,3,13597572.45,8953585.9,105693.02,695.52,16996965.562499996
Valinhos,VALINHOS,7080,2025,Abril,4,14644964.83,7530554.99,112584.49,40037.87,18306206.037499998
Valinhos,VALINHOS,7080,2025,Maio,5,13557012.72,7324131.27,89332.66,66269.21,16946265.9
Valinhos,VALINHOS,7080,2025,Junho,6,10276236.34,1924764.69,115003.25,828.3,12845295.424999999
Valinhos,VALINHOS,7080,2025,Julho,7,18606411.43,2855509.08,106245.2,59032.52,23258014.287499998
Valinhos,VALINHOS,7080,2025,Agosto,8,13729273.31,2551468.96,93855.33,0.0,17161591.6375
Valinhos,VALINHOS,7080,2025,Setembro,9,16577902.23,2471668.07,114265.55,57238.04,20722377.787499998
Valinhos,VALINHOS,7080,2025,Outubro,10,13661095.45,2113179.32,113842.12,716.02,17076369.312499996
Valinhos,VALINHOS,7080,2025,Novembro,11,12586181.41,1488495.45,104771.57,29160.31,15732726.7625
Valinhos,VALINHOS,7080,2025,Dezembro,12,19731181.14,2890197.16,120349.47,54343.33,24663976.425
Valparaiso,VALPARAISO,7109,2025,Janeiro,1,2511157.44,2088842.85,15720.9,5659.38,3138946.8
Valparaiso,VALPARAISO,7109,2025,Fevereiro,2,2651191.36,708364.09,18252.74,6081.71,3313989.1999999997
Valparaiso,VALPARAISO,7109,2025,Março,3,2708813.69,637286.11,21055.43,138.56,3386017.1125
Valparaiso,VALPARAISO,7109,2025,Abril,4,2917467.9,542422.91,22428.3,7976.06,3646834.8749999995
Valparaiso,VALPARAISO,7109,2025,Maio,5,2700733.66,458171.1,17796.23,13201.69,3375917.075
Valparaiso,VALPARAISO,7109,2025,Junho,6,2047160.24,155428.26,22910.15,165.01,2558950.3
Valparaiso,VALPARAISO,7109,2025,Julho,7,3706639.71,225049.67,21165.43,11760.05,4633299.637499999
Valparaiso,VALPARAISO,7109,2025,Agosto,8,2735050.21,172429.29,18697.2,0.0,3418812.7624999997
Valparaiso,VALPARAISO,7109,2025,Setembro,9,3302534.23,195358.17,22763.19,11402.56,4128167.7874999996
Valparaiso,VALPARAISO,7109,2025,Outubro,10,2721468.3,229815.47,22678.83,142.64,3401835.3749999995
Valparaiso,VALPARAISO,7109,2025,Novembro,11,2507331.41,194584.68,20871.86,5809.11,3134164.2625
Valparaiso,VALPARAISO,7109,2025,Dezembro,12,3930708.49,316428.38,23975.18,10825.9,4913385.6125
Vargem,VARGEM,7663,2025,Janeiro,1,625830.54,853573.27,3984.66,1434.44,782288.175
Vargem,VARGEM,7663,2025,Fevereiro,2,671978.47,422293.45,4626.39,1541.49,839973.0874999999
Vargem,VARGEM,7663,2025,Março,3,686583.59,347626.2,5336.77,35.12,858229.4874999999
Vargem,VARGEM,7663,2025,Abril,4,739469.67,316433.7,5684.74,2021.64,924337.0875
Vargem,VARGEM,7663,2025,Maio,5,684535.6,274480.89,4510.68,3346.14,855669.4999999999
Vargem,VARGEM,7663,2025,Junho,6,518879.03,88179.84,5806.87,41.82,648598.7875
Vargem,VARGEM,7663,2025,Julho,7,939495.39,132152.93,5364.65,2980.73,1174369.2375
Vargem,VARGEM,7663,2025,Agosto,8,693233.57,108800.82,4739.05,0.0,866541.9624999999
Vargem,VARGEM,7663,2025,Setembro,9,837069.68,115298.92,5769.62,2890.13,1046337.1
Vargem,VARGEM,7663,2025,Outubro,10,689791.06,166550.1,5748.24,36.15,862238.8250000001
Vargem,VARGEM,7663,2025,Novembro,11,635515.32,85508.56,5290.24,1472.39,794394.1499999999
Vargem,VARGEM,7663,2025,Dezembro,12,996288.5,134332.99,6076.82,2743.96,1245360.625
Vargem Grande Paulista,VARGEM GRANDE PAULISTA,7201,2025,Janeiro,1,4312963.76,6188141.2,27315.44,9833.31,5391204.699999999
Vargem Grande Paulista,VARGEM GRANDE PAULISTA,7201,2025,Fevereiro,2,4606509.22,2847985.28,31714.58,10567.13,5758136.524999999
Vargem Grande Paulista,VARGEM GRANDE PAULISTA,7201,2025,Março,3,4706629.4,2394998.66,36584.31,240.74,5883286.75
Vargem Grande Paulista,VARGEM GRANDE PAULISTA,7201,2025,Abril,4,5069171.16,2005451.12,38969.71,13858.61,6336463.95
Vargem Grande Paulista,VARGEM GRANDE PAULISTA,7201,2025,Maio,5,4692590.16,1865736.44,30921.38,22938.26,5865737.7
Vargem Grande Paulista,VARGEM GRANDE PAULISTA,7201,2025,Junho,6,3556990.51,721328.76,39806.94,286.71,4446238.137499999
Vargem Grande Paulista,VARGEM GRANDE PAULISTA,7201,2025,Julho,7,6440376.29,995740.18,36775.44,20433.37,8050470.3625
Vargem Grande Paulista,VARGEM GRANDE PAULISTA,7201,2025,Agosto,8,4752216.01,985714.56,32486.85,0.0,5940270.012499999
Vargem Grande Paulista,VARGEM GRANDE PAULISTA,7201,2025,Setembro,9,5738233.23,1146022.48,39551.59,19812.23,7172791.537500001
Vargem Grande Paulista,VARGEM GRANDE PAULISTA,7201,2025,Outubro,10,4728617.09,895992.5,39405.03,247.84,5910771.3625
Vargem Grande Paulista,VARGEM GRANDE PAULISTA,7201,2025,Novembro,11,4356549.06,600370.55,36265.37,10093.48,5445686.324999999
Vargem Grande Paulista,VARGEM GRANDE PAULISTA,7201,2025,Dezembro,12,6829701.23,944656.71,41657.46,18810.26,8537126.5375
Vargem Grande do Sul,VARGEM GRANDE DO SUL,7110,2025,Janeiro,1,2051890.96,5403522.59,12974.62,4670.75,2564863.6999999997
Vargem Grande do Sul,VARGEM GRANDE DO SUL,7110,2025,Fevereiro,2,2188055.87,1396353.16,15064.18,5019.3,2735069.8375
Vargem Grande do Sul,VARGEM GRANDE DO SUL,7110,2025,Março,3,2235612.17,1106549.16,17377.26,114.35,2794515.2125
Vargem Grande do Sul,VARGEM GRANDE DO SUL,7110,2025,Abril,4,2407816.67,977401.25,18510.31,6582.73,3009770.8375
Vargem Grande do Sul,VARGEM GRANDE DO SUL,7110,2025,Maio,5,2228943.64,857963.32,14687.41,10895.49,2786179.55
Vargem Grande do Sul,VARGEM GRANDE DO SUL,7110,2025,Junho,6,1689542.68,267406.31,18907.98,136.18,2111928.3499999996
Vargem Grande do Sul,VARGEM GRANDE DO SUL,7110,2025,Julho,7,3059128.38,369935.39,17468.05,9705.69,3823910.4749999996
Vargem Grande do Sul,VARGEM GRANDE DO SUL,7110,2025,Agosto,8,2257265.45,404804.51,15431.0,0.0,2821581.8125
Vargem Grande do Sul,VARGEM GRANDE DO SUL,7110,2025,Setembro,9,2725615.92,332515.23,18786.7,9410.66,3407019.9
Vargem Grande do Sul,VARGEM GRANDE DO SUL,7110,2025,Outubro,10,2246056.15,336914.76,18717.08,117.72,2807570.1874999995
Vargem Grande do Sul,VARGEM GRANDE DO SUL,7110,2025,Novembro,11,2069326.74,217003.19,17225.77,4794.32,2586658.425
Vargem Grande do Sul,VARGEM GRANDE DO SUL,7110,2025,Dezembro,12,3244054.69,449583.96,19786.97,8934.73,4055068.3625
Vera Cruz,VERA CRUZ,7134,2025,Janeiro,1,648122.8,853361.14,4103.29,1477.15,810153.5
Vera Cruz,VERA CRUZ,7134,2025,Fevereiro,2,691983.53,310095.94,4764.12,1587.38,864979.4125
Vera Cruz,VERA CRUZ,7134,2025,Março,3,707023.45,265513.64,5495.65,36.16,883779.3124999999
Vera Cruz,VERA CRUZ,7134,2025,Abril,4,761483.98,216110.37,5853.98,2081.82,951854.975
Vera Cruz,VERA CRUZ,7134,2025,Maio,5,704914.49,184027.67,4644.97,3445.75,881143.1124999999
Vera Cruz,VERA CRUZ,7134,2025,Junho,6,534326.26,59421.53,5979.74,43.07,667907.825
Vera Cruz,VERA CRUZ,7134,2025,Julho,7,967464.54,75468.38,5524.36,3069.47,1209330.675
Vera Cruz,VERA CRUZ,7134,2025,Agosto,8,713871.41,74155.63,4880.13,0.0,892339.2625
Vera Cruz,VERA CRUZ,7134,2025,Setembro,9,861989.57,67760.96,5941.39,2976.17,1077486.9625
Vera Cruz,VERA CRUZ,7134,2025,Outubro,10,710326.41,86293.32,5919.37,37.23,887908.0125
Vera Cruz,VERA CRUZ,7134,2025,Novembro,11,654434.86,74968.62,5447.73,1516.23,818043.575
Vera Cruz,VERA CRUZ,7134,2025,Dezembro,12,1025948.4,127120.79,6257.73,2825.65,1282435.5
Vinhedo,VINHEDO,7146,2025,Janeiro,1,18720173.38,18545189.35,118286.46,42582.04,23400216.724999998
Vinhedo,VINHEDO,7146,2025,Fevereiro,2,19947971.03,6746342.89,137336.42,45759.75,24934963.7875
Vinhedo,VINHEDO,7146,2025,Março,3,20381530.23,5168987.75,158424.27,1042.52,25476912.787499998
Vinhedo,VINHEDO,7146,2025,Abril,4,21951476.59,4528090.87,168753.96,60013.14,27439345.737499997
Vinhedo,VINHEDO,7146,2025,Maio,5,20320734.86,3989571.31,133901.57,99331.54,25400918.575
Vinhedo,VINHEDO,7146,2025,Junho,6,15403148.05,1087149.59,172379.46,1241.55,19253935.0625
Vinhedo,VINHEDO,7146,2025,Julho,7,27889326.45,1295950.95,159251.93,88484.4,34861658.0625
Vinhedo,VINHEDO,7146,2025,Agosto,8,20578937.89,1323031.17,140680.64,0.0,25723672.3625
Vinhedo,VINHEDO,7146,2025,Setembro,9,24848774.78,1471650.1,171273.71,85794.65,31060968.475
Vinhedo,VINHEDO,7146,2025,Outubro,10,20476745.45,1199413.2,170639.04,1073.24,25595931.812499996
Vinhedo,VINHEDO,7146,2025,Novembro,11,18865546.61,899042.68,157043.1,43708.66,23581933.2625
Vinhedo,VINHEDO,7146,2025,Dezembro,12,29575254.42,1634336.31,180392.96,81455.73,36969068.025
Viradouro,VIRADOURO,7158,2025,Janeiro,1,1018679.68,1850522.94,6445.62,2320.36,1273349.6
Viradouro,VIRADOURO,7158,2025,Fevereiro,2,1086997.31,655928.97,7483.68,2493.52,1358746.6375
Viradouro,VIRADOURO,7158,2025,Março,3,1110622.66,482752.81,8632.8,56.81,1388278.3249999997
Viradouro,VIRADOURO,7158,2025,Abril,4,1196171.58,446195.12,9195.68,3270.21,1495214.475
Viradouro,VIRADOURO,7158,2025,Maio,5,1107309.82,409360.6,7296.51,5412.74,1384137.275
Viradouro,VIRADOURO,7158,2025,Junho,6,839342.53,139861.13,9393.24,67.65,1049178.1624999999
Viradouro,VIRADOURO,7158,2025,Julho,7,1519734.66,142088.36,8677.9,4821.66,1899668.3249999997
Viradouro,VIRADOURO,7158,2025,Agosto,8,1121379.72,141280.84,7665.92,0.0,1401724.65
Viradouro,VIRADOURO,7158,2025,Setembro,9,1354050.06,183374.81,9332.98,4675.09,1692562.575
Viradouro,VIRADOURO,7158,2025,Outubro,10,1115811.09,138563.8,9298.4,58.48,1394763.8625
Viradouro,VIRADOURO,7158,2025,Novembro,11,1028014.25,87649.79,8557.53,2381.76,1285017.8125
Viradouro,VIRADOURO,7158,2025,Dezembro,12,1611603.61,185750.94,9829.91,4438.66,2014504.5125
Vista Alegre do Alto,VISTA ALEGRE DO ALTO,7160,2025,Janeiro,1,1494097.27,1274764.22,9433.26,3395.89,1867621.5875
Vista Alegre do Alto,VISTA ALEGRE DO ALTO,7160,2025,Fevereiro,2,1590836.02,348827.05,10952.48,3649.31,1988545.025
Vista Alegre do Alto,VISTA ALEGRE DO ALTO,7160,2025,Março,3,1625412.05,273885.38,12634.22,83.14,2031765.0625
Vista Alegre do Alto,VISTA ALEGRE DO ALTO,7160,2025,Abril,4,1750614.11,248216.93,13458.0,4786.0,2188267.6375
Vista Alegre do Alto,VISTA ALEGRE DO ALTO,7160,2025,Maio,5,1620563.66,246886.61,10678.55,7921.62,2025704.5749999997
Vista Alegre do Alto,VISTA ALEGRE DO ALTO,7160,2025,Junho,6,1228389.73,54105.55,13747.14,99.01,1535487.1624999999
Vista Alegre do Alto,VISTA ALEGRE DO ALTO,7160,2025,Julho,7,2224153.27,92115.81,12700.22,7056.57,2780191.5875
Vista Alegre do Alto,VISTA ALEGRE DO ALTO,7160,2025,Agosto,8,1641155.16,87284.04,11219.18,0.0,2051443.9499999997
Vista Alegre do Alto,VISTA ALEGRE DO ALTO,7160,2025,Setembro,9,1981671.51,104647.91,13658.95,6842.06,2477089.3874999997
Vista Alegre do Alto,VISTA ALEGRE DO ALTO,7160,2025,Outubro,10,1633005.39,45823.74,13608.34,85.59,2041256.7374999998
Vista Alegre do Alto,VISTA ALEGRE DO ALTO,7160,2025,Novembro,11,1504513.47,66221.18,12524.07,3485.73,1880641.8375
Vista Alegre do Alto,VISTA ALEGRE DO ALTO,7160,2025,Dezembro,12,2358604.79,54949.79,14386.21,6496.03,2948255.9875
Vitória Brasil,VITORIA BRASIL,7833,2025,Janeiro,1,221158.59,168959.38,1400.54,504.18,276448.2375
Vitória Brasil,VITORIA BRASIL,7833,2025,Fevereiro,2,236188.91,52437.35,1626.1,541.81,295236.1375
Vitória Brasil,VITORIA BRASIL,7833,2025,Março,3,241322.36,42779.92,1875.78,12.34,301652.94999999995
Vitória Brasil,VITORIA BRASIL,7833,2025,Abril,4,259910.91,52652.75,1998.09,710.57,324888.6375
Vitória Brasil,VITORIA BRASIL,7833,2025,Maio,5,240602.52,25027.61,1585.43,1176.11,300753.14999999997
Vitória Brasil,VITORIA BRASIL,7833,2025,Junho,6,182377.08,5661.53,2041.02,14.7,227971.34999999998
Vitória Brasil,VITORIA BRASIL,7833,2025,Julho,7,330216.52,14581.73,1885.58,1047.68,412770.65
Vitória Brasil,VITORIA BRASIL,7833,2025,Agosto,8,243659.71,10679.16,1665.69,0.0,304574.63749999995
Vitória Brasil,VITORIA BRASIL,7833,2025,Setembro,9,294215.63,11639.68,2027.92,1015.83,367769.5375
Vitória Brasil,VITORIA BRASIL,7833,2025,Outubro,10,242449.73,10817.34,2020.41,12.71,303062.1625
Vitória Brasil,VITORIA BRASIL,7833,2025,Novembro,11,223372.73,10716.59,1859.43,517.52,279215.9125
Vitória Brasil,VITORIA BRASIL,7833,2025,Dezembro,12,350178.32,29092.23,2135.9,964.46,437722.89999999997
Votorantim,VOTORANTIM,7171,2025,Janeiro,1,5921107.18,11413145.07,37445.39,13480.0,7401383.975
Votorantim,VOTORANTIM,7171,2025,Fevereiro,2,6314835.52,5702525.39,43475.95,14485.95,7893544.399999999
Votorantim,VOTORANTIM,7171,2025,Março,3,6452085.32,4219726.73,50151.63,330.02,8065106.65
Votorantim,VOTORANTIM,7171,2025,Abril,4,6949075.86,3874574.52,53421.65,18998.08,8686344.825
Votorantim,VOTORANTIM,7171,2025,Maio,5,6432839.61,3393289.53,42388.59,31444.92,8041049.5125
Votorantim,VOTORANTIM,7171,2025,Junho,6,4876102.25,1071465.96,54569.36,393.03,6095127.8125
Votorantim,VOTORANTIM,7171,2025,Julho,7,8828793.11,1294314.54,50413.64,28011.09,11035991.3875
Votorantim,VOTORANTIM,7171,2025,Agosto,8,6514577.73,1279876.12,44534.61,0.0,8143222.162500001
Votorantim,VOTORANTIM,7171,2025,Setembro,9,7866259.95,1434594.1,54219.31,27159.61,9832824.9375
Votorantim,VOTORANTIM,7171,2025,Outubro,10,6482227.15,1395358.93,54018.4,339.75,8102783.9375
Votorantim,VOTORANTIM,7171,2025,Novembro,11,5972177.5,1054200.4,49714.4,13836.65,7465221.875
Votorantim,VOTORANTIM,7171,2025,Dezembro,12,9362499.41,1776867.45,57106.15,25786.06,11703124.2625
Votuporanga,VOTUPORANGA,7183,2025,Janeiro,1,5064953.88,13195765.36,31957.91,11504.56,6331192.35
Votuporanga,VOTUPORANGA,7183,2025,Fevereiro,2,5389420.89,5446318.02,37104.71,12363.09,6736776.112499999
Votuporanga,VOTUPORANGA,7183,2025,Março,3,5506557.27,4267516.41,42802.1,281.66,6883196.587499999
Votuporanga,VOTUPORANGA,7183,2025,Abril,4,5930715.78,3858969.63,45592.91,16213.98,7413394.725
Votuporanga,VOTUPORANGA,7183,2025,Maio,5,5490131.95,3254139.99,36176.71,26836.79,6862664.9375
Votuporanga,VOTUPORANGA,7183,2025,Junho,6,4161528.4,960089.83,46572.43,335.44,5201910.5
Votuporanga,VOTUPORANGA,7183,2025,Julho,7,7534967.77,1210652.62,43025.71,23906.17,9418709.712499999
Votuporanga,VOTUPORANGA,7183,2025,Agosto,8,5559891.67,1182638.67,38008.23,0.0,6949864.587499999
Votuporanga,VOTUPORANGA,7183,2025,Setembro,9,6713490.1,1274699.49,46273.68,23179.47,8391862.624999998
Votuporanga,VOTUPORANGA,7183,2025,Outubro,10,5532281.94,1142504.03,46102.21,289.96,6915352.425
Votuporanga,VOTUPORANGA,7183,2025,Novembro,11,5096978.08,938676.76,42428.95,11808.94,6371222.6
Votuporanga,VOTUPORANGA,7183,2025,Dezembro,12,7990461.48,1513922.65,48737.47,22007.21,9988076.85
Várzea Paulista,VARZEA PAULISTA,7122,2025,Janeiro,1,6260824.73,9133235.02,39463.26,14206.41,7826030.912500001
Várzea Paulista,VARZEA PAULISTA,7122,2025,Fevereiro,2,6655132.03,4218083.94,45818.8,15266.57,8318915.0375
Várzea Paulista,VARZEA PAULISTA,7122,2025,Março,3,6799778.0,3286223.97,52854.22,347.81,8499722.5
Várzea Paulista,VARZEA PAULISTA,7122,2025,Abril,4,7323550.58,2867857.75,56300.46,20021.85,9154438.225
Várzea Paulista,VARZEA PAULISTA,7122,2025,Maio,5,6779495.18,2524076.94,44672.85,33139.44,8474368.975
Várzea Paulista,VARZEA PAULISTA,7122,2025,Junho,6,5138867.69,818851.4,57510.01,414.21,6423584.6125
Várzea Paulista,VARZEA PAULISTA,7122,2025,Julho,7,9304562.83,1118099.76,53130.35,29520.56,11630703.5375
Várzea Paulista,VARZEA PAULISTA,7122,2025,Agosto,8,6865638.04,1066717.0,46934.51,0.0,8582047.549999999
Várzea Paulista,VARZEA PAULISTA,7122,2025,Setembro,9,8290160.27,1173139.71,57141.11,28623.2,10362700.337499999
Várzea Paulista,VARZEA PAULISTA,7122,2025,Outubro,10,6831544.13,1192261.88,56929.36,358.06,8539430.1625
Várzea Paulista,VARZEA PAULISTA,7122,2025,Novembro,11,6294008.71,860034.51,52393.43,14582.28,7867510.887499999
Várzea Paulista,VARZEA PAULISTA,7122,2025,Dezembro,12,9867029.72,1363295.82,60183.51,27175.63,12333787.15
Zacarias,ZACARIAS,7742,2025,Janeiro,1,796465.84,292345.4,5034.62,1812.42,995582.2999999999
Zacarias,ZACARIAS,7742,2025,Fevereiro,2,849044.85,96351.51,5845.45,1947.67,1061306.0625
Zacarias,ZACARIAS,7742,2025,Março,3,867498.42,93211.19,6743.01,44.37,1084373.025
Zacarias,ZACARIAS,7742,2025,Abril,4,934320.0,96967.04,7182.67,2554.34,1167900.0
Zacarias,ZACARIAS,7742,2025,Maio,5,864910.79,65018.96,5699.25,4227.85,1081138.4875
Zacarias,ZACARIAS,7742,2025,Junho,6,655603.7,23208.88,7336.98,52.84,819504.6249999999
Zacarias,ZACARIAS,7742,2025,Julho,7,1187052.51,23817.8,6778.23,3766.16,1483815.6375
Zacarias,ZACARIAS,7742,2025,Agosto,8,875900.68,16060.63,5987.79,0.0,1094875.85
Zacarias,ZACARIAS,7742,2025,Setembro,9,1057637.61,53946.7,7289.92,3651.67,1322047.0125
Zacarias,ZACARIAS,7742,2025,Outubro,10,871551.06,23993.3,7262.9,45.68,1089438.825
Zacarias,ZACARIAS,7742,2025,Novembro,11,802973.66,17514.83,6684.22,1860.37,1003717.075
Zacarias,ZACARIAS,7742,2025,Dezembro,12,1258810.61,37552.51,7678.06,3467.0,1573513.2625
Águas da Prata,AGUAS DA PRATA,1545,2025,Janeiro,1,607897.08,892265.52,3863.11,1390.69,759871.3499999999
Águas da Prata,AGUAS DA PRATA,1545,2025,Fevereiro,2,651479.9,294192.71,4485.26,1494.47,814349.875
Águas da Prata,AGUAS DA PRATA,1545,2025,Março,3,665639.49,197079.69,5173.97,34.05,832049.3624999999
Águas da Prata,AGUAS DA PRATA,1545,2025,Abril,4,716912.3,190631.65,5511.33,1959.97,896140.375
Águas da Prata,AGUAS DA PRATA,1545,2025,Maio,5,663653.98,163208.34,4373.09,3244.06,829567.475
Águas da Prata,AGUAS DA PRATA,1545,2025,Junho,6,503050.73,138753.75,5629.73,40.55,628813.4125
Águas da Prata,AGUAS DA PRATA,1545,2025,Julho,7,910836.28,75314.41,5201.0,2889.81,1138545.3499999999
Águas da Prata,AGUAS DA PRATA,1545,2025,Agosto,8,672086.62,47660.15,4594.48,0.0,840108.2749999999
Águas da Prata,AGUAS DA PRATA,1545,2025,Setembro,9,811535.04,59357.52,5593.62,2801.96,1014418.8
Águas da Prata,AGUAS DA PRATA,1545,2025,Outubro,10,668749.12,49738.06,5572.89,35.05,835936.3999999999
Águas da Prata,AGUAS DA PRATA,1545,2025,Novembro,11,616129.05,51358.05,5128.86,1427.48,770161.3125
Águas da Prata,AGUAS DA PRATA,1545,2025,Dezembro,12,965896.93,81994.45,5891.45,2660.26,1207371.1625
Águas de Lindóia,AGUAS DE LINDOIA,1533,2025,Janeiro,1,708341.6,2384050.62,4483.26,1613.93,885426.9999999999
Águas de Lindóia,AGUAS DE LINDOIA,1533,2025,Fevereiro,2,756062.87,1033063.95,5205.29,1734.37,945078.5874999999
Águas de Lindóia,AGUAS DE LINDOIA,1533,2025,Março,3,772495.52,723067.17,6004.56,39.51,965619.4
Águas de Lindóia,AGUAS DE LINDOIA,1533,2025,Abril,4,831999.22,618661.23,6396.07,2274.6,1039999.0249999999
Águas de Lindóia,AGUAS DE LINDOIA,1533,2025,Maio,5,770191.27,552136.12,5075.1,3764.84,962739.0875
Águas de Lindóia,AGUAS DE LINDOIA,1533,2025,Junho,6,583806.16,169684.79,6533.48,47.06,729757.7
Águas de Lindóia,AGUAS DE LINDOIA,1533,2025,Julho,7,1057054.08,201149.2,6035.93,3353.71,1321317.6
Águas de Lindóia,AGUAS DE LINDOIA,1533,2025,Agosto,8,779977.61,189034.08,5332.04,0.0,974972.0125
Águas de Lindóia,AGUAS DE LINDOIA,1533,2025,Setembro,9,941811.87,214466.32,6491.57,3251.77,1177264.8375
Águas de Lindóia,AGUAS DE LINDOIA,1533,2025,Outubro,10,776104.34,158011.22,6467.52,40.68,970130.4249999999
Águas de Lindóia,AGUAS DE LINDOIA,1533,2025,Novembro,11,715037.1,127507.18,5952.21,1656.63,893796.3749999999
Águas de Lindóia,AGUAS DE LINDOIA,1533,2025,Dezembro,12,1120953.69,233626.76,6837.21,3087.31,1401192.1124999998
Águas de Santa Bárbara,AGUAS DE SANTA BARBARA,6075,2025,Janeiro,1,919599.36,839781.2,5831.9,2099.43,1149499.2
Águas de Santa Bárbara,AGUAS DE SANTA BARBARA,6075,2025,Fevereiro,2,983499.33,281162.5,6771.13,2256.1,1229374.1624999999
Águas de Santa Bárbara,AGUAS DE SANTA BARBARA,6075,2025,Março,3,1004875.2,230141.99,7810.83,51.4,1256093.9999999998
Águas de Santa Bárbara,AGUAS DE SANTA BARBARA,6075,2025,Abril,4,1082278.62,207156.86,8320.11,2958.84,1352848.2750000001
Águas de Santa Bárbara,AGUAS DE SANTA BARBARA,6075,2025,Maio,5,1001877.79,180637.24,6601.78,4897.37,1252347.2375
Águas de Santa Bárbara,AGUAS DE SANTA BARBARA,6075,2025,Junho,6,759424.9,53317.86,8498.86,61.21,949281.125
Águas de Santa Bárbara,AGUAS DE SANTA BARBARA,6075,2025,Julho,7,1375033.78,98802.67,7851.63,4362.57,1718792.2249999999
Águas de Santa Bárbara,AGUAS DE SANTA BARBARA,6075,2025,Agosto,8,1014608.04,103408.96,6936.01,0.0,1268260.05
Águas de Santa Bárbara,AGUAS DE SANTA BARBARA,6075,2025,Setembro,9,1225124.77,81042.71,8444.35,4229.95,1531405.9625
Águas de Santa Bárbara,AGUAS DE SANTA BARBARA,6075,2025,Outubro,10,1009569.62,75643.96,8413.06,52.91,1261962.025
Águas de Santa Bárbara,AGUAS DE SANTA BARBARA,6075,2025,Novembro,11,930132.32,71591.67,7742.73,2154.98,1162665.4
Águas de Santa Bárbara,AGUAS DE SANTA BARBARA,6075,2025,Dezembro,12,1458155.47,80818.98,8893.96,4016.03,1822694.3375
Águas de São Pedro,AGUAS DE SAO PEDRO,1557,2025,Janeiro,1,267732.81,726673.74,1702.26,612.8,334666.01249999995
Águas de São Pedro,AGUAS DE SAO PEDRO,1557,2025,Fevereiro,2,287070.64,264501.33,1976.4,658.53,358838.3
Águas de São Pedro,AGUAS DE SAO PEDRO,1557,2025,Março,3,293309.97,182414.81,2279.88,15.0,366637.46249999997
Águas de São Pedro,AGUAS DE SAO PEDRO,1557,2025,Abril,4,315903.02,148599.39,2428.53,863.65,394878.775
Águas de São Pedro,AGUAS DE SAO PEDRO,1557,2025,Maio,5,292435.07,155480.73,1926.97,1429.48,365543.83749999997
Águas de São Pedro,AGUAS DE SAO PEDRO,1557,2025,Junho,6,221666.23,37857.5,2480.71,17.87,277082.7875
Águas de São Pedro,AGUAS DE SAO PEDRO,1557,2025,Julho,7,401354.44,40416.08,2291.79,1273.38,501693.05
Águas de São Pedro,AGUAS DE SAO PEDRO,1557,2025,Agosto,8,296150.86,48270.11,2024.53,0.0,370188.57499999995
Águas de São Pedro,AGUAS DE SAO PEDRO,1557,2025,Setembro,9,357597.95,39421.05,2464.79,1234.67,446997.4375
Águas de São Pedro,AGUAS DE SAO PEDRO,1557,2025,Outubro,10,294680.21,55093.13,2455.66,15.45,368350.2625
Águas de São Pedro,AGUAS DE SAO PEDRO,1557,2025,Novembro,11,271493.5,20838.14,2260.0,629.01,339366.875
Águas de São Pedro,AGUAS DE SAO PEDRO,1557,2025,Dezembro,12,425616.58,72436.3,2596.03,1172.23,532020.725
Álvaro de Carvalho,ALVARO DE CARVALHO,1636,2025,Janeiro,1,325352.51,164075.9,2059.12,741.26,406690.6375
Álvaro de Carvalho,ALVARO DE CARVALHO,1636,2025,Fevereiro,2,347252.74,65545.79,2390.74,796.58,434065.925
Álvaro de Carvalho,ALVARO DE CARVALHO,1636,2025,Março,3,354800.11,54606.91,2757.84,18.15,443500.13749999995
Álvaro de Carvalho,ALVARO DE CARVALHO,1636,2025,Abril,4,382129.61,48397.1,2937.66,1044.7,477662.01249999995
Álvaro de Carvalho,ALVARO DE CARVALHO,1636,2025,Maio,5,353741.79,44640.97,2330.95,1729.16,442177.23749999993
Álvaro de Carvalho,ALVARO DE CARVALHO,1636,2025,Junho,6,268136.81,9240.79,3000.77,21.61,335171.01249999995
Álvaro de Carvalho,ALVARO DE CARVALHO,1636,2025,Julho,7,485495.24,20122.13,2772.25,1540.33,606869.0499999999
Álvaro de Carvalho,ALVARO DE CARVALHO,1636,2025,Agosto,8,358236.56,12478.52,2448.96,0.0,447795.69999999995
Álvaro de Carvalho,ALVARO DE CARVALHO,1636,2025,Setembro,9,432565.56,16094.76,2981.52,1493.51,540706.95
Álvaro de Carvalho,ALVARO DE CARVALHO,1636,2025,Outubro,10,356457.61,16631.01,2970.47,18.68,445572.01249999995
Álvaro de Carvalho,ALVARO DE CARVALHO,1636,2025,Novembro,11,328409.98,12302.24,2733.79,760.88,410512.475
Álvaro de Carvalho,ALVARO DE CARVALHO,1636,2025,Dezembro,12,514843.75,28159.47,3140.27,1417.98,643554.6875
Óleo,OLEO,4868,2025,Janeiro,1,469943.36,174965.14,2970.12,1069.22,587429.2
Óleo,OLEO,4868,2025,Fevereiro,2,500884.94,61418.4,3448.46,1149.01,626106.1749999999
Óleo,OLEO,4868,2025,Março,3,511771.42,55266.56,3977.96,26.18,639714.2749999999
Óleo,OLEO,4868,2025,Abril,4,551192.1,43481.97,4237.34,1506.9,688990.1249999999
Óleo,OLEO,4868,2025,Maio,5,510244.88,44625.52,3362.21,2494.17,637806.1
Óleo,OLEO,4868,2025,Junho,6,386766.39,10339.42,4328.37,31.17,483457.9875
Óleo,OLEO,4868,2025,Julho,7,700288.94,13326.34,3998.75,2221.81,875361.1749999999
Óleo,OLEO,4868,2025,Agosto,8,516728.24,9939.68,3532.43,0.0,645910.2999999999
Óleo,OLEO,4868,2025,Setembro,9,623942.0,14649.39,4300.61,2154.27,779927.5
Óleo,OLEO,4868,2025,Outubro,10,514162.23,13832.13,4284.67,26.95,642702.7875
Óleo,OLEO,4868,2025,Novembro,11,473705.73,14536.68,3943.28,1097.51,592132.1625
Óleo,OLEO,4868,2025,Dezembro,12,742621.86,10645.1,4529.59,2045.32,928277.325
